Pays,Element,Item,Annee,Unite,Valeur
Benin,Value,Dietary energy supply used in the estimation of the prevalence of undernourishment (kcal/cap/day),2001,kcal/cap/d,2423
Benin,Value,Dietary energy supply used in the estimation of the prevalence of undernourishment (kcal/cap/day),2002,kcal/cap/d,2520
Benin,Value,Dietary energy supply used in the estimation of the prevalence of undernourishment (kcal/cap/day),2003,kcal/cap/d,2486
Benin,Value,Dietary energy supply used in the estimation of the prevalence of undernourishment (kcal/cap/day),2004,kcal/cap/d,2600
Benin,Value,Dietary energy supply used in the estimation of the prevalence of undernourishment (kcal/cap/day),2005,kcal/cap/d,2616
Benin,Value,Dietary energy supply used in the estimation of the prevalence of undernourishment (kcal/cap/day),2006,kcal/cap/d,2632
Benin,Value,Dietary energy supply used in the estimation of the prevalence of undernourishment (kcal/cap/day),2007,kcal/cap/d,2650
Benin,Value,Dietary energy supply used in the estimation of the prevalence of undernourishment (kcal/cap/day),2008,kcal/cap/d,2666
Benin,Value,Dietary energy supply used in the estimation of the prevalence of undernourishment (kcal/cap/day),2009,kcal/cap/d,2682
Benin,Value,Dietary energy supply used in the estimation of the prevalence of undernourishment (kcal/cap/day),2010,kcal/cap/d,2600
Benin,Value,Dietary energy supply used in the estimation of the prevalence of undernourishment (kcal/cap/day),2011,kcal/cap/d,2626
Benin,Value,Dietary energy supply used in the estimation of the prevalence of undernourishment (kcal/cap/day),2012,kcal/cap/d,2623
Benin,Value,Dietary energy supply used in the estimation of the prevalence of undernourishment (kcal/cap/day),2013,kcal/cap/d,2628
Benin,Value,Dietary energy supply used in the estimation of the prevalence of undernourishment (kcal/cap/day),2014,kcal/cap/d,2656
Benin,Value,Dietary energy supply used in the estimation of the prevalence of undernourishment (kcal/cap/day),2015,kcal/cap/d,2636
Benin,Value,Dietary energy supply used in the estimation of the prevalence of undernourishment (kcal/cap/day),2016,kcal/cap/d,2642
Benin,Value,Dietary energy supply used in the estimation of the prevalence of undernourishment (kcal/cap/day),2017,kcal/cap/d,2641
Benin,Value,Dietary energy supply used in the estimation of the prevalence of undernourishment (kcal/cap/day),2018,kcal/cap/d,2633
Benin,Value,Dietary energy supply used in the estimation of the prevalence of undernourishment (kcal/cap/day),2019,kcal/cap/d,2687
Benin,Value,Dietary energy supply used in the estimation of the prevalence of undernourishment (kcal/cap/day),2020,kcal/cap/d,2725
Benin,Value,Dietary energy supply used in the estimation of the prevalence of undernourishment (kcal/cap/day),2021,kcal/cap/d,2773
Benin,Value,Dietary energy supply used in the estimation of the prevalence of undernourishment (kcal/cap/day),2022,kcal/cap/d,2699
Benin,Value,Dietary energy supply used in the estimation of the prevalence of undernourishment (kcal/cap/day),2023,kcal/cap/d,2705
Benin,Value,Rail lines density (total route in km per 100 square km of land area),2003,km,0.4
Benin,Value,Rail lines density (total route in km per 100 square km of land area),2006,km,0.7
Benin,Value,"Gross domestic product per capita, PPP, (constant 2021 international $)",2001,Int$/cap,2591
Benin,Value,"Gross domestic product per capita, PPP, (constant 2021 international $)",2002,Int$/cap,2630
Benin,Value,"Gross domestic product per capita, PPP, (constant 2021 international $)",2003,Int$/cap,2639
Benin,Value,"Gross domestic product per capita, PPP, (constant 2021 international $)",2004,Int$/cap,2673
Benin,Value,"Gross domestic product per capita, PPP, (constant 2021 international $)",2005,Int$/cap,2633
Benin,Value,"Gross domestic product per capita, PPP, (constant 2021 international $)",2006,Int$/cap,2652
Benin,Value,"Gross domestic product per capita, PPP, (constant 2021 international $)",2007,Int$/cap,2729
Benin,Value,"Gross domestic product per capita, PPP, (constant 2021 international $)",2008,Int$/cap,2778
Benin,Value,"Gross domestic product per capita, PPP, (constant 2021 international $)",2009,Int$/cap,2758
Benin,Value,"Gross domestic product per capita, PPP, (constant 2021 international $)",2010,Int$/cap,2734
Benin,Value,"Gross domestic product per capita, PPP, (constant 2021 international $)",2011,Int$/cap,2732
Benin,Value,"Gross domestic product per capita, PPP, (constant 2021 international $)",2012,Int$/cap,2780
Benin,Value,"Gross domestic product per capita, PPP, (constant 2021 international $)",2013,Int$/cap,2893
Benin,Value,"Gross domestic product per capita, PPP, (constant 2021 international $)",2014,Int$/cap,2987
Benin,Value,"Gross domestic product per capita, PPP, (constant 2021 international $)",2015,Int$/cap,2952
Benin,Value,"Gross domestic product per capita, PPP, (constant 2021 international $)",2016,Int$/cap,2963
Benin,Value,"Gross domestic product per capita, PPP, (constant 2021 international $)",2017,Int$/cap,3042
Benin,Value,"Gross domestic product per capita, PPP, (constant 2021 international $)",2018,Int$/cap,3156
Benin,Value,"Gross domestic product per capita, PPP, (constant 2021 international $)",2019,Int$/cap,3281
Benin,Value,"Gross domestic product per capita, PPP, (constant 2021 international $)",2020,Int$/cap,3318
Benin,Value,"Gross domestic product per capita, PPP, (constant 2021 international $)",2021,Int$/cap,3464
Benin,Value,"Gross domestic product per capita, PPP, (constant 2021 international $)",2022,Int$/cap,3588
Benin,Value,"Gross domestic product per capita, PPP, (constant 2021 international $)",2023,Int$/cap,3721
Benin,Value,Political stability and absence of violence/terrorism (index),2002,,0.82
Benin,Value,Political stability and absence of violence/terrorism (index),2003,,0.68
Benin,Value,Political stability and absence of violence/terrorism (index),2004,,0.27
Benin,Value,Political stability and absence of violence/terrorism (index),2005,,0.45
Benin,Value,Political stability and absence of violence/terrorism (index),2006,,0.55
Benin,Value,Political stability and absence of violence/terrorism (index),2007,,0.39
Benin,Value,Political stability and absence of violence/terrorism (index),2008,,0.38
Benin,Value,Political stability and absence of violence/terrorism (index),2009,,0.4
Benin,Value,Political stability and absence of violence/terrorism (index),2010,,0.26
Benin,Value,Political stability and absence of violence/terrorism (index),2011,,0.32
Benin,Value,Political stability and absence of violence/terrorism (index),2012,,0.36
Benin,Value,Political stability and absence of violence/terrorism (index),2013,,0.3
Benin,Value,Political stability and absence of violence/terrorism (index),2014,,0.03
Benin,Value,Political stability and absence of violence/terrorism (index),2015,,-0.02
Benin,Value,Political stability and absence of violence/terrorism (index),2016,,-0.01
Benin,Value,Political stability and absence of violence/terrorism (index),2017,,0.03
Benin,Value,Political stability and absence of violence/terrorism (index),2018,,-0.15
Benin,Value,Political stability and absence of violence/terrorism (index),2019,,-0.42
Benin,Value,Political stability and absence of violence/terrorism (index),2020,,-0.44
Benin,Value,Political stability and absence of violence/terrorism (index),2021,,-0.4
Benin,Value,Political stability and absence of violence/terrorism (index),2022,,-0.34
Benin,Value,Per capita food supply variability (kcal/cap/day),2001,kcal/cap/d,67
Benin,Value,Per capita food supply variability (kcal/cap/day),2002,kcal/cap/d,41
Benin,Value,Per capita food supply variability (kcal/cap/day),2003,kcal/cap/d,56
Benin,Value,Per capita food supply variability (kcal/cap/day),2004,kcal/cap/d,56
Benin,Value,Per capita food supply variability (kcal/cap/day),2005,kcal/cap/d,53
Benin,Value,Per capita food supply variability (kcal/cap/day),2006,kcal/cap/d,44
Benin,Value,Per capita food supply variability (kcal/cap/day),2007,kcal/cap/d,36
Benin,Value,Per capita food supply variability (kcal/cap/day),2008,kcal/cap/d,37
Benin,Value,Per capita food supply variability (kcal/cap/day),2009,kcal/cap/d,4
Benin,Value,Per capita food supply variability (kcal/cap/day),2010,kcal/cap/d,2
Benin,Value,Per capita food supply variability (kcal/cap/day),2011,kcal/cap/d,40
Benin,Value,Per capita food supply variability (kcal/cap/day),2012,kcal/cap/d,45
Benin,Value,Per capita food supply variability (kcal/cap/day),2013,kcal/cap/d,45
Benin,Value,Per capita food supply variability (kcal/cap/day),2014,kcal/cap/d,38
Benin,Value,Per capita food supply variability (kcal/cap/day),2015,kcal/cap/d,11
Benin,Value,Per capita food supply variability (kcal/cap/day),2016,kcal/cap/d,10
Benin,Value,Per capita food supply variability (kcal/cap/day),2017,kcal/cap/d,10
Benin,Value,Per capita food supply variability (kcal/cap/day),2018,kcal/cap/d,11
Benin,Value,Per capita food supply variability (kcal/cap/day),2019,kcal/cap/d,14
Benin,Value,Per capita food supply variability (kcal/cap/day),2020,kcal/cap/d,19
Benin,Value,Per capita food supply variability (kcal/cap/day),2021,kcal/cap/d,34
Benin,Value,Per capita food supply variability (kcal/cap/day),2022,kcal/cap/d,52
Benin,Value,Per capita food supply variability (kcal/cap/day),2023,kcal/cap/d,47
Benin,Value,Percentage of population using at least basic drinking water services (percent),2001,%,62
Benin,Value,Percentage of population using at least basic drinking water services (percent),2002,%,62
Benin,Value,Percentage of population using at least basic drinking water services (percent),2003,%,63
Benin,Value,Percentage of population using at least basic drinking water services (percent),2004,%,63
Benin,Value,Percentage of population using at least basic drinking water services (percent),2005,%,63
Benin,Value,Percentage of population using at least basic drinking water services (percent),2006,%,63
Benin,Value,Percentage of population using at least basic drinking water services (percent),2007,%,64
Benin,Value,Percentage of population using at least basic drinking water services (percent),2008,%,64
Benin,Value,Percentage of population using at least basic drinking water services (percent),2009,%,64
Benin,Value,Percentage of population using at least basic drinking water services (percent),2010,%,64
Benin,Value,Percentage of population using at least basic drinking water services (percent),2011,%,65
Benin,Value,Percentage of population using at least basic drinking water services (percent),2012,%,65
Benin,Value,Percentage of population using at least basic drinking water services (percent),2013,%,65
Benin,Value,Percentage of population using at least basic drinking water services (percent),2014,%,66
Benin,Value,Percentage of population using at least basic drinking water services (percent),2015,%,66
Benin,Value,Percentage of population using at least basic drinking water services (percent),2016,%,66
Benin,Value,Percentage of population using at least basic drinking water services (percent),2017,%,66
Benin,Value,Percentage of population using at least basic drinking water services (percent),2018,%,66
Benin,Value,Percentage of population using at least basic drinking water services (percent),2019,%,67
Benin,Value,Percentage of population using at least basic drinking water services (percent),2020,%,67
Benin,Value,Percentage of population using at least basic drinking water services (percent),2021,%,67
Benin,Value,Percentage of population using at least basic drinking water services (percent),2022,%,67
Benin,Value,Percentage of population using safely managed sanitation services (percent),2001,%,1
Benin,Value,Percentage of population using safely managed sanitation services (percent),2002,%,1
Benin,Value,Percentage of population using safely managed sanitation services (percent),2003,%,1
Benin,Value,Percentage of population using safely managed sanitation services (percent),2004,%,1
Benin,Value,Percentage of population using safely managed sanitation services (percent),2005,%,2
Benin,Value,Percentage of population using safely managed sanitation services (percent),2006,%,2
Benin,Value,Percentage of population using safely managed sanitation services (percent),2007,%,2
Benin,Value,Percentage of population using safely managed sanitation services (percent),2008,%,2
Benin,Value,Percentage of population using safely managed sanitation services (percent),2009,%,2
Benin,Value,Percentage of population using safely managed sanitation services (percent),2010,%,2
Benin,Value,Percentage of population using safely managed sanitation services (percent),2011,%,2
Benin,Value,Percentage of population using safely managed sanitation services (percent),2012,%,2
Benin,Value,Percentage of population using safely managed sanitation services (percent),2013,%,2
Benin,Value,Percentage of population using safely managed sanitation services (percent),2014,%,2
Benin,Value,Percentage of population using safely managed sanitation services (percent),2015,%,2
Benin,Value,Percentage of population using safely managed sanitation services (percent),2016,%,2
Benin,Value,Percentage of population using safely managed sanitation services (percent),2017,%,2
Benin,Value,Percentage of population using safely managed sanitation services (percent),2018,%,2
Benin,Value,Percentage of population using safely managed sanitation services (percent),2019,%,3
Benin,Value,Percentage of population using safely managed sanitation services (percent),2020,%,3
Benin,Value,Percentage of population using safely managed sanitation services (percent),2021,%,3
Benin,Value,Percentage of population using safely managed sanitation services (percent),2022,%,3
Benin,Value,Percentage of population using at least basic sanitation services (percent),2001,%,9
Benin,Value,Percentage of population using at least basic sanitation services (percent),2002,%,9
Benin,Value,Percentage of population using at least basic sanitation services (percent),2003,%,10
Benin,Value,Percentage of population using at least basic sanitation services (percent),2004,%,10
Benin,Value,Percentage of population using at least basic sanitation services (percent),2005,%,11
Benin,Value,Percentage of population using at least basic sanitation services (percent),2006,%,11
Benin,Value,Percentage of population using at least basic sanitation services (percent),2007,%,12
Benin,Value,Percentage of population using at least basic sanitation services (percent),2008,%,12
Benin,Value,Percentage of population using at least basic sanitation services (percent),2009,%,13
Benin,Value,Percentage of population using at least basic sanitation services (percent),2010,%,13
Benin,Value,Percentage of population using at least basic sanitation services (percent),2011,%,14
Benin,Value,Percentage of population using at least basic sanitation services (percent),2012,%,14
Benin,Value,Percentage of population using at least basic sanitation services (percent),2013,%,15
Benin,Value,Percentage of population using at least basic sanitation services (percent),2014,%,16
Benin,Value,Percentage of population using at least basic sanitation services (percent),2015,%,16
Benin,Value,Percentage of population using at least basic sanitation services (percent),2016,%,17
Benin,Value,Percentage of population using at least basic sanitation services (percent),2017,%,17
Benin,Value,Percentage of population using at least basic sanitation services (percent),2018,%,18
Benin,Value,Percentage of population using at least basic sanitation services (percent),2019,%,19
Benin,Value,Percentage of population using at least basic sanitation services (percent),2020,%,19
Benin,Value,Percentage of population using at least basic sanitation services (percent),2021,%,19
Benin,Value,Percentage of population using at least basic sanitation services (percent),2022,%,20
Benin,Value,Percentage of children under 5 years affected by wasting (percent),2001,%,9
Benin,Value,Percentage of children under 5 years affected by wasting (percent),2008,%,5.1
Benin,Value,Percentage of children under 5 years affected by wasting (percent),2014,%,4.5
Benin,Value,Percentage of children under 5 years affected by wasting (percent),2018,%,5
Benin,Value,Percentage of children under 5 years affected by wasting (percent),2021,%,8.3
Benin,Value,Number of children under 5 years affected by wasting (million),2001,million No,0.1
Benin,Value,Number of children under 5 years affected by wasting (million),2008,million No,<0.1
Benin,Value,Number of children under 5 years affected by wasting (million),2014,million No,<0.1
Benin,Value,Number of children under 5 years affected by wasting (million),2018,million No,0.1
Benin,Value,Number of children under 5 years affected by wasting (million),2021,million No,0.2
Benin,Value,Percentage of children under 5 years of age who are stunted (modelled estimates) (percent),2001,%,34.9
Benin,Value,Percentage of children under 5 years of age who are stunted (modelled estimates) (percent),2002,%,35
Benin,Value,Percentage of children under 5 years of age who are stunted (modelled estimates) (percent),2003,%,35.1
Benin,Value,Percentage of children under 5 years of age who are stunted (modelled estimates) (percent),2004,%,35.3
Benin,Value,Percentage of children under 5 years of age who are stunted (modelled estimates) (percent),2005,%,35.6
Benin,Value,Percentage of children under 5 years of age who are stunted (modelled estimates) (percent),2006,%,35.8
Benin,Value,Percentage of children under 5 years of age who are stunted (modelled estimates) (percent),2007,%,35.8
Benin,Value,Percentage of children under 5 years of age who are stunted (modelled estimates) (percent),2008,%,35.6
Benin,Value,Percentage of children under 5 years of age who are stunted (modelled estimates) (percent),2009,%,35.3
Benin,Value,Percentage of children under 5 years of age who are stunted (modelled estimates) (percent),2010,%,34.9
Benin,Value,Percentage of children under 5 years of age who are stunted (modelled estimates) (percent),2011,%,34.5
Benin,Value,Percentage of children under 5 years of age who are stunted (modelled estimates) (percent),2012,%,34.2
Benin,Value,Percentage of children under 5 years of age who are stunted (modelled estimates) (percent),2013,%,34
Benin,Value,Percentage of children under 5 years of age who are stunted (modelled estimates) (percent),2014,%,33.9
Benin,Value,Percentage of children under 5 years of age who are stunted (modelled estimates) (percent),2015,%,33.8
Benin,Value,Percentage of children under 5 years of age who are stunted (modelled estimates) (percent),2016,%,33.7
Benin,Value,Percentage of children under 5 years of age who are stunted (modelled estimates) (percent),2017,%,33.6
Benin,Value,Percentage of children under 5 years of age who are stunted (modelled estimates) (percent),2018,%,33.3
Benin,Value,Percentage of children under 5 years of age who are stunted (modelled estimates) (percent),2019,%,32.9
Benin,Value,Percentage of children under 5 years of age who are stunted (modelled estimates) (percent),2020,%,32.7
Benin,Value,Percentage of children under 5 years of age who are stunted (modelled estimates) (percent),2021,%,32.6
Benin,Value,Percentage of children under 5 years of age who are stunted (modelled estimates) (percent),2022,%,32.8
Benin,Value,Percentage of children under 5 years of age who are stunted (modelled estimates) (percent),2023,%,32.8
Benin,Value,Number of children under 5 years of age who are stunted (modeled estimates) (million),2001,million No,0.5
Benin,Value,Number of children under 5 years of age who are stunted (modeled estimates) (million),2002,million No,0.5
Benin,Value,Number of children under 5 years of age who are stunted (modeled estimates) (million),2003,million No,0.5
Benin,Value,Number of children under 5 years of age who are stunted (modeled estimates) (million),2004,million No,0.5
Benin,Value,Number of children under 5 years of age who are stunted (modeled estimates) (million),2005,million No,0.5
Benin,Value,Number of children under 5 years of age who are stunted (modeled estimates) (million),2006,million No,0.5
Benin,Value,Number of children under 5 years of age who are stunted (modeled estimates) (million),2007,million No,0.6
Benin,Value,Number of children under 5 years of age who are stunted (modeled estimates) (million),2008,million No,0.6
Benin,Value,Number of children under 5 years of age who are stunted (modeled estimates) (million),2009,million No,0.6
Benin,Value,Number of children under 5 years of age who are stunted (modeled estimates) (million),2010,million No,0.6
Benin,Value,Number of children under 5 years of age who are stunted (modeled estimates) (million),2011,million No,0.6
Benin,Value,Number of children under 5 years of age who are stunted (modeled estimates) (million),2012,million No,0.6
Benin,Value,Number of children under 5 years of age who are stunted (modeled estimates) (million),2013,million No,0.6
Benin,Value,Number of children under 5 years of age who are stunted (modeled estimates) (million),2014,million No,0.6
Benin,Value,Number of children under 5 years of age who are stunted (modeled estimates) (million),2015,million No,0.7
Benin,Value,Number of children under 5 years of age who are stunted (modeled estimates) (million),2016,million No,0.7
Benin,Value,Number of children under 5 years of age who are stunted (modeled estimates) (million),2017,million No,0.7
Benin,Value,Number of children under 5 years of age who are stunted (modeled estimates) (million),2018,million No,0.7
Benin,Value,Number of children under 5 years of age who are stunted (modeled estimates) (million),2019,million No,0.7
Benin,Value,Number of children under 5 years of age who are stunted (modeled estimates) (million),2020,million No,0.7
Benin,Value,Number of children under 5 years of age who are stunted (modeled estimates) (million),2021,million No,0.7
Benin,Value,Number of children under 5 years of age who are stunted (modeled estimates) (million),2022,million No,0.7
Benin,Value,Number of children under 5 years of age who are stunted (modeled estimates) (million),2023,million No,0.7
Benin,Value,Percentage of children under 5 years of age who are overweight (modelled estimates) (percent),2001,%,2.4
Benin,Value,Percentage of children under 5 years of age who are overweight (modelled estimates) (percent),2002,%,2.3
Benin,Value,Percentage of children under 5 years of age who are overweight (modelled estimates) (percent),2003,%,2.3
Benin,Value,Percentage of children under 5 years of age who are overweight (modelled estimates) (percent),2004,%,2.2
Benin,Value,Percentage of children under 5 years of age who are overweight (modelled estimates) (percent),2005,%,2.1
Benin,Value,Percentage of children under 5 years of age who are overweight (modelled estimates) (percent),2006,%,2
Benin,Value,Percentage of children under 5 years of age who are overweight (modelled estimates) (percent),2007,%,1.9
Benin,Value,Percentage of children under 5 years of age who are overweight (modelled estimates) (percent),2008,%,1.9
Benin,Value,Percentage of children under 5 years of age who are overweight (modelled estimates) (percent),2009,%,1.8
Benin,Value,Percentage of children under 5 years of age who are overweight (modelled estimates) (percent),2010,%,1.8
Benin,Value,Percentage of children under 5 years of age who are overweight (modelled estimates) (percent),2011,%,1.8
Benin,Value,Percentage of children under 5 years of age who are overweight (modelled estimates) (percent),2012,%,1.8
Benin,Value,Percentage of children under 5 years of age who are overweight (modelled estimates) (percent),2013,%,1.8
Benin,Value,Percentage of children under 5 years of age who are overweight (modelled estimates) (percent),2014,%,1.8
Benin,Value,Percentage of children under 5 years of age who are overweight (modelled estimates) (percent),2015,%,1.8
Benin,Value,Percentage of children under 5 years of age who are overweight (modelled estimates) (percent),2016,%,1.8
Benin,Value,Percentage of children under 5 years of age who are overweight (modelled estimates) (percent),2017,%,1.9
Benin,Value,Percentage of children under 5 years of age who are overweight (modelled estimates) (percent),2018,%,2
Benin,Value,Percentage of children under 5 years of age who are overweight (modelled estimates) (percent),2019,%,2.1
Benin,Value,Percentage of children under 5 years of age who are overweight (modelled estimates) (percent),2020,%,2.3
Benin,Value,Percentage of children under 5 years of age who are overweight (modelled estimates) (percent),2021,%,2.5
Benin,Value,Percentage of children under 5 years of age who are overweight (modelled estimates) (percent),2022,%,2.8
Benin,Value,Percentage of children under 5 years of age who are overweight (modelled estimates) (percent),2023,%,3.2
Benin,Value,Number of children under 5 years of age who are overweight (modeled estimates) (million),2001,million No,<0.1
Benin,Value,Number of children under 5 years of age who are overweight (modeled estimates) (million),2002,million No,<0.1
Benin,Value,Number of children under 5 years of age who are overweight (modeled estimates) (million),2003,million No,<0.1
Benin,Value,Number of children under 5 years of age who are overweight (modeled estimates) (million),2004,million No,<0.1
Benin,Value,Number of children under 5 years of age who are overweight (modeled estimates) (million),2005,million No,<0.1
Benin,Value,Number of children under 5 years of age who are overweight (modeled estimates) (million),2006,million No,<0.1
Benin,Value,Number of children under 5 years of age who are overweight (modeled estimates) (million),2007,million No,<0.1
Benin,Value,Number of children under 5 years of age who are overweight (modeled estimates) (million),2008,million No,<0.1
Benin,Value,Number of children under 5 years of age who are overweight (modeled estimates) (million),2009,million No,<0.1
Benin,Value,Number of children under 5 years of age who are overweight (modeled estimates) (million),2010,million No,<0.1
Benin,Value,Number of children under 5 years of age who are overweight (modeled estimates) (million),2011,million No,<0.1
Benin,Value,Number of children under 5 years of age who are overweight (modeled estimates) (million),2012,million No,<0.1
Benin,Value,Number of children under 5 years of age who are overweight (modeled estimates) (million),2013,million No,<0.1
Benin,Value,Number of children under 5 years of age who are overweight (modeled estimates) (million),2014,million No,<0.1
Benin,Value,Number of children under 5 years of age who are overweight (modeled estimates) (million),2015,million No,<0.1
Benin,Value,Number of children under 5 years of age who are overweight (modeled estimates) (million),2016,million No,<0.1
Benin,Value,Number of children under 5 years of age who are overweight (modeled estimates) (million),2017,million No,<0.1
Benin,Value,Number of children under 5 years of age who are overweight (modeled estimates) (million),2018,million No,<0.1
Benin,Value,Number of children under 5 years of age who are overweight (modeled estimates) (million),2019,million No,<0.1
Benin,Value,Number of children under 5 years of age who are overweight (modeled estimates) (million),2020,million No,<0.1
Benin,Value,Number of children under 5 years of age who are overweight (modeled estimates) (million),2021,million No,<0.1
Benin,Value,Number of children under 5 years of age who are overweight (modeled estimates) (million),2022,million No,<0.1
Benin,Value,Number of children under 5 years of age who are overweight (modeled estimates) (million),2023,million No,<0.1
Benin,Value,Prevalence of obesity in the adult population (18 years and older) (percent),2001,%,4.8
Benin,Value,Prevalence of obesity in the adult population (18 years and older) (percent),2002,%,5.2
Benin,Value,Prevalence of obesity in the adult population (18 years and older) (percent),2003,%,5.5
Benin,Value,Prevalence of obesity in the adult population (18 years and older) (percent),2004,%,5.9
Benin,Value,Prevalence of obesity in the adult population (18 years and older) (percent),2005,%,6.2
Benin,Value,Prevalence of obesity in the adult population (18 years and older) (percent),2006,%,6.6
Benin,Value,Prevalence of obesity in the adult population (18 years and older) (percent),2007,%,6.9
Benin,Value,Prevalence of obesity in the adult population (18 years and older) (percent),2008,%,7.2
Benin,Value,Prevalence of obesity in the adult population (18 years and older) (percent),2009,%,7.4
Benin,Value,Prevalence of obesity in the adult population (18 years and older) (percent),2010,%,7.7
Benin,Value,Prevalence of obesity in the adult population (18 years and older) (percent),2011,%,7.9
Benin,Value,Prevalence of obesity in the adult population (18 years and older) (percent),2012,%,8.1
Benin,Value,Prevalence of obesity in the adult population (18 years and older) (percent),2013,%,8.4
Benin,Value,Prevalence of obesity in the adult population (18 years and older) (percent),2014,%,8.6
Benin,Value,Prevalence of obesity in the adult population (18 years and older) (percent),2015,%,8.8
Benin,Value,Prevalence of obesity in the adult population (18 years and older) (percent),2016,%,9.1
Benin,Value,Prevalence of obesity in the adult population (18 years and older) (percent),2017,%,9.4
Benin,Value,Prevalence of obesity in the adult population (18 years and older) (percent),2018,%,9.7
Benin,Value,Prevalence of obesity in the adult population (18 years and older) (percent),2019,%,10
Benin,Value,Prevalence of obesity in the adult population (18 years and older) (percent),2020,%,10.4
Benin,Value,Prevalence of obesity in the adult population (18 years and older) (percent),2021,%,10.8
Benin,Value,Prevalence of obesity in the adult population (18 years and older) (percent),2022,%,11.2
Benin,Value,Number of obese adults (18 years and older) (million),2001,million No,0.2
Benin,Value,Number of obese adults (18 years and older) (million),2002,million No,0.2
Benin,Value,Number of obese adults (18 years and older) (million),2003,million No,0.2
Benin,Value,Number of obese adults (18 years and older) (million),2004,million No,0.2
Benin,Value,Number of obese adults (18 years and older) (million),2005,million No,0.2
Benin,Value,Number of obese adults (18 years and older) (million),2006,million No,0.3
Benin,Value,Number of obese adults (18 years and older) (million),2007,million No,0.3
Benin,Value,Number of obese adults (18 years and older) (million),2008,million No,0.3
Benin,Value,Number of obese adults (18 years and older) (million),2009,million No,0.3
Benin,Value,Number of obese adults (18 years and older) (million),2010,million No,0.4
Benin,Value,Number of obese adults (18 years and older) (million),2011,million No,0.4
Benin,Value,Number of obese adults (18 years and older) (million),2012,million No,0.4
Benin,Value,Number of obese adults (18 years and older) (million),2013,million No,0.4
Benin,Value,Number of obese adults (18 years and older) (million),2014,million No,0.5
Benin,Value,Number of obese adults (18 years and older) (million),2015,million No,0.5
Benin,Value,Number of obese adults (18 years and older) (million),2016,million No,0.5
Benin,Value,Number of obese adults (18 years and older) (million),2017,million No,0.6
Benin,Value,Number of obese adults (18 years and older) (million),2018,million No,0.6
Benin,Value,Number of obese adults (18 years and older) (million),2019,million No,0.6
Benin,Value,Number of obese adults (18 years and older) (million),2020,million No,0.7
Benin,Value,Number of obese adults (18 years and older) (million),2021,million No,0.7
Benin,Value,Number of obese adults (18 years and older) (million),2022,million No,0.8
Benin,Value,Prevalence of anemia among women of reproductive age (15-49 years) (percent),2001,%,58.9
Benin,Value,Prevalence of anemia among women of reproductive age (15-49 years) (percent),2002,%,58.3
Benin,Value,Prevalence of anemia among women of reproductive age (15-49 years) (percent),2003,%,57.7
Benin,Value,Prevalence of anemia among women of reproductive age (15-49 years) (percent),2004,%,57
Benin,Value,Prevalence of anemia among women of reproductive age (15-49 years) (percent),2005,%,56.3
Benin,Value,Prevalence of anemia among women of reproductive age (15-49 years) (percent),2006,%,55.5
Benin,Value,Prevalence of anemia among women of reproductive age (15-49 years) (percent),2007,%,54.7
Benin,Value,Prevalence of anemia among women of reproductive age (15-49 years) (percent),2008,%,53.7
Benin,Value,Prevalence of anemia among women of reproductive age (15-49 years) (percent),2009,%,52.7
Benin,Value,Prevalence of anemia among women of reproductive age (15-49 years) (percent),2010,%,51.8
Benin,Value,Prevalence of anemia among women of reproductive age (15-49 years) (percent),2011,%,50.9
Benin,Value,Prevalence of anemia among women of reproductive age (15-49 years) (percent),2012,%,50.2
Benin,Value,Prevalence of anemia among women of reproductive age (15-49 years) (percent),2013,%,49.6
Benin,Value,Prevalence of anemia among women of reproductive age (15-49 years) (percent),2014,%,49.2
Benin,Value,Prevalence of anemia among women of reproductive age (15-49 years) (percent),2015,%,49
Benin,Value,Prevalence of anemia among women of reproductive age (15-49 years) (percent),2016,%,48.9
Benin,Value,Prevalence of anemia among women of reproductive age (15-49 years) (percent),2017,%,48.8
Benin,Value,Prevalence of anemia among women of reproductive age (15-49 years) (percent),2018,%,48.9
Benin,Value,Prevalence of anemia among women of reproductive age (15-49 years) (percent),2019,%,49
Benin,Value,Prevalence of anemia among women of reproductive age (15-49 years) (percent),2020,%,49.1
Benin,Value,Prevalence of anemia among women of reproductive age (15-49 years) (percent),2021,%,49.2
Benin,Value,Prevalence of anemia among women of reproductive age (15-49 years) (percent),2022,%,49.5
Benin,Value,Prevalence of anemia among women of reproductive age (15-49 years) (percent),2023,%,50
Benin,Value,Number of women of reproductive age (15-49 years) affected by anemia (million),2001,million No,1
Benin,Value,Number of women of reproductive age (15-49 years) affected by anemia (million),2002,million No,1
Benin,Value,Number of women of reproductive age (15-49 years) affected by anemia (million),2003,million No,1.1
Benin,Value,Number of women of reproductive age (15-49 years) affected by anemia (million),2004,million No,1.1
Benin,Value,Number of women of reproductive age (15-49 years) affected by anemia (million),2005,million No,1.1
Benin,Value,Number of women of reproductive age (15-49 years) affected by anemia (million),2006,million No,1.1
Benin,Value,Number of women of reproductive age (15-49 years) affected by anemia (million),2007,million No,1.1
Benin,Value,Number of women of reproductive age (15-49 years) affected by anemia (million),2008,million No,1.2
Benin,Value,Number of women of reproductive age (15-49 years) affected by anemia (million),2009,million No,1.2
Benin,Value,Number of women of reproductive age (15-49 years) affected by anemia (million),2010,million No,1.2
Benin,Value,Number of women of reproductive age (15-49 years) affected by anemia (million),2011,million No,1.2
Benin,Value,Number of women of reproductive age (15-49 years) affected by anemia (million),2012,million No,1.2
Benin,Value,Number of women of reproductive age (15-49 years) affected by anemia (million),2013,million No,1.2
Benin,Value,Number of women of reproductive age (15-49 years) affected by anemia (million),2014,million No,1.3
Benin,Value,Number of women of reproductive age (15-49 years) affected by anemia (million),2015,million No,1.3
Benin,Value,Number of women of reproductive age (15-49 years) affected by anemia (million),2016,million No,1.3
Benin,Value,Number of women of reproductive age (15-49 years) affected by anemia (million),2017,million No,1.4
Benin,Value,Number of women of reproductive age (15-49 years) affected by anemia (million),2018,million No,1.4
Benin,Value,Number of women of reproductive age (15-49 years) affected by anemia (million),2019,million No,1.5
Benin,Value,Number of women of reproductive age (15-49 years) affected by anemia (million),2020,million No,1.5
Benin,Value,Number of women of reproductive age (15-49 years) affected by anemia (million),2021,million No,1.6
Benin,Value,Number of women of reproductive age (15-49 years) affected by anemia (million),2022,million No,1.6
Benin,Value,Number of women of reproductive age (15-49 years) affected by anemia (million),2023,million No,1.7
Benin,Value,Prevalence of exclusive breastfeeding among infants 0-5 months of age (percent),2001,%,37.8
Benin,Value,Prevalence of exclusive breastfeeding among infants 0-5 months of age (percent),2006,%,42.3
Benin,Value,Prevalence of exclusive breastfeeding among infants 0-5 months of age (percent),2012,%,32.5
Benin,Value,Prevalence of exclusive breastfeeding among infants 0-5 months of age (percent),2014,%,41.4
Benin,Value,Prevalence of exclusive breastfeeding among infants 0-5 months of age (percent),2018,%,41.4
Benin,Value,Prevalence of low birthweight (percent),2001,%,18.7
Benin,Value,Prevalence of low birthweight (percent),2002,%,18.6
Benin,Value,Prevalence of low birthweight (percent),2003,%,18.5
Benin,Value,Prevalence of low birthweight (percent),2004,%,18.4
Benin,Value,Prevalence of low birthweight (percent),2005,%,18.3
Benin,Value,Prevalence of low birthweight (percent),2006,%,18.2
Benin,Value,Prevalence of low birthweight (percent),2007,%,18
Benin,Value,Prevalence of low birthweight (percent),2008,%,17.9
Benin,Value,Prevalence of low birthweight (percent),2009,%,17.8
Benin,Value,Prevalence of low birthweight (percent),2010,%,17.7
Benin,Value,Prevalence of low birthweight (percent),2011,%,17.6
Benin,Value,Prevalence of low birthweight (percent),2012,%,17.5
Benin,Value,Prevalence of low birthweight (percent),2013,%,17.3
Benin,Value,Prevalence of low birthweight (percent),2014,%,17.2
Benin,Value,Prevalence of low birthweight (percent),2015,%,17.1
Benin,Value,Prevalence of low birthweight (percent),2016,%,17
Benin,Value,Prevalence of low birthweight (percent),2017,%,16.8
Benin,Value,Prevalence of low birthweight (percent),2018,%,16.7
Benin,Value,Prevalence of low birthweight (percent),2019,%,16.6
Benin,Value,Prevalence of low birthweight (percent),2020,%,16.4
Benin,Value,Number of newborns with low birthweight (million),2001,million No,0.1
Benin,Value,Number of newborns with low birthweight (million),2002,million No,0.1
Benin,Value,Number of newborns with low birthweight (million),2003,million No,0.1
Benin,Value,Number of newborns with low birthweight (million),2004,million No,0.1
Benin,Value,Number of newborns with low birthweight (million),2005,million No,0.1
Benin,Value,Number of newborns with low birthweight (million),2006,million No,0.1
Benin,Value,Number of newborns with low birthweight (million),2007,million No,0.1
Benin,Value,Number of newborns with low birthweight (million),2008,million No,0.1
Benin,Value,Number of newborns with low birthweight (million),2009,million No,0.1
Benin,Value,Number of newborns with low birthweight (million),2010,million No,0.1
Benin,Value,Number of newborns with low birthweight (million),2011,million No,0.1
Benin,Value,Number of newborns with low birthweight (million),2012,million No,0.1
Benin,Value,Number of newborns with low birthweight (million),2013,million No,0.1
Benin,Value,Number of newborns with low birthweight (million),2014,million No,0.1
Benin,Value,Number of newborns with low birthweight (million),2015,million No,0.1
Benin,Value,Number of newborns with low birthweight (million),2016,million No,0.1
Benin,Value,Number of newborns with low birthweight (million),2017,million No,0.1
Benin,Value,Number of newborns with low birthweight (million),2018,million No,0.1
Benin,Value,Number of newborns with low birthweight (million),2019,million No,0.1
Benin,Value,Number of newborns with low birthweight (million),2020,million No,0.1
Benin,Value,Minimum dietary energy requirement (kcal/cap/day),2001,kcal/cap/d,1686
Benin,Value,Minimum dietary energy requirement (kcal/cap/day),2002,kcal/cap/d,1688
Benin,Value,Minimum dietary energy requirement (kcal/cap/day),2003,kcal/cap/d,1690
Benin,Value,Minimum dietary energy requirement (kcal/cap/day),2004,kcal/cap/d,1692
Benin,Value,Minimum dietary energy requirement (kcal/cap/day),2005,kcal/cap/d,1694
Benin,Value,Minimum dietary energy requirement (kcal/cap/day),2006,kcal/cap/d,1695
Benin,Value,Minimum dietary energy requirement (kcal/cap/day),2007,kcal/cap/d,1696
Benin,Value,Minimum dietary energy requirement (kcal/cap/day),2008,kcal/cap/d,1698
Benin,Value,Minimum dietary energy requirement (kcal/cap/day),2009,kcal/cap/d,1701
Benin,Value,Minimum dietary energy requirement (kcal/cap/day),2010,kcal/cap/d,1703
Benin,Value,Minimum dietary energy requirement (kcal/cap/day),2011,kcal/cap/d,1705
Benin,Value,Minimum dietary energy requirement (kcal/cap/day),2012,kcal/cap/d,1707
Benin,Value,Minimum dietary energy requirement (kcal/cap/day),2013,kcal/cap/d,1707
Benin,Value,Minimum dietary energy requirement (kcal/cap/day),2014,kcal/cap/d,1708
Benin,Value,Minimum dietary energy requirement (kcal/cap/day),2015,kcal/cap/d,1710
Benin,Value,Minimum dietary energy requirement (kcal/cap/day),2016,kcal/cap/d,1711
Benin,Value,Minimum dietary energy requirement (kcal/cap/day),2017,kcal/cap/d,1712
Benin,Value,Minimum dietary energy requirement (kcal/cap/day),2018,kcal/cap/d,1714
Benin,Value,Minimum dietary energy requirement (kcal/cap/day),2019,kcal/cap/d,1717
Benin,Value,Minimum dietary energy requirement (kcal/cap/day),2020,kcal/cap/d,1720
Benin,Value,Minimum dietary energy requirement (kcal/cap/day),2021,kcal/cap/d,1723
Benin,Value,Minimum dietary energy requirement (kcal/cap/day),2022,kcal/cap/d,1726
Benin,Value,Minimum dietary energy requirement (kcal/cap/day),2023,kcal/cap/d,1729
Benin,Value,Average dietary energy requirement (kcal/cap/day),2001,kcal/cap/d,2167
Benin,Value,Average dietary energy requirement (kcal/cap/day),2002,kcal/cap/d,2170
Benin,Value,Average dietary energy requirement (kcal/cap/day),2003,kcal/cap/d,2173
Benin,Value,Average dietary energy requirement (kcal/cap/day),2004,kcal/cap/d,2176
Benin,Value,Average dietary energy requirement (kcal/cap/day),2005,kcal/cap/d,2179
Benin,Value,Average dietary energy requirement (kcal/cap/day),2006,kcal/cap/d,2181
Benin,Value,Average dietary energy requirement (kcal/cap/day),2007,kcal/cap/d,2183
Benin,Value,Average dietary energy requirement (kcal/cap/day),2008,kcal/cap/d,2186
Benin,Value,Average dietary energy requirement (kcal/cap/day),2009,kcal/cap/d,2189
Benin,Value,Average dietary energy requirement (kcal/cap/day),2010,kcal/cap/d,2193
Benin,Value,Average dietary energy requirement (kcal/cap/day),2011,kcal/cap/d,2196
Benin,Value,Average dietary energy requirement (kcal/cap/day),2012,kcal/cap/d,2198
Benin,Value,Average dietary energy requirement (kcal/cap/day),2013,kcal/cap/d,2199
Benin,Value,Average dietary energy requirement (kcal/cap/day),2014,kcal/cap/d,2200
Benin,Value,Average dietary energy requirement (kcal/cap/day),2015,kcal/cap/d,2201
Benin,Value,Average dietary energy requirement (kcal/cap/day),2016,kcal/cap/d,2202
Benin,Value,Average dietary energy requirement (kcal/cap/day),2017,kcal/cap/d,2204
Benin,Value,Average dietary energy requirement (kcal/cap/day),2018,kcal/cap/d,2206
Benin,Value,Average dietary energy requirement (kcal/cap/day),2019,kcal/cap/d,2210
Benin,Value,Average dietary energy requirement (kcal/cap/day),2020,kcal/cap/d,2214
Benin,Value,Average dietary energy requirement (kcal/cap/day),2021,kcal/cap/d,2218
Benin,Value,Average dietary energy requirement (kcal/cap/day),2022,kcal/cap/d,2223
Benin,Value,Average dietary energy requirement (kcal/cap/day),2023,kcal/cap/d,2227
Benin,Value,Coefficient of variation of habitual caloric consumption distribution (real number),2001,No,0.28
Benin,Value,Coefficient of variation of habitual caloric consumption distribution (real number),2002,No,0.28
Benin,Value,Coefficient of variation of habitual caloric consumption distribution (real number),2003,No,0.28
Benin,Value,Coefficient of variation of habitual caloric consumption distribution (real number),2004,No,0.28
Benin,Value,Coefficient of variation of habitual caloric consumption distribution (real number),2005,No,0.28
Benin,Value,Coefficient of variation of habitual caloric consumption distribution (real number),2006,No,0.28
Benin,Value,Coefficient of variation of habitual caloric consumption distribution (real number),2007,No,0.28
Benin,Value,Coefficient of variation of habitual caloric consumption distribution (real number),2008,No,0.28
Benin,Value,Coefficient of variation of habitual caloric consumption distribution (real number),2009,No,0.28
Benin,Value,Coefficient of variation of habitual caloric consumption distribution (real number),2010,No,0.28
Benin,Value,Coefficient of variation of habitual caloric consumption distribution (real number),2011,No,0.28
Benin,Value,Coefficient of variation of habitual caloric consumption distribution (real number),2012,No,0.28
Benin,Value,Coefficient of variation of habitual caloric consumption distribution (real number),2013,No,0.28
Benin,Value,Coefficient of variation of habitual caloric consumption distribution (real number),2014,No,0.28
Benin,Value,Coefficient of variation of habitual caloric consumption distribution (real number),2015,No,0.28
Benin,Value,Coefficient of variation of habitual caloric consumption distribution (real number),2016,No,0.28
Benin,Value,Coefficient of variation of habitual caloric consumption distribution (real number),2017,No,0.29
Benin,Value,Coefficient of variation of habitual caloric consumption distribution (real number),2018,No,0.3
Benin,Value,Coefficient of variation of habitual caloric consumption distribution (real number),2019,No,0.32
Benin,Value,Coefficient of variation of habitual caloric consumption distribution (real number),2020,No,0.33
Benin,Value,Coefficient of variation of habitual caloric consumption distribution (real number),2021,No,0.33
Benin,Value,Coefficient of variation of habitual caloric consumption distribution (real number),2022,No,0.34
Benin,Value,Coefficient of variation of habitual caloric consumption distribution (real number),2023,No,0.34
Benin,Value,Incidence of caloric losses at retail distribution level (percent),2001,%,3.44
Benin,Value,Incidence of caloric losses at retail distribution level (percent),2002,%,3.4
Benin,Value,Incidence of caloric losses at retail distribution level (percent),2003,%,3.41
Benin,Value,Incidence of caloric losses at retail distribution level (percent),2004,%,3.36
Benin,Value,Incidence of caloric losses at retail distribution level (percent),2005,%,3.3
Benin,Value,Incidence of caloric losses at retail distribution level (percent),2006,%,3.38
Benin,Value,Incidence of caloric losses at retail distribution level (percent),2007,%,3.39
Benin,Value,Incidence of caloric losses at retail distribution level (percent),2008,%,3.24
Benin,Value,Incidence of caloric losses at retail distribution level (percent),2009,%,3.37
Benin,Value,Incidence of caloric losses at retail distribution level (percent),2010,%,3.38
Benin,Value,Incidence of caloric losses at retail distribution level (percent),2011,%,3.38
Benin,Value,Incidence of caloric losses at retail distribution level (percent),2012,%,3.49
Benin,Value,Incidence of caloric losses at retail distribution level (percent),2013,%,3.45
Benin,Value,Incidence of caloric losses at retail distribution level (percent),2014,%,3.5
Benin,Value,Incidence of caloric losses at retail distribution level (percent),2015,%,3.47
Benin,Value,Incidence of caloric losses at retail distribution level (percent),2016,%,3.47
Benin,Value,Incidence of caloric losses at retail distribution level (percent),2017,%,3.4
Benin,Value,Incidence of caloric losses at retail distribution level (percent),2018,%,3.31
Benin,Value,Incidence of caloric losses at retail distribution level (percent),2019,%,3.25
Benin,Value,Incidence of caloric losses at retail distribution level (percent),2020,%,3.16
Benin,Value,Incidence of caloric losses at retail distribution level (percent),2021,%,3.19
Benin,Value,Incidence of caloric losses at retail distribution level (percent),2022,%,3.18
Benin,Value,Incidence of caloric losses at retail distribution level (percent),2023,%,3.18
Burkina Faso,Value,Dietary energy supply used in the estimation of the prevalence of undernourishment (kcal/cap/day),2001,kcal/cap/d,2341
Burkina Faso,Value,Dietary energy supply used in the estimation of the prevalence of undernourishment (kcal/cap/day),2002,kcal/cap/d,2421
Burkina Faso,Value,Dietary energy supply used in the estimation of the prevalence of undernourishment (kcal/cap/day),2003,kcal/cap/d,2503
Burkina Faso,Value,Dietary energy supply used in the estimation of the prevalence of undernourishment (kcal/cap/day),2004,kcal/cap/d,2516
Burkina Faso,Value,Dietary energy supply used in the estimation of the prevalence of undernourishment (kcal/cap/day),2005,kcal/cap/d,2533
Burkina Faso,Value,Dietary energy supply used in the estimation of the prevalence of undernourishment (kcal/cap/day),2006,kcal/cap/d,2549
Burkina Faso,Value,Dietary energy supply used in the estimation of the prevalence of undernourishment (kcal/cap/day),2007,kcal/cap/d,2566
Burkina Faso,Value,Dietary energy supply used in the estimation of the prevalence of undernourishment (kcal/cap/day),2008,kcal/cap/d,2582
Burkina Faso,Value,Dietary energy supply used in the estimation of the prevalence of undernourishment (kcal/cap/day),2009,kcal/cap/d,2599
Burkina Faso,Value,Dietary energy supply used in the estimation of the prevalence of undernourishment (kcal/cap/day),2010,kcal/cap/d,2605
Burkina Faso,Value,Dietary energy supply used in the estimation of the prevalence of undernourishment (kcal/cap/day),2011,kcal/cap/d,2582
Burkina Faso,Value,Dietary energy supply used in the estimation of the prevalence of undernourishment (kcal/cap/day),2012,kcal/cap/d,2642
Burkina Faso,Value,Dietary energy supply used in the estimation of the prevalence of undernourishment (kcal/cap/day),2013,kcal/cap/d,2661
Burkina Faso,Value,Dietary energy supply used in the estimation of the prevalence of undernourishment (kcal/cap/day),2014,kcal/cap/d,2648
Burkina Faso,Value,Dietary energy supply used in the estimation of the prevalence of undernourishment (kcal/cap/day),2015,kcal/cap/d,2653
Burkina Faso,Value,Dietary energy supply used in the estimation of the prevalence of undernourishment (kcal/cap/day),2016,kcal/cap/d,2644
Burkina Faso,Value,Dietary energy supply used in the estimation of the prevalence of undernourishment (kcal/cap/day),2017,kcal/cap/d,2618
Burkina Faso,Value,Dietary energy supply used in the estimation of the prevalence of undernourishment (kcal/cap/day),2018,kcal/cap/d,2655
Burkina Faso,Value,Dietary energy supply used in the estimation of the prevalence of undernourishment (kcal/cap/day),2019,kcal/cap/d,2629
Burkina Faso,Value,Dietary energy supply used in the estimation of the prevalence of undernourishment (kcal/cap/day),2020,kcal/cap/d,2679
Burkina Faso,Value,Dietary energy supply used in the estimation of the prevalence of undernourishment (kcal/cap/day),2021,kcal/cap/d,2651
Burkina Faso,Value,Dietary energy supply used in the estimation of the prevalence of undernourishment (kcal/cap/day),2022,kcal/cap/d,2739
Burkina Faso,Value,Dietary energy supply used in the estimation of the prevalence of undernourishment (kcal/cap/day),2023,kcal/cap/d,2764
Burkina Faso,Value,Rail lines density (total route in km per 100 square km of land area),2001,km,0.2
Burkina Faso,Value,Rail lines density (total route in km per 100 square km of land area),2002,km,0.2
Burkina Faso,Value,Rail lines density (total route in km per 100 square km of land area),2003,km,0.2
Burkina Faso,Value,Rail lines density (total route in km per 100 square km of land area),2004,km,0.2
Burkina Faso,Value,Rail lines density (total route in km per 100 square km of land area),2005,km,0.2
Burkina Faso,Value,Rail lines density (total route in km per 100 square km of land area),2006,km,0.2
Burkina Faso,Value,Rail lines density (total route in km per 100 square km of land area),2007,km,0.2
Burkina Faso,Value,Rail lines density (total route in km per 100 square km of land area),2008,km,0.2
Burkina Faso,Value,Rail lines density (total route in km per 100 square km of land area),2009,km,0.2
Burkina Faso,Value,Rail lines density (total route in km per 100 square km of land area),2013,km,0.2
Burkina Faso,Value,Rail lines density (total route in km per 100 square km of land area),2014,km,0.2
Burkina Faso,Value,Rail lines density (total route in km per 100 square km of land area),2015,km,0.2
Burkina Faso,Value,Rail lines density (total route in km per 100 square km of land area),2016,km,0.2
Burkina Faso,Value,Rail lines density (total route in km per 100 square km of land area),2017,km,0.2
Burkina Faso,Value,Rail lines density (total route in km per 100 square km of land area),2018,km,0.2
Burkina Faso,Value,Rail lines density (total route in km per 100 square km of land area),2019,km,0.2
Burkina Faso,Value,Rail lines density (total route in km per 100 square km of land area),2020,km,0.2
Burkina Faso,Value,Rail lines density (total route in km per 100 square km of land area),2021,km,0.2
Burkina Faso,Value,"Gross domestic product per capita, PPP, (constant 2021 international $)",2001,Int$/cap,1477
Burkina Faso,Value,"Gross domestic product per capita, PPP, (constant 2021 international $)",2002,Int$/cap,1495
Burkina Faso,Value,"Gross domestic product per capita, PPP, (constant 2021 international $)",2003,Int$/cap,1562
Burkina Faso,Value,"Gross domestic product per capita, PPP, (constant 2021 international $)",2004,Int$/cap,1581
Burkina Faso,Value,"Gross domestic product per capita, PPP, (constant 2021 international $)",2005,Int$/cap,1665
Burkina Faso,Value,"Gross domestic product per capita, PPP, (constant 2021 international $)",2006,Int$/cap,1715
Burkina Faso,Value,"Gross domestic product per capita, PPP, (constant 2021 international $)",2007,Int$/cap,1732
Burkina Faso,Value,"Gross domestic product per capita, PPP, (constant 2021 international $)",2008,Int$/cap,1779
Burkina Faso,Value,"Gross domestic product per capita, PPP, (constant 2021 international $)",2009,Int$/cap,1779
Burkina Faso,Value,"Gross domestic product per capita, PPP, (constant 2021 international $)",2010,Int$/cap,1874
Burkina Faso,Value,"Gross domestic product per capita, PPP, (constant 2021 international $)",2011,Int$/cap,1940
Burkina Faso,Value,"Gross domestic product per capita, PPP, (constant 2021 international $)",2012,Int$/cap,2004
Burkina Faso,Value,"Gross domestic product per capita, PPP, (constant 2021 international $)",2013,Int$/cap,2057
Burkina Faso,Value,"Gross domestic product per capita, PPP, (constant 2021 international $)",2014,Int$/cap,2083
Burkina Faso,Value,"Gross domestic product per capita, PPP, (constant 2021 international $)",2015,Int$/cap,2102
Burkina Faso,Value,"Gross domestic product per capita, PPP, (constant 2021 international $)",2016,Int$/cap,2163
Burkina Faso,Value,"Gross domestic product per capita, PPP, (constant 2021 international $)",2017,Int$/cap,2232
Burkina Faso,Value,"Gross domestic product per capita, PPP, (constant 2021 international $)",2018,Int$/cap,2316
Burkina Faso,Value,"Gross domestic product per capita, PPP, (constant 2021 international $)",2019,Int$/cap,2392
Burkina Faso,Value,"Gross domestic product per capita, PPP, (constant 2021 international $)",2020,Int$/cap,2381
Burkina Faso,Value,"Gross domestic product per capita, PPP, (constant 2021 international $)",2021,Int$/cap,2486
Burkina Faso,Value,"Gross domestic product per capita, PPP, (constant 2021 international $)",2022,Int$/cap,2466
Burkina Faso,Value,"Gross domestic product per capita, PPP, (constant 2021 international $)",2023,Int$/cap,2482
Burkina Faso,Value,Political stability and absence of violence/terrorism (index),2002,,-0.31
Burkina Faso,Value,Political stability and absence of violence/terrorism (index),2003,,0.07
Burkina Faso,Value,Political stability and absence of violence/terrorism (index),2004,,-0.08
Burkina Faso,Value,Political stability and absence of violence/terrorism (index),2005,,-0.06
Burkina Faso,Value,Political stability and absence of violence/terrorism (index),2006,,0.16
Burkina Faso,Value,Political stability and absence of violence/terrorism (index),2007,,0.31
Burkina Faso,Value,Political stability and absence of violence/terrorism (index),2008,,0.12
Burkina Faso,Value,Political stability and absence of violence/terrorism (index),2009,,0.03
Burkina Faso,Value,Political stability and absence of violence/terrorism (index),2010,,-0.12
Burkina Faso,Value,Political stability and absence of violence/terrorism (index),2011,,-0.56
Burkina Faso,Value,Political stability and absence of violence/terrorism (index),2012,,-0.57
Burkina Faso,Value,Political stability and absence of violence/terrorism (index),2013,,-0.76
Burkina Faso,Value,Political stability and absence of violence/terrorism (index),2014,,-0.79
Burkina Faso,Value,Political stability and absence of violence/terrorism (index),2015,,-0.61
Burkina Faso,Value,Political stability and absence of violence/terrorism (index),2016,,-0.87
Burkina Faso,Value,Political stability and absence of violence/terrorism (index),2017,,-0.93
Burkina Faso,Value,Political stability and absence of violence/terrorism (index),2018,,-1.06
Burkina Faso,Value,Political stability and absence of violence/terrorism (index),2019,,-1.3
Burkina Faso,Value,Political stability and absence of violence/terrorism (index),2020,,-1.54
Burkina Faso,Value,Political stability and absence of violence/terrorism (index),2021,,-1.64
Burkina Faso,Value,Political stability and absence of violence/terrorism (index),2022,,-1.82
Burkina Faso,Value,Per capita food supply variability (kcal/cap/day),2001,kcal/cap/d,48
Burkina Faso,Value,Per capita food supply variability (kcal/cap/day),2002,kcal/cap/d,30
Burkina Faso,Value,Per capita food supply variability (kcal/cap/day),2003,kcal/cap/d,26
Burkina Faso,Value,Per capita food supply variability (kcal/cap/day),2004,kcal/cap/d,47
Burkina Faso,Value,Per capita food supply variability (kcal/cap/day),2005,kcal/cap/d,56
Burkina Faso,Value,Per capita food supply variability (kcal/cap/day),2006,kcal/cap/d,51
Burkina Faso,Value,Per capita food supply variability (kcal/cap/day),2007,kcal/cap/d,25
Burkina Faso,Value,Per capita food supply variability (kcal/cap/day),2008,kcal/cap/d,4
Burkina Faso,Value,Per capita food supply variability (kcal/cap/day),2009,kcal/cap/d,2
Burkina Faso,Value,Per capita food supply variability (kcal/cap/day),2010,kcal/cap/d,1
Burkina Faso,Value,Per capita food supply variability (kcal/cap/day),2011,kcal/cap/d,3
Burkina Faso,Value,Per capita food supply variability (kcal/cap/day),2012,kcal/cap/d,19
Burkina Faso,Value,Per capita food supply variability (kcal/cap/day),2013,kcal/cap/d,20
Burkina Faso,Value,Per capita food supply variability (kcal/cap/day),2014,kcal/cap/d,21
Burkina Faso,Value,Per capita food supply variability (kcal/cap/day),2015,kcal/cap/d,21
Burkina Faso,Value,Per capita food supply variability (kcal/cap/day),2016,kcal/cap/d,21
Burkina Faso,Value,Per capita food supply variability (kcal/cap/day),2017,kcal/cap/d,20
Burkina Faso,Value,Per capita food supply variability (kcal/cap/day),2018,kcal/cap/d,33
Burkina Faso,Value,Per capita food supply variability (kcal/cap/day),2019,kcal/cap/d,25
Burkina Faso,Value,Per capita food supply variability (kcal/cap/day),2020,kcal/cap/d,27
Burkina Faso,Value,Per capita food supply variability (kcal/cap/day),2021,kcal/cap/d,20
Burkina Faso,Value,Per capita food supply variability (kcal/cap/day),2022,kcal/cap/d,19
Burkina Faso,Value,Per capita food supply variability (kcal/cap/day),2023,kcal/cap/d,33
Burkina Faso,Value,Percentage of population using at least basic drinking water services (percent),2001,%,58
Burkina Faso,Value,Percentage of population using at least basic drinking water services (percent),2002,%,57
Burkina Faso,Value,Percentage of population using at least basic drinking water services (percent),2003,%,57
Burkina Faso,Value,Percentage of population using at least basic drinking water services (percent),2004,%,56
Burkina Faso,Value,Percentage of population using at least basic drinking water services (percent),2005,%,56
Burkina Faso,Value,Percentage of population using at least basic drinking water services (percent),2006,%,56
Burkina Faso,Value,Percentage of population using at least basic drinking water services (percent),2007,%,55
Burkina Faso,Value,Percentage of population using at least basic drinking water services (percent),2008,%,54
Burkina Faso,Value,Percentage of population using at least basic drinking water services (percent),2009,%,54
Burkina Faso,Value,Percentage of population using at least basic drinking water services (percent),2010,%,53
Burkina Faso,Value,Percentage of population using at least basic drinking water services (percent),2011,%,53
Burkina Faso,Value,Percentage of population using at least basic drinking water services (percent),2012,%,52
Burkina Faso,Value,Percentage of population using at least basic drinking water services (percent),2013,%,52
Burkina Faso,Value,Percentage of population using at least basic drinking water services (percent),2014,%,51
Burkina Faso,Value,Percentage of population using at least basic drinking water services (percent),2015,%,51
Burkina Faso,Value,Percentage of population using at least basic drinking water services (percent),2016,%,50
Burkina Faso,Value,Percentage of population using at least basic drinking water services (percent),2017,%,50
Burkina Faso,Value,Percentage of population using at least basic drinking water services (percent),2018,%,50
Burkina Faso,Value,Percentage of population using at least basic drinking water services (percent),2019,%,49
Burkina Faso,Value,Percentage of population using at least basic drinking water services (percent),2020,%,48
Burkina Faso,Value,Percentage of population using at least basic drinking water services (percent),2021,%,49
Burkina Faso,Value,Percentage of population using at least basic drinking water services (percent),2022,%,50
Burkina Faso,Value,Percentage of population using safely managed sanitation services (percent),2001,%,3
Burkina Faso,Value,Percentage of population using safely managed sanitation services (percent),2002,%,4
Burkina Faso,Value,Percentage of population using safely managed sanitation services (percent),2003,%,4
Burkina Faso,Value,Percentage of population using safely managed sanitation services (percent),2004,%,4
Burkina Faso,Value,Percentage of population using safely managed sanitation services (percent),2005,%,5
Burkina Faso,Value,Percentage of population using safely managed sanitation services (percent),2006,%,5
Burkina Faso,Value,Percentage of population using safely managed sanitation services (percent),2007,%,6
Burkina Faso,Value,Percentage of population using safely managed sanitation services (percent),2008,%,6
Burkina Faso,Value,Percentage of population using safely managed sanitation services (percent),2009,%,6
Burkina Faso,Value,Percentage of population using safely managed sanitation services (percent),2010,%,7
Burkina Faso,Value,Percentage of population using safely managed sanitation services (percent),2011,%,7
Burkina Faso,Value,Percentage of population using safely managed sanitation services (percent),2012,%,7
Burkina Faso,Value,Percentage of population using safely managed sanitation services (percent),2013,%,7
Burkina Faso,Value,Percentage of population using safely managed sanitation services (percent),2014,%,8
Burkina Faso,Value,Percentage of population using safely managed sanitation services (percent),2015,%,8
Burkina Faso,Value,Percentage of population using safely managed sanitation services (percent),2016,%,8
Burkina Faso,Value,Percentage of population using safely managed sanitation services (percent),2017,%,8
Burkina Faso,Value,Percentage of population using safely managed sanitation services (percent),2018,%,9
Burkina Faso,Value,Percentage of population using safely managed sanitation services (percent),2019,%,9
Burkina Faso,Value,Percentage of population using safely managed sanitation services (percent),2020,%,9
Burkina Faso,Value,Percentage of population using safely managed sanitation services (percent),2021,%,10
Burkina Faso,Value,Percentage of population using safely managed sanitation services (percent),2022,%,10
Burkina Faso,Value,Percentage of population using at least basic sanitation services (percent),2001,%,10
Burkina Faso,Value,Percentage of population using at least basic sanitation services (percent),2002,%,11
Burkina Faso,Value,Percentage of population using at least basic sanitation services (percent),2003,%,12
Burkina Faso,Value,Percentage of population using at least basic sanitation services (percent),2004,%,13
Burkina Faso,Value,Percentage of population using at least basic sanitation services (percent),2005,%,14
Burkina Faso,Value,Percentage of population using at least basic sanitation services (percent),2006,%,15
Burkina Faso,Value,Percentage of population using at least basic sanitation services (percent),2007,%,16
Burkina Faso,Value,Percentage of population using at least basic sanitation services (percent),2008,%,16
Burkina Faso,Value,Percentage of population using at least basic sanitation services (percent),2009,%,17
Burkina Faso,Value,Percentage of population using at least basic sanitation services (percent),2010,%,18
Burkina Faso,Value,Percentage of population using at least basic sanitation services (percent),2011,%,18
Burkina Faso,Value,Percentage of population using at least basic sanitation services (percent),2012,%,19
Burkina Faso,Value,Percentage of population using at least basic sanitation services (percent),2013,%,20
Burkina Faso,Value,Percentage of population using at least basic sanitation services (percent),2014,%,20
Burkina Faso,Value,Percentage of population using at least basic sanitation services (percent),2015,%,21
Burkina Faso,Value,Percentage of population using at least basic sanitation services (percent),2016,%,21
Burkina Faso,Value,Percentage of population using at least basic sanitation services (percent),2017,%,22
Burkina Faso,Value,Percentage of population using at least basic sanitation services (percent),2018,%,22
Burkina Faso,Value,Percentage of population using at least basic sanitation services (percent),2019,%,23
Burkina Faso,Value,Percentage of population using at least basic sanitation services (percent),2020,%,23
Burkina Faso,Value,Percentage of population using at least basic sanitation services (percent),2021,%,24
Burkina Faso,Value,Percentage of population using at least basic sanitation services (percent),2022,%,25
Burkina Faso,Value,Percentage of children under 5 years affected by wasting (percent),2009,%,11.3
Burkina Faso,Value,Percentage of children under 5 years affected by wasting (percent),2010,%,10.9
Burkina Faso,Value,Percentage of children under 5 years affected by wasting (percent),2011,%,10.4
Burkina Faso,Value,Percentage of children under 5 years affected by wasting (percent),2012,%,10.7
Burkina Faso,Value,Percentage of children under 5 years affected by wasting (percent),2013,%,8.1
Burkina Faso,Value,Percentage of children under 5 years affected by wasting (percent),2014,%,8.5
Burkina Faso,Value,Percentage of children under 5 years affected by wasting (percent),2015,%,10.2
Burkina Faso,Value,Percentage of children under 5 years affected by wasting (percent),2016,%,7.5
Burkina Faso,Value,Percentage of children under 5 years affected by wasting (percent),2017,%,8.6
Burkina Faso,Value,Percentage of children under 5 years affected by wasting (percent),2018,%,8.4
Burkina Faso,Value,Percentage of children under 5 years affected by wasting (percent),2019,%,8.1
Burkina Faso,Value,Percentage of children under 5 years affected by wasting (percent),2020,%,8.8
Burkina Faso,Value,Percentage of children under 5 years affected by wasting (percent),2021,%,9.3
Burkina Faso,Value,Number of children under 5 years affected by wasting (million),2009,million No,0.3
Burkina Faso,Value,Number of children under 5 years affected by wasting (million),2010,million No,0.3
Burkina Faso,Value,Number of children under 5 years affected by wasting (million),2011,million No,0.3
Burkina Faso,Value,Number of children under 5 years affected by wasting (million),2012,million No,0.3
Burkina Faso,Value,Number of children under 5 years affected by wasting (million),2013,million No,0.3
Burkina Faso,Value,Number of children under 5 years affected by wasting (million),2014,million No,0.3
Burkina Faso,Value,Number of children under 5 years affected by wasting (million),2015,million No,0.3
Burkina Faso,Value,Number of children under 5 years affected by wasting (million),2016,million No,0.3
Burkina Faso,Value,Number of children under 5 years affected by wasting (million),2017,million No,0.3
Burkina Faso,Value,Number of children under 5 years affected by wasting (million),2018,million No,0.3
Burkina Faso,Value,Number of children under 5 years affected by wasting (million),2019,million No,0.3
Burkina Faso,Value,Number of children under 5 years affected by wasting (million),2020,million No,0.3
Burkina Faso,Value,Number of children under 5 years affected by wasting (million),2021,million No,0.3
Burkina Faso,Value,Percentage of children under 5 years of age who are stunted (modelled estimates) (percent),2001,%,40.6
Burkina Faso,Value,Percentage of children under 5 years of age who are stunted (modelled estimates) (percent),2002,%,40.8
Burkina Faso,Value,Percentage of children under 5 years of age who are stunted (modelled estimates) (percent),2003,%,40.7
Burkina Faso,Value,Percentage of children under 5 years of age who are stunted (modelled estimates) (percent),2004,%,40.6
Burkina Faso,Value,Percentage of children under 5 years of age who are stunted (modelled estimates) (percent),2005,%,40.3
Burkina Faso,Value,Percentage of children under 5 years of age who are stunted (modelled estimates) (percent),2006,%,39.8
Burkina Faso,Value,Percentage of children under 5 years of age who are stunted (modelled estimates) (percent),2007,%,39.1
Burkina Faso,Value,Percentage of children under 5 years of age who are stunted (modelled estimates) (percent),2008,%,38
Burkina Faso,Value,Percentage of children under 5 years of age who are stunted (modelled estimates) (percent),2009,%,36.8
Burkina Faso,Value,Percentage of children under 5 years of age who are stunted (modelled estimates) (percent),2010,%,35.3
Burkina Faso,Value,Percentage of children under 5 years of age who are stunted (modelled estimates) (percent),2011,%,33.7
Burkina Faso,Value,Percentage of children under 5 years of age who are stunted (modelled estimates) (percent),2012,%,32
Burkina Faso,Value,Percentage of children under 5 years of age who are stunted (modelled estimates) (percent),2013,%,30.4
Burkina Faso,Value,Percentage of children under 5 years of age who are stunted (modelled estimates) (percent),2014,%,28.7
Burkina Faso,Value,Percentage of children under 5 years of age who are stunted (modelled estimates) (percent),2015,%,27.1
Burkina Faso,Value,Percentage of children under 5 years of age who are stunted (modelled estimates) (percent),2016,%,25.6
Burkina Faso,Value,Percentage of children under 5 years of age who are stunted (modelled estimates) (percent),2017,%,24.2
Burkina Faso,Value,Percentage of children under 5 years of age who are stunted (modelled estimates) (percent),2018,%,23
Burkina Faso,Value,Percentage of children under 5 years of age who are stunted (modelled estimates) (percent),2019,%,21.9
Burkina Faso,Value,Percentage of children under 5 years of age who are stunted (modelled estimates) (percent),2020,%,21
Burkina Faso,Value,Percentage of children under 5 years of age who are stunted (modelled estimates) (percent),2021,%,20.4
Burkina Faso,Value,Percentage of children under 5 years of age who are stunted (modelled estimates) (percent),2022,%,20
Burkina Faso,Value,Percentage of children under 5 years of age who are stunted (modelled estimates) (percent),2023,%,19.7
Burkina Faso,Value,Number of children under 5 years of age who are stunted (modeled estimates) (million),2001,million No,0.9
Burkina Faso,Value,Number of children under 5 years of age who are stunted (modeled estimates) (million),2002,million No,0.9
Burkina Faso,Value,Number of children under 5 years of age who are stunted (modeled estimates) (million),2003,million No,1
Burkina Faso,Value,Number of children under 5 years of age who are stunted (modeled estimates) (million),2004,million No,1
Burkina Faso,Value,Number of children under 5 years of age who are stunted (modeled estimates) (million),2005,million No,1
Burkina Faso,Value,Number of children under 5 years of age who are stunted (modeled estimates) (million),2006,million No,1
Burkina Faso,Value,Number of children under 5 years of age who are stunted (modeled estimates) (million),2007,million No,1.1
Burkina Faso,Value,Number of children under 5 years of age who are stunted (modeled estimates) (million),2008,million No,1.1
Burkina Faso,Value,Number of children under 5 years of age who are stunted (modeled estimates) (million),2009,million No,1.1
Burkina Faso,Value,Number of children under 5 years of age who are stunted (modeled estimates) (million),2010,million No,1
Burkina Faso,Value,Number of children under 5 years of age who are stunted (modeled estimates) (million),2011,million No,1
Burkina Faso,Value,Number of children under 5 years of age who are stunted (modeled estimates) (million),2012,million No,1
Burkina Faso,Value,Number of children under 5 years of age who are stunted (modeled estimates) (million),2013,million No,1
Burkina Faso,Value,Number of children under 5 years of age who are stunted (modeled estimates) (million),2014,million No,0.9
Burkina Faso,Value,Number of children under 5 years of age who are stunted (modeled estimates) (million),2015,million No,0.9
Burkina Faso,Value,Number of children under 5 years of age who are stunted (modeled estimates) (million),2016,million No,0.9
Burkina Faso,Value,Number of children under 5 years of age who are stunted (modeled estimates) (million),2017,million No,0.8
Burkina Faso,Value,Number of children under 5 years of age who are stunted (modeled estimates) (million),2018,million No,0.8
Burkina Faso,Value,Number of children under 5 years of age who are stunted (modeled estimates) (million),2019,million No,0.8
Burkina Faso,Value,Number of children under 5 years of age who are stunted (modeled estimates) (million),2020,million No,0.7
Burkina Faso,Value,Number of children under 5 years of age who are stunted (modeled estimates) (million),2021,million No,0.7
Burkina Faso,Value,Number of children under 5 years of age who are stunted (modeled estimates) (million),2022,million No,0.7
Burkina Faso,Value,Number of children under 5 years of age who are stunted (modeled estimates) (million),2023,million No,0.7
Burkina Faso,Value,Percentage of children under 5 years of age who are overweight (modelled estimates) (percent),2001,%,1.8
Burkina Faso,Value,Percentage of children under 5 years of age who are overweight (modelled estimates) (percent),2002,%,1.7
Burkina Faso,Value,Percentage of children under 5 years of age who are overweight (modelled estimates) (percent),2003,%,1.6
Burkina Faso,Value,Percentage of children under 5 years of age who are overweight (modelled estimates) (percent),2004,%,1.4
Burkina Faso,Value,Percentage of children under 5 years of age who are overweight (modelled estimates) (percent),2005,%,1.4
Burkina Faso,Value,Percentage of children under 5 years of age who are overweight (modelled estimates) (percent),2006,%,1.3
Burkina Faso,Value,Percentage of children under 5 years of age who are overweight (modelled estimates) (percent),2007,%,1.2
Burkina Faso,Value,Percentage of children under 5 years of age who are overweight (modelled estimates) (percent),2008,%,1.1
Burkina Faso,Value,Percentage of children under 5 years of age who are overweight (modelled estimates) (percent),2009,%,1.1
Burkina Faso,Value,Percentage of children under 5 years of age who are overweight (modelled estimates) (percent),2010,%,1
Burkina Faso,Value,Percentage of children under 5 years of age who are overweight (modelled estimates) (percent),2011,%,1
Burkina Faso,Value,Percentage of children under 5 years of age who are overweight (modelled estimates) (percent),2012,%,1
Burkina Faso,Value,Percentage of children under 5 years of age who are overweight (modelled estimates) (percent),2013,%,1
Burkina Faso,Value,Percentage of children under 5 years of age who are overweight (modelled estimates) (percent),2014,%,1
Burkina Faso,Value,Percentage of children under 5 years of age who are overweight (modelled estimates) (percent),2015,%,1.1
Burkina Faso,Value,Percentage of children under 5 years of age who are overweight (modelled estimates) (percent),2016,%,1.1
Burkina Faso,Value,Percentage of children under 5 years of age who are overweight (modelled estimates) (percent),2017,%,1.2
Burkina Faso,Value,Percentage of children under 5 years of age who are overweight (modelled estimates) (percent),2018,%,1.2
Burkina Faso,Value,Percentage of children under 5 years of age who are overweight (modelled estimates) (percent),2019,%,1.3
Burkina Faso,Value,Percentage of children under 5 years of age who are overweight (modelled estimates) (percent),2020,%,1.5
Burkina Faso,Value,Percentage of children under 5 years of age who are overweight (modelled estimates) (percent),2021,%,1.7
Burkina Faso,Value,Percentage of children under 5 years of age who are overweight (modelled estimates) (percent),2022,%,2
Burkina Faso,Value,Percentage of children under 5 years of age who are overweight (modelled estimates) (percent),2023,%,2.3
Burkina Faso,Value,Number of children under 5 years of age who are overweight (modeled estimates) (million),2001,million No,<0.1
Burkina Faso,Value,Number of children under 5 years of age who are overweight (modeled estimates) (million),2002,million No,<0.1
Burkina Faso,Value,Number of children under 5 years of age who are overweight (modeled estimates) (million),2003,million No,<0.1
Burkina Faso,Value,Number of children under 5 years of age who are overweight (modeled estimates) (million),2004,million No,<0.1
Burkina Faso,Value,Number of children under 5 years of age who are overweight (modeled estimates) (million),2005,million No,<0.1
Burkina Faso,Value,Number of children under 5 years of age who are overweight (modeled estimates) (million),2006,million No,<0.1
Burkina Faso,Value,Number of children under 5 years of age who are overweight (modeled estimates) (million),2007,million No,<0.1
Burkina Faso,Value,Number of children under 5 years of age who are overweight (modeled estimates) (million),2008,million No,<0.1
Burkina Faso,Value,Number of children under 5 years of age who are overweight (modeled estimates) (million),2009,million No,<0.1
Burkina Faso,Value,Number of children under 5 years of age who are overweight (modeled estimates) (million),2010,million No,<0.1
Burkina Faso,Value,Number of children under 5 years of age who are overweight (modeled estimates) (million),2011,million No,<0.1
Burkina Faso,Value,Number of children under 5 years of age who are overweight (modeled estimates) (million),2012,million No,<0.1
Burkina Faso,Value,Number of children under 5 years of age who are overweight (modeled estimates) (million),2013,million No,<0.1
Burkina Faso,Value,Number of children under 5 years of age who are overweight (modeled estimates) (million),2014,million No,<0.1
Burkina Faso,Value,Number of children under 5 years of age who are overweight (modeled estimates) (million),2015,million No,<0.1
Burkina Faso,Value,Number of children under 5 years of age who are overweight (modeled estimates) (million),2016,million No,<0.1
Burkina Faso,Value,Number of children under 5 years of age who are overweight (modeled estimates) (million),2017,million No,<0.1
Burkina Faso,Value,Number of children under 5 years of age who are overweight (modeled estimates) (million),2018,million No,<0.1
Burkina Faso,Value,Number of children under 5 years of age who are overweight (modeled estimates) (million),2019,million No,<0.1
Burkina Faso,Value,Number of children under 5 years of age who are overweight (modeled estimates) (million),2020,million No,<0.1
Burkina Faso,Value,Number of children under 5 years of age who are overweight (modeled estimates) (million),2021,million No,<0.1
Burkina Faso,Value,Number of children under 5 years of age who are overweight (modeled estimates) (million),2022,million No,<0.1
Burkina Faso,Value,Number of children under 5 years of age who are overweight (modeled estimates) (million),2023,million No,<0.1
Burkina Faso,Value,Prevalence of obesity in the adult population (18 years and older) (percent),2001,%,1.6
Burkina Faso,Value,Prevalence of obesity in the adult population (18 years and older) (percent),2002,%,1.8
Burkina Faso,Value,Prevalence of obesity in the adult population (18 years and older) (percent),2003,%,1.9
Burkina Faso,Value,Prevalence of obesity in the adult population (18 years and older) (percent),2004,%,2.1
Burkina Faso,Value,Prevalence of obesity in the adult population (18 years and older) (percent),2005,%,2.3
Burkina Faso,Value,Prevalence of obesity in the adult population (18 years and older) (percent),2006,%,2.5
Burkina Faso,Value,Prevalence of obesity in the adult population (18 years and older) (percent),2007,%,2.7
Burkina Faso,Value,Prevalence of obesity in the adult population (18 years and older) (percent),2008,%,2.9
Burkina Faso,Value,Prevalence of obesity in the adult population (18 years and older) (percent),2009,%,3.1
Burkina Faso,Value,Prevalence of obesity in the adult population (18 years and older) (percent),2010,%,3.3
Burkina Faso,Value,Prevalence of obesity in the adult population (18 years and older) (percent),2011,%,3.5
Burkina Faso,Value,Prevalence of obesity in the adult population (18 years and older) (percent),2012,%,3.7
Burkina Faso,Value,Prevalence of obesity in the adult population (18 years and older) (percent),2013,%,3.9
Burkina Faso,Value,Prevalence of obesity in the adult population (18 years and older) (percent),2014,%,4.2
Burkina Faso,Value,Prevalence of obesity in the adult population (18 years and older) (percent),2015,%,4.4
Burkina Faso,Value,Prevalence of obesity in the adult population (18 years and older) (percent),2016,%,4.7
Burkina Faso,Value,Prevalence of obesity in the adult population (18 years and older) (percent),2017,%,5
Burkina Faso,Value,Prevalence of obesity in the adult population (18 years and older) (percent),2018,%,5.3
Burkina Faso,Value,Prevalence of obesity in the adult population (18 years and older) (percent),2019,%,5.6
Burkina Faso,Value,Prevalence of obesity in the adult population (18 years and older) (percent),2020,%,6
Burkina Faso,Value,Prevalence of obesity in the adult population (18 years and older) (percent),2021,%,6.3
Burkina Faso,Value,Prevalence of obesity in the adult population (18 years and older) (percent),2022,%,6.7
Burkina Faso,Value,Number of obese adults (18 years and older) (million),2001,million No,0.1
Burkina Faso,Value,Number of obese adults (18 years and older) (million),2002,million No,0.1
Burkina Faso,Value,Number of obese adults (18 years and older) (million),2003,million No,0.1
Burkina Faso,Value,Number of obese adults (18 years and older) (million),2004,million No,0.1
Burkina Faso,Value,Number of obese adults (18 years and older) (million),2005,million No,0.2
Burkina Faso,Value,Number of obese adults (18 years and older) (million),2006,million No,0.2
Burkina Faso,Value,Number of obese adults (18 years and older) (million),2007,million No,0.2
Burkina Faso,Value,Number of obese adults (18 years and older) (million),2008,million No,0.2
Burkina Faso,Value,Number of obese adults (18 years and older) (million),2009,million No,0.2
Burkina Faso,Value,Number of obese adults (18 years and older) (million),2010,million No,0.3
Burkina Faso,Value,Number of obese adults (18 years and older) (million),2011,million No,0.3
Burkina Faso,Value,Number of obese adults (18 years and older) (million),2012,million No,0.3
Burkina Faso,Value,Number of obese adults (18 years and older) (million),2013,million No,0.3
Burkina Faso,Value,Number of obese adults (18 years and older) (million),2014,million No,0.4
Burkina Faso,Value,Number of obese adults (18 years and older) (million),2015,million No,0.4
Burkina Faso,Value,Number of obese adults (18 years and older) (million),2016,million No,0.4
Burkina Faso,Value,Number of obese adults (18 years and older) (million),2017,million No,0.5
Burkina Faso,Value,Number of obese adults (18 years and older) (million),2018,million No,0.5
Burkina Faso,Value,Number of obese adults (18 years and older) (million),2019,million No,0.6
Burkina Faso,Value,Number of obese adults (18 years and older) (million),2020,million No,0.6
Burkina Faso,Value,Number of obese adults (18 years and older) (million),2021,million No,0.7
Burkina Faso,Value,Number of obese adults (18 years and older) (million),2022,million No,0.8
Burkina Faso,Value,Prevalence of anemia among women of reproductive age (15-49 years) (percent),2001,%,55.2
Burkina Faso,Value,Prevalence of anemia among women of reproductive age (15-49 years) (percent),2002,%,54.5
Burkina Faso,Value,Prevalence of anemia among women of reproductive age (15-49 years) (percent),2003,%,53.8
Burkina Faso,Value,Prevalence of anemia among women of reproductive age (15-49 years) (percent),2004,%,53.2
Burkina Faso,Value,Prevalence of anemia among women of reproductive age (15-49 years) (percent),2005,%,52.4
Burkina Faso,Value,Prevalence of anemia among women of reproductive age (15-49 years) (percent),2006,%,51.6
Burkina Faso,Value,Prevalence of anemia among women of reproductive age (15-49 years) (percent),2007,%,50.8
Burkina Faso,Value,Prevalence of anemia among women of reproductive age (15-49 years) (percent),2008,%,49.9
Burkina Faso,Value,Prevalence of anemia among women of reproductive age (15-49 years) (percent),2009,%,49.1
Burkina Faso,Value,Prevalence of anemia among women of reproductive age (15-49 years) (percent),2010,%,48.3
Burkina Faso,Value,Prevalence of anemia among women of reproductive age (15-49 years) (percent),2011,%,47.5
Burkina Faso,Value,Prevalence of anemia among women of reproductive age (15-49 years) (percent),2012,%,46.9
Burkina Faso,Value,Prevalence of anemia among women of reproductive age (15-49 years) (percent),2013,%,46.4
Burkina Faso,Value,Prevalence of anemia among women of reproductive age (15-49 years) (percent),2014,%,46
Burkina Faso,Value,Prevalence of anemia among women of reproductive age (15-49 years) (percent),2015,%,45.7
Burkina Faso,Value,Prevalence of anemia among women of reproductive age (15-49 years) (percent),2016,%,45
Burkina Faso,Value,Prevalence of anemia among women of reproductive age (15-49 years) (percent),2017,%,44.5
Burkina Faso,Value,Prevalence of anemia among women of reproductive age (15-49 years) (percent),2018,%,44.2
Burkina Faso,Value,Prevalence of anemia among women of reproductive age (15-49 years) (percent),2019,%,43.9
Burkina Faso,Value,Prevalence of anemia among women of reproductive age (15-49 years) (percent),2020,%,43.7
Burkina Faso,Value,Prevalence of anemia among women of reproductive age (15-49 years) (percent),2021,%,43.6
Burkina Faso,Value,Prevalence of anemia among women of reproductive age (15-49 years) (percent),2022,%,43.7
Burkina Faso,Value,Prevalence of anemia among women of reproductive age (15-49 years) (percent),2023,%,44.3
Burkina Faso,Value,Number of women of reproductive age (15-49 years) affected by anemia (million),2001,million No,1.5
Burkina Faso,Value,Number of women of reproductive age (15-49 years) affected by anemia (million),2002,million No,1.6
Burkina Faso,Value,Number of women of reproductive age (15-49 years) affected by anemia (million),2003,million No,1.6
Burkina Faso,Value,Number of women of reproductive age (15-49 years) affected by anemia (million),2004,million No,1.6
Burkina Faso,Value,Number of women of reproductive age (15-49 years) affected by anemia (million),2005,million No,1.7
Burkina Faso,Value,Number of women of reproductive age (15-49 years) affected by anemia (million),2006,million No,1.7
Burkina Faso,Value,Number of women of reproductive age (15-49 years) affected by anemia (million),2007,million No,1.7
Burkina Faso,Value,Number of women of reproductive age (15-49 years) affected by anemia (million),2008,million No,1.8
Burkina Faso,Value,Number of women of reproductive age (15-49 years) affected by anemia (million),2009,million No,1.8
Burkina Faso,Value,Number of women of reproductive age (15-49 years) affected by anemia (million),2010,million No,1.8
Burkina Faso,Value,Number of women of reproductive age (15-49 years) affected by anemia (million),2011,million No,1.8
Burkina Faso,Value,Number of women of reproductive age (15-49 years) affected by anemia (million),2012,million No,1.9
Burkina Faso,Value,Number of women of reproductive age (15-49 years) affected by anemia (million),2013,million No,1.9
Burkina Faso,Value,Number of women of reproductive age (15-49 years) affected by anemia (million),2014,million No,1.9
Burkina Faso,Value,Number of women of reproductive age (15-49 years) affected by anemia (million),2015,million No,2
Burkina Faso,Value,Number of women of reproductive age (15-49 years) affected by anemia (million),2016,million No,2
Burkina Faso,Value,Number of women of reproductive age (15-49 years) affected by anemia (million),2017,million No,2.1
Burkina Faso,Value,Number of women of reproductive age (15-49 years) affected by anemia (million),2018,million No,2.1
Burkina Faso,Value,Number of women of reproductive age (15-49 years) affected by anemia (million),2019,million No,2.2
Burkina Faso,Value,Number of women of reproductive age (15-49 years) affected by anemia (million),2020,million No,2.2
Burkina Faso,Value,Number of women of reproductive age (15-49 years) affected by anemia (million),2021,million No,2.3
Burkina Faso,Value,Number of women of reproductive age (15-49 years) affected by anemia (million),2022,million No,2.4
Burkina Faso,Value,Number of women of reproductive age (15-49 years) affected by anemia (million),2023,million No,2.5
Burkina Faso,Value,Prevalence of exclusive breastfeeding among infants 0-5 months of age (percent),2003,%,18.3
Burkina Faso,Value,Prevalence of exclusive breastfeeding among infants 0-5 months of age (percent),2006,%,5.9
Burkina Faso,Value,Prevalence of exclusive breastfeeding among infants 0-5 months of age (percent),2009,%,16
Burkina Faso,Value,Prevalence of exclusive breastfeeding among infants 0-5 months of age (percent),2010,%,24.8
Burkina Faso,Value,Prevalence of exclusive breastfeeding among infants 0-5 months of age (percent),2012,%,38.2
Burkina Faso,Value,Prevalence of exclusive breastfeeding among infants 0-5 months of age (percent),2013,%,47.2
Burkina Faso,Value,Prevalence of exclusive breastfeeding among infants 0-5 months of age (percent),2014,%,50.1
Burkina Faso,Value,Prevalence of exclusive breastfeeding among infants 0-5 months of age (percent),2017,%,47.8
Burkina Faso,Value,Prevalence of exclusive breastfeeding among infants 0-5 months of age (percent),2018,%,55.8
Burkina Faso,Value,Prevalence of exclusive breastfeeding among infants 0-5 months of age (percent),2019,%,57.9
Burkina Faso,Value,Prevalence of exclusive breastfeeding among infants 0-5 months of age (percent),2020,%,58
Burkina Faso,Value,Prevalence of exclusive breastfeeding among infants 0-5 months of age (percent),2021,%,51.3
Burkina Faso,Value,Prevalence of low birthweight (percent),2001,%,20.2
Burkina Faso,Value,Prevalence of low birthweight (percent),2002,%,20.1
Burkina Faso,Value,Prevalence of low birthweight (percent),2003,%,19.9
Burkina Faso,Value,Prevalence of low birthweight (percent),2004,%,19.8
Burkina Faso,Value,Prevalence of low birthweight (percent),2005,%,19.7
Burkina Faso,Value,Prevalence of low birthweight (percent),2006,%,19.6
Burkina Faso,Value,Prevalence of low birthweight (percent),2007,%,19.5
Burkina Faso,Value,Prevalence of low birthweight (percent),2008,%,19.4
Burkina Faso,Value,Prevalence of low birthweight (percent),2009,%,19.3
Burkina Faso,Value,Prevalence of low birthweight (percent),2010,%,19.3
Burkina Faso,Value,Prevalence of low birthweight (percent),2011,%,19.2
Burkina Faso,Value,Prevalence of low birthweight (percent),2012,%,19.1
Burkina Faso,Value,Prevalence of low birthweight (percent),2013,%,19
Burkina Faso,Value,Prevalence of low birthweight (percent),2014,%,18.9
Burkina Faso,Value,Prevalence of low birthweight (percent),2015,%,18.8
Burkina Faso,Value,Prevalence of low birthweight (percent),2016,%,18.8
Burkina Faso,Value,Prevalence of low birthweight (percent),2017,%,18.7
Burkina Faso,Value,Prevalence of low birthweight (percent),2018,%,18.6
Burkina Faso,Value,Prevalence of low birthweight (percent),2019,%,18.5
Burkina Faso,Value,Prevalence of low birthweight (percent),2020,%,18.5
Burkina Faso,Value,Number of newborns with low birthweight (million),2001,million No,0.1
Burkina Faso,Value,Number of newborns with low birthweight (million),2002,million No,0.1
Burkina Faso,Value,Number of newborns with low birthweight (million),2003,million No,0.1
Burkina Faso,Value,Number of newborns with low birthweight (million),2004,million No,0.1
Burkina Faso,Value,Number of newborns with low birthweight (million),2005,million No,0.1
Burkina Faso,Value,Number of newborns with low birthweight (million),2006,million No,0.1
Burkina Faso,Value,Number of newborns with low birthweight (million),2007,million No,0.1
Burkina Faso,Value,Number of newborns with low birthweight (million),2008,million No,0.1
Burkina Faso,Value,Number of newborns with low birthweight (million),2009,million No,0.1
Burkina Faso,Value,Number of newborns with low birthweight (million),2010,million No,0.1
Burkina Faso,Value,Number of newborns with low birthweight (million),2011,million No,0.1
Burkina Faso,Value,Number of newborns with low birthweight (million),2012,million No,0.1
Burkina Faso,Value,Number of newborns with low birthweight (million),2013,million No,0.1
Burkina Faso,Value,Number of newborns with low birthweight (million),2014,million No,0.1
Burkina Faso,Value,Number of newborns with low birthweight (million),2015,million No,0.1
Burkina Faso,Value,Number of newborns with low birthweight (million),2016,million No,0.1
Burkina Faso,Value,Number of newborns with low birthweight (million),2017,million No,0.1
Burkina Faso,Value,Number of newborns with low birthweight (million),2018,million No,0.1
Burkina Faso,Value,Number of newborns with low birthweight (million),2019,million No,0.1
Burkina Faso,Value,Number of newborns with low birthweight (million),2020,million No,0.1
Burkina Faso,Value,Minimum dietary energy requirement (kcal/cap/day),2001,kcal/cap/d,1699
Burkina Faso,Value,Minimum dietary energy requirement (kcal/cap/day),2002,kcal/cap/d,1702
Burkina Faso,Value,Minimum dietary energy requirement (kcal/cap/day),2003,kcal/cap/d,1704
Burkina Faso,Value,Minimum dietary energy requirement (kcal/cap/day),2004,kcal/cap/d,1706
Burkina Faso,Value,Minimum dietary energy requirement (kcal/cap/day),2005,kcal/cap/d,1707
Burkina Faso,Value,Minimum dietary energy requirement (kcal/cap/day),2006,kcal/cap/d,1708
Burkina Faso,Value,Minimum dietary energy requirement (kcal/cap/day),2007,kcal/cap/d,1708
Burkina Faso,Value,Minimum dietary energy requirement (kcal/cap/day),2008,kcal/cap/d,1707
Burkina Faso,Value,Minimum dietary energy requirement (kcal/cap/day),2009,kcal/cap/d,1707
Burkina Faso,Value,Minimum dietary energy requirement (kcal/cap/day),2010,kcal/cap/d,1707
Burkina Faso,Value,Minimum dietary energy requirement (kcal/cap/day),2011,kcal/cap/d,1708
Burkina Faso,Value,Minimum dietary energy requirement (kcal/cap/day),2012,kcal/cap/d,1710
Burkina Faso,Value,Minimum dietary energy requirement (kcal/cap/day),2013,kcal/cap/d,1712
Burkina Faso,Value,Minimum dietary energy requirement (kcal/cap/day),2014,kcal/cap/d,1714
Burkina Faso,Value,Minimum dietary energy requirement (kcal/cap/day),2015,kcal/cap/d,1717
Burkina Faso,Value,Minimum dietary energy requirement (kcal/cap/day),2016,kcal/cap/d,1721
Burkina Faso,Value,Minimum dietary energy requirement (kcal/cap/day),2017,kcal/cap/d,1726
Burkina Faso,Value,Minimum dietary energy requirement (kcal/cap/day),2018,kcal/cap/d,1731
Burkina Faso,Value,Minimum dietary energy requirement (kcal/cap/day),2019,kcal/cap/d,1738
Burkina Faso,Value,Minimum dietary energy requirement (kcal/cap/day),2020,kcal/cap/d,1745
Burkina Faso,Value,Minimum dietary energy requirement (kcal/cap/day),2021,kcal/cap/d,1754
Burkina Faso,Value,Minimum dietary energy requirement (kcal/cap/day),2022,kcal/cap/d,1760
Burkina Faso,Value,Minimum dietary energy requirement (kcal/cap/day),2023,kcal/cap/d,1766
Burkina Faso,Value,Average dietary energy requirement (kcal/cap/day),2001,kcal/cap/d,2187
Burkina Faso,Value,Average dietary energy requirement (kcal/cap/day),2002,kcal/cap/d,2190
Burkina Faso,Value,Average dietary energy requirement (kcal/cap/day),2003,kcal/cap/d,2193
Burkina Faso,Value,Average dietary energy requirement (kcal/cap/day),2004,kcal/cap/d,2196
Burkina Faso,Value,Average dietary energy requirement (kcal/cap/day),2005,kcal/cap/d,2198
Burkina Faso,Value,Average dietary energy requirement (kcal/cap/day),2006,kcal/cap/d,2199
Burkina Faso,Value,Average dietary energy requirement (kcal/cap/day),2007,kcal/cap/d,2199
Burkina Faso,Value,Average dietary energy requirement (kcal/cap/day),2008,kcal/cap/d,2198
Burkina Faso,Value,Average dietary energy requirement (kcal/cap/day),2009,kcal/cap/d,2197
Burkina Faso,Value,Average dietary energy requirement (kcal/cap/day),2010,kcal/cap/d,2197
Burkina Faso,Value,Average dietary energy requirement (kcal/cap/day),2011,kcal/cap/d,2198
Burkina Faso,Value,Average dietary energy requirement (kcal/cap/day),2012,kcal/cap/d,2199
Burkina Faso,Value,Average dietary energy requirement (kcal/cap/day),2013,kcal/cap/d,2202
Burkina Faso,Value,Average dietary energy requirement (kcal/cap/day),2014,kcal/cap/d,2205
Burkina Faso,Value,Average dietary energy requirement (kcal/cap/day),2015,kcal/cap/d,2209
Burkina Faso,Value,Average dietary energy requirement (kcal/cap/day),2016,kcal/cap/d,2214
Burkina Faso,Value,Average dietary energy requirement (kcal/cap/day),2017,kcal/cap/d,2220
Burkina Faso,Value,Average dietary energy requirement (kcal/cap/day),2018,kcal/cap/d,2228
Burkina Faso,Value,Average dietary energy requirement (kcal/cap/day),2019,kcal/cap/d,2237
Burkina Faso,Value,Average dietary energy requirement (kcal/cap/day),2020,kcal/cap/d,2248
Burkina Faso,Value,Average dietary energy requirement (kcal/cap/day),2021,kcal/cap/d,2259
Burkina Faso,Value,Average dietary energy requirement (kcal/cap/day),2022,kcal/cap/d,2269
Burkina Faso,Value,Average dietary energy requirement (kcal/cap/day),2023,kcal/cap/d,2278
Burkina Faso,Value,Coefficient of variation of habitual caloric consumption distribution (real number),2001,No,0.34
Burkina Faso,Value,Coefficient of variation of habitual caloric consumption distribution (real number),2002,No,0.34
Burkina Faso,Value,Coefficient of variation of habitual caloric consumption distribution (real number),2003,No,0.34
Burkina Faso,Value,Coefficient of variation of habitual caloric consumption distribution (real number),2004,No,0.34
Burkina Faso,Value,Coefficient of variation of habitual caloric consumption distribution (real number),2005,No,0.34
Burkina Faso,Value,Coefficient of variation of habitual caloric consumption distribution (real number),2006,No,0.34
Burkina Faso,Value,Coefficient of variation of habitual caloric consumption distribution (real number),2007,No,0.34
Burkina Faso,Value,Coefficient of variation of habitual caloric consumption distribution (real number),2008,No,0.34
Burkina Faso,Value,Coefficient of variation of habitual caloric consumption distribution (real number),2009,No,0.34
Burkina Faso,Value,Coefficient of variation of habitual caloric consumption distribution (real number),2010,No,0.34
Burkina Faso,Value,Coefficient of variation of habitual caloric consumption distribution (real number),2011,No,0.34
Burkina Faso,Value,Coefficient of variation of habitual caloric consumption distribution (real number),2012,No,0.34
Burkina Faso,Value,Coefficient of variation of habitual caloric consumption distribution (real number),2013,No,0.34
Burkina Faso,Value,Coefficient of variation of habitual caloric consumption distribution (real number),2014,No,0.34
Burkina Faso,Value,Coefficient of variation of habitual caloric consumption distribution (real number),2015,No,0.34
Burkina Faso,Value,Coefficient of variation of habitual caloric consumption distribution (real number),2016,No,0.34
Burkina Faso,Value,Coefficient of variation of habitual caloric consumption distribution (real number),2017,No,0.34
Burkina Faso,Value,Coefficient of variation of habitual caloric consumption distribution (real number),2018,No,0.34
Burkina Faso,Value,Coefficient of variation of habitual caloric consumption distribution (real number),2019,No,0.34
Burkina Faso,Value,Coefficient of variation of habitual caloric consumption distribution (real number),2020,No,0.33
Burkina Faso,Value,Coefficient of variation of habitual caloric consumption distribution (real number),2021,No,0.33
Burkina Faso,Value,Coefficient of variation of habitual caloric consumption distribution (real number),2022,No,0.33
Burkina Faso,Value,Coefficient of variation of habitual caloric consumption distribution (real number),2023,No,0.33
Burkina Faso,Value,Incidence of caloric losses at retail distribution level (percent),2001,%,2.22
Burkina Faso,Value,Incidence of caloric losses at retail distribution level (percent),2002,%,2.18
Burkina Faso,Value,Incidence of caloric losses at retail distribution level (percent),2003,%,2.23
Burkina Faso,Value,Incidence of caloric losses at retail distribution level (percent),2004,%,2.24
Burkina Faso,Value,Incidence of caloric losses at retail distribution level (percent),2005,%,2.22
Burkina Faso,Value,Incidence of caloric losses at retail distribution level (percent),2006,%,2.22
Burkina Faso,Value,Incidence of caloric losses at retail distribution level (percent),2007,%,2.17
Burkina Faso,Value,Incidence of caloric losses at retail distribution level (percent),2008,%,2.16
Burkina Faso,Value,Incidence of caloric losses at retail distribution level (percent),2009,%,2.2
Burkina Faso,Value,Incidence of caloric losses at retail distribution level (percent),2010,%,2.18
Burkina Faso,Value,Incidence of caloric losses at retail distribution level (percent),2011,%,2.2
Burkina Faso,Value,Incidence of caloric losses at retail distribution level (percent),2012,%,2.2
Burkina Faso,Value,Incidence of caloric losses at retail distribution level (percent),2013,%,2.18
Burkina Faso,Value,Incidence of caloric losses at retail distribution level (percent),2014,%,2.17
Burkina Faso,Value,Incidence of caloric losses at retail distribution level (percent),2015,%,2.16
Burkina Faso,Value,Incidence of caloric losses at retail distribution level (percent),2016,%,2.16
Burkina Faso,Value,Incidence of caloric losses at retail distribution level (percent),2017,%,2.14
Burkina Faso,Value,Incidence of caloric losses at retail distribution level (percent),2018,%,2.14
Burkina Faso,Value,Incidence of caloric losses at retail distribution level (percent),2019,%,3.1
Burkina Faso,Value,Incidence of caloric losses at retail distribution level (percent),2020,%,2.97
Burkina Faso,Value,Incidence of caloric losses at retail distribution level (percent),2021,%,2.95
Burkina Faso,Value,Incidence of caloric losses at retail distribution level (percent),2022,%,2.96
Burkina Faso,Value,Incidence of caloric losses at retail distribution level (percent),2023,%,2.96
Cabo Verde,Value,Dietary energy supply used in the estimation of the prevalence of undernourishment (kcal/cap/day),2001,kcal/cap/d,2419
Cabo Verde,Value,Dietary energy supply used in the estimation of the prevalence of undernourishment (kcal/cap/day),2002,kcal/cap/d,2377
Cabo Verde,Value,Dietary energy supply used in the estimation of the prevalence of undernourishment (kcal/cap/day),2003,kcal/cap/d,2471
Cabo Verde,Value,Dietary energy supply used in the estimation of the prevalence of undernourishment (kcal/cap/day),2004,kcal/cap/d,2580
Cabo Verde,Value,Dietary energy supply used in the estimation of the prevalence of undernourishment (kcal/cap/day),2005,kcal/cap/d,2563
Cabo Verde,Value,Dietary energy supply used in the estimation of the prevalence of undernourishment (kcal/cap/day),2006,kcal/cap/d,2540
Cabo Verde,Value,Dietary energy supply used in the estimation of the prevalence of undernourishment (kcal/cap/day),2007,kcal/cap/d,2578
Cabo Verde,Value,Dietary energy supply used in the estimation of the prevalence of undernourishment (kcal/cap/day),2008,kcal/cap/d,2517
Cabo Verde,Value,Dietary energy supply used in the estimation of the prevalence of undernourishment (kcal/cap/day),2009,kcal/cap/d,2507
Cabo Verde,Value,Dietary energy supply used in the estimation of the prevalence of undernourishment (kcal/cap/day),2010,kcal/cap/d,2588
Cabo Verde,Value,Dietary energy supply used in the estimation of the prevalence of undernourishment (kcal/cap/day),2011,kcal/cap/d,2581
Cabo Verde,Value,Dietary energy supply used in the estimation of the prevalence of undernourishment (kcal/cap/day),2012,kcal/cap/d,2583
Cabo Verde,Value,Dietary energy supply used in the estimation of the prevalence of undernourishment (kcal/cap/day),2013,kcal/cap/d,2567
Cabo Verde,Value,Dietary energy supply used in the estimation of the prevalence of undernourishment (kcal/cap/day),2014,kcal/cap/d,2537
Cabo Verde,Value,Dietary energy supply used in the estimation of the prevalence of undernourishment (kcal/cap/day),2015,kcal/cap/d,2519
Cabo Verde,Value,Dietary energy supply used in the estimation of the prevalence of undernourishment (kcal/cap/day),2016,kcal/cap/d,2549
Cabo Verde,Value,Dietary energy supply used in the estimation of the prevalence of undernourishment (kcal/cap/day),2017,kcal/cap/d,2557
Cabo Verde,Value,Dietary energy supply used in the estimation of the prevalence of undernourishment (kcal/cap/day),2018,kcal/cap/d,2592
Cabo Verde,Value,Dietary energy supply used in the estimation of the prevalence of undernourishment (kcal/cap/day),2019,kcal/cap/d,2599
Cabo Verde,Value,Dietary energy supply used in the estimation of the prevalence of undernourishment (kcal/cap/day),2020,kcal/cap/d,2653
Cabo Verde,Value,Dietary energy supply used in the estimation of the prevalence of undernourishment (kcal/cap/day),2021,kcal/cap/d,2637
Cabo Verde,Value,Dietary energy supply used in the estimation of the prevalence of undernourishment (kcal/cap/day),2022,kcal/cap/d,2642
Cabo Verde,Value,Dietary energy supply used in the estimation of the prevalence of undernourishment (kcal/cap/day),2023,kcal/cap/d,2597
Cabo Verde,Value,"Gross domestic product per capita, PPP, (constant 2021 international $)",2001,Int$/cap,4541
Cabo Verde,Value,"Gross domestic product per capita, PPP, (constant 2021 international $)",2002,Int$/cap,4710
Cabo Verde,Value,"Gross domestic product per capita, PPP, (constant 2021 international $)",2003,Int$/cap,4841
Cabo Verde,Value,"Gross domestic product per capita, PPP, (constant 2021 international $)",2004,Int$/cap,5268
Cabo Verde,Value,"Gross domestic product per capita, PPP, (constant 2021 international $)",2005,Int$/cap,5566
Cabo Verde,Value,"Gross domestic product per capita, PPP, (constant 2021 international $)",2006,Int$/cap,5941
Cabo Verde,Value,"Gross domestic product per capita, PPP, (constant 2021 international $)",2007,Int$/cap,6767
Cabo Verde,Value,"Gross domestic product per capita, PPP, (constant 2021 international $)",2008,Int$/cap,7169
Cabo Verde,Value,"Gross domestic product per capita, PPP, (constant 2021 international $)",2009,Int$/cap,6995
Cabo Verde,Value,"Gross domestic product per capita, PPP, (constant 2021 international $)",2010,Int$/cap,7072
Cabo Verde,Value,"Gross domestic product per capita, PPP, (constant 2021 international $)",2011,Int$/cap,7326
Cabo Verde,Value,"Gross domestic product per capita, PPP, (constant 2021 international $)",2012,Int$/cap,7398
Cabo Verde,Value,"Gross domestic product per capita, PPP, (constant 2021 international $)",2013,Int$/cap,7441
Cabo Verde,Value,"Gross domestic product per capita, PPP, (constant 2021 international $)",2014,Int$/cap,7491
Cabo Verde,Value,"Gross domestic product per capita, PPP, (constant 2021 international $)",2015,Int$/cap,7560
Cabo Verde,Value,"Gross domestic product per capita, PPP, (constant 2021 international $)",2016,Int$/cap,7881
Cabo Verde,Value,"Gross domestic product per capita, PPP, (constant 2021 international $)",2017,Int$/cap,8235
Cabo Verde,Value,"Gross domestic product per capita, PPP, (constant 2021 international $)",2018,Int$/cap,8531
Cabo Verde,Value,"Gross domestic product per capita, PPP, (constant 2021 international $)",2019,Int$/cap,9112
Cabo Verde,Value,"Gross domestic product per capita, PPP, (constant 2021 international $)",2020,Int$/cap,7208
Cabo Verde,Value,"Gross domestic product per capita, PPP, (constant 2021 international $)",2021,Int$/cap,7685
Cabo Verde,Value,"Gross domestic product per capita, PPP, (constant 2021 international $)",2022,Int$/cap,8850
Cabo Verde,Value,"Gross domestic product per capita, PPP, (constant 2021 international $)",2023,Int$/cap,9281
Cabo Verde,Value,Political stability and absence of violence/terrorism (index),2002,,0.73
Cabo Verde,Value,Political stability and absence of violence/terrorism (index),2003,,0.92
Cabo Verde,Value,Political stability and absence of violence/terrorism (index),2004,,1.04
Cabo Verde,Value,Political stability and absence of violence/terrorism (index),2005,,0.75
Cabo Verde,Value,Political stability and absence of violence/terrorism (index),2006,,0.96
Cabo Verde,Value,Political stability and absence of violence/terrorism (index),2007,,0.88
Cabo Verde,Value,Political stability and absence of violence/terrorism (index),2008,,0.81
Cabo Verde,Value,Political stability and absence of violence/terrorism (index),2009,,0.82
Cabo Verde,Value,Political stability and absence of violence/terrorism (index),2010,,0.84
Cabo Verde,Value,Political stability and absence of violence/terrorism (index),2011,,0.72
Cabo Verde,Value,Political stability and absence of violence/terrorism (index),2012,,0.81
Cabo Verde,Value,Political stability and absence of violence/terrorism (index),2013,,0.78
Cabo Verde,Value,Political stability and absence of violence/terrorism (index),2014,,0.35
Cabo Verde,Value,Political stability and absence of violence/terrorism (index),2015,,0.86
Cabo Verde,Value,Political stability and absence of violence/terrorism (index),2016,,0.87
Cabo Verde,Value,Political stability and absence of violence/terrorism (index),2017,,0.76
Cabo Verde,Value,Political stability and absence of violence/terrorism (index),2018,,0.83
Cabo Verde,Value,Political stability and absence of violence/terrorism (index),2019,,0.86
Cabo Verde,Value,Political stability and absence of violence/terrorism (index),2020,,0.87
Cabo Verde,Value,Political stability and absence of violence/terrorism (index),2021,,0.89
Cabo Verde,Value,Political stability and absence of violence/terrorism (index),2022,,0.93
Cabo Verde,Value,Per capita food supply variability (kcal/cap/day),2001,kcal/cap/d,25
Cabo Verde,Value,Per capita food supply variability (kcal/cap/day),2002,kcal/cap/d,27
Cabo Verde,Value,Per capita food supply variability (kcal/cap/day),2003,kcal/cap/d,35
Cabo Verde,Value,Per capita food supply variability (kcal/cap/day),2004,kcal/cap/d,31
Cabo Verde,Value,Per capita food supply variability (kcal/cap/day),2005,kcal/cap/d,66
Cabo Verde,Value,Per capita food supply variability (kcal/cap/day),2006,kcal/cap/d,73
Cabo Verde,Value,Per capita food supply variability (kcal/cap/day),2007,kcal/cap/d,70
Cabo Verde,Value,Per capita food supply variability (kcal/cap/day),2008,kcal/cap/d,37
Cabo Verde,Value,Per capita food supply variability (kcal/cap/day),2009,kcal/cap/d,38
Cabo Verde,Value,Per capita food supply variability (kcal/cap/day),2010,kcal/cap/d,41
Cabo Verde,Value,Per capita food supply variability (kcal/cap/day),2011,kcal/cap/d,37
Cabo Verde,Value,Per capita food supply variability (kcal/cap/day),2012,kcal/cap/d,37
Cabo Verde,Value,Per capita food supply variability (kcal/cap/day),2013,kcal/cap/d,31
Cabo Verde,Value,Per capita food supply variability (kcal/cap/day),2014,kcal/cap/d,29
Cabo Verde,Value,Per capita food supply variability (kcal/cap/day),2015,kcal/cap/d,30
Cabo Verde,Value,Per capita food supply variability (kcal/cap/day),2016,kcal/cap/d,37
Cabo Verde,Value,Per capita food supply variability (kcal/cap/day),2017,kcal/cap/d,32
Cabo Verde,Value,Per capita food supply variability (kcal/cap/day),2018,kcal/cap/d,21
Cabo Verde,Value,Per capita food supply variability (kcal/cap/day),2019,kcal/cap/d,21
Cabo Verde,Value,Per capita food supply variability (kcal/cap/day),2020,kcal/cap/d,25
Cabo Verde,Value,Per capita food supply variability (kcal/cap/day),2021,kcal/cap/d,34
Cabo Verde,Value,Per capita food supply variability (kcal/cap/day),2022,kcal/cap/d,31
Cabo Verde,Value,Per capita food supply variability (kcal/cap/day),2023,kcal/cap/d,22
Cabo Verde,Value,Percentage of population using at least basic drinking water services (percent),2001,%,79
Cabo Verde,Value,Percentage of population using at least basic drinking water services (percent),2002,%,80
Cabo Verde,Value,Percentage of population using at least basic drinking water services (percent),2003,%,80
Cabo Verde,Value,Percentage of population using at least basic drinking water services (percent),2004,%,80
Cabo Verde,Value,Percentage of population using at least basic drinking water services (percent),2005,%,81
Cabo Verde,Value,Percentage of population using at least basic drinking water services (percent),2006,%,81
Cabo Verde,Value,Percentage of population using at least basic drinking water services (percent),2007,%,82
Cabo Verde,Value,Percentage of population using at least basic drinking water services (percent),2008,%,82
Cabo Verde,Value,Percentage of population using at least basic drinking water services (percent),2009,%,83
Cabo Verde,Value,Percentage of population using at least basic drinking water services (percent),2010,%,83
Cabo Verde,Value,Percentage of population using at least basic drinking water services (percent),2011,%,84
Cabo Verde,Value,Percentage of population using at least basic drinking water services (percent),2012,%,84
Cabo Verde,Value,Percentage of population using at least basic drinking water services (percent),2013,%,84
Cabo Verde,Value,Percentage of population using at least basic drinking water services (percent),2014,%,85
Cabo Verde,Value,Percentage of population using at least basic drinking water services (percent),2015,%,85
Cabo Verde,Value,Percentage of population using at least basic drinking water services (percent),2016,%,86
Cabo Verde,Value,Percentage of population using at least basic drinking water services (percent),2017,%,87
Cabo Verde,Value,Percentage of population using at least basic drinking water services (percent),2018,%,88
Cabo Verde,Value,Percentage of population using at least basic drinking water services (percent),2019,%,89
Cabo Verde,Value,Percentage of population using at least basic drinking water services (percent),2020,%,89
Cabo Verde,Value,Percentage of population using at least basic drinking water services (percent),2021,%,90
Cabo Verde,Value,Percentage of population using at least basic drinking water services (percent),2022,%,90
Cabo Verde,Value,Percentage of population using at least basic sanitation services (percent),2001,%,39
Cabo Verde,Value,Percentage of population using at least basic sanitation services (percent),2002,%,42
Cabo Verde,Value,Percentage of population using at least basic sanitation services (percent),2003,%,44
Cabo Verde,Value,Percentage of population using at least basic sanitation services (percent),2004,%,46
Cabo Verde,Value,Percentage of population using at least basic sanitation services (percent),2005,%,48
Cabo Verde,Value,Percentage of population using at least basic sanitation services (percent),2006,%,51
Cabo Verde,Value,Percentage of population using at least basic sanitation services (percent),2007,%,53
Cabo Verde,Value,Percentage of population using at least basic sanitation services (percent),2008,%,55
Cabo Verde,Value,Percentage of population using at least basic sanitation services (percent),2009,%,58
Cabo Verde,Value,Percentage of population using at least basic sanitation services (percent),2010,%,60
Cabo Verde,Value,Percentage of population using at least basic sanitation services (percent),2011,%,62
Cabo Verde,Value,Percentage of population using at least basic sanitation services (percent),2012,%,64
Cabo Verde,Value,Percentage of population using at least basic sanitation services (percent),2013,%,66
Cabo Verde,Value,Percentage of population using at least basic sanitation services (percent),2014,%,68
Cabo Verde,Value,Percentage of population using at least basic sanitation services (percent),2015,%,70
Cabo Verde,Value,Percentage of population using at least basic sanitation services (percent),2016,%,72
Cabo Verde,Value,Percentage of population using at least basic sanitation services (percent),2017,%,75
Cabo Verde,Value,Percentage of population using at least basic sanitation services (percent),2018,%,77
Cabo Verde,Value,Percentage of population using at least basic sanitation services (percent),2019,%,79
Cabo Verde,Value,Percentage of population using at least basic sanitation services (percent),2020,%,81
Cabo Verde,Value,Percentage of population using at least basic sanitation services (percent),2021,%,83
Cabo Verde,Value,Percentage of population using at least basic sanitation services (percent),2022,%,83
Cabo Verde,Value,Percentage of children under 5 years affected by wasting (percent),2018,%,2.4
Cabo Verde,Value,Number of children under 5 years affected by wasting (million),2018,million No,<0.1
Cabo Verde,Value,Percentage of children under 5 years of age who are stunted (modelled estimates) (percent),2001,%,15.1
Cabo Verde,Value,Percentage of children under 5 years of age who are stunted (modelled estimates) (percent),2002,%,14.3
Cabo Verde,Value,Percentage of children under 5 years of age who are stunted (modelled estimates) (percent),2003,%,13.5
Cabo Verde,Value,Percentage of children under 5 years of age who are stunted (modelled estimates) (percent),2004,%,12.8
Cabo Verde,Value,Percentage of children under 5 years of age who are stunted (modelled estimates) (percent),2005,%,12.1
Cabo Verde,Value,Percentage of children under 5 years of age who are stunted (modelled estimates) (percent),2006,%,11.6
Cabo Verde,Value,Percentage of children under 5 years of age who are stunted (modelled estimates) (percent),2007,%,11.1
Cabo Verde,Value,Percentage of children under 5 years of age who are stunted (modelled estimates) (percent),2008,%,10.6
Cabo Verde,Value,Percentage of children under 5 years of age who are stunted (modelled estimates) (percent),2009,%,10.1
Cabo Verde,Value,Percentage of children under 5 years of age who are stunted (modelled estimates) (percent),2010,%,9.5
Cabo Verde,Value,Percentage of children under 5 years of age who are stunted (modelled estimates) (percent),2011,%,8.9
Cabo Verde,Value,Percentage of children under 5 years of age who are stunted (modelled estimates) (percent),2012,%,8.4
Cabo Verde,Value,Percentage of children under 5 years of age who are stunted (modelled estimates) (percent),2013,%,7.9
Cabo Verde,Value,Percentage of children under 5 years of age who are stunted (modelled estimates) (percent),2014,%,7.5
Cabo Verde,Value,Percentage of children under 5 years of age who are stunted (modelled estimates) (percent),2015,%,7.2
Cabo Verde,Value,Percentage of children under 5 years of age who are stunted (modelled estimates) (percent),2016,%,6.8
Cabo Verde,Value,Percentage of children under 5 years of age who are stunted (modelled estimates) (percent),2017,%,6.5
Cabo Verde,Value,Percentage of children under 5 years of age who are stunted (modelled estimates) (percent),2018,%,6.2
Cabo Verde,Value,Percentage of children under 5 years of age who are stunted (modelled estimates) (percent),2019,%,5.9
Cabo Verde,Value,Percentage of children under 5 years of age who are stunted (modelled estimates) (percent),2020,%,5.7
Cabo Verde,Value,Percentage of children under 5 years of age who are stunted (modelled estimates) (percent),2021,%,5.5
Cabo Verde,Value,Percentage of children under 5 years of age who are stunted (modelled estimates) (percent),2022,%,5.4
Cabo Verde,Value,Percentage of children under 5 years of age who are stunted (modelled estimates) (percent),2023,%,5.4
Cabo Verde,Value,Number of children under 5 years of age who are stunted (modeled estimates) (million),2001,million No,<0.1
Cabo Verde,Value,Number of children under 5 years of age who are stunted (modeled estimates) (million),2002,million No,<0.1
Cabo Verde,Value,Number of children under 5 years of age who are stunted (modeled estimates) (million),2003,million No,<0.1
Cabo Verde,Value,Number of children under 5 years of age who are stunted (modeled estimates) (million),2004,million No,<0.1
Cabo Verde,Value,Number of children under 5 years of age who are stunted (modeled estimates) (million),2005,million No,<0.1
Cabo Verde,Value,Number of children under 5 years of age who are stunted (modeled estimates) (million),2006,million No,<0.1
Cabo Verde,Value,Number of children under 5 years of age who are stunted (modeled estimates) (million),2007,million No,<0.1
Cabo Verde,Value,Number of children under 5 years of age who are stunted (modeled estimates) (million),2008,million No,<0.1
Cabo Verde,Value,Number of children under 5 years of age who are stunted (modeled estimates) (million),2009,million No,<0.1
Cabo Verde,Value,Number of children under 5 years of age who are stunted (modeled estimates) (million),2010,million No,<0.1
Cabo Verde,Value,Number of children under 5 years of age who are stunted (modeled estimates) (million),2011,million No,<0.1
Cabo Verde,Value,Number of children under 5 years of age who are stunted (modeled estimates) (million),2012,million No,<0.1
Cabo Verde,Value,Number of children under 5 years of age who are stunted (modeled estimates) (million),2013,million No,<0.1
Cabo Verde,Value,Number of children under 5 years of age who are stunted (modeled estimates) (million),2014,million No,<0.1
Cabo Verde,Value,Number of children under 5 years of age who are stunted (modeled estimates) (million),2015,million No,<0.1
Cabo Verde,Value,Number of children under 5 years of age who are stunted (modeled estimates) (million),2016,million No,<0.1
Cabo Verde,Value,Number of children under 5 years of age who are stunted (modeled estimates) (million),2017,million No,<0.1
Cabo Verde,Value,Number of children under 5 years of age who are stunted (modeled estimates) (million),2018,million No,<0.1
Cabo Verde,Value,Number of children under 5 years of age who are stunted (modeled estimates) (million),2019,million No,<0.1
Cabo Verde,Value,Number of children under 5 years of age who are stunted (modeled estimates) (million),2020,million No,<0.1
Cabo Verde,Value,Number of children under 5 years of age who are stunted (modeled estimates) (million),2021,million No,<0.1
Cabo Verde,Value,Number of children under 5 years of age who are stunted (modeled estimates) (million),2022,million No,<0.1
Cabo Verde,Value,Number of children under 5 years of age who are stunted (modeled estimates) (million),2023,million No,<0.1
Cabo Verde,Value,Percentage of children under 5 years of age who are overweight (modelled estimates) (percent),2001,%,6.7
Cabo Verde,Value,Percentage of children under 5 years of age who are overweight (modelled estimates) (percent),2002,%,6.6
Cabo Verde,Value,Percentage of children under 5 years of age who are overweight (modelled estimates) (percent),2003,%,6.6
Cabo Verde,Value,Percentage of children under 5 years of age who are overweight (modelled estimates) (percent),2004,%,6.5
Cabo Verde,Value,Percentage of children under 5 years of age who are overweight (modelled estimates) (percent),2005,%,6.4
Cabo Verde,Value,Percentage of children under 5 years of age who are overweight (modelled estimates) (percent),2006,%,6.2
Cabo Verde,Value,Percentage of children under 5 years of age who are overweight (modelled estimates) (percent),2007,%,6.1
Cabo Verde,Value,Percentage of children under 5 years of age who are overweight (modelled estimates) (percent),2008,%,5.9
Cabo Verde,Value,Percentage of children under 5 years of age who are overweight (modelled estimates) (percent),2009,%,5.8
Cabo Verde,Value,Percentage of children under 5 years of age who are overweight (modelled estimates) (percent),2010,%,5.6
Cabo Verde,Value,Percentage of children under 5 years of age who are overweight (modelled estimates) (percent),2011,%,5.6
Cabo Verde,Value,Percentage of children under 5 years of age who are overweight (modelled estimates) (percent),2012,%,5.5
Cabo Verde,Value,Percentage of children under 5 years of age who are overweight (modelled estimates) (percent),2013,%,5.5
Cabo Verde,Value,Percentage of children under 5 years of age who are overweight (modelled estimates) (percent),2014,%,5.5
Cabo Verde,Value,Percentage of children under 5 years of age who are overweight (modelled estimates) (percent),2015,%,5.5
Cabo Verde,Value,Percentage of children under 5 years of age who are overweight (modelled estimates) (percent),2016,%,5.5
Cabo Verde,Value,Percentage of children under 5 years of age who are overweight (modelled estimates) (percent),2017,%,5.6
Cabo Verde,Value,Percentage of children under 5 years of age who are overweight (modelled estimates) (percent),2018,%,5.8
Cabo Verde,Value,Percentage of children under 5 years of age who are overweight (modelled estimates) (percent),2019,%,6
Cabo Verde,Value,Percentage of children under 5 years of age who are overweight (modelled estimates) (percent),2020,%,6.3
Cabo Verde,Value,Percentage of children under 5 years of age who are overweight (modelled estimates) (percent),2021,%,6.6
Cabo Verde,Value,Percentage of children under 5 years of age who are overweight (modelled estimates) (percent),2022,%,7.1
Cabo Verde,Value,Percentage of children under 5 years of age who are overweight (modelled estimates) (percent),2023,%,7.6
Cabo Verde,Value,Number of children under 5 years of age who are overweight (modeled estimates) (million),2001,million No,<0.1
Cabo Verde,Value,Number of children under 5 years of age who are overweight (modeled estimates) (million),2002,million No,<0.1
Cabo Verde,Value,Number of children under 5 years of age who are overweight (modeled estimates) (million),2003,million No,<0.1
Cabo Verde,Value,Number of children under 5 years of age who are overweight (modeled estimates) (million),2004,million No,<0.1
Cabo Verde,Value,Number of children under 5 years of age who are overweight (modeled estimates) (million),2005,million No,<0.1
Cabo Verde,Value,Number of children under 5 years of age who are overweight (modeled estimates) (million),2006,million No,<0.1
Cabo Verde,Value,Number of children under 5 years of age who are overweight (modeled estimates) (million),2007,million No,<0.1
Cabo Verde,Value,Number of children under 5 years of age who are overweight (modeled estimates) (million),2008,million No,<0.1
Cabo Verde,Value,Number of children under 5 years of age who are overweight (modeled estimates) (million),2009,million No,<0.1
Cabo Verde,Value,Number of children under 5 years of age who are overweight (modeled estimates) (million),2010,million No,<0.1
Cabo Verde,Value,Number of children under 5 years of age who are overweight (modeled estimates) (million),2011,million No,<0.1
Cabo Verde,Value,Number of children under 5 years of age who are overweight (modeled estimates) (million),2012,million No,<0.1
Cabo Verde,Value,Number of children under 5 years of age who are overweight (modeled estimates) (million),2013,million No,<0.1
Cabo Verde,Value,Number of children under 5 years of age who are overweight (modeled estimates) (million),2014,million No,<0.1
Cabo Verde,Value,Number of children under 5 years of age who are overweight (modeled estimates) (million),2015,million No,<0.1
Cabo Verde,Value,Number of children under 5 years of age who are overweight (modeled estimates) (million),2016,million No,<0.1
Cabo Verde,Value,Number of children under 5 years of age who are overweight (modeled estimates) (million),2017,million No,<0.1
Cabo Verde,Value,Number of children under 5 years of age who are overweight (modeled estimates) (million),2018,million No,<0.1
Cabo Verde,Value,Number of children under 5 years of age who are overweight (modeled estimates) (million),2019,million No,<0.1
Cabo Verde,Value,Number of children under 5 years of age who are overweight (modeled estimates) (million),2020,million No,<0.1
Cabo Verde,Value,Number of children under 5 years of age who are overweight (modeled estimates) (million),2021,million No,<0.1
Cabo Verde,Value,Number of children under 5 years of age who are overweight (modeled estimates) (million),2022,million No,<0.1
Cabo Verde,Value,Number of children under 5 years of age who are overweight (modeled estimates) (million),2023,million No,<0.1
Cabo Verde,Value,Prevalence of obesity in the adult population (18 years and older) (percent),2001,%,7.1
Cabo Verde,Value,Prevalence of obesity in the adult population (18 years and older) (percent),2002,%,7.5
Cabo Verde,Value,Prevalence of obesity in the adult population (18 years and older) (percent),2003,%,7.9
Cabo Verde,Value,Prevalence of obesity in the adult population (18 years and older) (percent),2004,%,8.4
Cabo Verde,Value,Prevalence of obesity in the adult population (18 years and older) (percent),2005,%,8.8
Cabo Verde,Value,Prevalence of obesity in the adult population (18 years and older) (percent),2006,%,9.2
Cabo Verde,Value,Prevalence of obesity in the adult population (18 years and older) (percent),2007,%,9.6
Cabo Verde,Value,Prevalence of obesity in the adult population (18 years and older) (percent),2008,%,9.9
Cabo Verde,Value,Prevalence of obesity in the adult population (18 years and older) (percent),2009,%,10.3
Cabo Verde,Value,Prevalence of obesity in the adult population (18 years and older) (percent),2010,%,10.6
Cabo Verde,Value,Prevalence of obesity in the adult population (18 years and older) (percent),2011,%,11
Cabo Verde,Value,Prevalence of obesity in the adult population (18 years and older) (percent),2012,%,11.3
Cabo Verde,Value,Prevalence of obesity in the adult population (18 years and older) (percent),2013,%,11.7
Cabo Verde,Value,Prevalence of obesity in the adult population (18 years and older) (percent),2014,%,12
Cabo Verde,Value,Prevalence of obesity in the adult population (18 years and older) (percent),2015,%,12.4
Cabo Verde,Value,Prevalence of obesity in the adult population (18 years and older) (percent),2016,%,12.8
Cabo Verde,Value,Prevalence of obesity in the adult population (18 years and older) (percent),2017,%,13.3
Cabo Verde,Value,Prevalence of obesity in the adult population (18 years and older) (percent),2018,%,13.7
Cabo Verde,Value,Prevalence of obesity in the adult population (18 years and older) (percent),2019,%,14.2
Cabo Verde,Value,Prevalence of obesity in the adult population (18 years and older) (percent),2020,%,14.7
Cabo Verde,Value,Prevalence of obesity in the adult population (18 years and older) (percent),2021,%,15.2
Cabo Verde,Value,Prevalence of obesity in the adult population (18 years and older) (percent),2022,%,15.8
Cabo Verde,Value,Number of obese adults (18 years and older) (million),2001,million No,<0.1
Cabo Verde,Value,Number of obese adults (18 years and older) (million),2002,million No,<0.1
Cabo Verde,Value,Number of obese adults (18 years and older) (million),2003,million No,<0.1
Cabo Verde,Value,Number of obese adults (18 years and older) (million),2004,million No,<0.1
Cabo Verde,Value,Number of obese adults (18 years and older) (million),2005,million No,<0.1
Cabo Verde,Value,Number of obese adults (18 years and older) (million),2006,million No,<0.1
Cabo Verde,Value,Number of obese adults (18 years and older) (million),2007,million No,<0.1
Cabo Verde,Value,Number of obese adults (18 years and older) (million),2008,million No,<0.1
Cabo Verde,Value,Number of obese adults (18 years and older) (million),2009,million No,<0.1
Cabo Verde,Value,Number of obese adults (18 years and older) (million),2010,million No,<0.1
Cabo Verde,Value,Number of obese adults (18 years and older) (million),2011,million No,<0.1
Cabo Verde,Value,Number of obese adults (18 years and older) (million),2012,million No,<0.1
Cabo Verde,Value,Number of obese adults (18 years and older) (million),2013,million No,<0.1
Cabo Verde,Value,Number of obese adults (18 years and older) (million),2014,million No,<0.1
Cabo Verde,Value,Number of obese adults (18 years and older) (million),2015,million No,<0.1
Cabo Verde,Value,Number of obese adults (18 years and older) (million),2016,million No,<0.1
Cabo Verde,Value,Number of obese adults (18 years and older) (million),2017,million No,<0.1
Cabo Verde,Value,Number of obese adults (18 years and older) (million),2018,million No,0.1
Cabo Verde,Value,Number of obese adults (18 years and older) (million),2019,million No,0.1
Cabo Verde,Value,Number of obese adults (18 years and older) (million),2020,million No,0.1
Cabo Verde,Value,Number of obese adults (18 years and older) (million),2021,million No,0.1
Cabo Verde,Value,Number of obese adults (18 years and older) (million),2022,million No,0.1
Cabo Verde,Value,Prevalence of anemia among women of reproductive age (15-49 years) (percent),2001,%,49.5
Cabo Verde,Value,Prevalence of anemia among women of reproductive age (15-49 years) (percent),2002,%,48.9
Cabo Verde,Value,Prevalence of anemia among women of reproductive age (15-49 years) (percent),2003,%,48.3
Cabo Verde,Value,Prevalence of anemia among women of reproductive age (15-49 years) (percent),2004,%,47.8
Cabo Verde,Value,Prevalence of anemia among women of reproductive age (15-49 years) (percent),2005,%,47.2
Cabo Verde,Value,Prevalence of anemia among women of reproductive age (15-49 years) (percent),2006,%,46.6
Cabo Verde,Value,Prevalence of anemia among women of reproductive age (15-49 years) (percent),2007,%,45.9
Cabo Verde,Value,Prevalence of anemia among women of reproductive age (15-49 years) (percent),2008,%,45.2
Cabo Verde,Value,Prevalence of anemia among women of reproductive age (15-49 years) (percent),2009,%,44.4
Cabo Verde,Value,Prevalence of anemia among women of reproductive age (15-49 years) (percent),2010,%,43.7
Cabo Verde,Value,Prevalence of anemia among women of reproductive age (15-49 years) (percent),2011,%,43.1
Cabo Verde,Value,Prevalence of anemia among women of reproductive age (15-49 years) (percent),2012,%,42.6
Cabo Verde,Value,Prevalence of anemia among women of reproductive age (15-49 years) (percent),2013,%,42.1
Cabo Verde,Value,Prevalence of anemia among women of reproductive age (15-49 years) (percent),2014,%,41.7
Cabo Verde,Value,Prevalence of anemia among women of reproductive age (15-49 years) (percent),2015,%,41.4
Cabo Verde,Value,Prevalence of anemia among women of reproductive age (15-49 years) (percent),2016,%,41.1
Cabo Verde,Value,Prevalence of anemia among women of reproductive age (15-49 years) (percent),2017,%,40.9
Cabo Verde,Value,Prevalence of anemia among women of reproductive age (15-49 years) (percent),2018,%,40.6
Cabo Verde,Value,Prevalence of anemia among women of reproductive age (15-49 years) (percent),2019,%,40.4
Cabo Verde,Value,Prevalence of anemia among women of reproductive age (15-49 years) (percent),2020,%,40.3
Cabo Verde,Value,Prevalence of anemia among women of reproductive age (15-49 years) (percent),2021,%,40.3
Cabo Verde,Value,Prevalence of anemia among women of reproductive age (15-49 years) (percent),2022,%,40.4
Cabo Verde,Value,Prevalence of anemia among women of reproductive age (15-49 years) (percent),2023,%,40.6
Cabo Verde,Value,Number of women of reproductive age (15-49 years) affected by anemia (million),2001,million No,<0.1
Cabo Verde,Value,Number of women of reproductive age (15-49 years) affected by anemia (million),2002,million No,<0.1
Cabo Verde,Value,Number of women of reproductive age (15-49 years) affected by anemia (million),2003,million No,<0.1
Cabo Verde,Value,Number of women of reproductive age (15-49 years) affected by anemia (million),2004,million No,<0.1
Cabo Verde,Value,Number of women of reproductive age (15-49 years) affected by anemia (million),2005,million No,<0.1
Cabo Verde,Value,Number of women of reproductive age (15-49 years) affected by anemia (million),2006,million No,<0.1
Cabo Verde,Value,Number of women of reproductive age (15-49 years) affected by anemia (million),2007,million No,<0.1
Cabo Verde,Value,Number of women of reproductive age (15-49 years) affected by anemia (million),2008,million No,<0.1
Cabo Verde,Value,Number of women of reproductive age (15-49 years) affected by anemia (million),2009,million No,<0.1
Cabo Verde,Value,Number of women of reproductive age (15-49 years) affected by anemia (million),2010,million No,<0.1
Cabo Verde,Value,Number of women of reproductive age (15-49 years) affected by anemia (million),2011,million No,<0.1
Cabo Verde,Value,Number of women of reproductive age (15-49 years) affected by anemia (million),2012,million No,<0.1
Cabo Verde,Value,Number of women of reproductive age (15-49 years) affected by anemia (million),2013,million No,<0.1
Cabo Verde,Value,Number of women of reproductive age (15-49 years) affected by anemia (million),2014,million No,<0.1
Cabo Verde,Value,Number of women of reproductive age (15-49 years) affected by anemia (million),2015,million No,<0.1
Cabo Verde,Value,Number of women of reproductive age (15-49 years) affected by anemia (million),2016,million No,<0.1
Cabo Verde,Value,Number of women of reproductive age (15-49 years) affected by anemia (million),2017,million No,<0.1
Cabo Verde,Value,Number of women of reproductive age (15-49 years) affected by anemia (million),2018,million No,<0.1
Cabo Verde,Value,Number of women of reproductive age (15-49 years) affected by anemia (million),2019,million No,<0.1
Cabo Verde,Value,Number of women of reproductive age (15-49 years) affected by anemia (million),2020,million No,<0.1
Cabo Verde,Value,Number of women of reproductive age (15-49 years) affected by anemia (million),2021,million No,<0.1
Cabo Verde,Value,Number of women of reproductive age (15-49 years) affected by anemia (million),2022,million No,<0.1
Cabo Verde,Value,Number of women of reproductive age (15-49 years) affected by anemia (million),2023,million No,<0.1
Cabo Verde,Value,Prevalence of exclusive breastfeeding among infants 0-5 months of age (percent),2005,%,59.6
Cabo Verde,Value,Prevalence of exclusive breastfeeding among infants 0-5 months of age (percent),2018,%,41.8
Cabo Verde,Value,Minimum dietary energy requirement (kcal/cap/day),2001,kcal/cap/d,1757
Cabo Verde,Value,Minimum dietary energy requirement (kcal/cap/day),2002,kcal/cap/d,1766
Cabo Verde,Value,Minimum dietary energy requirement (kcal/cap/day),2003,kcal/cap/d,1776
Cabo Verde,Value,Minimum dietary energy requirement (kcal/cap/day),2004,kcal/cap/d,1785
Cabo Verde,Value,Minimum dietary energy requirement (kcal/cap/day),2005,kcal/cap/d,1794
Cabo Verde,Value,Minimum dietary energy requirement (kcal/cap/day),2006,kcal/cap/d,1803
Cabo Verde,Value,Minimum dietary energy requirement (kcal/cap/day),2007,kcal/cap/d,1811
Cabo Verde,Value,Minimum dietary energy requirement (kcal/cap/day),2008,kcal/cap/d,1819
Cabo Verde,Value,Minimum dietary energy requirement (kcal/cap/day),2009,kcal/cap/d,1827
Cabo Verde,Value,Minimum dietary energy requirement (kcal/cap/day),2010,kcal/cap/d,1834
Cabo Verde,Value,Minimum dietary energy requirement (kcal/cap/day),2011,kcal/cap/d,1841
Cabo Verde,Value,Minimum dietary energy requirement (kcal/cap/day),2012,kcal/cap/d,1846
Cabo Verde,Value,Minimum dietary energy requirement (kcal/cap/day),2013,kcal/cap/d,1851
Cabo Verde,Value,Minimum dietary energy requirement (kcal/cap/day),2014,kcal/cap/d,1855
Cabo Verde,Value,Minimum dietary energy requirement (kcal/cap/day),2015,kcal/cap/d,1857
Cabo Verde,Value,Minimum dietary energy requirement (kcal/cap/day),2016,kcal/cap/d,1859
Cabo Verde,Value,Minimum dietary energy requirement (kcal/cap/day),2017,kcal/cap/d,1859
Cabo Verde,Value,Minimum dietary energy requirement (kcal/cap/day),2018,kcal/cap/d,1858
Cabo Verde,Value,Minimum dietary energy requirement (kcal/cap/day),2019,kcal/cap/d,1857
Cabo Verde,Value,Minimum dietary energy requirement (kcal/cap/day),2020,kcal/cap/d,1856
Cabo Verde,Value,Minimum dietary energy requirement (kcal/cap/day),2021,kcal/cap/d,1860
Cabo Verde,Value,Minimum dietary energy requirement (kcal/cap/day),2022,kcal/cap/d,1870
Cabo Verde,Value,Minimum dietary energy requirement (kcal/cap/day),2023,kcal/cap/d,1878
Cabo Verde,Value,Average dietary energy requirement (kcal/cap/day),2001,kcal/cap/d,2267
Cabo Verde,Value,Average dietary energy requirement (kcal/cap/day),2002,kcal/cap/d,2281
Cabo Verde,Value,Average dietary energy requirement (kcal/cap/day),2003,kcal/cap/d,2295
Cabo Verde,Value,Average dietary energy requirement (kcal/cap/day),2004,kcal/cap/d,2309
Cabo Verde,Value,Average dietary energy requirement (kcal/cap/day),2005,kcal/cap/d,2323
Cabo Verde,Value,Average dietary energy requirement (kcal/cap/day),2006,kcal/cap/d,2335
Cabo Verde,Value,Average dietary energy requirement (kcal/cap/day),2007,kcal/cap/d,2347
Cabo Verde,Value,Average dietary energy requirement (kcal/cap/day),2008,kcal/cap/d,2358
Cabo Verde,Value,Average dietary energy requirement (kcal/cap/day),2009,kcal/cap/d,2369
Cabo Verde,Value,Average dietary energy requirement (kcal/cap/day),2010,kcal/cap/d,2380
Cabo Verde,Value,Average dietary energy requirement (kcal/cap/day),2011,kcal/cap/d,2388
Cabo Verde,Value,Average dietary energy requirement (kcal/cap/day),2012,kcal/cap/d,2395
Cabo Verde,Value,Average dietary energy requirement (kcal/cap/day),2013,kcal/cap/d,2401
Cabo Verde,Value,Average dietary energy requirement (kcal/cap/day),2014,kcal/cap/d,2406
Cabo Verde,Value,Average dietary energy requirement (kcal/cap/day),2015,kcal/cap/d,2409
Cabo Verde,Value,Average dietary energy requirement (kcal/cap/day),2016,kcal/cap/d,2410
Cabo Verde,Value,Average dietary energy requirement (kcal/cap/day),2017,kcal/cap/d,2410
Cabo Verde,Value,Average dietary energy requirement (kcal/cap/day),2018,kcal/cap/d,2409
Cabo Verde,Value,Average dietary energy requirement (kcal/cap/day),2019,kcal/cap/d,2406
Cabo Verde,Value,Average dietary energy requirement (kcal/cap/day),2020,kcal/cap/d,2404
Cabo Verde,Value,Average dietary energy requirement (kcal/cap/day),2021,kcal/cap/d,2410
Cabo Verde,Value,Average dietary energy requirement (kcal/cap/day),2022,kcal/cap/d,2422
Cabo Verde,Value,Average dietary energy requirement (kcal/cap/day),2023,kcal/cap/d,2434
Cabo Verde,Value,Coefficient of variation of habitual caloric consumption distribution (real number),2001,No,0.25
Cabo Verde,Value,Coefficient of variation of habitual caloric consumption distribution (real number),2002,No,0.26
Cabo Verde,Value,Coefficient of variation of habitual caloric consumption distribution (real number),2003,No,0.26
Cabo Verde,Value,Coefficient of variation of habitual caloric consumption distribution (real number),2004,No,0.26
Cabo Verde,Value,Coefficient of variation of habitual caloric consumption distribution (real number),2005,No,0.26
Cabo Verde,Value,Coefficient of variation of habitual caloric consumption distribution (real number),2006,No,0.26
Cabo Verde,Value,Coefficient of variation of habitual caloric consumption distribution (real number),2007,No,0.26
Cabo Verde,Value,Coefficient of variation of habitual caloric consumption distribution (real number),2008,No,0.26
Cabo Verde,Value,Coefficient of variation of habitual caloric consumption distribution (real number),2009,No,0.26
Cabo Verde,Value,Coefficient of variation of habitual caloric consumption distribution (real number),2010,No,0.26
Cabo Verde,Value,Coefficient of variation of habitual caloric consumption distribution (real number),2011,No,0.26
Cabo Verde,Value,Coefficient of variation of habitual caloric consumption distribution (real number),2012,No,0.26
Cabo Verde,Value,Coefficient of variation of habitual caloric consumption distribution (real number),2013,No,0.26
Cabo Verde,Value,Coefficient of variation of habitual caloric consumption distribution (real number),2014,No,0.26
Cabo Verde,Value,Coefficient of variation of habitual caloric consumption distribution (real number),2015,No,0.26
Cabo Verde,Value,Coefficient of variation of habitual caloric consumption distribution (real number),2016,No,0.26
Cabo Verde,Value,Coefficient of variation of habitual caloric consumption distribution (real number),2017,No,0.26
Cabo Verde,Value,Coefficient of variation of habitual caloric consumption distribution (real number),2018,No,0.26
Cabo Verde,Value,Coefficient of variation of habitual caloric consumption distribution (real number),2019,No,0.25
Cabo Verde,Value,Coefficient of variation of habitual caloric consumption distribution (real number),2020,No,0.25
Cabo Verde,Value,Coefficient of variation of habitual caloric consumption distribution (real number),2021,No,0.25
Cabo Verde,Value,Coefficient of variation of habitual caloric consumption distribution (real number),2022,No,0.25
Cabo Verde,Value,Coefficient of variation of habitual caloric consumption distribution (real number),2023,No,0.25
Cabo Verde,Value,Incidence of caloric losses at retail distribution level (percent),2001,%,3.4
Cabo Verde,Value,Incidence of caloric losses at retail distribution level (percent),2002,%,3.48
Cabo Verde,Value,Incidence of caloric losses at retail distribution level (percent),2003,%,3.4
Cabo Verde,Value,Incidence of caloric losses at retail distribution level (percent),2004,%,3.41
Cabo Verde,Value,Incidence of caloric losses at retail distribution level (percent),2005,%,3.41
Cabo Verde,Value,Incidence of caloric losses at retail distribution level (percent),2006,%,3.5
Cabo Verde,Value,Incidence of caloric losses at retail distribution level (percent),2007,%,3.51
Cabo Verde,Value,Incidence of caloric losses at retail distribution level (percent),2008,%,3.6
Cabo Verde,Value,Incidence of caloric losses at retail distribution level (percent),2009,%,3.58
Cabo Verde,Value,Incidence of caloric losses at retail distribution level (percent),2010,%,3.44
Cabo Verde,Value,Incidence of caloric losses at retail distribution level (percent),2011,%,3.47
Cabo Verde,Value,Incidence of caloric losses at retail distribution level (percent),2012,%,3.47
Cabo Verde,Value,Incidence of caloric losses at retail distribution level (percent),2013,%,3.41
Cabo Verde,Value,Incidence of caloric losses at retail distribution level (percent),2014,%,3.39
Cabo Verde,Value,Incidence of caloric losses at retail distribution level (percent),2015,%,3.42
Cabo Verde,Value,Incidence of caloric losses at retail distribution level (percent),2016,%,3.32
Cabo Verde,Value,Incidence of caloric losses at retail distribution level (percent),2017,%,3.38
Cabo Verde,Value,Incidence of caloric losses at retail distribution level (percent),2018,%,3.37
Cabo Verde,Value,Incidence of caloric losses at retail distribution level (percent),2019,%,3.25
Cabo Verde,Value,Incidence of caloric losses at retail distribution level (percent),2020,%,3.05
Cabo Verde,Value,Incidence of caloric losses at retail distribution level (percent),2021,%,3.03
Cabo Verde,Value,Incidence of caloric losses at retail distribution level (percent),2022,%,3.02
Cabo Verde,Value,Incidence of caloric losses at retail distribution level (percent),2023,%,3.02
CÃ´te d'Ivoire,Value,Dietary energy supply used in the estimation of the prevalence of undernourishment (kcal/cap/day),2001,kcal/cap/d,2558
CÃ´te d'Ivoire,Value,Dietary energy supply used in the estimation of the prevalence of undernourishment (kcal/cap/day),2002,kcal/cap/d,2580
CÃ´te d'Ivoire,Value,Dietary energy supply used in the estimation of the prevalence of undernourishment (kcal/cap/day),2003,kcal/cap/d,2583
CÃ´te d'Ivoire,Value,Dietary energy supply used in the estimation of the prevalence of undernourishment (kcal/cap/day),2004,kcal/cap/d,2612
CÃ´te d'Ivoire,Value,Dietary energy supply used in the estimation of the prevalence of undernourishment (kcal/cap/day),2005,kcal/cap/d,2615
CÃ´te d'Ivoire,Value,Dietary energy supply used in the estimation of the prevalence of undernourishment (kcal/cap/day),2006,kcal/cap/d,2619
CÃ´te d'Ivoire,Value,Dietary energy supply used in the estimation of the prevalence of undernourishment (kcal/cap/day),2007,kcal/cap/d,2622
CÃ´te d'Ivoire,Value,Dietary energy supply used in the estimation of the prevalence of undernourishment (kcal/cap/day),2008,kcal/cap/d,2625
CÃ´te d'Ivoire,Value,Dietary energy supply used in the estimation of the prevalence of undernourishment (kcal/cap/day),2009,kcal/cap/d,2629
CÃ´te d'Ivoire,Value,Dietary energy supply used in the estimation of the prevalence of undernourishment (kcal/cap/day),2010,kcal/cap/d,2601
CÃ´te d'Ivoire,Value,Dietary energy supply used in the estimation of the prevalence of undernourishment (kcal/cap/day),2011,kcal/cap/d,2679
CÃ´te d'Ivoire,Value,Dietary energy supply used in the estimation of the prevalence of undernourishment (kcal/cap/day),2012,kcal/cap/d,2691
CÃ´te d'Ivoire,Value,Dietary energy supply used in the estimation of the prevalence of undernourishment (kcal/cap/day),2013,kcal/cap/d,2670
CÃ´te d'Ivoire,Value,Dietary energy supply used in the estimation of the prevalence of undernourishment (kcal/cap/day),2014,kcal/cap/d,2612
CÃ´te d'Ivoire,Value,Dietary energy supply used in the estimation of the prevalence of undernourishment (kcal/cap/day),2015,kcal/cap/d,2749
CÃ´te d'Ivoire,Value,Dietary energy supply used in the estimation of the prevalence of undernourishment (kcal/cap/day),2016,kcal/cap/d,2753
CÃ´te d'Ivoire,Value,Dietary energy supply used in the estimation of the prevalence of undernourishment (kcal/cap/day),2017,kcal/cap/d,2805
CÃ´te d'Ivoire,Value,Dietary energy supply used in the estimation of the prevalence of undernourishment (kcal/cap/day),2018,kcal/cap/d,2825
CÃ´te d'Ivoire,Value,Dietary energy supply used in the estimation of the prevalence of undernourishment (kcal/cap/day),2019,kcal/cap/d,2849
CÃ´te d'Ivoire,Value,Dietary energy supply used in the estimation of the prevalence of undernourishment (kcal/cap/day),2020,kcal/cap/d,2864
CÃ´te d'Ivoire,Value,Dietary energy supply used in the estimation of the prevalence of undernourishment (kcal/cap/day),2021,kcal/cap/d,2923
CÃ´te d'Ivoire,Value,Dietary energy supply used in the estimation of the prevalence of undernourishment (kcal/cap/day),2022,kcal/cap/d,2946
CÃ´te d'Ivoire,Value,Dietary energy supply used in the estimation of the prevalence of undernourishment (kcal/cap/day),2023,kcal/cap/d,2938
CÃ´te d'Ivoire,Value,Rail lines density (total route in km per 100 square km of land area),2001,km,0.2
CÃ´te d'Ivoire,Value,Rail lines density (total route in km per 100 square km of land area),2002,km,0.2
CÃ´te d'Ivoire,Value,Rail lines density (total route in km per 100 square km of land area),2003,km,0.2
CÃ´te d'Ivoire,Value,Rail lines density (total route in km per 100 square km of land area),2004,km,0.2
CÃ´te d'Ivoire,Value,Rail lines density (total route in km per 100 square km of land area),2005,km,0.2
CÃ´te d'Ivoire,Value,Rail lines density (total route in km per 100 square km of land area),2006,km,0.2
CÃ´te d'Ivoire,Value,Rail lines density (total route in km per 100 square km of land area),2007,km,0.2
CÃ´te d'Ivoire,Value,Rail lines density (total route in km per 100 square km of land area),2008,km,0.2
CÃ´te d'Ivoire,Value,Rail lines density (total route in km per 100 square km of land area),2009,km,0.2
CÃ´te d'Ivoire,Value,Rail lines density (total route in km per 100 square km of land area),2010,km,0.2
CÃ´te d'Ivoire,Value,Rail lines density (total route in km per 100 square km of land area),2011,km,0.2
CÃ´te d'Ivoire,Value,Rail lines density (total route in km per 100 square km of land area),2012,km,0.2
CÃ´te d'Ivoire,Value,Rail lines density (total route in km per 100 square km of land area),2013,km,0.2
CÃ´te d'Ivoire,Value,Rail lines density (total route in km per 100 square km of land area),2014,km,0.2
CÃ´te d'Ivoire,Value,Rail lines density (total route in km per 100 square km of land area),2015,km,0.2
CÃ´te d'Ivoire,Value,Rail lines density (total route in km per 100 square km of land area),2016,km,0.2
CÃ´te d'Ivoire,Value,Rail lines density (total route in km per 100 square km of land area),2017,km,0.2
CÃ´te d'Ivoire,Value,Rail lines density (total route in km per 100 square km of land area),2018,km,0.2
CÃ´te d'Ivoire,Value,Rail lines density (total route in km per 100 square km of land area),2019,km,0.2
CÃ´te d'Ivoire,Value,Rail lines density (total route in km per 100 square km of land area),2020,km,0.2
CÃ´te d'Ivoire,Value,Rail lines density (total route in km per 100 square km of land area),2021,km,0.2
CÃ´te d'Ivoire,Value,"Gross domestic product per capita, PPP, (constant 2021 international $)",2001,Int$/cap,4609
CÃ´te d'Ivoire,Value,"Gross domestic product per capita, PPP, (constant 2021 international $)",2002,Int$/cap,4369
CÃ´te d'Ivoire,Value,"Gross domestic product per capita, PPP, (constant 2021 international $)",2003,Int$/cap,4060
CÃ´te d'Ivoire,Value,"Gross domestic product per capita, PPP, (constant 2021 international $)",2004,Int$/cap,4089
CÃ´te d'Ivoire,Value,"Gross domestic product per capita, PPP, (constant 2021 international $)",2005,Int$/cap,4032
CÃ´te d'Ivoire,Value,"Gross domestic product per capita, PPP, (constant 2021 international $)",2006,Int$/cap,4049
CÃ´te d'Ivoire,Value,"Gross domestic product per capita, PPP, (constant 2021 international $)",2007,Int$/cap,4000
CÃ´te d'Ivoire,Value,"Gross domestic product per capita, PPP, (constant 2021 international $)",2008,Int$/cap,4097
CÃ´te d'Ivoire,Value,"Gross domestic product per capita, PPP, (constant 2021 international $)",2009,Int$/cap,4151
CÃ´te d'Ivoire,Value,"Gross domestic product per capita, PPP, (constant 2021 international $)",2010,Int$/cap,4339
CÃ´te d'Ivoire,Value,"Gross domestic product per capita, PPP, (constant 2021 international $)",2011,Int$/cap,4017
CÃ´te d'Ivoire,Value,"Gross domestic product per capita, PPP, (constant 2021 international $)",2012,Int$/cap,4234
CÃ´te d'Ivoire,Value,"Gross domestic product per capita, PPP, (constant 2021 international $)",2013,Int$/cap,4597
CÃ´te d'Ivoire,Value,"Gross domestic product per capita, PPP, (constant 2021 international $)",2014,Int$/cap,4908
CÃ´te d'Ivoire,Value,"Gross domestic product per capita, PPP, (constant 2021 international $)",2015,Int$/cap,5111
CÃ´te d'Ivoire,Value,"Gross domestic product per capita, PPP, (constant 2021 international $)",2016,Int$/cap,5321
CÃ´te d'Ivoire,Value,"Gross domestic product per capita, PPP, (constant 2021 international $)",2017,Int$/cap,5556
CÃ´te d'Ivoire,Value,"Gross domestic product per capita, PPP, (constant 2021 international $)",2018,Int$/cap,5670
CÃ´te d'Ivoire,Value,"Gross domestic product per capita, PPP, (constant 2021 international $)",2019,Int$/cap,5895
CÃ´te d'Ivoire,Value,"Gross domestic product per capita, PPP, (constant 2021 international $)",2020,Int$/cap,5788
CÃ´te d'Ivoire,Value,"Gross domestic product per capita, PPP, (constant 2021 international $)",2021,Int$/cap,6045
CÃ´te d'Ivoire,Value,"Gross domestic product per capita, PPP, (constant 2021 international $)",2022,Int$/cap,6272
CÃ´te d'Ivoire,Value,"Gross domestic product per capita, PPP, (constant 2021 international $)",2023,Int$/cap,6512
CÃ´te d'Ivoire,Value,Political stability and absence of violence/terrorism (index),2002,,-1.92
CÃ´te d'Ivoire,Value,Political stability and absence of violence/terrorism (index),2003,,-1.8
CÃ´te d'Ivoire,Value,Political stability and absence of violence/terrorism (index),2004,,-2.11
CÃ´te d'Ivoire,Value,Political stability and absence of violence/terrorism (index),2005,,-2.26
CÃ´te d'Ivoire,Value,Political stability and absence of violence/terrorism (index),2006,,-1.86
CÃ´te d'Ivoire,Value,Political stability and absence of violence/terrorism (index),2007,,-1.84
CÃ´te d'Ivoire,Value,Political stability and absence of violence/terrorism (index),2008,,-1.8
CÃ´te d'Ivoire,Value,Political stability and absence of violence/terrorism (index),2009,,-1.32
CÃ´te d'Ivoire,Value,Political stability and absence of violence/terrorism (index),2010,,-1.58
CÃ´te d'Ivoire,Value,Political stability and absence of violence/terrorism (index),2011,,-1.41
CÃ´te d'Ivoire,Value,Political stability and absence of violence/terrorism (index),2012,,-1.26
CÃ´te d'Ivoire,Value,Political stability and absence of violence/terrorism (index),2013,,-1.05
CÃ´te d'Ivoire,Value,Political stability and absence of violence/terrorism (index),2014,,-1.04
CÃ´te d'Ivoire,Value,Political stability and absence of violence/terrorism (index),2015,,-0.84
CÃ´te d'Ivoire,Value,Political stability and absence of violence/terrorism (index),2016,,-0.91
CÃ´te d'Ivoire,Value,Political stability and absence of violence/terrorism (index),2017,,-1.09
CÃ´te d'Ivoire,Value,Political stability and absence of violence/terrorism (index),2018,,-0.9
CÃ´te d'Ivoire,Value,Political stability and absence of violence/terrorism (index),2019,,-1.04
CÃ´te d'Ivoire,Value,Political stability and absence of violence/terrorism (index),2020,,-1.03
CÃ´te d'Ivoire,Value,Political stability and absence of violence/terrorism (index),2021,,-0.72
CÃ´te d'Ivoire,Value,Political stability and absence of violence/terrorism (index),2022,,-0.59
CÃ´te d'Ivoire,Value,Per capita food supply variability (kcal/cap/day),2001,kcal/cap/d,31
CÃ´te d'Ivoire,Value,Per capita food supply variability (kcal/cap/day),2002,kcal/cap/d,35
CÃ´te d'Ivoire,Value,Per capita food supply variability (kcal/cap/day),2003,kcal/cap/d,23
CÃ´te d'Ivoire,Value,Per capita food supply variability (kcal/cap/day),2004,kcal/cap/d,18
CÃ´te d'Ivoire,Value,Per capita food supply variability (kcal/cap/day),2005,kcal/cap/d,20
CÃ´te d'Ivoire,Value,Per capita food supply variability (kcal/cap/day),2006,kcal/cap/d,20
CÃ´te d'Ivoire,Value,Per capita food supply variability (kcal/cap/day),2007,kcal/cap/d,13
CÃ´te d'Ivoire,Value,Per capita food supply variability (kcal/cap/day),2008,kcal/cap/d,10
CÃ´te d'Ivoire,Value,Per capita food supply variability (kcal/cap/day),2009,kcal/cap/d,6
CÃ´te d'Ivoire,Value,Per capita food supply variability (kcal/cap/day),2010,kcal/cap/d,9
CÃ´te d'Ivoire,Value,Per capita food supply variability (kcal/cap/day),2011,kcal/cap/d,24
CÃ´te d'Ivoire,Value,Per capita food supply variability (kcal/cap/day),2012,kcal/cap/d,25
CÃ´te d'Ivoire,Value,Per capita food supply variability (kcal/cap/day),2013,kcal/cap/d,25
CÃ´te d'Ivoire,Value,Per capita food supply variability (kcal/cap/day),2014,kcal/cap/d,27
CÃ´te d'Ivoire,Value,Per capita food supply variability (kcal/cap/day),2015,kcal/cap/d,49
CÃ´te d'Ivoire,Value,Per capita food supply variability (kcal/cap/day),2016,kcal/cap/d,51
CÃ´te d'Ivoire,Value,Per capita food supply variability (kcal/cap/day),2017,kcal/cap/d,48
CÃ´te d'Ivoire,Value,Per capita food supply variability (kcal/cap/day),2018,kcal/cap/d,50
CÃ´te d'Ivoire,Value,Per capita food supply variability (kcal/cap/day),2019,kcal/cap/d,53
CÃ´te d'Ivoire,Value,Per capita food supply variability (kcal/cap/day),2020,kcal/cap/d,11
CÃ´te d'Ivoire,Value,Per capita food supply variability (kcal/cap/day),2021,kcal/cap/d,12
CÃ´te d'Ivoire,Value,Per capita food supply variability (kcal/cap/day),2022,kcal/cap/d,11
CÃ´te d'Ivoire,Value,Per capita food supply variability (kcal/cap/day),2023,kcal/cap/d,10
CÃ´te d'Ivoire,Value,Percentage of population using safely managed drinking water services (percent),2001,%,24
CÃ´te d'Ivoire,Value,Percentage of population using safely managed drinking water services (percent),2002,%,24
CÃ´te d'Ivoire,Value,Percentage of population using safely managed drinking water services (percent),2003,%,24
CÃ´te d'Ivoire,Value,Percentage of population using safely managed drinking water services (percent),2004,%,24
CÃ´te d'Ivoire,Value,Percentage of population using safely managed drinking water services (percent),2005,%,24
CÃ´te d'Ivoire,Value,Percentage of population using safely managed drinking water services (percent),2006,%,24
CÃ´te d'Ivoire,Value,Percentage of population using safely managed drinking water services (percent),2007,%,24
CÃ´te d'Ivoire,Value,Percentage of population using safely managed drinking water services (percent),2008,%,24
CÃ´te d'Ivoire,Value,Percentage of population using safely managed drinking water services (percent),2009,%,25
CÃ´te d'Ivoire,Value,Percentage of population using safely managed drinking water services (percent),2010,%,25
CÃ´te d'Ivoire,Value,Percentage of population using safely managed drinking water services (percent),2011,%,25
CÃ´te d'Ivoire,Value,Percentage of population using safely managed drinking water services (percent),2012,%,29
CÃ´te d'Ivoire,Value,Percentage of population using safely managed drinking water services (percent),2013,%,32
CÃ´te d'Ivoire,Value,Percentage of population using safely managed drinking water services (percent),2014,%,33
CÃ´te d'Ivoire,Value,Percentage of population using safely managed drinking water services (percent),2015,%,35
CÃ´te d'Ivoire,Value,Percentage of population using safely managed drinking water services (percent),2016,%,37
CÃ´te d'Ivoire,Value,Percentage of population using safely managed drinking water services (percent),2017,%,39
CÃ´te d'Ivoire,Value,Percentage of population using safely managed drinking water services (percent),2018,%,40
CÃ´te d'Ivoire,Value,Percentage of population using safely managed drinking water services (percent),2019,%,42
CÃ´te d'Ivoire,Value,Percentage of population using safely managed drinking water services (percent),2020,%,44
CÃ´te d'Ivoire,Value,Percentage of population using safely managed drinking water services (percent),2021,%,44
CÃ´te d'Ivoire,Value,Percentage of population using safely managed drinking water services (percent),2022,%,44
CÃ´te d'Ivoire,Value,Percentage of population using at least basic drinking water services (percent),2001,%,71
CÃ´te d'Ivoire,Value,Percentage of population using at least basic drinking water services (percent),2002,%,71
CÃ´te d'Ivoire,Value,Percentage of population using at least basic drinking water services (percent),2003,%,71
CÃ´te d'Ivoire,Value,Percentage of population using at least basic drinking water services (percent),2004,%,71
CÃ´te d'Ivoire,Value,Percentage of population using at least basic drinking water services (percent),2005,%,71
CÃ´te d'Ivoire,Value,Percentage of population using at least basic drinking water services (percent),2006,%,71
CÃ´te d'Ivoire,Value,Percentage of population using at least basic drinking water services (percent),2007,%,71
CÃ´te d'Ivoire,Value,Percentage of population using at least basic drinking water services (percent),2008,%,72
CÃ´te d'Ivoire,Value,Percentage of population using at least basic drinking water services (percent),2009,%,72
CÃ´te d'Ivoire,Value,Percentage of population using at least basic drinking water services (percent),2010,%,72
CÃ´te d'Ivoire,Value,Percentage of population using at least basic drinking water services (percent),2011,%,72
CÃ´te d'Ivoire,Value,Percentage of population using at least basic drinking water services (percent),2012,%,72
CÃ´te d'Ivoire,Value,Percentage of population using at least basic drinking water services (percent),2013,%,72
CÃ´te d'Ivoire,Value,Percentage of population using at least basic drinking water services (percent),2014,%,72
CÃ´te d'Ivoire,Value,Percentage of population using at least basic drinking water services (percent),2015,%,72
CÃ´te d'Ivoire,Value,Percentage of population using at least basic drinking water services (percent),2016,%,72
CÃ´te d'Ivoire,Value,Percentage of population using at least basic drinking water services (percent),2017,%,72
CÃ´te d'Ivoire,Value,Percentage of population using at least basic drinking water services (percent),2018,%,72
CÃ´te d'Ivoire,Value,Percentage of population using at least basic drinking water services (percent),2019,%,72
CÃ´te d'Ivoire,Value,Percentage of population using at least basic drinking water services (percent),2020,%,73
CÃ´te d'Ivoire,Value,Percentage of population using at least basic drinking water services (percent),2021,%,73
CÃ´te d'Ivoire,Value,Percentage of population using at least basic drinking water services (percent),2022,%,73
CÃ´te d'Ivoire,Value,Percentage of population using safely managed sanitation services (percent),2001,%,10
CÃ´te d'Ivoire,Value,Percentage of population using safely managed sanitation services (percent),2002,%,10
CÃ´te d'Ivoire,Value,Percentage of population using safely managed sanitation services (percent),2003,%,11
CÃ´te d'Ivoire,Value,Percentage of population using safely managed sanitation services (percent),2004,%,11
CÃ´te d'Ivoire,Value,Percentage of population using safely managed sanitation services (percent),2005,%,11
CÃ´te d'Ivoire,Value,Percentage of population using safely managed sanitation services (percent),2006,%,12
CÃ´te d'Ivoire,Value,Percentage of population using safely managed sanitation services (percent),2007,%,12
CÃ´te d'Ivoire,Value,Percentage of population using safely managed sanitation services (percent),2008,%,12
CÃ´te d'Ivoire,Value,Percentage of population using safely managed sanitation services (percent),2009,%,13
CÃ´te d'Ivoire,Value,Percentage of population using safely managed sanitation services (percent),2010,%,13
CÃ´te d'Ivoire,Value,Percentage of population using safely managed sanitation services (percent),2011,%,13
CÃ´te d'Ivoire,Value,Percentage of population using safely managed sanitation services (percent),2012,%,14
CÃ´te d'Ivoire,Value,Percentage of population using safely managed sanitation services (percent),2013,%,14
CÃ´te d'Ivoire,Value,Percentage of population using safely managed sanitation services (percent),2014,%,14
CÃ´te d'Ivoire,Value,Percentage of population using safely managed sanitation services (percent),2015,%,15
CÃ´te d'Ivoire,Value,Percentage of population using safely managed sanitation services (percent),2016,%,15
CÃ´te d'Ivoire,Value,Percentage of population using safely managed sanitation services (percent),2017,%,16
CÃ´te d'Ivoire,Value,Percentage of population using safely managed sanitation services (percent),2018,%,16
CÃ´te d'Ivoire,Value,Percentage of population using safely managed sanitation services (percent),2019,%,16
CÃ´te d'Ivoire,Value,Percentage of population using safely managed sanitation services (percent),2020,%,17
CÃ´te d'Ivoire,Value,Percentage of population using safely managed sanitation services (percent),2021,%,17
CÃ´te d'Ivoire,Value,Percentage of population using safely managed sanitation services (percent),2022,%,17
CÃ´te d'Ivoire,Value,Percentage of population using at least basic sanitation services (percent),2001,%,21
CÃ´te d'Ivoire,Value,Percentage of population using at least basic sanitation services (percent),2002,%,22
CÃ´te d'Ivoire,Value,Percentage of population using at least basic sanitation services (percent),2003,%,22
CÃ´te d'Ivoire,Value,Percentage of population using at least basic sanitation services (percent),2004,%,23
CÃ´te d'Ivoire,Value,Percentage of population using at least basic sanitation services (percent),2005,%,24
CÃ´te d'Ivoire,Value,Percentage of population using at least basic sanitation services (percent),2006,%,25
CÃ´te d'Ivoire,Value,Percentage of population using at least basic sanitation services (percent),2007,%,25
CÃ´te d'Ivoire,Value,Percentage of population using at least basic sanitation services (percent),2008,%,26
CÃ´te d'Ivoire,Value,Percentage of population using at least basic sanitation services (percent),2009,%,27
CÃ´te d'Ivoire,Value,Percentage of population using at least basic sanitation services (percent),2010,%,28
CÃ´te d'Ivoire,Value,Percentage of population using at least basic sanitation services (percent),2011,%,28
CÃ´te d'Ivoire,Value,Percentage of population using at least basic sanitation services (percent),2012,%,29
CÃ´te d'Ivoire,Value,Percentage of population using at least basic sanitation services (percent),2013,%,30
CÃ´te d'Ivoire,Value,Percentage of population using at least basic sanitation services (percent),2014,%,31
CÃ´te d'Ivoire,Value,Percentage of population using at least basic sanitation services (percent),2015,%,32
CÃ´te d'Ivoire,Value,Percentage of population using at least basic sanitation services (percent),2016,%,32
CÃ´te d'Ivoire,Value,Percentage of population using at least basic sanitation services (percent),2017,%,33
CÃ´te d'Ivoire,Value,Percentage of population using at least basic sanitation services (percent),2018,%,34
CÃ´te d'Ivoire,Value,Percentage of population using at least basic sanitation services (percent),2019,%,35
CÃ´te d'Ivoire,Value,Percentage of population using at least basic sanitation services (percent),2020,%,36
CÃ´te d'Ivoire,Value,Percentage of population using at least basic sanitation services (percent),2021,%,36
CÃ´te d'Ivoire,Value,Percentage of population using at least basic sanitation services (percent),2022,%,37
CÃ´te d'Ivoire,Value,Percentage of children under 5 years affected by wasting (percent),2007,%,14.3
CÃ´te d'Ivoire,Value,Percentage of children under 5 years affected by wasting (percent),2011,%,5.3
CÃ´te d'Ivoire,Value,Percentage of children under 5 years affected by wasting (percent),2012,%,7.6
CÃ´te d'Ivoire,Value,Percentage of children under 5 years affected by wasting (percent),2016,%,6.1
CÃ´te d'Ivoire,Value,Percentage of children under 5 years affected by wasting (percent),2021,%,8.1
CÃ´te d'Ivoire,Value,Number of children under 5 years affected by wasting (million),2007,million No,0.5
CÃ´te d'Ivoire,Value,Number of children under 5 years affected by wasting (million),2011,million No,0.2
CÃ´te d'Ivoire,Value,Number of children under 5 years affected by wasting (million),2012,million No,0.3
CÃ´te d'Ivoire,Value,Number of children under 5 years affected by wasting (million),2016,million No,0.3
CÃ´te d'Ivoire,Value,Number of children under 5 years affected by wasting (million),2021,million No,0.4
CÃ´te d'Ivoire,Value,Percentage of children under 5 years of age who are stunted (modelled estimates) (percent),2001,%,32.5
CÃ´te d'Ivoire,Value,Percentage of children under 5 years of age who are stunted (modelled estimates) (percent),2002,%,32.6
CÃ´te d'Ivoire,Value,Percentage of children under 5 years of age who are stunted (modelled estimates) (percent),2003,%,32.5
CÃ´te d'Ivoire,Value,Percentage of children under 5 years of age who are stunted (modelled estimates) (percent),2004,%,32.4
CÃ´te d'Ivoire,Value,Percentage of children under 5 years of age who are stunted (modelled estimates) (percent),2005,%,32.3
CÃ´te d'Ivoire,Value,Percentage of children under 5 years of age who are stunted (modelled estimates) (percent),2006,%,32.2
CÃ´te d'Ivoire,Value,Percentage of children under 5 years of age who are stunted (modelled estimates) (percent),2007,%,31.9
CÃ´te d'Ivoire,Value,Percentage of children under 5 years of age who are stunted (modelled estimates) (percent),2008,%,31.5
CÃ´te d'Ivoire,Value,Percentage of children under 5 years of age who are stunted (modelled estimates) (percent),2009,%,30.9
CÃ´te d'Ivoire,Value,Percentage of children under 5 years of age who are stunted (modelled estimates) (percent),2010,%,30.1
CÃ´te d'Ivoire,Value,Percentage of children under 5 years of age who are stunted (modelled estimates) (percent),2011,%,29.4
CÃ´te d'Ivoire,Value,Percentage of children under 5 years of age who are stunted (modelled estimates) (percent),2012,%,28.7
CÃ´te d'Ivoire,Value,Percentage of children under 5 years of age who are stunted (modelled estimates) (percent),2013,%,28
CÃ´te d'Ivoire,Value,Percentage of children under 5 years of age who are stunted (modelled estimates) (percent),2014,%,27.2
CÃ´te d'Ivoire,Value,Percentage of children under 5 years of age who are stunted (modelled estimates) (percent),2015,%,26.5
CÃ´te d'Ivoire,Value,Percentage of children under 5 years of age who are stunted (modelled estimates) (percent),2016,%,25.6
CÃ´te d'Ivoire,Value,Percentage of children under 5 years of age who are stunted (modelled estimates) (percent),2017,%,24.6
CÃ´te d'Ivoire,Value,Percentage of children under 5 years of age who are stunted (modelled estimates) (percent),2018,%,23.5
CÃ´te d'Ivoire,Value,Percentage of children under 5 years of age who are stunted (modelled estimates) (percent),2019,%,22.6
CÃ´te d'Ivoire,Value,Percentage of children under 5 years of age who are stunted (modelled estimates) (percent),2020,%,21.7
CÃ´te d'Ivoire,Value,Percentage of children under 5 years of age who are stunted (modelled estimates) (percent),2021,%,21.1
CÃ´te d'Ivoire,Value,Percentage of children under 5 years of age who are stunted (modelled estimates) (percent),2022,%,20.7
CÃ´te d'Ivoire,Value,Percentage of children under 5 years of age who are stunted (modelled estimates) (percent),2023,%,20.5
CÃ´te d'Ivoire,Value,Number of children under 5 years of age who are stunted (modeled estimates) (million),2001,million No,1.1
CÃ´te d'Ivoire,Value,Number of children under 5 years of age who are stunted (modeled estimates) (million),2002,million No,1.1
CÃ´te d'Ivoire,Value,Number of children under 5 years of age who are stunted (modeled estimates) (million),2003,million No,1.1
CÃ´te d'Ivoire,Value,Number of children under 5 years of age who are stunted (modeled estimates) (million),2004,million No,1.2
CÃ´te d'Ivoire,Value,Number of children under 5 years of age who are stunted (modeled estimates) (million),2005,million No,1.2
CÃ´te d'Ivoire,Value,Number of children under 5 years of age who are stunted (modeled estimates) (million),2006,million No,1.2
CÃ´te d'Ivoire,Value,Number of children under 5 years of age who are stunted (modeled estimates) (million),2007,million No,1.2
CÃ´te d'Ivoire,Value,Number of children under 5 years of age who are stunted (modeled estimates) (million),2008,million No,1.2
CÃ´te d'Ivoire,Value,Number of children under 5 years of age who are stunted (modeled estimates) (million),2009,million No,1.2
CÃ´te d'Ivoire,Value,Number of children under 5 years of age who are stunted (modeled estimates) (million),2010,million No,1.2
CÃ´te d'Ivoire,Value,Number of children under 5 years of age who are stunted (modeled estimates) (million),2011,million No,1.1
CÃ´te d'Ivoire,Value,Number of children under 5 years of age who are stunted (modeled estimates) (million),2012,million No,1.1
CÃ´te d'Ivoire,Value,Number of children under 5 years of age who are stunted (modeled estimates) (million),2013,million No,1.1
CÃ´te d'Ivoire,Value,Number of children under 5 years of age who are stunted (modeled estimates) (million),2014,million No,1.1
CÃ´te d'Ivoire,Value,Number of children under 5 years of age who are stunted (modeled estimates) (million),2015,million No,1.1
CÃ´te d'Ivoire,Value,Number of children under 5 years of age who are stunted (modeled estimates) (million),2016,million No,1.1
CÃ´te d'Ivoire,Value,Number of children under 5 years of age who are stunted (modeled estimates) (million),2017,million No,1.1
CÃ´te d'Ivoire,Value,Number of children under 5 years of age who are stunted (modeled estimates) (million),2018,million No,1.1
CÃ´te d'Ivoire,Value,Number of children under 5 years of age who are stunted (modeled estimates) (million),2019,million No,1
CÃ´te d'Ivoire,Value,Number of children under 5 years of age who are stunted (modeled estimates) (million),2020,million No,1
CÃ´te d'Ivoire,Value,Number of children under 5 years of age who are stunted (modeled estimates) (million),2021,million No,1
CÃ´te d'Ivoire,Value,Number of children under 5 years of age who are stunted (modeled estimates) (million),2022,million No,0.9
CÃ´te d'Ivoire,Value,Number of children under 5 years of age who are stunted (modeled estimates) (million),2023,million No,0.9
CÃ´te d'Ivoire,Value,Percentage of children under 5 years of age who are overweight (modelled estimates) (percent),2001,%,3.7
CÃ´te d'Ivoire,Value,Percentage of children under 5 years of age who are overweight (modelled estimates) (percent),2002,%,3.7
CÃ´te d'Ivoire,Value,Percentage of children under 5 years of age who are overweight (modelled estimates) (percent),2003,%,3.5
CÃ´te d'Ivoire,Value,Percentage of children under 5 years of age who are overweight (modelled estimates) (percent),2004,%,3.4
CÃ´te d'Ivoire,Value,Percentage of children under 5 years of age who are overweight (modelled estimates) (percent),2005,%,3.3
CÃ´te d'Ivoire,Value,Percentage of children under 5 years of age who are overweight (modelled estimates) (percent),2006,%,3.1
CÃ´te d'Ivoire,Value,Percentage of children under 5 years of age who are overweight (modelled estimates) (percent),2007,%,3
CÃ´te d'Ivoire,Value,Percentage of children under 5 years of age who are overweight (modelled estimates) (percent),2008,%,2.8
CÃ´te d'Ivoire,Value,Percentage of children under 5 years of age who are overweight (modelled estimates) (percent),2009,%,2.7
CÃ´te d'Ivoire,Value,Percentage of children under 5 years of age who are overweight (modelled estimates) (percent),2010,%,2.6
CÃ´te d'Ivoire,Value,Percentage of children under 5 years of age who are overweight (modelled estimates) (percent),2011,%,2.4
CÃ´te d'Ivoire,Value,Percentage of children under 5 years of age who are overweight (modelled estimates) (percent),2012,%,2.3
CÃ´te d'Ivoire,Value,Percentage of children under 5 years of age who are overweight (modelled estimates) (percent),2013,%,2.3
CÃ´te d'Ivoire,Value,Percentage of children under 5 years of age who are overweight (modelled estimates) (percent),2014,%,2.2
CÃ´te d'Ivoire,Value,Percentage of children under 5 years of age who are overweight (modelled estimates) (percent),2015,%,2.2
CÃ´te d'Ivoire,Value,Percentage of children under 5 years of age who are overweight (modelled estimates) (percent),2016,%,2.2
CÃ´te d'Ivoire,Value,Percentage of children under 5 years of age who are overweight (modelled estimates) (percent),2017,%,2.2
CÃ´te d'Ivoire,Value,Percentage of children under 5 years of age who are overweight (modelled estimates) (percent),2018,%,2.2
CÃ´te d'Ivoire,Value,Percentage of children under 5 years of age who are overweight (modelled estimates) (percent),2019,%,2.3
CÃ´te d'Ivoire,Value,Percentage of children under 5 years of age who are overweight (modelled estimates) (percent),2020,%,2.4
CÃ´te d'Ivoire,Value,Percentage of children under 5 years of age who are overweight (modelled estimates) (percent),2021,%,2.6
CÃ´te d'Ivoire,Value,Percentage of children under 5 years of age who are overweight (modelled estimates) (percent),2022,%,2.8
CÃ´te d'Ivoire,Value,Percentage of children under 5 years of age who are overweight (modelled estimates) (percent),2023,%,3.1
CÃ´te d'Ivoire,Value,Number of children under 5 years of age who are overweight (modeled estimates) (million),2001,million No,0.1
CÃ´te d'Ivoire,Value,Number of children under 5 years of age who are overweight (modeled estimates) (million),2002,million No,0.1
CÃ´te d'Ivoire,Value,Number of children under 5 years of age who are overweight (modeled estimates) (million),2003,million No,0.1
CÃ´te d'Ivoire,Value,Number of children under 5 years of age who are overweight (modeled estimates) (million),2004,million No,0.1
CÃ´te d'Ivoire,Value,Number of children under 5 years of age who are overweight (modeled estimates) (million),2005,million No,0.1
CÃ´te d'Ivoire,Value,Number of children under 5 years of age who are overweight (modeled estimates) (million),2006,million No,0.1
CÃ´te d'Ivoire,Value,Number of children under 5 years of age who are overweight (modeled estimates) (million),2007,million No,0.1
CÃ´te d'Ivoire,Value,Number of children under 5 years of age who are overweight (modeled estimates) (million),2008,million No,0.1
CÃ´te d'Ivoire,Value,Number of children under 5 years of age who are overweight (modeled estimates) (million),2009,million No,0.1
CÃ´te d'Ivoire,Value,Number of children under 5 years of age who are overweight (modeled estimates) (million),2010,million No,<0.1
CÃ´te d'Ivoire,Value,Number of children under 5 years of age who are overweight (modeled estimates) (million),2011,million No,<0.1
CÃ´te d'Ivoire,Value,Number of children under 5 years of age who are overweight (modeled estimates) (million),2012,million No,<0.1
CÃ´te d'Ivoire,Value,Number of children under 5 years of age who are overweight (modeled estimates) (million),2013,million No,<0.1
CÃ´te d'Ivoire,Value,Number of children under 5 years of age who are overweight (modeled estimates) (million),2014,million No,<0.1
CÃ´te d'Ivoire,Value,Number of children under 5 years of age who are overweight (modeled estimates) (million),2015,million No,<0.1
CÃ´te d'Ivoire,Value,Number of children under 5 years of age who are overweight (modeled estimates) (million),2016,million No,<0.1
CÃ´te d'Ivoire,Value,Number of children under 5 years of age who are overweight (modeled estimates) (million),2017,million No,<0.1
CÃ´te d'Ivoire,Value,Number of children under 5 years of age who are overweight (modeled estimates) (million),2018,million No,0.1
CÃ´te d'Ivoire,Value,Number of children under 5 years of age who are overweight (modeled estimates) (million),2019,million No,0.1
CÃ´te d'Ivoire,Value,Number of children under 5 years of age who are overweight (modeled estimates) (million),2020,million No,0.1
CÃ´te d'Ivoire,Value,Number of children under 5 years of age who are overweight (modeled estimates) (million),2021,million No,0.1
CÃ´te d'Ivoire,Value,Number of children under 5 years of age who are overweight (modeled estimates) (million),2022,million No,0.1
CÃ´te d'Ivoire,Value,Number of children under 5 years of age who are overweight (modeled estimates) (million),2023,million No,0.1
CÃ´te d'Ivoire,Value,Prevalence of obesity in the adult population (18 years and older) (percent),2001,%,4.9
CÃ´te d'Ivoire,Value,Prevalence of obesity in the adult population (18 years and older) (percent),2002,%,5.2
CÃ´te d'Ivoire,Value,Prevalence of obesity in the adult population (18 years and older) (percent),2003,%,5.5
CÃ´te d'Ivoire,Value,Prevalence of obesity in the adult population (18 years and older) (percent),2004,%,5.9
CÃ´te d'Ivoire,Value,Prevalence of obesity in the adult population (18 years and older) (percent),2005,%,6.2
CÃ´te d'Ivoire,Value,Prevalence of obesity in the adult population (18 years and older) (percent),2006,%,6.6
CÃ´te d'Ivoire,Value,Prevalence of obesity in the adult population (18 years and older) (percent),2007,%,6.9
CÃ´te d'Ivoire,Value,Prevalence of obesity in the adult population (18 years and older) (percent),2008,%,7.2
CÃ´te d'Ivoire,Value,Prevalence of obesity in the adult population (18 years and older) (percent),2009,%,7.4
CÃ´te d'Ivoire,Value,Prevalence of obesity in the adult population (18 years and older) (percent),2010,%,7.7
CÃ´te d'Ivoire,Value,Prevalence of obesity in the adult population (18 years and older) (percent),2011,%,7.9
CÃ´te d'Ivoire,Value,Prevalence of obesity in the adult population (18 years and older) (percent),2012,%,8.2
CÃ´te d'Ivoire,Value,Prevalence of obesity in the adult population (18 years and older) (percent),2013,%,8.4
CÃ´te d'Ivoire,Value,Prevalence of obesity in the adult population (18 years and older) (percent),2014,%,8.7
CÃ´te d'Ivoire,Value,Prevalence of obesity in the adult population (18 years and older) (percent),2015,%,9
CÃ´te d'Ivoire,Value,Prevalence of obesity in the adult population (18 years and older) (percent),2016,%,9.3
CÃ´te d'Ivoire,Value,Prevalence of obesity in the adult population (18 years and older) (percent),2017,%,9.6
CÃ´te d'Ivoire,Value,Prevalence of obesity in the adult population (18 years and older) (percent),2018,%,10
CÃ´te d'Ivoire,Value,Prevalence of obesity in the adult population (18 years and older) (percent),2019,%,10.4
CÃ´te d'Ivoire,Value,Prevalence of obesity in the adult population (18 years and older) (percent),2020,%,10.8
CÃ´te d'Ivoire,Value,Prevalence of obesity in the adult population (18 years and older) (percent),2021,%,11.2
CÃ´te d'Ivoire,Value,Prevalence of obesity in the adult population (18 years and older) (percent),2022,%,11.6
CÃ´te d'Ivoire,Value,Number of obese adults (18 years and older) (million),2001,million No,0.4
CÃ´te d'Ivoire,Value,Number of obese adults (18 years and older) (million),2002,million No,0.4
CÃ´te d'Ivoire,Value,Number of obese adults (18 years and older) (million),2003,million No,0.5
CÃ´te d'Ivoire,Value,Number of obese adults (18 years and older) (million),2004,million No,0.5
CÃ´te d'Ivoire,Value,Number of obese adults (18 years and older) (million),2005,million No,0.6
CÃ´te d'Ivoire,Value,Number of obese adults (18 years and older) (million),2006,million No,0.6
CÃ´te d'Ivoire,Value,Number of obese adults (18 years and older) (million),2007,million No,0.7
CÃ´te d'Ivoire,Value,Number of obese adults (18 years and older) (million),2008,million No,0.7
CÃ´te d'Ivoire,Value,Number of obese adults (18 years and older) (million),2009,million No,0.8
CÃ´te d'Ivoire,Value,Number of obese adults (18 years and older) (million),2010,million No,0.8
CÃ´te d'Ivoire,Value,Number of obese adults (18 years and older) (million),2011,million No,0.9
CÃ´te d'Ivoire,Value,Number of obese adults (18 years and older) (million),2012,million No,0.9
CÃ´te d'Ivoire,Value,Number of obese adults (18 years and older) (million),2013,million No,0.9
CÃ´te d'Ivoire,Value,Number of obese adults (18 years and older) (million),2014,million No,1
CÃ´te d'Ivoire,Value,Number of obese adults (18 years and older) (million),2015,million No,1.1
CÃ´te d'Ivoire,Value,Number of obese adults (18 years and older) (million),2016,million No,1.1
CÃ´te d'Ivoire,Value,Number of obese adults (18 years and older) (million),2017,million No,1.2
CÃ´te d'Ivoire,Value,Number of obese adults (18 years and older) (million),2018,million No,1.3
CÃ´te d'Ivoire,Value,Number of obese adults (18 years and older) (million),2019,million No,1.4
CÃ´te d'Ivoire,Value,Number of obese adults (18 years and older) (million),2020,million No,1.5
CÃ´te d'Ivoire,Value,Number of obese adults (18 years and older) (million),2021,million No,1.6
CÃ´te d'Ivoire,Value,Number of obese adults (18 years and older) (million),2022,million No,1.7
CÃ´te d'Ivoire,Value,Prevalence of anemia among women of reproductive age (15-49 years) (percent),2001,%,54.7
CÃ´te d'Ivoire,Value,Prevalence of anemia among women of reproductive age (15-49 years) (percent),2002,%,54.3
CÃ´te d'Ivoire,Value,Prevalence of anemia among women of reproductive age (15-49 years) (percent),2003,%,53.9
CÃ´te d'Ivoire,Value,Prevalence of anemia among women of reproductive age (15-49 years) (percent),2004,%,53.5
CÃ´te d'Ivoire,Value,Prevalence of anemia among women of reproductive age (15-49 years) (percent),2005,%,53.1
CÃ´te d'Ivoire,Value,Prevalence of anemia among women of reproductive age (15-49 years) (percent),2006,%,52.6
CÃ´te d'Ivoire,Value,Prevalence of anemia among women of reproductive age (15-49 years) (percent),2007,%,52.2
CÃ´te d'Ivoire,Value,Prevalence of anemia among women of reproductive age (15-49 years) (percent),2008,%,51.7
CÃ´te d'Ivoire,Value,Prevalence of anemia among women of reproductive age (15-49 years) (percent),2009,%,51.1
CÃ´te d'Ivoire,Value,Prevalence of anemia among women of reproductive age (15-49 years) (percent),2010,%,50.7
CÃ´te d'Ivoire,Value,Prevalence of anemia among women of reproductive age (15-49 years) (percent),2011,%,50.3
CÃ´te d'Ivoire,Value,Prevalence of anemia among women of reproductive age (15-49 years) (percent),2012,%,50
CÃ´te d'Ivoire,Value,Prevalence of anemia among women of reproductive age (15-49 years) (percent),2013,%,49.8
CÃ´te d'Ivoire,Value,Prevalence of anemia among women of reproductive age (15-49 years) (percent),2014,%,49.6
CÃ´te d'Ivoire,Value,Prevalence of anemia among women of reproductive age (15-49 years) (percent),2015,%,49.6
CÃ´te d'Ivoire,Value,Prevalence of anemia among women of reproductive age (15-49 years) (percent),2016,%,49.6
CÃ´te d'Ivoire,Value,Prevalence of anemia among women of reproductive age (15-49 years) (percent),2017,%,49.6
CÃ´te d'Ivoire,Value,Prevalence of anemia among women of reproductive age (15-49 years) (percent),2018,%,49.7
CÃ´te d'Ivoire,Value,Prevalence of anemia among women of reproductive age (15-49 years) (percent),2019,%,49.8
CÃ´te d'Ivoire,Value,Prevalence of anemia among women of reproductive age (15-49 years) (percent),2020,%,50
CÃ´te d'Ivoire,Value,Prevalence of anemia among women of reproductive age (15-49 years) (percent),2021,%,50.3
CÃ´te d'Ivoire,Value,Prevalence of anemia among women of reproductive age (15-49 years) (percent),2022,%,50.8
CÃ´te d'Ivoire,Value,Prevalence of anemia among women of reproductive age (15-49 years) (percent),2023,%,51.4
CÃ´te d'Ivoire,Value,Number of women of reproductive age (15-49 years) affected by anemia (million),2001,million No,2.3
CÃ´te d'Ivoire,Value,Number of women of reproductive age (15-49 years) affected by anemia (million),2002,million No,2.4
CÃ´te d'Ivoire,Value,Number of women of reproductive age (15-49 years) affected by anemia (million),2003,million No,2.4
CÃ´te d'Ivoire,Value,Number of women of reproductive age (15-49 years) affected by anemia (million),2004,million No,2.5
CÃ´te d'Ivoire,Value,Number of women of reproductive age (15-49 years) affected by anemia (million),2005,million No,2.5
CÃ´te d'Ivoire,Value,Number of women of reproductive age (15-49 years) affected by anemia (million),2006,million No,2.5
CÃ´te d'Ivoire,Value,Number of women of reproductive age (15-49 years) affected by anemia (million),2007,million No,2.6
CÃ´te d'Ivoire,Value,Number of women of reproductive age (15-49 years) affected by anemia (million),2008,million No,2.6
CÃ´te d'Ivoire,Value,Number of women of reproductive age (15-49 years) affected by anemia (million),2009,million No,2.7
CÃ´te d'Ivoire,Value,Number of women of reproductive age (15-49 years) affected by anemia (million),2010,million No,2.7
CÃ´te d'Ivoire,Value,Number of women of reproductive age (15-49 years) affected by anemia (million),2011,million No,2.8
CÃ´te d'Ivoire,Value,Number of women of reproductive age (15-49 years) affected by anemia (million),2012,million No,2.8
CÃ´te d'Ivoire,Value,Number of women of reproductive age (15-49 years) affected by anemia (million),2013,million No,2.9
CÃ´te d'Ivoire,Value,Number of women of reproductive age (15-49 years) affected by anemia (million),2014,million No,2.9
CÃ´te d'Ivoire,Value,Number of women of reproductive age (15-49 years) affected by anemia (million),2015,million No,3
CÃ´te d'Ivoire,Value,Number of women of reproductive age (15-49 years) affected by anemia (million),2016,million No,3.1
CÃ´te d'Ivoire,Value,Number of women of reproductive age (15-49 years) affected by anemia (million),2017,million No,3.2
CÃ´te d'Ivoire,Value,Number of women of reproductive age (15-49 years) affected by anemia (million),2018,million No,3.2
CÃ´te d'Ivoire,Value,Number of women of reproductive age (15-49 years) affected by anemia (million),2019,million No,3.3
CÃ´te d'Ivoire,Value,Number of women of reproductive age (15-49 years) affected by anemia (million),2020,million No,3.4
CÃ´te d'Ivoire,Value,Number of women of reproductive age (15-49 years) affected by anemia (million),2021,million No,3.6
CÃ´te d'Ivoire,Value,Number of women of reproductive age (15-49 years) affected by anemia (million),2022,million No,3.7
CÃ´te d'Ivoire,Value,Number of women of reproductive age (15-49 years) affected by anemia (million),2023,million No,3.9
CÃ´te d'Ivoire,Value,Prevalence of exclusive breastfeeding among infants 0-5 months of age (percent),2004,%,5.4
CÃ´te d'Ivoire,Value,Prevalence of exclusive breastfeeding among infants 0-5 months of age (percent),2006,%,4.2
CÃ´te d'Ivoire,Value,Prevalence of exclusive breastfeeding among infants 0-5 months of age (percent),2012,%,11.8
CÃ´te d'Ivoire,Value,Prevalence of exclusive breastfeeding among infants 0-5 months of age (percent),2016,%,23.1
CÃ´te d'Ivoire,Value,Prevalence of exclusive breastfeeding among infants 0-5 months of age (percent),2021,%,34
CÃ´te d'Ivoire,Value,Prevalence of low birthweight (percent),2001,%,19.4
CÃ´te d'Ivoire,Value,Prevalence of low birthweight (percent),2002,%,19.4
CÃ´te d'Ivoire,Value,Prevalence of low birthweight (percent),2003,%,19.4
CÃ´te d'Ivoire,Value,Prevalence of low birthweight (percent),2004,%,19.4
CÃ´te d'Ivoire,Value,Prevalence of low birthweight (percent),2005,%,19.4
CÃ´te d'Ivoire,Value,Prevalence of low birthweight (percent),2006,%,19.3
CÃ´te d'Ivoire,Value,Prevalence of low birthweight (percent),2007,%,19.3
CÃ´te d'Ivoire,Value,Prevalence of low birthweight (percent),2008,%,19.3
CÃ´te d'Ivoire,Value,Prevalence of low birthweight (percent),2009,%,19.3
CÃ´te d'Ivoire,Value,Prevalence of low birthweight (percent),2010,%,19.3
CÃ´te d'Ivoire,Value,Prevalence of low birthweight (percent),2011,%,19.2
CÃ´te d'Ivoire,Value,Prevalence of low birthweight (percent),2012,%,19.1
CÃ´te d'Ivoire,Value,Prevalence of low birthweight (percent),2013,%,19
CÃ´te d'Ivoire,Value,Prevalence of low birthweight (percent),2014,%,18.9
CÃ´te d'Ivoire,Value,Prevalence of low birthweight (percent),2015,%,18.8
CÃ´te d'Ivoire,Value,Prevalence of low birthweight (percent),2016,%,18.6
CÃ´te d'Ivoire,Value,Prevalence of low birthweight (percent),2017,%,18.5
CÃ´te d'Ivoire,Value,Prevalence of low birthweight (percent),2018,%,18.4
CÃ´te d'Ivoire,Value,Prevalence of low birthweight (percent),2019,%,18.4
CÃ´te d'Ivoire,Value,Prevalence of low birthweight (percent),2020,%,18.3
CÃ´te d'Ivoire,Value,Number of newborns with low birthweight (million),2001,million No,0.1
CÃ´te d'Ivoire,Value,Number of newborns with low birthweight (million),2002,million No,0.1
CÃ´te d'Ivoire,Value,Number of newborns with low birthweight (million),2003,million No,0.2
CÃ´te d'Ivoire,Value,Number of newborns with low birthweight (million),2004,million No,0.2
CÃ´te d'Ivoire,Value,Number of newborns with low birthweight (million),2005,million No,0.2
CÃ´te d'Ivoire,Value,Number of newborns with low birthweight (million),2006,million No,0.2
CÃ´te d'Ivoire,Value,Number of newborns with low birthweight (million),2007,million No,0.2
CÃ´te d'Ivoire,Value,Number of newborns with low birthweight (million),2008,million No,0.2
CÃ´te d'Ivoire,Value,Number of newborns with low birthweight (million),2009,million No,0.2
CÃ´te d'Ivoire,Value,Number of newborns with low birthweight (million),2010,million No,0.2
CÃ´te d'Ivoire,Value,Number of newborns with low birthweight (million),2011,million No,0.2
CÃ´te d'Ivoire,Value,Number of newborns with low birthweight (million),2012,million No,0.2
CÃ´te d'Ivoire,Value,Number of newborns with low birthweight (million),2013,million No,0.2
CÃ´te d'Ivoire,Value,Number of newborns with low birthweight (million),2014,million No,0.2
CÃ´te d'Ivoire,Value,Number of newborns with low birthweight (million),2015,million No,0.2
CÃ´te d'Ivoire,Value,Number of newborns with low birthweight (million),2016,million No,0.2
CÃ´te d'Ivoire,Value,Number of newborns with low birthweight (million),2017,million No,0.2
CÃ´te d'Ivoire,Value,Number of newborns with low birthweight (million),2018,million No,0.2
CÃ´te d'Ivoire,Value,Number of newborns with low birthweight (million),2019,million No,0.2
CÃ´te d'Ivoire,Value,Number of newborns with low birthweight (million),2020,million No,0.2
CÃ´te d'Ivoire,Value,Minimum dietary energy requirement (kcal/cap/day),2001,kcal/cap/d,1696
CÃ´te d'Ivoire,Value,Minimum dietary energy requirement (kcal/cap/day),2002,kcal/cap/d,1695
CÃ´te d'Ivoire,Value,Minimum dietary energy requirement (kcal/cap/day),2003,kcal/cap/d,1694
CÃ´te d'Ivoire,Value,Minimum dietary energy requirement (kcal/cap/day),2004,kcal/cap/d,1693
CÃ´te d'Ivoire,Value,Minimum dietary energy requirement (kcal/cap/day),2005,kcal/cap/d,1693
CÃ´te d'Ivoire,Value,Minimum dietary energy requirement (kcal/cap/day),2006,kcal/cap/d,1693
CÃ´te d'Ivoire,Value,Minimum dietary energy requirement (kcal/cap/day),2007,kcal/cap/d,1693
CÃ´te d'Ivoire,Value,Minimum dietary energy requirement (kcal/cap/day),2008,kcal/cap/d,1697
CÃ´te d'Ivoire,Value,Minimum dietary energy requirement (kcal/cap/day),2009,kcal/cap/d,1705
CÃ´te d'Ivoire,Value,Minimum dietary energy requirement (kcal/cap/day),2010,kcal/cap/d,1711
CÃ´te d'Ivoire,Value,Minimum dietary energy requirement (kcal/cap/day),2011,kcal/cap/d,1715
CÃ´te d'Ivoire,Value,Minimum dietary energy requirement (kcal/cap/day),2012,kcal/cap/d,1720
CÃ´te d'Ivoire,Value,Minimum dietary energy requirement (kcal/cap/day),2013,kcal/cap/d,1726
CÃ´te d'Ivoire,Value,Minimum dietary energy requirement (kcal/cap/day),2014,kcal/cap/d,1728
CÃ´te d'Ivoire,Value,Minimum dietary energy requirement (kcal/cap/day),2015,kcal/cap/d,1728
CÃ´te d'Ivoire,Value,Minimum dietary energy requirement (kcal/cap/day),2016,kcal/cap/d,1729
CÃ´te d'Ivoire,Value,Minimum dietary energy requirement (kcal/cap/day),2017,kcal/cap/d,1732
CÃ´te d'Ivoire,Value,Minimum dietary energy requirement (kcal/cap/day),2018,kcal/cap/d,1735
CÃ´te d'Ivoire,Value,Minimum dietary energy requirement (kcal/cap/day),2019,kcal/cap/d,1739
CÃ´te d'Ivoire,Value,Minimum dietary energy requirement (kcal/cap/day),2020,kcal/cap/d,1744
CÃ´te d'Ivoire,Value,Minimum dietary energy requirement (kcal/cap/day),2021,kcal/cap/d,1749
CÃ´te d'Ivoire,Value,Minimum dietary energy requirement (kcal/cap/day),2022,kcal/cap/d,1753
CÃ´te d'Ivoire,Value,Minimum dietary energy requirement (kcal/cap/day),2023,kcal/cap/d,1757
CÃ´te d'Ivoire,Value,Average dietary energy requirement (kcal/cap/day),2001,kcal/cap/d,2183
CÃ´te d'Ivoire,Value,Average dietary energy requirement (kcal/cap/day),2002,kcal/cap/d,2181
CÃ´te d'Ivoire,Value,Average dietary energy requirement (kcal/cap/day),2003,kcal/cap/d,2180
CÃ´te d'Ivoire,Value,Average dietary energy requirement (kcal/cap/day),2004,kcal/cap/d,2179
CÃ´te d'Ivoire,Value,Average dietary energy requirement (kcal/cap/day),2005,kcal/cap/d,2178
CÃ´te d'Ivoire,Value,Average dietary energy requirement (kcal/cap/day),2006,kcal/cap/d,2177
CÃ´te d'Ivoire,Value,Average dietary energy requirement (kcal/cap/day),2007,kcal/cap/d,2178
CÃ´te d'Ivoire,Value,Average dietary energy requirement (kcal/cap/day),2008,kcal/cap/d,2184
CÃ´te d'Ivoire,Value,Average dietary energy requirement (kcal/cap/day),2009,kcal/cap/d,2195
CÃ´te d'Ivoire,Value,Average dietary energy requirement (kcal/cap/day),2010,kcal/cap/d,2203
CÃ´te d'Ivoire,Value,Average dietary energy requirement (kcal/cap/day),2011,kcal/cap/d,2210
CÃ´te d'Ivoire,Value,Average dietary energy requirement (kcal/cap/day),2012,kcal/cap/d,2215
CÃ´te d'Ivoire,Value,Average dietary energy requirement (kcal/cap/day),2013,kcal/cap/d,2224
CÃ´te d'Ivoire,Value,Average dietary energy requirement (kcal/cap/day),2014,kcal/cap/d,2226
CÃ´te d'Ivoire,Value,Average dietary energy requirement (kcal/cap/day),2015,kcal/cap/d,2225
CÃ´te d'Ivoire,Value,Average dietary energy requirement (kcal/cap/day),2016,kcal/cap/d,2226
CÃ´te d'Ivoire,Value,Average dietary energy requirement (kcal/cap/day),2017,kcal/cap/d,2229
CÃ´te d'Ivoire,Value,Average dietary energy requirement (kcal/cap/day),2018,kcal/cap/d,2233
CÃ´te d'Ivoire,Value,Average dietary energy requirement (kcal/cap/day),2019,kcal/cap/d,2239
CÃ´te d'Ivoire,Value,Average dietary energy requirement (kcal/cap/day),2020,kcal/cap/d,2245
CÃ´te d'Ivoire,Value,Average dietary energy requirement (kcal/cap/day),2021,kcal/cap/d,2253
CÃ´te d'Ivoire,Value,Average dietary energy requirement (kcal/cap/day),2022,kcal/cap/d,2258
CÃ´te d'Ivoire,Value,Average dietary energy requirement (kcal/cap/day),2023,kcal/cap/d,2264
CÃ´te d'Ivoire,Value,Coefficient of variation of habitual caloric consumption distribution (real number),2001,No,0.37
CÃ´te d'Ivoire,Value,Coefficient of variation of habitual caloric consumption distribution (real number),2002,No,0.37
CÃ´te d'Ivoire,Value,Coefficient of variation of habitual caloric consumption distribution (real number),2003,No,0.37
CÃ´te d'Ivoire,Value,Coefficient of variation of habitual caloric consumption distribution (real number),2004,No,0.37
CÃ´te d'Ivoire,Value,Coefficient of variation of habitual caloric consumption distribution (real number),2005,No,0.37
CÃ´te d'Ivoire,Value,Coefficient of variation of habitual caloric consumption distribution (real number),2006,No,0.37
CÃ´te d'Ivoire,Value,Coefficient of variation of habitual caloric consumption distribution (real number),2007,No,0.37
CÃ´te d'Ivoire,Value,Coefficient of variation of habitual caloric consumption distribution (real number),2008,No,0.37
CÃ´te d'Ivoire,Value,Coefficient of variation of habitual caloric consumption distribution (real number),2009,No,0.36
CÃ´te d'Ivoire,Value,Coefficient of variation of habitual caloric consumption distribution (real number),2010,No,0.36
CÃ´te d'Ivoire,Value,Coefficient of variation of habitual caloric consumption distribution (real number),2011,No,0.35
CÃ´te d'Ivoire,Value,Coefficient of variation of habitual caloric consumption distribution (real number),2012,No,0.35
CÃ´te d'Ivoire,Value,Coefficient of variation of habitual caloric consumption distribution (real number),2013,No,0.34
CÃ´te d'Ivoire,Value,Coefficient of variation of habitual caloric consumption distribution (real number),2014,No,0.34
CÃ´te d'Ivoire,Value,Coefficient of variation of habitual caloric consumption distribution (real number),2015,No,0.33
CÃ´te d'Ivoire,Value,Coefficient of variation of habitual caloric consumption distribution (real number),2016,No,0.33
CÃ´te d'Ivoire,Value,Coefficient of variation of habitual caloric consumption distribution (real number),2017,No,0.32
CÃ´te d'Ivoire,Value,Coefficient of variation of habitual caloric consumption distribution (real number),2018,No,0.32
CÃ´te d'Ivoire,Value,Coefficient of variation of habitual caloric consumption distribution (real number),2019,No,0.32
CÃ´te d'Ivoire,Value,Coefficient of variation of habitual caloric consumption distribution (real number),2020,No,0.32
CÃ´te d'Ivoire,Value,Coefficient of variation of habitual caloric consumption distribution (real number),2021,No,0.32
CÃ´te d'Ivoire,Value,Coefficient of variation of habitual caloric consumption distribution (real number),2022,No,0.35
CÃ´te d'Ivoire,Value,Coefficient of variation of habitual caloric consumption distribution (real number),2023,No,0.35
CÃ´te d'Ivoire,Value,Incidence of caloric losses at retail distribution level (percent),2001,%,4.06
CÃ´te d'Ivoire,Value,Incidence of caloric losses at retail distribution level (percent),2002,%,4.18
CÃ´te d'Ivoire,Value,Incidence of caloric losses at retail distribution level (percent),2003,%,4.08
CÃ´te d'Ivoire,Value,Incidence of caloric losses at retail distribution level (percent),2004,%,4.06
CÃ´te d'Ivoire,Value,Incidence of caloric losses at retail distribution level (percent),2005,%,4.11
CÃ´te d'Ivoire,Value,Incidence of caloric losses at retail distribution level (percent),2006,%,4.12
CÃ´te d'Ivoire,Value,Incidence of caloric losses at retail distribution level (percent),2007,%,4.05
CÃ´te d'Ivoire,Value,Incidence of caloric losses at retail distribution level (percent),2008,%,4.2
CÃ´te d'Ivoire,Value,Incidence of caloric losses at retail distribution level (percent),2009,%,4.05
CÃ´te d'Ivoire,Value,Incidence of caloric losses at retail distribution level (percent),2010,%,3.75
CÃ´te d'Ivoire,Value,Incidence of caloric losses at retail distribution level (percent),2011,%,3.69
CÃ´te d'Ivoire,Value,Incidence of caloric losses at retail distribution level (percent),2012,%,3.68
CÃ´te d'Ivoire,Value,Incidence of caloric losses at retail distribution level (percent),2013,%,3.72
CÃ´te d'Ivoire,Value,Incidence of caloric losses at retail distribution level (percent),2014,%,3.85
CÃ´te d'Ivoire,Value,Incidence of caloric losses at retail distribution level (percent),2015,%,3.88
CÃ´te d'Ivoire,Value,Incidence of caloric losses at retail distribution level (percent),2016,%,3.9
CÃ´te d'Ivoire,Value,Incidence of caloric losses at retail distribution level (percent),2017,%,3.93
CÃ´te d'Ivoire,Value,Incidence of caloric losses at retail distribution level (percent),2018,%,3.89
CÃ´te d'Ivoire,Value,Incidence of caloric losses at retail distribution level (percent),2019,%,3.94
CÃ´te d'Ivoire,Value,Incidence of caloric losses at retail distribution level (percent),2020,%,3.95
CÃ´te d'Ivoire,Value,Incidence of caloric losses at retail distribution level (percent),2021,%,3.78
CÃ´te d'Ivoire,Value,Incidence of caloric losses at retail distribution level (percent),2022,%,3.77
CÃ´te d'Ivoire,Value,Incidence of caloric losses at retail distribution level (percent),2023,%,3.77
Gambia,Value,Dietary energy supply used in the estimation of the prevalence of undernourishment (kcal/cap/day),2001,kcal/cap/d,2373
Gambia,Value,Dietary energy supply used in the estimation of the prevalence of undernourishment (kcal/cap/day),2002,kcal/cap/d,2305
Gambia,Value,Dietary energy supply used in the estimation of the prevalence of undernourishment (kcal/cap/day),2003,kcal/cap/d,2301
Gambia,Value,Dietary energy supply used in the estimation of the prevalence of undernourishment (kcal/cap/day),2004,kcal/cap/d,2306
Gambia,Value,Dietary energy supply used in the estimation of the prevalence of undernourishment (kcal/cap/day),2005,kcal/cap/d,2364
Gambia,Value,Dietary energy supply used in the estimation of the prevalence of undernourishment (kcal/cap/day),2006,kcal/cap/d,2423
Gambia,Value,Dietary energy supply used in the estimation of the prevalence of undernourishment (kcal/cap/day),2007,kcal/cap/d,2480
Gambia,Value,Dietary energy supply used in the estimation of the prevalence of undernourishment (kcal/cap/day),2008,kcal/cap/d,2536
Gambia,Value,Dietary energy supply used in the estimation of the prevalence of undernourishment (kcal/cap/day),2009,kcal/cap/d,2593
Gambia,Value,Dietary energy supply used in the estimation of the prevalence of undernourishment (kcal/cap/day),2010,kcal/cap/d,2663
Gambia,Value,Dietary energy supply used in the estimation of the prevalence of undernourishment (kcal/cap/day),2011,kcal/cap/d,2636
Gambia,Value,Dietary energy supply used in the estimation of the prevalence of undernourishment (kcal/cap/day),2012,kcal/cap/d,2620
Gambia,Value,Dietary energy supply used in the estimation of the prevalence of undernourishment (kcal/cap/day),2013,kcal/cap/d,2583
Gambia,Value,Dietary energy supply used in the estimation of the prevalence of undernourishment (kcal/cap/day),2014,kcal/cap/d,2533
Gambia,Value,Dietary energy supply used in the estimation of the prevalence of undernourishment (kcal/cap/day),2015,kcal/cap/d,2544
Gambia,Value,Dietary energy supply used in the estimation of the prevalence of undernourishment (kcal/cap/day),2016,kcal/cap/d,2519
Gambia,Value,Dietary energy supply used in the estimation of the prevalence of undernourishment (kcal/cap/day),2017,kcal/cap/d,2527
Gambia,Value,Dietary energy supply used in the estimation of the prevalence of undernourishment (kcal/cap/day),2018,kcal/cap/d,2441
Gambia,Value,Dietary energy supply used in the estimation of the prevalence of undernourishment (kcal/cap/day),2019,kcal/cap/d,2475
Gambia,Value,Dietary energy supply used in the estimation of the prevalence of undernourishment (kcal/cap/day),2020,kcal/cap/d,2440
Gambia,Value,Dietary energy supply used in the estimation of the prevalence of undernourishment (kcal/cap/day),2021,kcal/cap/d,2433
Gambia,Value,Dietary energy supply used in the estimation of the prevalence of undernourishment (kcal/cap/day),2022,kcal/cap/d,2452
Gambia,Value,Dietary energy supply used in the estimation of the prevalence of undernourishment (kcal/cap/day),2023,kcal/cap/d,2474
Gambia,Value,"Gross domestic product per capita, PPP, (constant 2021 international $)",2001,Int$/cap,2738
Gambia,Value,"Gross domestic product per capita, PPP, (constant 2021 international $)",2002,Int$/cap,2579
Gambia,Value,"Gross domestic product per capita, PPP, (constant 2021 international $)",2003,Int$/cap,2683
Gambia,Value,"Gross domestic product per capita, PPP, (constant 2021 international $)",2004,Int$/cap,2794
Gambia,Value,"Gross domestic product per capita, PPP, (constant 2021 international $)",2005,Int$/cap,2654
Gambia,Value,"Gross domestic product per capita, PPP, (constant 2021 international $)",2006,Int$/cap,2565
Gambia,Value,"Gross domestic product per capita, PPP, (constant 2021 international $)",2007,Int$/cap,2567
Gambia,Value,"Gross domestic product per capita, PPP, (constant 2021 international $)",2008,Int$/cap,2650
Gambia,Value,"Gross domestic product per capita, PPP, (constant 2021 international $)",2009,Int$/cap,2745
Gambia,Value,"Gross domestic product per capita, PPP, (constant 2021 international $)",2010,Int$/cap,2824
Gambia,Value,"Gross domestic product per capita, PPP, (constant 2021 international $)",2011,Int$/cap,2520
Gambia,Value,"Gross domestic product per capita, PPP, (constant 2021 international $)",2012,Int$/cap,2575
Gambia,Value,"Gross domestic product per capita, PPP, (constant 2021 international $)",2013,Int$/cap,2572
Gambia,Value,"Gross domestic product per capita, PPP, (constant 2021 international $)",2014,Int$/cap,2465
Gambia,Value,"Gross domestic product per capita, PPP, (constant 2021 international $)",2015,Int$/cap,2496
Gambia,Value,"Gross domestic product per capita, PPP, (constant 2021 international $)",2016,Int$/cap,2479
Gambia,Value,"Gross domestic product per capita, PPP, (constant 2021 international $)",2017,Int$/cap,2533
Gambia,Value,"Gross domestic product per capita, PPP, (constant 2021 international $)",2018,Int$/cap,2651
Gambia,Value,"Gross domestic product per capita, PPP, (constant 2021 international $)",2019,Int$/cap,2751
Gambia,Value,"Gross domestic product per capita, PPP, (constant 2021 international $)",2020,Int$/cap,2702
Gambia,Value,"Gross domestic product per capita, PPP, (constant 2021 international $)",2021,Int$/cap,2778
Gambia,Value,"Gross domestic product per capita, PPP, (constant 2021 international $)",2022,Int$/cap,2863
Gambia,Value,"Gross domestic product per capita, PPP, (constant 2021 international $)",2023,Int$/cap,2932
Gambia,Value,Political stability and absence of violence/terrorism (index),2002,,0.83
Gambia,Value,Political stability and absence of violence/terrorism (index),2003,,0.32
Gambia,Value,Political stability and absence of violence/terrorism (index),2004,,0.16
Gambia,Value,Political stability and absence of violence/terrorism (index),2005,,0.2
Gambia,Value,Political stability and absence of violence/terrorism (index),2006,,-0.03
Gambia,Value,Political stability and absence of violence/terrorism (index),2007,,0.05
Gambia,Value,Political stability and absence of violence/terrorism (index),2008,,0.07
Gambia,Value,Political stability and absence of violence/terrorism (index),2009,,0.12
Gambia,Value,Political stability and absence of violence/terrorism (index),2010,,0.07
Gambia,Value,Political stability and absence of violence/terrorism (index),2013,,-0.05
Gambia,Value,Political stability and absence of violence/terrorism (index),2014,,-0.15
Gambia,Value,Political stability and absence of violence/terrorism (index),2015,,0.02
Gambia,Value,Political stability and absence of violence/terrorism (index),2016,,-0.44
Gambia,Value,Political stability and absence of violence/terrorism (index),2017,,-0.09
Gambia,Value,Political stability and absence of violence/terrorism (index),2018,,-0.09
Gambia,Value,Political stability and absence of violence/terrorism (index),2019,,0.21
Gambia,Value,Political stability and absence of violence/terrorism (index),2020,,0.25
Gambia,Value,Political stability and absence of violence/terrorism (index),2021,,0.04
Gambia,Value,Political stability and absence of violence/terrorism (index),2022,,0.04
Gambia,Value,Per capita food supply variability (kcal/cap/day),2001,kcal/cap/d,73
Gambia,Value,Per capita food supply variability (kcal/cap/day),2002,kcal/cap/d,72
Gambia,Value,Per capita food supply variability (kcal/cap/day),2003,kcal/cap/d,81
Gambia,Value,Per capita food supply variability (kcal/cap/day),2004,kcal/cap/d,84
Gambia,Value,Per capita food supply variability (kcal/cap/day),2005,kcal/cap/d,94
Gambia,Value,Per capita food supply variability (kcal/cap/day),2006,kcal/cap/d,51
Gambia,Value,Per capita food supply variability (kcal/cap/day),2007,kcal/cap/d,30
Gambia,Value,Per capita food supply variability (kcal/cap/day),2008,kcal/cap/d,48
Gambia,Value,Per capita food supply variability (kcal/cap/day),2009,kcal/cap/d,62
Gambia,Value,Per capita food supply variability (kcal/cap/day),2010,kcal/cap/d,63
Gambia,Value,Per capita food supply variability (kcal/cap/day),2011,kcal/cap/d,69
Gambia,Value,Per capita food supply variability (kcal/cap/day),2012,kcal/cap/d,54
Gambia,Value,Per capita food supply variability (kcal/cap/day),2013,kcal/cap/d,36
Gambia,Value,Per capita food supply variability (kcal/cap/day),2014,kcal/cap/d,39
Gambia,Value,Per capita food supply variability (kcal/cap/day),2015,kcal/cap/d,62
Gambia,Value,Per capita food supply variability (kcal/cap/day),2016,kcal/cap/d,53
Gambia,Value,Per capita food supply variability (kcal/cap/day),2017,kcal/cap/d,45
Gambia,Value,Per capita food supply variability (kcal/cap/day),2018,kcal/cap/d,26
Gambia,Value,Per capita food supply variability (kcal/cap/day),2019,kcal/cap/d,35
Gambia,Value,Per capita food supply variability (kcal/cap/day),2020,kcal/cap/d,34
Gambia,Value,Per capita food supply variability (kcal/cap/day),2021,kcal/cap/d,30
Gambia,Value,Per capita food supply variability (kcal/cap/day),2022,kcal/cap/d,28
Gambia,Value,Per capita food supply variability (kcal/cap/day),2023,kcal/cap/d,31
Gambia,Value,Percentage of population using safely managed drinking water services (percent),2001,%,23
Gambia,Value,Percentage of population using safely managed drinking water services (percent),2002,%,24
Gambia,Value,Percentage of population using safely managed drinking water services (percent),2003,%,26
Gambia,Value,Percentage of population using safely managed drinking water services (percent),2004,%,27
Gambia,Value,Percentage of population using safely managed drinking water services (percent),2005,%,28
Gambia,Value,Percentage of population using safely managed drinking water services (percent),2006,%,30
Gambia,Value,Percentage of population using safely managed drinking water services (percent),2007,%,31
Gambia,Value,Percentage of population using safely managed drinking water services (percent),2008,%,32
Gambia,Value,Percentage of population using safely managed drinking water services (percent),2009,%,34
Gambia,Value,Percentage of population using safely managed drinking water services (percent),2010,%,35
Gambia,Value,Percentage of population using safely managed drinking water services (percent),2011,%,36
Gambia,Value,Percentage of population using safely managed drinking water services (percent),2012,%,38
Gambia,Value,Percentage of population using safely managed drinking water services (percent),2013,%,39
Gambia,Value,Percentage of population using safely managed drinking water services (percent),2014,%,41
Gambia,Value,Percentage of population using safely managed drinking water services (percent),2015,%,42
Gambia,Value,Percentage of population using safely managed drinking water services (percent),2016,%,44
Gambia,Value,Percentage of population using safely managed drinking water services (percent),2017,%,45
Gambia,Value,Percentage of population using safely managed drinking water services (percent),2018,%,45
Gambia,Value,Percentage of population using safely managed drinking water services (percent),2019,%,46
Gambia,Value,Percentage of population using safely managed drinking water services (percent),2020,%,46
Gambia,Value,Percentage of population using safely managed drinking water services (percent),2021,%,47
Gambia,Value,Percentage of population using safely managed drinking water services (percent),2022,%,48
Gambia,Value,Percentage of population using at least basic drinking water services (percent),2001,%,73
Gambia,Value,Percentage of population using at least basic drinking water services (percent),2002,%,73
Gambia,Value,Percentage of population using at least basic drinking water services (percent),2003,%,74
Gambia,Value,Percentage of population using at least basic drinking water services (percent),2004,%,75
Gambia,Value,Percentage of population using at least basic drinking water services (percent),2005,%,75
Gambia,Value,Percentage of population using at least basic drinking water services (percent),2006,%,76
Gambia,Value,Percentage of population using at least basic drinking water services (percent),2007,%,77
Gambia,Value,Percentage of population using at least basic drinking water services (percent),2008,%,77
Gambia,Value,Percentage of population using at least basic drinking water services (percent),2009,%,78
Gambia,Value,Percentage of population using at least basic drinking water services (percent),2010,%,78
Gambia,Value,Percentage of population using at least basic drinking water services (percent),2011,%,79
Gambia,Value,Percentage of population using at least basic drinking water services (percent),2012,%,80
Gambia,Value,Percentage of population using at least basic drinking water services (percent),2013,%,80
Gambia,Value,Percentage of population using at least basic drinking water services (percent),2014,%,81
Gambia,Value,Percentage of population using at least basic drinking water services (percent),2015,%,82
Gambia,Value,Percentage of population using at least basic drinking water services (percent),2016,%,82
Gambia,Value,Percentage of population using at least basic drinking water services (percent),2017,%,83
Gambia,Value,Percentage of population using at least basic drinking water services (percent),2018,%,83
Gambia,Value,Percentage of population using at least basic drinking water services (percent),2019,%,84
Gambia,Value,Percentage of population using at least basic drinking water services (percent),2020,%,84
Gambia,Value,Percentage of population using at least basic drinking water services (percent),2021,%,85
Gambia,Value,Percentage of population using at least basic drinking water services (percent),2022,%,86
Gambia,Value,Percentage of population using safely managed sanitation services (percent),2001,%,42
Gambia,Value,Percentage of population using safely managed sanitation services (percent),2002,%,41
Gambia,Value,Percentage of population using safely managed sanitation services (percent),2003,%,40
Gambia,Value,Percentage of population using safely managed sanitation services (percent),2004,%,39
Gambia,Value,Percentage of population using safely managed sanitation services (percent),2005,%,38
Gambia,Value,Percentage of population using safely managed sanitation services (percent),2006,%,38
Gambia,Value,Percentage of population using safely managed sanitation services (percent),2007,%,37
Gambia,Value,Percentage of population using safely managed sanitation services (percent),2008,%,36
Gambia,Value,Percentage of population using safely managed sanitation services (percent),2009,%,36
Gambia,Value,Percentage of population using safely managed sanitation services (percent),2010,%,35
Gambia,Value,Percentage of population using safely managed sanitation services (percent),2011,%,35
Gambia,Value,Percentage of population using safely managed sanitation services (percent),2012,%,34
Gambia,Value,Percentage of population using safely managed sanitation services (percent),2013,%,33
Gambia,Value,Percentage of population using safely managed sanitation services (percent),2014,%,33
Gambia,Value,Percentage of population using safely managed sanitation services (percent),2015,%,32
Gambia,Value,Percentage of population using safely managed sanitation services (percent),2016,%,32
Gambia,Value,Percentage of population using safely managed sanitation services (percent),2017,%,31
Gambia,Value,Percentage of population using safely managed sanitation services (percent),2018,%,30
Gambia,Value,Percentage of population using safely managed sanitation services (percent),2019,%,30
Gambia,Value,Percentage of population using safely managed sanitation services (percent),2020,%,29
Gambia,Value,Percentage of population using safely managed sanitation services (percent),2021,%,29
Gambia,Value,Percentage of population using safely managed sanitation services (percent),2022,%,28
Gambia,Value,Percentage of population using at least basic sanitation services (percent),2001,%,50
Gambia,Value,Percentage of population using at least basic sanitation services (percent),2002,%,49
Gambia,Value,Percentage of population using at least basic sanitation services (percent),2003,%,48
Gambia,Value,Percentage of population using at least basic sanitation services (percent),2004,%,47
Gambia,Value,Percentage of population using at least basic sanitation services (percent),2005,%,47
Gambia,Value,Percentage of population using at least basic sanitation services (percent),2006,%,46
Gambia,Value,Percentage of population using at least basic sanitation services (percent),2007,%,46
Gambia,Value,Percentage of population using at least basic sanitation services (percent),2008,%,46
Gambia,Value,Percentage of population using at least basic sanitation services (percent),2009,%,46
Gambia,Value,Percentage of population using at least basic sanitation services (percent),2010,%,46
Gambia,Value,Percentage of population using at least basic sanitation services (percent),2011,%,46
Gambia,Value,Percentage of population using at least basic sanitation services (percent),2012,%,46
Gambia,Value,Percentage of population using at least basic sanitation services (percent),2013,%,46
Gambia,Value,Percentage of population using at least basic sanitation services (percent),2014,%,47
Gambia,Value,Percentage of population using at least basic sanitation services (percent),2015,%,47
Gambia,Value,Percentage of population using at least basic sanitation services (percent),2016,%,47
Gambia,Value,Percentage of population using at least basic sanitation services (percent),2017,%,47
Gambia,Value,Percentage of population using at least basic sanitation services (percent),2018,%,47
Gambia,Value,Percentage of population using at least basic sanitation services (percent),2019,%,47
Gambia,Value,Percentage of population using at least basic sanitation services (percent),2020,%,47
Gambia,Value,Percentage of population using at least basic sanitation services (percent),2021,%,48
Gambia,Value,Percentage of population using at least basic sanitation services (percent),2022,%,48
Gambia,Value,Percentage of children under 5 years affected by wasting (percent),2006,%,7.4
Gambia,Value,Percentage of children under 5 years affected by wasting (percent),2010,%,9.5
Gambia,Value,Percentage of children under 5 years affected by wasting (percent),2012,%,9.5
Gambia,Value,Percentage of children under 5 years affected by wasting (percent),2013,%,11
Gambia,Value,Percentage of children under 5 years affected by wasting (percent),2018,%,6.2
Gambia,Value,Percentage of children under 5 years affected by wasting (percent),2020,%,5.1
Gambia,Value,Number of children under 5 years affected by wasting (million),2006,million No,<0.1
Gambia,Value,Number of children under 5 years affected by wasting (million),2010,million No,<0.1
Gambia,Value,Number of children under 5 years affected by wasting (million),2012,million No,<0.1
Gambia,Value,Number of children under 5 years affected by wasting (million),2013,million No,<0.1
Gambia,Value,Number of children under 5 years affected by wasting (million),2018,million No,<0.1
Gambia,Value,Number of children under 5 years affected by wasting (million),2020,million No,<0.1
Gambia,Value,Percentage of children under 5 years of age who are stunted (modelled estimates) (percent),2001,%,27.4
Gambia,Value,Percentage of children under 5 years of age who are stunted (modelled estimates) (percent),2002,%,27.2
Gambia,Value,Percentage of children under 5 years of age who are stunted (modelled estimates) (percent),2003,%,27
Gambia,Value,Percentage of children under 5 years of age who are stunted (modelled estimates) (percent),2004,%,26.7
Gambia,Value,Percentage of children under 5 years of age who are stunted (modelled estimates) (percent),2005,%,26.4
Gambia,Value,Percentage of children under 5 years of age who are stunted (modelled estimates) (percent),2006,%,26.2
Gambia,Value,Percentage of children under 5 years of age who are stunted (modelled estimates) (percent),2007,%,25.8
Gambia,Value,Percentage of children under 5 years of age who are stunted (modelled estimates) (percent),2008,%,25.4
Gambia,Value,Percentage of children under 5 years of age who are stunted (modelled estimates) (percent),2009,%,24.7
Gambia,Value,Percentage of children under 5 years of age who are stunted (modelled estimates) (percent),2010,%,24
Gambia,Value,Percentage of children under 5 years of age who are stunted (modelled estimates) (percent),2011,%,23.2
Gambia,Value,Percentage of children under 5 years of age who are stunted (modelled estimates) (percent),2012,%,22.5
Gambia,Value,Percentage of children under 5 years of age who are stunted (modelled estimates) (percent),2013,%,21.7
Gambia,Value,Percentage of children under 5 years of age who are stunted (modelled estimates) (percent),2014,%,21.1
Gambia,Value,Percentage of children under 5 years of age who are stunted (modelled estimates) (percent),2015,%,20.3
Gambia,Value,Percentage of children under 5 years of age who are stunted (modelled estimates) (percent),2016,%,19.5
Gambia,Value,Percentage of children under 5 years of age who are stunted (modelled estimates) (percent),2017,%,18.6
Gambia,Value,Percentage of children under 5 years of age who are stunted (modelled estimates) (percent),2018,%,17.6
Gambia,Value,Percentage of children under 5 years of age who are stunted (modelled estimates) (percent),2019,%,16.7
Gambia,Value,Percentage of children under 5 years of age who are stunted (modelled estimates) (percent),2020,%,15.9
Gambia,Value,Percentage of children under 5 years of age who are stunted (modelled estimates) (percent),2021,%,15.2
Gambia,Value,Percentage of children under 5 years of age who are stunted (modelled estimates) (percent),2022,%,14.7
Gambia,Value,Percentage of children under 5 years of age who are stunted (modelled estimates) (percent),2023,%,14.4
Gambia,Value,Number of children under 5 years of age who are stunted (modeled estimates) (million),2001,million No,<0.1
Gambia,Value,Number of children under 5 years of age who are stunted (modeled estimates) (million),2002,million No,<0.1
Gambia,Value,Number of children under 5 years of age who are stunted (modeled estimates) (million),2003,million No,<0.1
Gambia,Value,Number of children under 5 years of age who are stunted (modeled estimates) (million),2004,million No,<0.1
Gambia,Value,Number of children under 5 years of age who are stunted (modeled estimates) (million),2005,million No,<0.1
Gambia,Value,Number of children under 5 years of age who are stunted (modeled estimates) (million),2006,million No,<0.1
Gambia,Value,Number of children under 5 years of age who are stunted (modeled estimates) (million),2007,million No,<0.1
Gambia,Value,Number of children under 5 years of age who are stunted (modeled estimates) (million),2008,million No,<0.1
Gambia,Value,Number of children under 5 years of age who are stunted (modeled estimates) (million),2009,million No,<0.1
Gambia,Value,Number of children under 5 years of age who are stunted (modeled estimates) (million),2010,million No,<0.1
Gambia,Value,Number of children under 5 years of age who are stunted (modeled estimates) (million),2011,million No,<0.1
Gambia,Value,Number of children under 5 years of age who are stunted (modeled estimates) (million),2012,million No,<0.1
Gambia,Value,Number of children under 5 years of age who are stunted (modeled estimates) (million),2013,million No,<0.1
Gambia,Value,Number of children under 5 years of age who are stunted (modeled estimates) (million),2014,million No,<0.1
Gambia,Value,Number of children under 5 years of age who are stunted (modeled estimates) (million),2015,million No,<0.1
Gambia,Value,Number of children under 5 years of age who are stunted (modeled estimates) (million),2016,million No,<0.1
Gambia,Value,Number of children under 5 years of age who are stunted (modeled estimates) (million),2017,million No,<0.1
Gambia,Value,Number of children under 5 years of age who are stunted (modeled estimates) (million),2018,million No,<0.1
Gambia,Value,Number of children under 5 years of age who are stunted (modeled estimates) (million),2019,million No,<0.1
Gambia,Value,Number of children under 5 years of age who are stunted (modeled estimates) (million),2020,million No,<0.1
Gambia,Value,Number of children under 5 years of age who are stunted (modeled estimates) (million),2021,million No,<0.1
Gambia,Value,Number of children under 5 years of age who are stunted (modeled estimates) (million),2022,million No,<0.1
Gambia,Value,Number of children under 5 years of age who are stunted (modeled estimates) (million),2023,million No,<0.1
Gambia,Value,Percentage of children under 5 years of age who are overweight (modelled estimates) (percent),2001,%,3.1
Gambia,Value,Percentage of children under 5 years of age who are overweight (modelled estimates) (percent),2002,%,3
Gambia,Value,Percentage of children under 5 years of age who are overweight (modelled estimates) (percent),2003,%,2.9
Gambia,Value,Percentage of children under 5 years of age who are overweight (modelled estimates) (percent),2004,%,2.7
Gambia,Value,Percentage of children under 5 years of age who are overweight (modelled estimates) (percent),2005,%,2.6
Gambia,Value,Percentage of children under 5 years of age who are overweight (modelled estimates) (percent),2006,%,2.5
Gambia,Value,Percentage of children under 5 years of age who are overweight (modelled estimates) (percent),2007,%,2.4
Gambia,Value,Percentage of children under 5 years of age who are overweight (modelled estimates) (percent),2008,%,2.2
Gambia,Value,Percentage of children under 5 years of age who are overweight (modelled estimates) (percent),2009,%,2.1
Gambia,Value,Percentage of children under 5 years of age who are overweight (modelled estimates) (percent),2010,%,2
Gambia,Value,Percentage of children under 5 years of age who are overweight (modelled estimates) (percent),2011,%,2
Gambia,Value,Percentage of children under 5 years of age who are overweight (modelled estimates) (percent),2012,%,1.9
Gambia,Value,Percentage of children under 5 years of age who are overweight (modelled estimates) (percent),2013,%,1.8
Gambia,Value,Percentage of children under 5 years of age who are overweight (modelled estimates) (percent),2014,%,1.8
Gambia,Value,Percentage of children under 5 years of age who are overweight (modelled estimates) (percent),2015,%,1.8
Gambia,Value,Percentage of children under 5 years of age who are overweight (modelled estimates) (percent),2016,%,1.8
Gambia,Value,Percentage of children under 5 years of age who are overweight (modelled estimates) (percent),2017,%,1.8
Gambia,Value,Percentage of children under 5 years of age who are overweight (modelled estimates) (percent),2018,%,1.8
Gambia,Value,Percentage of children under 5 years of age who are overweight (modelled estimates) (percent),2019,%,1.9
Gambia,Value,Percentage of children under 5 years of age who are overweight (modelled estimates) (percent),2020,%,2
Gambia,Value,Percentage of children under 5 years of age who are overweight (modelled estimates) (percent),2021,%,2.1
Gambia,Value,Percentage of children under 5 years of age who are overweight (modelled estimates) (percent),2022,%,2.3
Gambia,Value,Percentage of children under 5 years of age who are overweight (modelled estimates) (percent),2023,%,2.5
Gambia,Value,Number of children under 5 years of age who are overweight (modeled estimates) (million),2001,million No,<0.1
Gambia,Value,Number of children under 5 years of age who are overweight (modeled estimates) (million),2002,million No,<0.1
Gambia,Value,Number of children under 5 years of age who are overweight (modeled estimates) (million),2003,million No,<0.1
Gambia,Value,Number of children under 5 years of age who are overweight (modeled estimates) (million),2004,million No,<0.1
Gambia,Value,Number of children under 5 years of age who are overweight (modeled estimates) (million),2005,million No,<0.1
Gambia,Value,Number of children under 5 years of age who are overweight (modeled estimates) (million),2006,million No,<0.1
Gambia,Value,Number of children under 5 years of age who are overweight (modeled estimates) (million),2007,million No,<0.1
Gambia,Value,Number of children under 5 years of age who are overweight (modeled estimates) (million),2008,million No,<0.1
Gambia,Value,Number of children under 5 years of age who are overweight (modeled estimates) (million),2009,million No,<0.1
Gambia,Value,Number of children under 5 years of age who are overweight (modeled estimates) (million),2010,million No,<0.1
Gambia,Value,Number of children under 5 years of age who are overweight (modeled estimates) (million),2011,million No,<0.1
Gambia,Value,Number of children under 5 years of age who are overweight (modeled estimates) (million),2012,million No,<0.1
Gambia,Value,Number of children under 5 years of age who are overweight (modeled estimates) (million),2013,million No,<0.1
Gambia,Value,Number of children under 5 years of age who are overweight (modeled estimates) (million),2014,million No,<0.1
Gambia,Value,Number of children under 5 years of age who are overweight (modeled estimates) (million),2015,million No,<0.1
Gambia,Value,Number of children under 5 years of age who are overweight (modeled estimates) (million),2016,million No,<0.1
Gambia,Value,Number of children under 5 years of age who are overweight (modeled estimates) (million),2017,million No,<0.1
Gambia,Value,Number of children under 5 years of age who are overweight (modeled estimates) (million),2018,million No,<0.1
Gambia,Value,Number of children under 5 years of age who are overweight (modeled estimates) (million),2019,million No,<0.1
Gambia,Value,Number of children under 5 years of age who are overweight (modeled estimates) (million),2020,million No,<0.1
Gambia,Value,Number of children under 5 years of age who are overweight (modeled estimates) (million),2021,million No,<0.1
Gambia,Value,Number of children under 5 years of age who are overweight (modeled estimates) (million),2022,million No,<0.1
Gambia,Value,Number of children under 5 years of age who are overweight (modeled estimates) (million),2023,million No,<0.1
Gambia,Value,Prevalence of obesity in the adult population (18 years and older) (percent),2001,%,4.3
Gambia,Value,Prevalence of obesity in the adult population (18 years and older) (percent),2002,%,4.7
Gambia,Value,Prevalence of obesity in the adult population (18 years and older) (percent),2003,%,5.2
Gambia,Value,Prevalence of obesity in the adult population (18 years and older) (percent),2004,%,5.7
Gambia,Value,Prevalence of obesity in the adult population (18 years and older) (percent),2005,%,6.1
Gambia,Value,Prevalence of obesity in the adult population (18 years and older) (percent),2006,%,6.6
Gambia,Value,Prevalence of obesity in the adult population (18 years and older) (percent),2007,%,7.1
Gambia,Value,Prevalence of obesity in the adult population (18 years and older) (percent),2008,%,7.6
Gambia,Value,Prevalence of obesity in the adult population (18 years and older) (percent),2009,%,8
Gambia,Value,Prevalence of obesity in the adult population (18 years and older) (percent),2010,%,8.5
Gambia,Value,Prevalence of obesity in the adult population (18 years and older) (percent),2011,%,8.9
Gambia,Value,Prevalence of obesity in the adult population (18 years and older) (percent),2012,%,9.4
Gambia,Value,Prevalence of obesity in the adult population (18 years and older) (percent),2013,%,9.8
Gambia,Value,Prevalence of obesity in the adult population (18 years and older) (percent),2014,%,10.3
Gambia,Value,Prevalence of obesity in the adult population (18 years and older) (percent),2015,%,10.8
Gambia,Value,Prevalence of obesity in the adult population (18 years and older) (percent),2016,%,11.3
Gambia,Value,Prevalence of obesity in the adult population (18 years and older) (percent),2017,%,11.8
Gambia,Value,Prevalence of obesity in the adult population (18 years and older) (percent),2018,%,12.4
Gambia,Value,Prevalence of obesity in the adult population (18 years and older) (percent),2019,%,13
Gambia,Value,Prevalence of obesity in the adult population (18 years and older) (percent),2020,%,13.6
Gambia,Value,Prevalence of obesity in the adult population (18 years and older) (percent),2021,%,14.3
Gambia,Value,Prevalence of obesity in the adult population (18 years and older) (percent),2022,%,14.9
Gambia,Value,Number of obese adults (18 years and older) (million),2001,million No,<0.1
Gambia,Value,Number of obese adults (18 years and older) (million),2002,million No,<0.1
Gambia,Value,Number of obese adults (18 years and older) (million),2003,million No,<0.1
Gambia,Value,Number of obese adults (18 years and older) (million),2004,million No,<0.1
Gambia,Value,Number of obese adults (18 years and older) (million),2005,million No,<0.1
Gambia,Value,Number of obese adults (18 years and older) (million),2006,million No,0.1
Gambia,Value,Number of obese adults (18 years and older) (million),2007,million No,0.1
Gambia,Value,Number of obese adults (18 years and older) (million),2008,million No,0.1
Gambia,Value,Number of obese adults (18 years and older) (million),2009,million No,0.1
Gambia,Value,Number of obese adults (18 years and older) (million),2010,million No,0.1
Gambia,Value,Number of obese adults (18 years and older) (million),2011,million No,0.1
Gambia,Value,Number of obese adults (18 years and older) (million),2012,million No,0.1
Gambia,Value,Number of obese adults (18 years and older) (million),2013,million No,0.1
Gambia,Value,Number of obese adults (18 years and older) (million),2014,million No,0.1
Gambia,Value,Number of obese adults (18 years and older) (million),2015,million No,0.1
Gambia,Value,Number of obese adults (18 years and older) (million),2016,million No,0.1
Gambia,Value,Number of obese adults (18 years and older) (million),2017,million No,0.1
Gambia,Value,Number of obese adults (18 years and older) (million),2018,million No,0.1
Gambia,Value,Number of obese adults (18 years and older) (million),2019,million No,0.2
Gambia,Value,Number of obese adults (18 years and older) (million),2020,million No,0.2
Gambia,Value,Number of obese adults (18 years and older) (million),2021,million No,0.2
Gambia,Value,Number of obese adults (18 years and older) (million),2022,million No,0.2
Gambia,Value,Prevalence of anemia among women of reproductive age (15-49 years) (percent),2001,%,60.1
Gambia,Value,Prevalence of anemia among women of reproductive age (15-49 years) (percent),2002,%,59.6
Gambia,Value,Prevalence of anemia among women of reproductive age (15-49 years) (percent),2003,%,59.1
Gambia,Value,Prevalence of anemia among women of reproductive age (15-49 years) (percent),2004,%,58.6
Gambia,Value,Prevalence of anemia among women of reproductive age (15-49 years) (percent),2005,%,58.1
Gambia,Value,Prevalence of anemia among women of reproductive age (15-49 years) (percent),2006,%,57.4
Gambia,Value,Prevalence of anemia among women of reproductive age (15-49 years) (percent),2007,%,56.8
Gambia,Value,Prevalence of anemia among women of reproductive age (15-49 years) (percent),2008,%,56
Gambia,Value,Prevalence of anemia among women of reproductive age (15-49 years) (percent),2009,%,55.3
Gambia,Value,Prevalence of anemia among women of reproductive age (15-49 years) (percent),2010,%,54.5
Gambia,Value,Prevalence of anemia among women of reproductive age (15-49 years) (percent),2011,%,53.8
Gambia,Value,Prevalence of anemia among women of reproductive age (15-49 years) (percent),2012,%,53.1
Gambia,Value,Prevalence of anemia among women of reproductive age (15-49 years) (percent),2013,%,52.4
Gambia,Value,Prevalence of anemia among women of reproductive age (15-49 years) (percent),2014,%,51.7
Gambia,Value,Prevalence of anemia among women of reproductive age (15-49 years) (percent),2015,%,51
Gambia,Value,Prevalence of anemia among women of reproductive age (15-49 years) (percent),2016,%,50.3
Gambia,Value,Prevalence of anemia among women of reproductive age (15-49 years) (percent),2017,%,49.5
Gambia,Value,Prevalence of anemia among women of reproductive age (15-49 years) (percent),2018,%,48.9
Gambia,Value,Prevalence of anemia among women of reproductive age (15-49 years) (percent),2019,%,48.1
Gambia,Value,Prevalence of anemia among women of reproductive age (15-49 years) (percent),2020,%,47.4
Gambia,Value,Prevalence of anemia among women of reproductive age (15-49 years) (percent),2021,%,46.7
Gambia,Value,Prevalence of anemia among women of reproductive age (15-49 years) (percent),2022,%,46.3
Gambia,Value,Prevalence of anemia among women of reproductive age (15-49 years) (percent),2023,%,46.1
Gambia,Value,Number of women of reproductive age (15-49 years) affected by anemia (million),2001,million No,0.2
Gambia,Value,Number of women of reproductive age (15-49 years) affected by anemia (million),2002,million No,0.2
Gambia,Value,Number of women of reproductive age (15-49 years) affected by anemia (million),2003,million No,0.2
Gambia,Value,Number of women of reproductive age (15-49 years) affected by anemia (million),2004,million No,0.2
Gambia,Value,Number of women of reproductive age (15-49 years) affected by anemia (million),2005,million No,0.2
Gambia,Value,Number of women of reproductive age (15-49 years) affected by anemia (million),2006,million No,0.2
Gambia,Value,Number of women of reproductive age (15-49 years) affected by anemia (million),2007,million No,0.2
Gambia,Value,Number of women of reproductive age (15-49 years) affected by anemia (million),2008,million No,0.2
Gambia,Value,Number of women of reproductive age (15-49 years) affected by anemia (million),2009,million No,0.2
Gambia,Value,Number of women of reproductive age (15-49 years) affected by anemia (million),2010,million No,0.2
Gambia,Value,Number of women of reproductive age (15-49 years) affected by anemia (million),2011,million No,0.3
Gambia,Value,Number of women of reproductive age (15-49 years) affected by anemia (million),2012,million No,0.3
Gambia,Value,Number of women of reproductive age (15-49 years) affected by anemia (million),2013,million No,0.3
Gambia,Value,Number of women of reproductive age (15-49 years) affected by anemia (million),2014,million No,0.3
Gambia,Value,Number of women of reproductive age (15-49 years) affected by anemia (million),2015,million No,0.3
Gambia,Value,Number of women of reproductive age (15-49 years) affected by anemia (million),2016,million No,0.3
Gambia,Value,Number of women of reproductive age (15-49 years) affected by anemia (million),2017,million No,0.3
Gambia,Value,Number of women of reproductive age (15-49 years) affected by anemia (million),2018,million No,0.3
Gambia,Value,Number of women of reproductive age (15-49 years) affected by anemia (million),2019,million No,0.3
Gambia,Value,Number of women of reproductive age (15-49 years) affected by anemia (million),2020,million No,0.3
Gambia,Value,Number of women of reproductive age (15-49 years) affected by anemia (million),2021,million No,0.3
Gambia,Value,Number of women of reproductive age (15-49 years) affected by anemia (million),2022,million No,0.3
Gambia,Value,Number of women of reproductive age (15-49 years) affected by anemia (million),2023,million No,0.3
Gambia,Value,Prevalence of exclusive breastfeeding among infants 0-5 months of age (percent),2006,%,39.7
Gambia,Value,Prevalence of exclusive breastfeeding among infants 0-5 months of age (percent),2010,%,33.2
Gambia,Value,Prevalence of exclusive breastfeeding among infants 0-5 months of age (percent),2013,%,46.8
Gambia,Value,Prevalence of exclusive breastfeeding among infants 0-5 months of age (percent),2018,%,53.3
Gambia,Value,Prevalence of exclusive breastfeeding among infants 0-5 months of age (percent),2020,%,53.6
Gambia,Value,Prevalence of low birthweight (percent),2001,%,14.4
Gambia,Value,Prevalence of low birthweight (percent),2002,%,14.3
Gambia,Value,Prevalence of low birthweight (percent),2003,%,14.2
Gambia,Value,Prevalence of low birthweight (percent),2004,%,14.2
Gambia,Value,Prevalence of low birthweight (percent),2005,%,14.2
Gambia,Value,Prevalence of low birthweight (percent),2006,%,14.1
Gambia,Value,Prevalence of low birthweight (percent),2007,%,14
Gambia,Value,Prevalence of low birthweight (percent),2008,%,13.9
Gambia,Value,Prevalence of low birthweight (percent),2009,%,13.9
Gambia,Value,Prevalence of low birthweight (percent),2010,%,13.8
Gambia,Value,Prevalence of low birthweight (percent),2011,%,13.7
Gambia,Value,Prevalence of low birthweight (percent),2012,%,13.7
Gambia,Value,Prevalence of low birthweight (percent),2013,%,13.7
Gambia,Value,Prevalence of low birthweight (percent),2014,%,13.6
Gambia,Value,Prevalence of low birthweight (percent),2015,%,13.6
Gambia,Value,Prevalence of low birthweight (percent),2016,%,13.5
Gambia,Value,Prevalence of low birthweight (percent),2017,%,13.5
Gambia,Value,Prevalence of low birthweight (percent),2018,%,13.4
Gambia,Value,Prevalence of low birthweight (percent),2019,%,13.3
Gambia,Value,Prevalence of low birthweight (percent),2020,%,13.2
Gambia,Value,Number of newborns with low birthweight (million),2001,million No,<0.1
Gambia,Value,Number of newborns with low birthweight (million),2002,million No,<0.1
Gambia,Value,Number of newborns with low birthweight (million),2003,million No,<0.1
Gambia,Value,Number of newborns with low birthweight (million),2004,million No,<0.1
Gambia,Value,Number of newborns with low birthweight (million),2005,million No,<0.1
Gambia,Value,Number of newborns with low birthweight (million),2006,million No,<0.1
Gambia,Value,Number of newborns with low birthweight (million),2007,million No,<0.1
Gambia,Value,Number of newborns with low birthweight (million),2008,million No,<0.1
Gambia,Value,Number of newborns with low birthweight (million),2009,million No,<0.1
Gambia,Value,Number of newborns with low birthweight (million),2010,million No,<0.1
Gambia,Value,Number of newborns with low birthweight (million),2011,million No,<0.1
Gambia,Value,Number of newborns with low birthweight (million),2012,million No,<0.1
Gambia,Value,Number of newborns with low birthweight (million),2013,million No,<0.1
Gambia,Value,Number of newborns with low birthweight (million),2014,million No,<0.1
Gambia,Value,Number of newborns with low birthweight (million),2015,million No,<0.1
Gambia,Value,Number of newborns with low birthweight (million),2016,million No,<0.1
Gambia,Value,Number of newborns with low birthweight (million),2017,million No,<0.1
Gambia,Value,Number of newborns with low birthweight (million),2018,million No,<0.1
Gambia,Value,Number of newborns with low birthweight (million),2019,million No,<0.1
Gambia,Value,Number of newborns with low birthweight (million),2020,million No,<0.1
Gambia,Value,Minimum dietary energy requirement (kcal/cap/day),2001,kcal/cap/d,1715
Gambia,Value,Minimum dietary energy requirement (kcal/cap/day),2002,kcal/cap/d,1718
Gambia,Value,Minimum dietary energy requirement (kcal/cap/day),2003,kcal/cap/d,1721
Gambia,Value,Minimum dietary energy requirement (kcal/cap/day),2004,kcal/cap/d,1724
Gambia,Value,Minimum dietary energy requirement (kcal/cap/day),2005,kcal/cap/d,1727
Gambia,Value,Minimum dietary energy requirement (kcal/cap/day),2006,kcal/cap/d,1730
Gambia,Value,Minimum dietary energy requirement (kcal/cap/day),2007,kcal/cap/d,1732
Gambia,Value,Minimum dietary energy requirement (kcal/cap/day),2008,kcal/cap/d,1734
Gambia,Value,Minimum dietary energy requirement (kcal/cap/day),2009,kcal/cap/d,1736
Gambia,Value,Minimum dietary energy requirement (kcal/cap/day),2010,kcal/cap/d,1738
Gambia,Value,Minimum dietary energy requirement (kcal/cap/day),2011,kcal/cap/d,1740
Gambia,Value,Minimum dietary energy requirement (kcal/cap/day),2012,kcal/cap/d,1741
Gambia,Value,Minimum dietary energy requirement (kcal/cap/day),2013,kcal/cap/d,1742
Gambia,Value,Minimum dietary energy requirement (kcal/cap/day),2014,kcal/cap/d,1743
Gambia,Value,Minimum dietary energy requirement (kcal/cap/day),2015,kcal/cap/d,1746
Gambia,Value,Minimum dietary energy requirement (kcal/cap/day),2016,kcal/cap/d,1749
Gambia,Value,Minimum dietary energy requirement (kcal/cap/day),2017,kcal/cap/d,1753
Gambia,Value,Minimum dietary energy requirement (kcal/cap/day),2018,kcal/cap/d,1757
Gambia,Value,Minimum dietary energy requirement (kcal/cap/day),2019,kcal/cap/d,1762
Gambia,Value,Minimum dietary energy requirement (kcal/cap/day),2020,kcal/cap/d,1767
Gambia,Value,Minimum dietary energy requirement (kcal/cap/day),2021,kcal/cap/d,1771
Gambia,Value,Minimum dietary energy requirement (kcal/cap/day),2022,kcal/cap/d,1776
Gambia,Value,Minimum dietary energy requirement (kcal/cap/day),2023,kcal/cap/d,1780
Gambia,Value,Average dietary energy requirement (kcal/cap/day),2001,kcal/cap/d,2203
Gambia,Value,Average dietary energy requirement (kcal/cap/day),2002,kcal/cap/d,2208
Gambia,Value,Average dietary energy requirement (kcal/cap/day),2003,kcal/cap/d,2213
Gambia,Value,Average dietary energy requirement (kcal/cap/day),2004,kcal/cap/d,2218
Gambia,Value,Average dietary energy requirement (kcal/cap/day),2005,kcal/cap/d,2222
Gambia,Value,Average dietary energy requirement (kcal/cap/day),2006,kcal/cap/d,2226
Gambia,Value,Average dietary energy requirement (kcal/cap/day),2007,kcal/cap/d,2229
Gambia,Value,Average dietary energy requirement (kcal/cap/day),2008,kcal/cap/d,2233
Gambia,Value,Average dietary energy requirement (kcal/cap/day),2009,kcal/cap/d,2236
Gambia,Value,Average dietary energy requirement (kcal/cap/day),2010,kcal/cap/d,2239
Gambia,Value,Average dietary energy requirement (kcal/cap/day),2011,kcal/cap/d,2241
Gambia,Value,Average dietary energy requirement (kcal/cap/day),2012,kcal/cap/d,2243
Gambia,Value,Average dietary energy requirement (kcal/cap/day),2013,kcal/cap/d,2244
Gambia,Value,Average dietary energy requirement (kcal/cap/day),2014,kcal/cap/d,2246
Gambia,Value,Average dietary energy requirement (kcal/cap/day),2015,kcal/cap/d,2249
Gambia,Value,Average dietary energy requirement (kcal/cap/day),2016,kcal/cap/d,2254
Gambia,Value,Average dietary energy requirement (kcal/cap/day),2017,kcal/cap/d,2259
Gambia,Value,Average dietary energy requirement (kcal/cap/day),2018,kcal/cap/d,2265
Gambia,Value,Average dietary energy requirement (kcal/cap/day),2019,kcal/cap/d,2272
Gambia,Value,Average dietary energy requirement (kcal/cap/day),2020,kcal/cap/d,2278
Gambia,Value,Average dietary energy requirement (kcal/cap/day),2021,kcal/cap/d,2285
Gambia,Value,Average dietary energy requirement (kcal/cap/day),2022,kcal/cap/d,2292
Gambia,Value,Average dietary energy requirement (kcal/cap/day),2023,kcal/cap/d,2299
Gambia,Value,Coefficient of variation of habitual caloric consumption distribution (real number),2001,No,0.28
Gambia,Value,Coefficient of variation of habitual caloric consumption distribution (real number),2002,No,0.28
Gambia,Value,Coefficient of variation of habitual caloric consumption distribution (real number),2003,No,0.28
Gambia,Value,Coefficient of variation of habitual caloric consumption distribution (real number),2004,No,0.28
Gambia,Value,Coefficient of variation of habitual caloric consumption distribution (real number),2005,No,0.28
Gambia,Value,Coefficient of variation of habitual caloric consumption distribution (real number),2006,No,0.28
Gambia,Value,Coefficient of variation of habitual caloric consumption distribution (real number),2007,No,0.28
Gambia,Value,Coefficient of variation of habitual caloric consumption distribution (real number),2008,No,0.28
Gambia,Value,Coefficient of variation of habitual caloric consumption distribution (real number),2009,No,0.28
Gambia,Value,Coefficient of variation of habitual caloric consumption distribution (real number),2010,No,0.28
Gambia,Value,Coefficient of variation of habitual caloric consumption distribution (real number),2011,No,0.28
Gambia,Value,Coefficient of variation of habitual caloric consumption distribution (real number),2012,No,0.28
Gambia,Value,Coefficient of variation of habitual caloric consumption distribution (real number),2013,No,0.28
Gambia,Value,Coefficient of variation of habitual caloric consumption distribution (real number),2014,No,0.28
Gambia,Value,Coefficient of variation of habitual caloric consumption distribution (real number),2015,No,0.28
Gambia,Value,Coefficient of variation of habitual caloric consumption distribution (real number),2016,No,0.28
Gambia,Value,Coefficient of variation of habitual caloric consumption distribution (real number),2017,No,0.28
Gambia,Value,Coefficient of variation of habitual caloric consumption distribution (real number),2018,No,0.28
Gambia,Value,Coefficient of variation of habitual caloric consumption distribution (real number),2019,No,0.28
Gambia,Value,Coefficient of variation of habitual caloric consumption distribution (real number),2020,No,0.3
Gambia,Value,Coefficient of variation of habitual caloric consumption distribution (real number),2021,No,0.3
Gambia,Value,Coefficient of variation of habitual caloric consumption distribution (real number),2022,No,0.3
Gambia,Value,Coefficient of variation of habitual caloric consumption distribution (real number),2023,No,0.29
Gambia,Value,Incidence of caloric losses at retail distribution level (percent),2001,%,2.05
Gambia,Value,Incidence of caloric losses at retail distribution level (percent),2002,%,2.15
Gambia,Value,Incidence of caloric losses at retail distribution level (percent),2003,%,2.08
Gambia,Value,Incidence of caloric losses at retail distribution level (percent),2004,%,2.06
Gambia,Value,Incidence of caloric losses at retail distribution level (percent),2005,%,2.06
Gambia,Value,Incidence of caloric losses at retail distribution level (percent),2006,%,2.15
Gambia,Value,Incidence of caloric losses at retail distribution level (percent),2007,%,2.15
Gambia,Value,Incidence of caloric losses at retail distribution level (percent),2008,%,2.19
Gambia,Value,Incidence of caloric losses at retail distribution level (percent),2009,%,2.21
Gambia,Value,Incidence of caloric losses at retail distribution level (percent),2010,%,2.33
Gambia,Value,Incidence of caloric losses at retail distribution level (percent),2011,%,2.25
Gambia,Value,Incidence of caloric losses at retail distribution level (percent),2012,%,2.19
Gambia,Value,Incidence of caloric losses at retail distribution level (percent),2013,%,2.14
Gambia,Value,Incidence of caloric losses at retail distribution level (percent),2014,%,2.18
Gambia,Value,Incidence of caloric losses at retail distribution level (percent),2015,%,2.23
Gambia,Value,Incidence of caloric losses at retail distribution level (percent),2016,%,2.25
Gambia,Value,Incidence of caloric losses at retail distribution level (percent),2017,%,2.34
Gambia,Value,Incidence of caloric losses at retail distribution level (percent),2018,%,2.28
Gambia,Value,Incidence of caloric losses at retail distribution level (percent),2019,%,2.28
Gambia,Value,Incidence of caloric losses at retail distribution level (percent),2020,%,2.18
Gambia,Value,Incidence of caloric losses at retail distribution level (percent),2021,%,2.11
Gambia,Value,Incidence of caloric losses at retail distribution level (percent),2022,%,2.02
Gambia,Value,Incidence of caloric losses at retail distribution level (percent),2023,%,2.02
Ghana,Value,Dietary energy supply used in the estimation of the prevalence of undernourishment (kcal/cap/day),2001,kcal/cap/d,2504
Ghana,Value,Dietary energy supply used in the estimation of the prevalence of undernourishment (kcal/cap/day),2002,kcal/cap/d,2595
Ghana,Value,Dietary energy supply used in the estimation of the prevalence of undernourishment (kcal/cap/day),2003,kcal/cap/d,2611
Ghana,Value,Dietary energy supply used in the estimation of the prevalence of undernourishment (kcal/cap/day),2004,kcal/cap/d,2627
Ghana,Value,Dietary energy supply used in the estimation of the prevalence of undernourishment (kcal/cap/day),2005,kcal/cap/d,2697
Ghana,Value,Dietary energy supply used in the estimation of the prevalence of undernourishment (kcal/cap/day),2006,kcal/cap/d,2770
Ghana,Value,Dietary energy supply used in the estimation of the prevalence of undernourishment (kcal/cap/day),2007,kcal/cap/d,2750
Ghana,Value,Dietary energy supply used in the estimation of the prevalence of undernourishment (kcal/cap/day),2008,kcal/cap/d,2893
Ghana,Value,Dietary energy supply used in the estimation of the prevalence of undernourishment (kcal/cap/day),2009,kcal/cap/d,2972
Ghana,Value,Dietary energy supply used in the estimation of the prevalence of undernourishment (kcal/cap/day),2010,kcal/cap/d,2942
Ghana,Value,Dietary energy supply used in the estimation of the prevalence of undernourishment (kcal/cap/day),2011,kcal/cap/d,2915
Ghana,Value,Dietary energy supply used in the estimation of the prevalence of undernourishment (kcal/cap/day),2012,kcal/cap/d,2908
Ghana,Value,Dietary energy supply used in the estimation of the prevalence of undernourishment (kcal/cap/day),2013,kcal/cap/d,2886
Ghana,Value,Dietary energy supply used in the estimation of the prevalence of undernourishment (kcal/cap/day),2014,kcal/cap/d,2878
Ghana,Value,Dietary energy supply used in the estimation of the prevalence of undernourishment (kcal/cap/day),2015,kcal/cap/d,2814
Ghana,Value,Dietary energy supply used in the estimation of the prevalence of undernourishment (kcal/cap/day),2016,kcal/cap/d,2794
Ghana,Value,Dietary energy supply used in the estimation of the prevalence of undernourishment (kcal/cap/day),2017,kcal/cap/d,2888
Ghana,Value,Dietary energy supply used in the estimation of the prevalence of undernourishment (kcal/cap/day),2018,kcal/cap/d,2973
Ghana,Value,Dietary energy supply used in the estimation of the prevalence of undernourishment (kcal/cap/day),2019,kcal/cap/d,3036
Ghana,Value,Dietary energy supply used in the estimation of the prevalence of undernourishment (kcal/cap/day),2020,kcal/cap/d,3070
Ghana,Value,Dietary energy supply used in the estimation of the prevalence of undernourishment (kcal/cap/day),2021,kcal/cap/d,3144
Ghana,Value,Dietary energy supply used in the estimation of the prevalence of undernourishment (kcal/cap/day),2022,kcal/cap/d,3138
Ghana,Value,Dietary energy supply used in the estimation of the prevalence of undernourishment (kcal/cap/day),2023,kcal/cap/d,3125
Ghana,Value,Rail lines density (total route in km per 100 square km of land area),2001,km,0.4
Ghana,Value,Rail lines density (total route in km per 100 square km of land area),2002,km,0.4
Ghana,Value,Rail lines density (total route in km per 100 square km of land area),2003,km,0.4
Ghana,Value,Rail lines density (total route in km per 100 square km of land area),2006,km,0.4
Ghana,Value,"Gross domestic product per capita, PPP, (constant 2021 international $)",2001,Int$/cap,3370
Ghana,Value,"Gross domestic product per capita, PPP, (constant 2021 international $)",2002,Int$/cap,3426
Ghana,Value,"Gross domestic product per capita, PPP, (constant 2021 international $)",2003,Int$/cap,3508
Ghana,Value,"Gross domestic product per capita, PPP, (constant 2021 international $)",2004,Int$/cap,3607
Ghana,Value,"Gross domestic product per capita, PPP, (constant 2021 international $)",2005,Int$/cap,3721
Ghana,Value,"Gross domestic product per capita, PPP, (constant 2021 international $)",2006,Int$/cap,3858
Ghana,Value,"Gross domestic product per capita, PPP, (constant 2021 international $)",2007,Int$/cap,3923
Ghana,Value,"Gross domestic product per capita, PPP, (constant 2021 international $)",2008,Int$/cap,4175
Ghana,Value,"Gross domestic product per capita, PPP, (constant 2021 international $)",2009,Int$/cap,4269
Ghana,Value,"Gross domestic product per capita, PPP, (constant 2021 international $)",2010,Int$/cap,4496
Ghana,Value,"Gross domestic product per capita, PPP, (constant 2021 international $)",2011,Int$/cap,5005
Ghana,Value,"Gross domestic product per capita, PPP, (constant 2021 international $)",2012,Int$/cap,5340
Ghana,Value,"Gross domestic product per capita, PPP, (constant 2021 international $)",2013,Int$/cap,5594
Ghana,Value,"Gross domestic product per capita, PPP, (constant 2021 international $)",2014,Int$/cap,5619
Ghana,Value,"Gross domestic product per capita, PPP, (constant 2021 international $)",2015,Int$/cap,5607
Ghana,Value,"Gross domestic product per capita, PPP, (constant 2021 international $)",2016,Int$/cap,5666
Ghana,Value,"Gross domestic product per capita, PPP, (constant 2021 international $)",2017,Int$/cap,5994
Ghana,Value,"Gross domestic product per capita, PPP, (constant 2021 international $)",2018,Int$/cap,6235
Ghana,Value,"Gross domestic product per capita, PPP, (constant 2021 international $)",2019,Int$/cap,6508
Ghana,Value,"Gross domestic product per capita, PPP, (constant 2021 international $)",2020,Int$/cap,6413
Ghana,Value,"Gross domestic product per capita, PPP, (constant 2021 international $)",2021,Int$/cap,6608
Ghana,Value,"Gross domestic product per capita, PPP, (constant 2021 international $)",2022,Int$/cap,6729
Ghana,Value,"Gross domestic product per capita, PPP, (constant 2021 international $)",2023,Int$/cap,6809
Ghana,Value,Political stability and absence of violence/terrorism (index),2002,,-0.16
Ghana,Value,Political stability and absence of violence/terrorism (index),2003,,0.03
Ghana,Value,Political stability and absence of violence/terrorism (index),2004,,0.04
Ghana,Value,Political stability and absence of violence/terrorism (index),2005,,0.17
Ghana,Value,Political stability and absence of violence/terrorism (index),2006,,0.01
Ghana,Value,Political stability and absence of violence/terrorism (index),2007,,-0.07
Ghana,Value,Political stability and absence of violence/terrorism (index),2008,,-0.03
Ghana,Value,Political stability and absence of violence/terrorism (index),2009,,0.03
Ghana,Value,Political stability and absence of violence/terrorism (index),2010,,0.03
Ghana,Value,Political stability and absence of violence/terrorism (index),2011,,0.17
Ghana,Value,Political stability and absence of violence/terrorism (index),2012,,0.13
Ghana,Value,Political stability and absence of violence/terrorism (index),2013,,0.06
Ghana,Value,Political stability and absence of violence/terrorism (index),2014,,-0.11
Ghana,Value,Political stability and absence of violence/terrorism (index),2015,,-0.04
Ghana,Value,Political stability and absence of violence/terrorism (index),2016,,-0.14
Ghana,Value,Political stability and absence of violence/terrorism (index),2017,,0.08
Ghana,Value,Political stability and absence of violence/terrorism (index),2018,,-0.04
Ghana,Value,Political stability and absence of violence/terrorism (index),2019,,0.12
Ghana,Value,Political stability and absence of violence/terrorism (index),2020,,0.17
Ghana,Value,Political stability and absence of violence/terrorism (index),2021,,0.07
Ghana,Value,Political stability and absence of violence/terrorism (index),2022,,-0.2
Ghana,Value,Per capita food supply variability (kcal/cap/day),2001,kcal/cap/d,44
Ghana,Value,Per capita food supply variability (kcal/cap/day),2002,kcal/cap/d,23
Ghana,Value,Per capita food supply variability (kcal/cap/day),2003,kcal/cap/d,24
Ghana,Value,Per capita food supply variability (kcal/cap/day),2004,kcal/cap/d,25
Ghana,Value,Per capita food supply variability (kcal/cap/day),2005,kcal/cap/d,24
Ghana,Value,Per capita food supply variability (kcal/cap/day),2006,kcal/cap/d,23
Ghana,Value,Per capita food supply variability (kcal/cap/day),2007,kcal/cap/d,31
Ghana,Value,Per capita food supply variability (kcal/cap/day),2008,kcal/cap/d,31
Ghana,Value,Per capita food supply variability (kcal/cap/day),2009,kcal/cap/d,59
Ghana,Value,Per capita food supply variability (kcal/cap/day),2010,kcal/cap/d,76
Ghana,Value,Per capita food supply variability (kcal/cap/day),2011,kcal/cap/d,69
Ghana,Value,Per capita food supply variability (kcal/cap/day),2012,kcal/cap/d,65
Ghana,Value,Per capita food supply variability (kcal/cap/day),2013,kcal/cap/d,49
Ghana,Value,Per capita food supply variability (kcal/cap/day),2014,kcal/cap/d,65
Ghana,Value,Per capita food supply variability (kcal/cap/day),2015,kcal/cap/d,57
Ghana,Value,Per capita food supply variability (kcal/cap/day),2016,kcal/cap/d,70
Ghana,Value,Per capita food supply variability (kcal/cap/day),2017,kcal/cap/d,80
Ghana,Value,Per capita food supply variability (kcal/cap/day),2018,kcal/cap/d,61
Ghana,Value,Per capita food supply variability (kcal/cap/day),2019,kcal/cap/d,57
Ghana,Value,Per capita food supply variability (kcal/cap/day),2020,kcal/cap/d,71
Ghana,Value,Per capita food supply variability (kcal/cap/day),2021,kcal/cap/d,77
Ghana,Value,Per capita food supply variability (kcal/cap/day),2022,kcal/cap/d,59
Ghana,Value,Per capita food supply variability (kcal/cap/day),2023,kcal/cap/d,34
Ghana,Value,Percentage of population using safely managed drinking water services (percent),2001,%,12
Ghana,Value,Percentage of population using safely managed drinking water services (percent),2002,%,13
Ghana,Value,Percentage of population using safely managed drinking water services (percent),2003,%,14
Ghana,Value,Percentage of population using safely managed drinking water services (percent),2004,%,16
Ghana,Value,Percentage of population using safely managed drinking water services (percent),2005,%,17
Ghana,Value,Percentage of population using safely managed drinking water services (percent),2006,%,19
Ghana,Value,Percentage of population using safely managed drinking water services (percent),2007,%,20
Ghana,Value,Percentage of population using safely managed drinking water services (percent),2008,%,22
Ghana,Value,Percentage of population using safely managed drinking water services (percent),2009,%,23
Ghana,Value,Percentage of population using safely managed drinking water services (percent),2010,%,25
Ghana,Value,Percentage of population using safely managed drinking water services (percent),2011,%,26
Ghana,Value,Percentage of population using safely managed drinking water services (percent),2012,%,28
Ghana,Value,Percentage of population using safely managed drinking water services (percent),2013,%,30
Ghana,Value,Percentage of population using safely managed drinking water services (percent),2014,%,32
Ghana,Value,Percentage of population using safely managed drinking water services (percent),2015,%,33
Ghana,Value,Percentage of population using safely managed drinking water services (percent),2016,%,35
Ghana,Value,Percentage of population using safely managed drinking water services (percent),2017,%,37
Ghana,Value,Percentage of population using safely managed drinking water services (percent),2018,%,39
Ghana,Value,Percentage of population using safely managed drinking water services (percent),2019,%,40
Ghana,Value,Percentage of population using safely managed drinking water services (percent),2020,%,42
Ghana,Value,Percentage of population using safely managed drinking water services (percent),2021,%,44
Ghana,Value,Percentage of population using safely managed drinking water services (percent),2022,%,44
Ghana,Value,Percentage of population using at least basic drinking water services (percent),2001,%,66
Ghana,Value,Percentage of population using at least basic drinking water services (percent),2002,%,67
Ghana,Value,Percentage of population using at least basic drinking water services (percent),2003,%,68
Ghana,Value,Percentage of population using at least basic drinking water services (percent),2004,%,69
Ghana,Value,Percentage of population using at least basic drinking water services (percent),2005,%,70
Ghana,Value,Percentage of population using at least basic drinking water services (percent),2006,%,71
Ghana,Value,Percentage of population using at least basic drinking water services (percent),2007,%,72
Ghana,Value,Percentage of population using at least basic drinking water services (percent),2008,%,74
Ghana,Value,Percentage of population using at least basic drinking water services (percent),2009,%,74
Ghana,Value,Percentage of population using at least basic drinking water services (percent),2010,%,76
Ghana,Value,Percentage of population using at least basic drinking water services (percent),2011,%,77
Ghana,Value,Percentage of population using at least basic drinking water services (percent),2012,%,78
Ghana,Value,Percentage of population using at least basic drinking water services (percent),2013,%,79
Ghana,Value,Percentage of population using at least basic drinking water services (percent),2014,%,80
Ghana,Value,Percentage of population using at least basic drinking water services (percent),2015,%,81
Ghana,Value,Percentage of population using at least basic drinking water services (percent),2016,%,82
Ghana,Value,Percentage of population using at least basic drinking water services (percent),2017,%,83
Ghana,Value,Percentage of population using at least basic drinking water services (percent),2018,%,84
Ghana,Value,Percentage of population using at least basic drinking water services (percent),2019,%,85
Ghana,Value,Percentage of population using at least basic drinking water services (percent),2020,%,86
Ghana,Value,Percentage of population using at least basic drinking water services (percent),2021,%,87
Ghana,Value,Percentage of population using at least basic drinking water services (percent),2022,%,88
Ghana,Value,Percentage of population using safely managed sanitation services (percent),2001,%,4
Ghana,Value,Percentage of population using safely managed sanitation services (percent),2002,%,4
Ghana,Value,Percentage of population using safely managed sanitation services (percent),2003,%,5
Ghana,Value,Percentage of population using safely managed sanitation services (percent),2004,%,5
Ghana,Value,Percentage of population using safely managed sanitation services (percent),2005,%,6
Ghana,Value,Percentage of population using safely managed sanitation services (percent),2006,%,6
Ghana,Value,Percentage of population using safely managed sanitation services (percent),2007,%,7
Ghana,Value,Percentage of population using safely managed sanitation services (percent),2008,%,8
Ghana,Value,Percentage of population using safely managed sanitation services (percent),2009,%,8
Ghana,Value,Percentage of population using safely managed sanitation services (percent),2010,%,9
Ghana,Value,Percentage of population using safely managed sanitation services (percent),2011,%,9
Ghana,Value,Percentage of population using safely managed sanitation services (percent),2012,%,10
Ghana,Value,Percentage of population using safely managed sanitation services (percent),2013,%,11
Ghana,Value,Percentage of population using safely managed sanitation services (percent),2014,%,11
Ghana,Value,Percentage of population using safely managed sanitation services (percent),2015,%,12
Ghana,Value,Percentage of population using safely managed sanitation services (percent),2016,%,12
Ghana,Value,Percentage of population using safely managed sanitation services (percent),2017,%,13
Ghana,Value,Percentage of population using safely managed sanitation services (percent),2018,%,14
Ghana,Value,Percentage of population using safely managed sanitation services (percent),2019,%,14
Ghana,Value,Percentage of population using safely managed sanitation services (percent),2020,%,15
Ghana,Value,Percentage of population using safely managed sanitation services (percent),2021,%,15
Ghana,Value,Percentage of population using safely managed sanitation services (percent),2022,%,16
Ghana,Value,Percentage of population using at least basic sanitation services (percent),2001,%,6
Ghana,Value,Percentage of population using at least basic sanitation services (percent),2002,%,7
Ghana,Value,Percentage of population using at least basic sanitation services (percent),2003,%,8
Ghana,Value,Percentage of population using at least basic sanitation services (percent),2004,%,9
Ghana,Value,Percentage of population using at least basic sanitation services (percent),2005,%,10
Ghana,Value,Percentage of population using at least basic sanitation services (percent),2006,%,11
Ghana,Value,Percentage of population using at least basic sanitation services (percent),2007,%,12
Ghana,Value,Percentage of population using at least basic sanitation services (percent),2008,%,13
Ghana,Value,Percentage of population using at least basic sanitation services (percent),2009,%,14
Ghana,Value,Percentage of population using at least basic sanitation services (percent),2010,%,15
Ghana,Value,Percentage of population using at least basic sanitation services (percent),2011,%,16
Ghana,Value,Percentage of population using at least basic sanitation services (percent),2012,%,17
Ghana,Value,Percentage of population using at least basic sanitation services (percent),2013,%,18
Ghana,Value,Percentage of population using at least basic sanitation services (percent),2014,%,19
Ghana,Value,Percentage of population using at least basic sanitation services (percent),2015,%,20
Ghana,Value,Percentage of population using at least basic sanitation services (percent),2016,%,22
Ghana,Value,Percentage of population using at least basic sanitation services (percent),2017,%,23
Ghana,Value,Percentage of population using at least basic sanitation services (percent),2018,%,24
Ghana,Value,Percentage of population using at least basic sanitation services (percent),2019,%,25
Ghana,Value,Percentage of population using at least basic sanitation services (percent),2020,%,26
Ghana,Value,Percentage of population using at least basic sanitation services (percent),2021,%,27
Ghana,Value,Percentage of population using at least basic sanitation services (percent),2022,%,29
Ghana,Value,Percentage of children under 5 years affected by wasting (percent),2003,%,8.4
Ghana,Value,Percentage of children under 5 years affected by wasting (percent),2006,%,6
Ghana,Value,Percentage of children under 5 years affected by wasting (percent),2008,%,8.7
Ghana,Value,Percentage of children under 5 years affected by wasting (percent),2011,%,6.2
Ghana,Value,Percentage of children under 5 years affected by wasting (percent),2014,%,4.7
Ghana,Value,Percentage of children under 5 years affected by wasting (percent),2017,%,6.8
Ghana,Value,Percentage of children under 5 years affected by wasting (percent),2022,%,5.8
Ghana,Value,Number of children under 5 years affected by wasting (million),2003,million No,0.3
Ghana,Value,Number of children under 5 years affected by wasting (million),2006,million No,0.2
Ghana,Value,Number of children under 5 years affected by wasting (million),2008,million No,0.3
Ghana,Value,Number of children under 5 years affected by wasting (million),2011,million No,0.2
Ghana,Value,Number of children under 5 years affected by wasting (million),2014,million No,0.2
Ghana,Value,Number of children under 5 years affected by wasting (million),2017,million No,0.3
Ghana,Value,Number of children under 5 years affected by wasting (million),2022,million No,0.2
Ghana,Value,Percentage of children under 5 years of age who are stunted (modelled estimates) (percent),2001,%,32.4
Ghana,Value,Percentage of children under 5 years of age who are stunted (modelled estimates) (percent),2002,%,31.8
Ghana,Value,Percentage of children under 5 years of age who are stunted (modelled estimates) (percent),2003,%,31.2
Ghana,Value,Percentage of children under 5 years of age who are stunted (modelled estimates) (percent),2004,%,30.4
Ghana,Value,Percentage of children under 5 years of age who are stunted (modelled estimates) (percent),2005,%,29.7
Ghana,Value,Percentage of children under 5 years of age who are stunted (modelled estimates) (percent),2006,%,28.8
Ghana,Value,Percentage of children under 5 years of age who are stunted (modelled estimates) (percent),2007,%,27.8
Ghana,Value,Percentage of children under 5 years of age who are stunted (modelled estimates) (percent),2008,%,26.7
Ghana,Value,Percentage of children under 5 years of age who are stunted (modelled estimates) (percent),2009,%,25.6
Ghana,Value,Percentage of children under 5 years of age who are stunted (modelled estimates) (percent),2010,%,24.5
Ghana,Value,Percentage of children under 5 years of age who are stunted (modelled estimates) (percent),2011,%,23.3
Ghana,Value,Percentage of children under 5 years of age who are stunted (modelled estimates) (percent),2012,%,22.3
Ghana,Value,Percentage of children under 5 years of age who are stunted (modelled estimates) (percent),2013,%,21.3
Ghana,Value,Percentage of children under 5 years of age who are stunted (modelled estimates) (percent),2014,%,20.5
Ghana,Value,Percentage of children under 5 years of age who are stunted (modelled estimates) (percent),2015,%,19.8
Ghana,Value,Percentage of children under 5 years of age who are stunted (modelled estimates) (percent),2016,%,19.2
Ghana,Value,Percentage of children under 5 years of age who are stunted (modelled estimates) (percent),2017,%,18.5
Ghana,Value,Percentage of children under 5 years of age who are stunted (modelled estimates) (percent),2018,%,17.8
Ghana,Value,Percentage of children under 5 years of age who are stunted (modelled estimates) (percent),2019,%,17.1
Ghana,Value,Percentage of children under 5 years of age who are stunted (modelled estimates) (percent),2020,%,16.5
Ghana,Value,Percentage of children under 5 years of age who are stunted (modelled estimates) (percent),2021,%,16
Ghana,Value,Percentage of children under 5 years of age who are stunted (modelled estimates) (percent),2022,%,15.7
Ghana,Value,Percentage of children under 5 years of age who are stunted (modelled estimates) (percent),2023,%,15.6
Ghana,Value,Number of children under 5 years of age who are stunted (modeled estimates) (million),2001,million No,1
Ghana,Value,Number of children under 5 years of age who are stunted (modeled estimates) (million),2002,million No,1
Ghana,Value,Number of children under 5 years of age who are stunted (modeled estimates) (million),2003,million No,1
Ghana,Value,Number of children under 5 years of age who are stunted (modeled estimates) (million),2004,million No,1
Ghana,Value,Number of children under 5 years of age who are stunted (modeled estimates) (million),2005,million No,1
Ghana,Value,Number of children under 5 years of age who are stunted (modeled estimates) (million),2006,million No,1
Ghana,Value,Number of children under 5 years of age who are stunted (modeled estimates) (million),2007,million No,1
Ghana,Value,Number of children under 5 years of age who are stunted (modeled estimates) (million),2008,million No,1
Ghana,Value,Number of children under 5 years of age who are stunted (modeled estimates) (million),2009,million No,0.9
Ghana,Value,Number of children under 5 years of age who are stunted (modeled estimates) (million),2010,million No,0.9
Ghana,Value,Number of children under 5 years of age who are stunted (modeled estimates) (million),2011,million No,0.9
Ghana,Value,Number of children under 5 years of age who are stunted (modeled estimates) (million),2012,million No,0.9
Ghana,Value,Number of children under 5 years of age who are stunted (modeled estimates) (million),2013,million No,0.8
Ghana,Value,Number of children under 5 years of age who are stunted (modeled estimates) (million),2014,million No,0.8
Ghana,Value,Number of children under 5 years of age who are stunted (modeled estimates) (million),2015,million No,0.8
Ghana,Value,Number of children under 5 years of age who are stunted (modeled estimates) (million),2016,million No,0.8
Ghana,Value,Number of children under 5 years of age who are stunted (modeled estimates) (million),2017,million No,0.8
Ghana,Value,Number of children under 5 years of age who are stunted (modeled estimates) (million),2018,million No,0.7
Ghana,Value,Number of children under 5 years of age who are stunted (modeled estimates) (million),2019,million No,0.7
Ghana,Value,Number of children under 5 years of age who are stunted (modeled estimates) (million),2020,million No,0.7
Ghana,Value,Number of children under 5 years of age who are stunted (modeled estimates) (million),2021,million No,0.7
Ghana,Value,Number of children under 5 years of age who are stunted (modeled estimates) (million),2022,million No,0.7
Ghana,Value,Number of children under 5 years of age who are stunted (modeled estimates) (million),2023,million No,0.7
Ghana,Value,Percentage of children under 5 years of age who are overweight (modelled estimates) (percent),2001,%,3.4
Ghana,Value,Percentage of children under 5 years of age who are overweight (modelled estimates) (percent),2002,%,3.4
Ghana,Value,Percentage of children under 5 years of age who are overweight (modelled estimates) (percent),2003,%,3.4
Ghana,Value,Percentage of children under 5 years of age who are overweight (modelled estimates) (percent),2004,%,3.3
Ghana,Value,Percentage of children under 5 years of age who are overweight (modelled estimates) (percent),2005,%,3.3
Ghana,Value,Percentage of children under 5 years of age who are overweight (modelled estimates) (percent),2006,%,3.2
Ghana,Value,Percentage of children under 5 years of age who are overweight (modelled estimates) (percent),2007,%,3.1
Ghana,Value,Percentage of children under 5 years of age who are overweight (modelled estimates) (percent),2008,%,3
Ghana,Value,Percentage of children under 5 years of age who are overweight (modelled estimates) (percent),2009,%,2.9
Ghana,Value,Percentage of children under 5 years of age who are overweight (modelled estimates) (percent),2010,%,2.8
Ghana,Value,Percentage of children under 5 years of age who are overweight (modelled estimates) (percent),2011,%,2.7
Ghana,Value,Percentage of children under 5 years of age who are overweight (modelled estimates) (percent),2012,%,2.6
Ghana,Value,Percentage of children under 5 years of age who are overweight (modelled estimates) (percent),2013,%,2.5
Ghana,Value,Percentage of children under 5 years of age who are overweight (modelled estimates) (percent),2014,%,2.4
Ghana,Value,Percentage of children under 5 years of age who are overweight (modelled estimates) (percent),2015,%,2.3
Ghana,Value,Percentage of children under 5 years of age who are overweight (modelled estimates) (percent),2016,%,2.2
Ghana,Value,Percentage of children under 5 years of age who are overweight (modelled estimates) (percent),2017,%,2.1
Ghana,Value,Percentage of children under 5 years of age who are overweight (modelled estimates) (percent),2018,%,2
Ghana,Value,Percentage of children under 5 years of age who are overweight (modelled estimates) (percent),2019,%,1.9
Ghana,Value,Percentage of children under 5 years of age who are overweight (modelled estimates) (percent),2020,%,1.9
Ghana,Value,Percentage of children under 5 years of age who are overweight (modelled estimates) (percent),2021,%,1.9
Ghana,Value,Percentage of children under 5 years of age who are overweight (modelled estimates) (percent),2022,%,1.8
Ghana,Value,Percentage of children under 5 years of age who are overweight (modelled estimates) (percent),2023,%,1.8
Ghana,Value,Number of children under 5 years of age who are overweight (modeled estimates) (million),2001,million No,0.1
Ghana,Value,Number of children under 5 years of age who are overweight (modeled estimates) (million),2002,million No,0.1
Ghana,Value,Number of children under 5 years of age who are overweight (modeled estimates) (million),2003,million No,0.1
Ghana,Value,Number of children under 5 years of age who are overweight (modeled estimates) (million),2004,million No,0.1
Ghana,Value,Number of children under 5 years of age who are overweight (modeled estimates) (million),2005,million No,0.1
Ghana,Value,Number of children under 5 years of age who are overweight (modeled estimates) (million),2006,million No,0.1
Ghana,Value,Number of children under 5 years of age who are overweight (modeled estimates) (million),2007,million No,0.1
Ghana,Value,Number of children under 5 years of age who are overweight (modeled estimates) (million),2008,million No,0.1
Ghana,Value,Number of children under 5 years of age who are overweight (modeled estimates) (million),2009,million No,0.1
Ghana,Value,Number of children under 5 years of age who are overweight (modeled estimates) (million),2010,million No,0.1
Ghana,Value,Number of children under 5 years of age who are overweight (modeled estimates) (million),2011,million No,0.1
Ghana,Value,Number of children under 5 years of age who are overweight (modeled estimates) (million),2012,million No,<0.1
Ghana,Value,Number of children under 5 years of age who are overweight (modeled estimates) (million),2013,million No,<0.1
Ghana,Value,Number of children under 5 years of age who are overweight (modeled estimates) (million),2014,million No,<0.1
Ghana,Value,Number of children under 5 years of age who are overweight (modeled estimates) (million),2015,million No,<0.1
Ghana,Value,Number of children under 5 years of age who are overweight (modeled estimates) (million),2016,million No,<0.1
Ghana,Value,Number of children under 5 years of age who are overweight (modeled estimates) (million),2017,million No,<0.1
Ghana,Value,Number of children under 5 years of age who are overweight (modeled estimates) (million),2018,million No,<0.1
Ghana,Value,Number of children under 5 years of age who are overweight (modeled estimates) (million),2019,million No,<0.1
Ghana,Value,Number of children under 5 years of age who are overweight (modeled estimates) (million),2020,million No,<0.1
Ghana,Value,Number of children under 5 years of age who are overweight (modeled estimates) (million),2021,million No,<0.1
Ghana,Value,Number of children under 5 years of age who are overweight (modeled estimates) (million),2022,million No,<0.1
Ghana,Value,Number of children under 5 years of age who are overweight (modeled estimates) (million),2023,million No,<0.1
Ghana,Value,Prevalence of obesity in the adult population (18 years and older) (percent),2001,%,6.5
Ghana,Value,Prevalence of obesity in the adult population (18 years and older) (percent),2002,%,6.9
Ghana,Value,Prevalence of obesity in the adult population (18 years and older) (percent),2003,%,7.3
Ghana,Value,Prevalence of obesity in the adult population (18 years and older) (percent),2004,%,7.8
Ghana,Value,Prevalence of obesity in the adult population (18 years and older) (percent),2005,%,8.2
Ghana,Value,Prevalence of obesity in the adult population (18 years and older) (percent),2006,%,8.5
Ghana,Value,Prevalence of obesity in the adult population (18 years and older) (percent),2007,%,8.9
Ghana,Value,Prevalence of obesity in the adult population (18 years and older) (percent),2008,%,9.2
Ghana,Value,Prevalence of obesity in the adult population (18 years and older) (percent),2009,%,9.5
Ghana,Value,Prevalence of obesity in the adult population (18 years and older) (percent),2010,%,9.8
Ghana,Value,Prevalence of obesity in the adult population (18 years and older) (percent),2011,%,10
Ghana,Value,Prevalence of obesity in the adult population (18 years and older) (percent),2012,%,10.2
Ghana,Value,Prevalence of obesity in the adult population (18 years and older) (percent),2013,%,10.5
Ghana,Value,Prevalence of obesity in the adult population (18 years and older) (percent),2014,%,10.7
Ghana,Value,Prevalence of obesity in the adult population (18 years and older) (percent),2015,%,10.9
Ghana,Value,Prevalence of obesity in the adult population (18 years and older) (percent),2016,%,11.2
Ghana,Value,Prevalence of obesity in the adult population (18 years and older) (percent),2017,%,11.4
Ghana,Value,Prevalence of obesity in the adult population (18 years and older) (percent),2018,%,11.7
Ghana,Value,Prevalence of obesity in the adult population (18 years and older) (percent),2019,%,12
Ghana,Value,Prevalence of obesity in the adult population (18 years and older) (percent),2020,%,12.3
Ghana,Value,Prevalence of obesity in the adult population (18 years and older) (percent),2021,%,12.6
Ghana,Value,Prevalence of obesity in the adult population (18 years and older) (percent),2022,%,12.9
Ghana,Value,Number of obese adults (18 years and older) (million),2001,million No,0.7
Ghana,Value,Number of obese adults (18 years and older) (million),2002,million No,0.7
Ghana,Value,Number of obese adults (18 years and older) (million),2003,million No,0.8
Ghana,Value,Number of obese adults (18 years and older) (million),2004,million No,0.9
Ghana,Value,Number of obese adults (18 years and older) (million),2005,million No,1
Ghana,Value,Number of obese adults (18 years and older) (million),2006,million No,1.1
Ghana,Value,Number of obese adults (18 years and older) (million),2007,million No,1.1
Ghana,Value,Number of obese adults (18 years and older) (million),2008,million No,1.2
Ghana,Value,Number of obese adults (18 years and older) (million),2009,million No,1.3
Ghana,Value,Number of obese adults (18 years and older) (million),2010,million No,1.4
Ghana,Value,Number of obese adults (18 years and older) (million),2011,million No,1.4
Ghana,Value,Number of obese adults (18 years and older) (million),2012,million No,1.5
Ghana,Value,Number of obese adults (18 years and older) (million),2013,million No,1.6
Ghana,Value,Number of obese adults (18 years and older) (million),2014,million No,1.7
Ghana,Value,Number of obese adults (18 years and older) (million),2015,million No,1.7
Ghana,Value,Number of obese adults (18 years and older) (million),2016,million No,1.8
Ghana,Value,Number of obese adults (18 years and older) (million),2017,million No,1.9
Ghana,Value,Number of obese adults (18 years and older) (million),2018,million No,2
Ghana,Value,Number of obese adults (18 years and older) (million),2019,million No,2.1
Ghana,Value,Number of obese adults (18 years and older) (million),2020,million No,2.2
Ghana,Value,Number of obese adults (18 years and older) (million),2021,million No,2.3
Ghana,Value,Number of obese adults (18 years and older) (million),2022,million No,2.5
Ghana,Value,Prevalence of anemia among women of reproductive age (15-49 years) (percent),2001,%,46.8
Ghana,Value,Prevalence of anemia among women of reproductive age (15-49 years) (percent),2002,%,46.5
Ghana,Value,Prevalence of anemia among women of reproductive age (15-49 years) (percent),2003,%,46.3
Ghana,Value,Prevalence of anemia among women of reproductive age (15-49 years) (percent),2004,%,46.1
Ghana,Value,Prevalence of anemia among women of reproductive age (15-49 years) (percent),2005,%,45.9
Ghana,Value,Prevalence of anemia among women of reproductive age (15-49 years) (percent),2006,%,45.5
Ghana,Value,Prevalence of anemia among women of reproductive age (15-49 years) (percent),2007,%,45.1
Ghana,Value,Prevalence of anemia among women of reproductive age (15-49 years) (percent),2008,%,44.5
Ghana,Value,Prevalence of anemia among women of reproductive age (15-49 years) (percent),2009,%,43.7
Ghana,Value,Prevalence of anemia among women of reproductive age (15-49 years) (percent),2010,%,42.9
Ghana,Value,Prevalence of anemia among women of reproductive age (15-49 years) (percent),2011,%,42.1
Ghana,Value,Prevalence of anemia among women of reproductive age (15-49 years) (percent),2012,%,41.3
Ghana,Value,Prevalence of anemia among women of reproductive age (15-49 years) (percent),2013,%,40.6
Ghana,Value,Prevalence of anemia among women of reproductive age (15-49 years) (percent),2014,%,39.8
Ghana,Value,Prevalence of anemia among women of reproductive age (15-49 years) (percent),2015,%,39.1
Ghana,Value,Prevalence of anemia among women of reproductive age (15-49 years) (percent),2016,%,38.4
Ghana,Value,Prevalence of anemia among women of reproductive age (15-49 years) (percent),2017,%,37.8
Ghana,Value,Prevalence of anemia among women of reproductive age (15-49 years) (percent),2018,%,37.2
Ghana,Value,Prevalence of anemia among women of reproductive age (15-49 years) (percent),2019,%,36.8
Ghana,Value,Prevalence of anemia among women of reproductive age (15-49 years) (percent),2020,%,36.4
Ghana,Value,Prevalence of anemia among women of reproductive age (15-49 years) (percent),2021,%,36.1
Ghana,Value,Prevalence of anemia among women of reproductive age (15-49 years) (percent),2022,%,36
Ghana,Value,Prevalence of anemia among women of reproductive age (15-49 years) (percent),2023,%,36
Ghana,Value,Number of women of reproductive age (15-49 years) affected by anemia (million),2001,million No,2.3
Ghana,Value,Number of women of reproductive age (15-49 years) affected by anemia (million),2002,million No,2.4
Ghana,Value,Number of women of reproductive age (15-49 years) affected by anemia (million),2003,million No,2.4
Ghana,Value,Number of women of reproductive age (15-49 years) affected by anemia (million),2004,million No,2.5
Ghana,Value,Number of women of reproductive age (15-49 years) affected by anemia (million),2005,million No,2.6
Ghana,Value,Number of women of reproductive age (15-49 years) affected by anemia (million),2006,million No,2.6
Ghana,Value,Number of women of reproductive age (15-49 years) affected by anemia (million),2007,million No,2.7
Ghana,Value,Number of women of reproductive age (15-49 years) affected by anemia (million),2008,million No,2.7
Ghana,Value,Number of women of reproductive age (15-49 years) affected by anemia (million),2009,million No,2.8
Ghana,Value,Number of women of reproductive age (15-49 years) affected by anemia (million),2010,million No,2.8
Ghana,Value,Number of women of reproductive age (15-49 years) affected by anemia (million),2011,million No,2.8
Ghana,Value,Number of women of reproductive age (15-49 years) affected by anemia (million),2012,million No,2.8
Ghana,Value,Number of women of reproductive age (15-49 years) affected by anemia (million),2013,million No,2.8
Ghana,Value,Number of women of reproductive age (15-49 years) affected by anemia (million),2014,million No,2.8
Ghana,Value,Number of women of reproductive age (15-49 years) affected by anemia (million),2015,million No,2.8
Ghana,Value,Number of women of reproductive age (15-49 years) affected by anemia (million),2016,million No,2.8
Ghana,Value,Number of women of reproductive age (15-49 years) affected by anemia (million),2017,million No,2.9
Ghana,Value,Number of women of reproductive age (15-49 years) affected by anemia (million),2018,million No,2.9
Ghana,Value,Number of women of reproductive age (15-49 years) affected by anemia (million),2019,million No,2.9
Ghana,Value,Number of women of reproductive age (15-49 years) affected by anemia (million),2020,million No,2.9
Ghana,Value,Number of women of reproductive age (15-49 years) affected by anemia (million),2021,million No,3
Ghana,Value,Number of women of reproductive age (15-49 years) affected by anemia (million),2022,million No,3
Ghana,Value,Number of women of reproductive age (15-49 years) affected by anemia (million),2023,million No,3.1
Ghana,Value,Prevalence of exclusive breastfeeding among infants 0-5 months of age (percent),2003,%,53
Ghana,Value,Prevalence of exclusive breastfeeding among infants 0-5 months of age (percent),2006,%,54.9
Ghana,Value,Prevalence of exclusive breastfeeding among infants 0-5 months of age (percent),2008,%,62.1
Ghana,Value,Prevalence of exclusive breastfeeding among infants 0-5 months of age (percent),2011,%,45.7
Ghana,Value,Prevalence of exclusive breastfeeding among infants 0-5 months of age (percent),2014,%,52.1
Ghana,Value,Prevalence of exclusive breastfeeding among infants 0-5 months of age (percent),2017,%,42.9
Ghana,Value,Prevalence of exclusive breastfeeding among infants 0-5 months of age (percent),2022,%,52.6
Ghana,Value,Prevalence of low birthweight (percent),2001,%,15.8
Ghana,Value,Prevalence of low birthweight (percent),2002,%,15.7
Ghana,Value,Prevalence of low birthweight (percent),2003,%,15.7
Ghana,Value,Prevalence of low birthweight (percent),2004,%,15.7
Ghana,Value,Prevalence of low birthweight (percent),2005,%,15.6
Ghana,Value,Prevalence of low birthweight (percent),2006,%,15.5
Ghana,Value,Prevalence of low birthweight (percent),2007,%,15.5
Ghana,Value,Prevalence of low birthweight (percent),2008,%,15.3
Ghana,Value,Prevalence of low birthweight (percent),2009,%,15.2
Ghana,Value,Prevalence of low birthweight (percent),2010,%,15.1
Ghana,Value,Prevalence of low birthweight (percent),2011,%,15
Ghana,Value,Prevalence of low birthweight (percent),2012,%,14.9
Ghana,Value,Prevalence of low birthweight (percent),2013,%,14.8
Ghana,Value,Prevalence of low birthweight (percent),2014,%,14.7
Ghana,Value,Prevalence of low birthweight (percent),2015,%,14.7
Ghana,Value,Prevalence of low birthweight (percent),2016,%,14.6
Ghana,Value,Prevalence of low birthweight (percent),2017,%,14.6
Ghana,Value,Prevalence of low birthweight (percent),2018,%,14.5
Ghana,Value,Prevalence of low birthweight (percent),2019,%,14.5
Ghana,Value,Prevalence of low birthweight (percent),2020,%,14.4
Ghana,Value,Number of newborns with low birthweight (million),2001,million No,0.1
Ghana,Value,Number of newborns with low birthweight (million),2002,million No,0.1
Ghana,Value,Number of newborns with low birthweight (million),2003,million No,0.1
Ghana,Value,Number of newborns with low birthweight (million),2004,million No,0.1
Ghana,Value,Number of newborns with low birthweight (million),2005,million No,0.1
Ghana,Value,Number of newborns with low birthweight (million),2006,million No,0.1
Ghana,Value,Number of newborns with low birthweight (million),2007,million No,0.1
Ghana,Value,Number of newborns with low birthweight (million),2008,million No,0.1
Ghana,Value,Number of newborns with low birthweight (million),2009,million No,0.1
Ghana,Value,Number of newborns with low birthweight (million),2010,million No,0.1
Ghana,Value,Number of newborns with low birthweight (million),2011,million No,0.1
Ghana,Value,Number of newborns with low birthweight (million),2012,million No,0.1
Ghana,Value,Number of newborns with low birthweight (million),2013,million No,0.1
Ghana,Value,Number of newborns with low birthweight (million),2014,million No,0.1
Ghana,Value,Number of newborns with low birthweight (million),2015,million No,0.1
Ghana,Value,Number of newborns with low birthweight (million),2016,million No,0.1
Ghana,Value,Number of newborns with low birthweight (million),2017,million No,0.1
Ghana,Value,Number of newborns with low birthweight (million),2018,million No,0.1
Ghana,Value,Number of newborns with low birthweight (million),2019,million No,0.1
Ghana,Value,Number of newborns with low birthweight (million),2020,million No,0.1
Ghana,Value,Minimum dietary energy requirement (kcal/cap/day),2001,kcal/cap/d,1724
Ghana,Value,Minimum dietary energy requirement (kcal/cap/day),2002,kcal/cap/d,1727
Ghana,Value,Minimum dietary energy requirement (kcal/cap/day),2003,kcal/cap/d,1730
Ghana,Value,Minimum dietary energy requirement (kcal/cap/day),2004,kcal/cap/d,1734
Ghana,Value,Minimum dietary energy requirement (kcal/cap/day),2005,kcal/cap/d,1738
Ghana,Value,Minimum dietary energy requirement (kcal/cap/day),2006,kcal/cap/d,1741
Ghana,Value,Minimum dietary energy requirement (kcal/cap/day),2007,kcal/cap/d,1744
Ghana,Value,Minimum dietary energy requirement (kcal/cap/day),2008,kcal/cap/d,1748
Ghana,Value,Minimum dietary energy requirement (kcal/cap/day),2009,kcal/cap/d,1752
Ghana,Value,Minimum dietary energy requirement (kcal/cap/day),2010,kcal/cap/d,1755
Ghana,Value,Minimum dietary energy requirement (kcal/cap/day),2011,kcal/cap/d,1758
Ghana,Value,Minimum dietary energy requirement (kcal/cap/day),2012,kcal/cap/d,1760
Ghana,Value,Minimum dietary energy requirement (kcal/cap/day),2013,kcal/cap/d,1763
Ghana,Value,Minimum dietary energy requirement (kcal/cap/day),2014,kcal/cap/d,1766
Ghana,Value,Minimum dietary energy requirement (kcal/cap/day),2015,kcal/cap/d,1768
Ghana,Value,Minimum dietary energy requirement (kcal/cap/day),2016,kcal/cap/d,1770
Ghana,Value,Minimum dietary energy requirement (kcal/cap/day),2017,kcal/cap/d,1772
Ghana,Value,Minimum dietary energy requirement (kcal/cap/day),2018,kcal/cap/d,1776
Ghana,Value,Minimum dietary energy requirement (kcal/cap/day),2019,kcal/cap/d,1779
Ghana,Value,Minimum dietary energy requirement (kcal/cap/day),2020,kcal/cap/d,1783
Ghana,Value,Minimum dietary energy requirement (kcal/cap/day),2021,kcal/cap/d,1786
Ghana,Value,Minimum dietary energy requirement (kcal/cap/day),2022,kcal/cap/d,1789
Ghana,Value,Minimum dietary energy requirement (kcal/cap/day),2023,kcal/cap/d,1792
Ghana,Value,Average dietary energy requirement (kcal/cap/day),2001,kcal/cap/d,2224
Ghana,Value,Average dietary energy requirement (kcal/cap/day),2002,kcal/cap/d,2228
Ghana,Value,Average dietary energy requirement (kcal/cap/day),2003,kcal/cap/d,2232
Ghana,Value,Average dietary energy requirement (kcal/cap/day),2004,kcal/cap/d,2237
Ghana,Value,Average dietary energy requirement (kcal/cap/day),2005,kcal/cap/d,2242
Ghana,Value,Average dietary energy requirement (kcal/cap/day),2006,kcal/cap/d,2246
Ghana,Value,Average dietary energy requirement (kcal/cap/day),2007,kcal/cap/d,2251
Ghana,Value,Average dietary energy requirement (kcal/cap/day),2008,kcal/cap/d,2255
Ghana,Value,Average dietary energy requirement (kcal/cap/day),2009,kcal/cap/d,2260
Ghana,Value,Average dietary energy requirement (kcal/cap/day),2010,kcal/cap/d,2264
Ghana,Value,Average dietary energy requirement (kcal/cap/day),2011,kcal/cap/d,2267
Ghana,Value,Average dietary energy requirement (kcal/cap/day),2012,kcal/cap/d,2270
Ghana,Value,Average dietary energy requirement (kcal/cap/day),2013,kcal/cap/d,2273
Ghana,Value,Average dietary energy requirement (kcal/cap/day),2014,kcal/cap/d,2277
Ghana,Value,Average dietary energy requirement (kcal/cap/day),2015,kcal/cap/d,2279
Ghana,Value,Average dietary energy requirement (kcal/cap/day),2016,kcal/cap/d,2282
Ghana,Value,Average dietary energy requirement (kcal/cap/day),2017,kcal/cap/d,2286
Ghana,Value,Average dietary energy requirement (kcal/cap/day),2018,kcal/cap/d,2290
Ghana,Value,Average dietary energy requirement (kcal/cap/day),2019,kcal/cap/d,2295
Ghana,Value,Average dietary energy requirement (kcal/cap/day),2020,kcal/cap/d,2300
Ghana,Value,Average dietary energy requirement (kcal/cap/day),2021,kcal/cap/d,2304
Ghana,Value,Average dietary energy requirement (kcal/cap/day),2022,kcal/cap/d,2309
Ghana,Value,Average dietary energy requirement (kcal/cap/day),2023,kcal/cap/d,2314
Ghana,Value,Coefficient of variation of habitual caloric consumption distribution (real number),2001,No,0.28
Ghana,Value,Coefficient of variation of habitual caloric consumption distribution (real number),2002,No,0.28
Ghana,Value,Coefficient of variation of habitual caloric consumption distribution (real number),2003,No,0.28
Ghana,Value,Coefficient of variation of habitual caloric consumption distribution (real number),2004,No,0.29
Ghana,Value,Coefficient of variation of habitual caloric consumption distribution (real number),2005,No,0.29
Ghana,Value,Coefficient of variation of habitual caloric consumption distribution (real number),2006,No,0.29
Ghana,Value,Coefficient of variation of habitual caloric consumption distribution (real number),2007,No,0.29
Ghana,Value,Coefficient of variation of habitual caloric consumption distribution (real number),2008,No,0.29
Ghana,Value,Coefficient of variation of habitual caloric consumption distribution (real number),2009,No,0.29
Ghana,Value,Coefficient of variation of habitual caloric consumption distribution (real number),2010,No,0.29
Ghana,Value,Coefficient of variation of habitual caloric consumption distribution (real number),2011,No,0.29
Ghana,Value,Coefficient of variation of habitual caloric consumption distribution (real number),2012,No,0.29
Ghana,Value,Coefficient of variation of habitual caloric consumption distribution (real number),2013,No,0.29
Ghana,Value,Coefficient of variation of habitual caloric consumption distribution (real number),2014,No,0.29
Ghana,Value,Coefficient of variation of habitual caloric consumption distribution (real number),2015,No,0.29
Ghana,Value,Coefficient of variation of habitual caloric consumption distribution (real number),2016,No,0.29
Ghana,Value,Coefficient of variation of habitual caloric consumption distribution (real number),2017,No,0.29
Ghana,Value,Coefficient of variation of habitual caloric consumption distribution (real number),2018,No,0.3
Ghana,Value,Coefficient of variation of habitual caloric consumption distribution (real number),2019,No,0.3
Ghana,Value,Coefficient of variation of habitual caloric consumption distribution (real number),2020,No,0.3
Ghana,Value,Coefficient of variation of habitual caloric consumption distribution (real number),2021,No,0.29
Ghana,Value,Coefficient of variation of habitual caloric consumption distribution (real number),2022,No,0.31
Ghana,Value,Coefficient of variation of habitual caloric consumption distribution (real number),2023,No,0.32
Ghana,Value,Incidence of caloric losses at retail distribution level (percent),2001,%,5.19
Ghana,Value,Incidence of caloric losses at retail distribution level (percent),2002,%,5.13
Ghana,Value,Incidence of caloric losses at retail distribution level (percent),2003,%,5.07
Ghana,Value,Incidence of caloric losses at retail distribution level (percent),2004,%,5.14
Ghana,Value,Incidence of caloric losses at retail distribution level (percent),2005,%,5.14
Ghana,Value,Incidence of caloric losses at retail distribution level (percent),2006,%,5.1
Ghana,Value,Incidence of caloric losses at retail distribution level (percent),2007,%,5.35
Ghana,Value,Incidence of caloric losses at retail distribution level (percent),2008,%,5.14
Ghana,Value,Incidence of caloric losses at retail distribution level (percent),2009,%,5.14
Ghana,Value,Incidence of caloric losses at retail distribution level (percent),2010,%,4.9
Ghana,Value,Incidence of caloric losses at retail distribution level (percent),2011,%,5.06
Ghana,Value,Incidence of caloric losses at retail distribution level (percent),2012,%,4.99
Ghana,Value,Incidence of caloric losses at retail distribution level (percent),2013,%,5.07
Ghana,Value,Incidence of caloric losses at retail distribution level (percent),2014,%,5.11
Ghana,Value,Incidence of caloric losses at retail distribution level (percent),2015,%,5.14
Ghana,Value,Incidence of caloric losses at retail distribution level (percent),2016,%,5.16
Ghana,Value,Incidence of caloric losses at retail distribution level (percent),2017,%,5.16
Ghana,Value,Incidence of caloric losses at retail distribution level (percent),2018,%,5.25
Ghana,Value,Incidence of caloric losses at retail distribution level (percent),2019,%,5.02
Ghana,Value,Incidence of caloric losses at retail distribution level (percent),2020,%,4.96
Ghana,Value,Incidence of caloric losses at retail distribution level (percent),2021,%,4.94
Ghana,Value,Incidence of caloric losses at retail distribution level (percent),2022,%,4.92
Ghana,Value,Incidence of caloric losses at retail distribution level (percent),2023,%,4.92
Guinea,Value,Dietary energy supply used in the estimation of the prevalence of undernourishment (kcal/cap/day),2001,kcal/cap/d,2462
Guinea,Value,Dietary energy supply used in the estimation of the prevalence of undernourishment (kcal/cap/day),2002,kcal/cap/d,2483
Guinea,Value,Dietary energy supply used in the estimation of the prevalence of undernourishment (kcal/cap/day),2003,kcal/cap/d,2524
Guinea,Value,Dietary energy supply used in the estimation of the prevalence of undernourishment (kcal/cap/day),2004,kcal/cap/d,2549
Guinea,Value,Dietary energy supply used in the estimation of the prevalence of undernourishment (kcal/cap/day),2005,kcal/cap/d,2533
Guinea,Value,Dietary energy supply used in the estimation of the prevalence of undernourishment (kcal/cap/day),2006,kcal/cap/d,2517
Guinea,Value,Dietary energy supply used in the estimation of the prevalence of undernourishment (kcal/cap/day),2007,kcal/cap/d,2501
Guinea,Value,Dietary energy supply used in the estimation of the prevalence of undernourishment (kcal/cap/day),2008,kcal/cap/d,2485
Guinea,Value,Dietary energy supply used in the estimation of the prevalence of undernourishment (kcal/cap/day),2009,kcal/cap/d,2469
Guinea,Value,Dietary energy supply used in the estimation of the prevalence of undernourishment (kcal/cap/day),2010,kcal/cap/d,2423
Guinea,Value,Dietary energy supply used in the estimation of the prevalence of undernourishment (kcal/cap/day),2011,kcal/cap/d,2496
Guinea,Value,Dietary energy supply used in the estimation of the prevalence of undernourishment (kcal/cap/day),2012,kcal/cap/d,2535
Guinea,Value,Dietary energy supply used in the estimation of the prevalence of undernourishment (kcal/cap/day),2013,kcal/cap/d,2584
Guinea,Value,Dietary energy supply used in the estimation of the prevalence of undernourishment (kcal/cap/day),2014,kcal/cap/d,2628
Guinea,Value,Dietary energy supply used in the estimation of the prevalence of undernourishment (kcal/cap/day),2015,kcal/cap/d,2610
Guinea,Value,Dietary energy supply used in the estimation of the prevalence of undernourishment (kcal/cap/day),2016,kcal/cap/d,2630
Guinea,Value,Dietary energy supply used in the estimation of the prevalence of undernourishment (kcal/cap/day),2017,kcal/cap/d,2664
Guinea,Value,Dietary energy supply used in the estimation of the prevalence of undernourishment (kcal/cap/day),2018,kcal/cap/d,2722
Guinea,Value,Dietary energy supply used in the estimation of the prevalence of undernourishment (kcal/cap/day),2019,kcal/cap/d,2779
Guinea,Value,Dietary energy supply used in the estimation of the prevalence of undernourishment (kcal/cap/day),2020,kcal/cap/d,2824
Guinea,Value,Dietary energy supply used in the estimation of the prevalence of undernourishment (kcal/cap/day),2021,kcal/cap/d,2867
Guinea,Value,Dietary energy supply used in the estimation of the prevalence of undernourishment (kcal/cap/day),2022,kcal/cap/d,2901
Guinea,Value,Dietary energy supply used in the estimation of the prevalence of undernourishment (kcal/cap/day),2023,kcal/cap/d,2948
Guinea,Value,"Gross domestic product per capita, PPP, (constant 2021 international $)",2001,Int$/cap,2413
Guinea,Value,"Gross domestic product per capita, PPP, (constant 2021 international $)",2002,Int$/cap,2498
Guinea,Value,"Gross domestic product per capita, PPP, (constant 2021 international $)",2003,Int$/cap,2473
Guinea,Value,"Gross domestic product per capita, PPP, (constant 2021 international $)",2004,Int$/cap,2478
Guinea,Value,"Gross domestic product per capita, PPP, (constant 2021 international $)",2005,Int$/cap,2501
Guinea,Value,"Gross domestic product per capita, PPP, (constant 2021 international $)",2006,Int$/cap,2479
Guinea,Value,"Gross domestic product per capita, PPP, (constant 2021 international $)",2007,Int$/cap,2587
Guinea,Value,"Gross domestic product per capita, PPP, (constant 2021 international $)",2008,Int$/cap,2630
Guinea,Value,"Gross domestic product per capita, PPP, (constant 2021 international $)",2009,Int$/cap,2537
Guinea,Value,"Gross domestic product per capita, PPP, (constant 2021 international $)",2010,Int$/cap,2595
Guinea,Value,"Gross domestic product per capita, PPP, (constant 2021 international $)",2011,Int$/cap,2673
Guinea,Value,"Gross domestic product per capita, PPP, (constant 2021 international $)",2012,Int$/cap,2763
Guinea,Value,"Gross domestic product per capita, PPP, (constant 2021 international $)",2013,Int$/cap,2803
Guinea,Value,"Gross domestic product per capita, PPP, (constant 2021 international $)",2014,Int$/cap,2835
Guinea,Value,"Gross domestic product per capita, PPP, (constant 2021 international $)",2015,Int$/cap,2870
Guinea,Value,"Gross domestic product per capita, PPP, (constant 2021 international $)",2016,Int$/cap,3100
Guinea,Value,"Gross domestic product per capita, PPP, (constant 2021 international $)",2017,Int$/cap,3333
Guinea,Value,"Gross domestic product per capita, PPP, (constant 2021 international $)",2018,Int$/cap,3456
Guinea,Value,"Gross domestic product per capita, PPP, (constant 2021 international $)",2019,Int$/cap,3558
Guinea,Value,"Gross domestic product per capita, PPP, (constant 2021 international $)",2020,Int$/cap,3631
Guinea,Value,"Gross domestic product per capita, PPP, (constant 2021 international $)",2021,Int$/cap,3739
Guinea,Value,"Gross domestic product per capita, PPP, (constant 2021 international $)",2022,Int$/cap,3792
Guinea,Value,"Gross domestic product per capita, PPP, (constant 2021 international $)",2023,Int$/cap,3905
Guinea,Value,Political stability and absence of violence/terrorism (index),2002,,-1.42
Guinea,Value,Political stability and absence of violence/terrorism (index),2003,,-0.79
Guinea,Value,Political stability and absence of violence/terrorism (index),2004,,-1.03
Guinea,Value,Political stability and absence of violence/terrorism (index),2005,,-1.15
Guinea,Value,Political stability and absence of violence/terrorism (index),2006,,-1.91
Guinea,Value,Political stability and absence of violence/terrorism (index),2007,,-2.4
Guinea,Value,Political stability and absence of violence/terrorism (index),2008,,-2.1
Guinea,Value,Political stability and absence of violence/terrorism (index),2009,,-2.12
Guinea,Value,Political stability and absence of violence/terrorism (index),2010,,-1.69
Guinea,Value,Political stability and absence of violence/terrorism (index),2011,,-1.39
Guinea,Value,Political stability and absence of violence/terrorism (index),2012,,-1.29
Guinea,Value,Political stability and absence of violence/terrorism (index),2013,,-1.23
Guinea,Value,Political stability and absence of violence/terrorism (index),2014,,-0.96
Guinea,Value,Political stability and absence of violence/terrorism (index),2015,,-0.39
Guinea,Value,Political stability and absence of violence/terrorism (index),2016,,-0.4
Guinea,Value,Political stability and absence of violence/terrorism (index),2017,,-0.7
Guinea,Value,Political stability and absence of violence/terrorism (index),2018,,-0.88
Guinea,Value,Political stability and absence of violence/terrorism (index),2019,,-0.84
Guinea,Value,Political stability and absence of violence/terrorism (index),2020,,-0.67
Guinea,Value,Political stability and absence of violence/terrorism (index),2021,,-0.94
Guinea,Value,Political stability and absence of violence/terrorism (index),2022,,-0.84
Guinea,Value,Per capita food supply variability (kcal/cap/day),2001,kcal/cap/d,38
Guinea,Value,Per capita food supply variability (kcal/cap/day),2002,kcal/cap/d,30
Guinea,Value,Per capita food supply variability (kcal/cap/day),2003,kcal/cap/d,32
Guinea,Value,Per capita food supply variability (kcal/cap/day),2004,kcal/cap/d,27
Guinea,Value,Per capita food supply variability (kcal/cap/day),2005,kcal/cap/d,37
Guinea,Value,Per capita food supply variability (kcal/cap/day),2006,kcal/cap/d,39
Guinea,Value,Per capita food supply variability (kcal/cap/day),2007,kcal/cap/d,26
Guinea,Value,Per capita food supply variability (kcal/cap/day),2008,kcal/cap/d,21
Guinea,Value,Per capita food supply variability (kcal/cap/day),2009,kcal/cap/d,32
Guinea,Value,Per capita food supply variability (kcal/cap/day),2010,kcal/cap/d,35
Guinea,Value,Per capita food supply variability (kcal/cap/day),2011,kcal/cap/d,49
Guinea,Value,Per capita food supply variability (kcal/cap/day),2012,kcal/cap/d,40
Guinea,Value,Per capita food supply variability (kcal/cap/day),2013,kcal/cap/d,34
Guinea,Value,Per capita food supply variability (kcal/cap/day),2014,kcal/cap/d,40
Guinea,Value,Per capita food supply variability (kcal/cap/day),2015,kcal/cap/d,51
Guinea,Value,Per capita food supply variability (kcal/cap/day),2016,kcal/cap/d,28
Guinea,Value,Per capita food supply variability (kcal/cap/day),2017,kcal/cap/d,22
Guinea,Value,Per capita food supply variability (kcal/cap/day),2018,kcal/cap/d,22
Guinea,Value,Per capita food supply variability (kcal/cap/day),2019,kcal/cap/d,22
Guinea,Value,Per capita food supply variability (kcal/cap/day),2020,kcal/cap/d,18
Guinea,Value,Per capita food supply variability (kcal/cap/day),2021,kcal/cap/d,21
Guinea,Value,Per capita food supply variability (kcal/cap/day),2022,kcal/cap/d,18
Guinea,Value,Per capita food supply variability (kcal/cap/day),2023,kcal/cap/d,10
Guinea,Value,Percentage of population using at least basic drinking water services (percent),2001,%,51
Guinea,Value,Percentage of population using at least basic drinking water services (percent),2002,%,51
Guinea,Value,Percentage of population using at least basic drinking water services (percent),2003,%,52
Guinea,Value,Percentage of population using at least basic drinking water services (percent),2004,%,53
Guinea,Value,Percentage of population using at least basic drinking water services (percent),2005,%,54
Guinea,Value,Percentage of population using at least basic drinking water services (percent),2006,%,54
Guinea,Value,Percentage of population using at least basic drinking water services (percent),2007,%,55
Guinea,Value,Percentage of population using at least basic drinking water services (percent),2008,%,56
Guinea,Value,Percentage of population using at least basic drinking water services (percent),2009,%,56
Guinea,Value,Percentage of population using at least basic drinking water services (percent),2010,%,57
Guinea,Value,Percentage of population using at least basic drinking water services (percent),2011,%,58
Guinea,Value,Percentage of population using at least basic drinking water services (percent),2012,%,59
Guinea,Value,Percentage of population using at least basic drinking water services (percent),2013,%,60
Guinea,Value,Percentage of population using at least basic drinking water services (percent),2014,%,62
Guinea,Value,Percentage of population using at least basic drinking water services (percent),2015,%,63
Guinea,Value,Percentage of population using at least basic drinking water services (percent),2016,%,64
Guinea,Value,Percentage of population using at least basic drinking water services (percent),2017,%,65
Guinea,Value,Percentage of population using at least basic drinking water services (percent),2018,%,66
Guinea,Value,Percentage of population using at least basic drinking water services (percent),2019,%,68
Guinea,Value,Percentage of population using at least basic drinking water services (percent),2020,%,69
Guinea,Value,Percentage of population using at least basic drinking water services (percent),2021,%,70
Guinea,Value,Percentage of population using at least basic drinking water services (percent),2022,%,72
Guinea,Value,Percentage of population using at least basic sanitation services (percent),2001,%,10
Guinea,Value,Percentage of population using at least basic sanitation services (percent),2002,%,11
Guinea,Value,Percentage of population using at least basic sanitation services (percent),2003,%,11
Guinea,Value,Percentage of population using at least basic sanitation services (percent),2004,%,12
Guinea,Value,Percentage of population using at least basic sanitation services (percent),2005,%,13
Guinea,Value,Percentage of population using at least basic sanitation services (percent),2006,%,14
Guinea,Value,Percentage of population using at least basic sanitation services (percent),2007,%,15
Guinea,Value,Percentage of population using at least basic sanitation services (percent),2008,%,16
Guinea,Value,Percentage of population using at least basic sanitation services (percent),2009,%,17
Guinea,Value,Percentage of population using at least basic sanitation services (percent),2010,%,18
Guinea,Value,Percentage of population using at least basic sanitation services (percent),2011,%,19
Guinea,Value,Percentage of population using at least basic sanitation services (percent),2012,%,20
Guinea,Value,Percentage of population using at least basic sanitation services (percent),2013,%,21
Guinea,Value,Percentage of population using at least basic sanitation services (percent),2014,%,22
Guinea,Value,Percentage of population using at least basic sanitation services (percent),2015,%,23
Guinea,Value,Percentage of population using at least basic sanitation services (percent),2016,%,24
Guinea,Value,Percentage of population using at least basic sanitation services (percent),2017,%,25
Guinea,Value,Percentage of population using at least basic sanitation services (percent),2018,%,26
Guinea,Value,Percentage of population using at least basic sanitation services (percent),2019,%,28
Guinea,Value,Percentage of population using at least basic sanitation services (percent),2020,%,29
Guinea,Value,Percentage of population using at least basic sanitation services (percent),2021,%,30
Guinea,Value,Percentage of population using at least basic sanitation services (percent),2022,%,31
Guinea,Value,Percentage of children under 5 years affected by wasting (percent),2005,%,11
Guinea,Value,Percentage of children under 5 years affected by wasting (percent),2007,%,7.2
Guinea,Value,Percentage of children under 5 years affected by wasting (percent),2012,%,10
Guinea,Value,Percentage of children under 5 years affected by wasting (percent),2016,%,8.1
Guinea,Value,Percentage of children under 5 years affected by wasting (percent),2018,%,9.2
Guinea,Value,Percentage of children under 5 years affected by wasting (percent),2022,%,6.4
Guinea,Value,Number of children under 5 years affected by wasting (million),2005,million No,0.2
Guinea,Value,Number of children under 5 years affected by wasting (million),2007,million No,0.1
Guinea,Value,Number of children under 5 years affected by wasting (million),2012,million No,0.2
Guinea,Value,Number of children under 5 years affected by wasting (million),2016,million No,0.2
Guinea,Value,Number of children under 5 years affected by wasting (million),2018,million No,0.2
Guinea,Value,Number of children under 5 years affected by wasting (million),2022,million No,0.1
Guinea,Value,Percentage of children under 5 years of age who are stunted (modelled estimates) (percent),2001,%,33.5
Guinea,Value,Percentage of children under 5 years of age who are stunted (modelled estimates) (percent),2002,%,34
Guinea,Value,Percentage of children under 5 years of age who are stunted (modelled estimates) (percent),2003,%,34.4
Guinea,Value,Percentage of children under 5 years of age who are stunted (modelled estimates) (percent),2004,%,34.8
Guinea,Value,Percentage of children under 5 years of age who are stunted (modelled estimates) (percent),2005,%,35.2
Guinea,Value,Percentage of children under 5 years of age who are stunted (modelled estimates) (percent),2006,%,35.5
Guinea,Value,Percentage of children under 5 years of age who are stunted (modelled estimates) (percent),2007,%,35.7
Guinea,Value,Percentage of children under 5 years of age who are stunted (modelled estimates) (percent),2008,%,35.5
Guinea,Value,Percentage of children under 5 years of age who are stunted (modelled estimates) (percent),2009,%,35.3
Guinea,Value,Percentage of children under 5 years of age who are stunted (modelled estimates) (percent),2010,%,34.8
Guinea,Value,Percentage of children under 5 years of age who are stunted (modelled estimates) (percent),2011,%,34.2
Guinea,Value,Percentage of children under 5 years of age who are stunted (modelled estimates) (percent),2012,%,33.6
Guinea,Value,Percentage of children under 5 years of age who are stunted (modelled estimates) (percent),2013,%,33
Guinea,Value,Percentage of children under 5 years of age who are stunted (modelled estimates) (percent),2014,%,32.5
Guinea,Value,Percentage of children under 5 years of age who are stunted (modelled estimates) (percent),2015,%,31.9
Guinea,Value,Percentage of children under 5 years of age who are stunted (modelled estimates) (percent),2016,%,31.2
Guinea,Value,Percentage of children under 5 years of age who are stunted (modelled estimates) (percent),2017,%,30.3
Guinea,Value,Percentage of children under 5 years of age who are stunted (modelled estimates) (percent),2018,%,29.3
Guinea,Value,Percentage of children under 5 years of age who are stunted (modelled estimates) (percent),2019,%,28.4
Guinea,Value,Percentage of children under 5 years of age who are stunted (modelled estimates) (percent),2020,%,27.6
Guinea,Value,Percentage of children under 5 years of age who are stunted (modelled estimates) (percent),2021,%,27.1
Guinea,Value,Percentage of children under 5 years of age who are stunted (modelled estimates) (percent),2022,%,26.8
Guinea,Value,Percentage of children under 5 years of age who are stunted (modelled estimates) (percent),2023,%,26.7
Guinea,Value,Number of children under 5 years of age who are stunted (modeled estimates) (million),2001,million No,0.5
Guinea,Value,Number of children under 5 years of age who are stunted (modeled estimates) (million),2002,million No,0.5
Guinea,Value,Number of children under 5 years of age who are stunted (modeled estimates) (million),2003,million No,0.5
Guinea,Value,Number of children under 5 years of age who are stunted (modeled estimates) (million),2004,million No,0.5
Guinea,Value,Number of children under 5 years of age who are stunted (modeled estimates) (million),2005,million No,0.6
Guinea,Value,Number of children under 5 years of age who are stunted (modeled estimates) (million),2006,million No,0.6
Guinea,Value,Number of children under 5 years of age who are stunted (modeled estimates) (million),2007,million No,0.6
Guinea,Value,Number of children under 5 years of age who are stunted (modeled estimates) (million),2008,million No,0.6
Guinea,Value,Number of children under 5 years of age who are stunted (modeled estimates) (million),2009,million No,0.6
Guinea,Value,Number of children under 5 years of age who are stunted (modeled estimates) (million),2010,million No,0.6
Guinea,Value,Number of children under 5 years of age who are stunted (modeled estimates) (million),2011,million No,0.6
Guinea,Value,Number of children under 5 years of age who are stunted (modeled estimates) (million),2012,million No,0.6
Guinea,Value,Number of children under 5 years of age who are stunted (modeled estimates) (million),2013,million No,0.6
Guinea,Value,Number of children under 5 years of age who are stunted (modeled estimates) (million),2014,million No,0.6
Guinea,Value,Number of children under 5 years of age who are stunted (modeled estimates) (million),2015,million No,0.6
Guinea,Value,Number of children under 5 years of age who are stunted (modeled estimates) (million),2016,million No,0.6
Guinea,Value,Number of children under 5 years of age who are stunted (modeled estimates) (million),2017,million No,0.6
Guinea,Value,Number of children under 5 years of age who are stunted (modeled estimates) (million),2018,million No,0.6
Guinea,Value,Number of children under 5 years of age who are stunted (modeled estimates) (million),2019,million No,0.6
Guinea,Value,Number of children under 5 years of age who are stunted (modeled estimates) (million),2020,million No,0.6
Guinea,Value,Number of children under 5 years of age who are stunted (modeled estimates) (million),2021,million No,0.6
Guinea,Value,Number of children under 5 years of age who are stunted (modeled estimates) (million),2022,million No,0.6
Guinea,Value,Number of children under 5 years of age who are stunted (modeled estimates) (million),2023,million No,0.6
Guinea,Value,Percentage of children under 5 years of age who are overweight (modelled estimates) (percent),2001,%,5.1
Guinea,Value,Percentage of children under 5 years of age who are overweight (modelled estimates) (percent),2002,%,5.1
Guinea,Value,Percentage of children under 5 years of age who are overweight (modelled estimates) (percent),2003,%,5.1
Guinea,Value,Percentage of children under 5 years of age who are overweight (modelled estimates) (percent),2004,%,5
Guinea,Value,Percentage of children under 5 years of age who are overweight (modelled estimates) (percent),2005,%,4.9
Guinea,Value,Percentage of children under 5 years of age who are overweight (modelled estimates) (percent),2006,%,4.8
Guinea,Value,Percentage of children under 5 years of age who are overweight (modelled estimates) (percent),2007,%,4.7
Guinea,Value,Percentage of children under 5 years of age who are overweight (modelled estimates) (percent),2008,%,4.6
Guinea,Value,Percentage of children under 5 years of age who are overweight (modelled estimates) (percent),2009,%,4.5
Guinea,Value,Percentage of children under 5 years of age who are overweight (modelled estimates) (percent),2010,%,4.4
Guinea,Value,Percentage of children under 5 years of age who are overweight (modelled estimates) (percent),2011,%,4.3
Guinea,Value,Percentage of children under 5 years of age who are overweight (modelled estimates) (percent),2012,%,4.2
Guinea,Value,Percentage of children under 5 years of age who are overweight (modelled estimates) (percent),2013,%,4.1
Guinea,Value,Percentage of children under 5 years of age who are overweight (modelled estimates) (percent),2014,%,4
Guinea,Value,Percentage of children under 5 years of age who are overweight (modelled estimates) (percent),2015,%,3.9
Guinea,Value,Percentage of children under 5 years of age who are overweight (modelled estimates) (percent),2016,%,3.9
Guinea,Value,Percentage of children under 5 years of age who are overweight (modelled estimates) (percent),2017,%,3.8
Guinea,Value,Percentage of children under 5 years of age who are overweight (modelled estimates) (percent),2018,%,3.8
Guinea,Value,Percentage of children under 5 years of age who are overweight (modelled estimates) (percent),2019,%,3.8
Guinea,Value,Percentage of children under 5 years of age who are overweight (modelled estimates) (percent),2020,%,3.9
Guinea,Value,Percentage of children under 5 years of age who are overweight (modelled estimates) (percent),2021,%,3.9
Guinea,Value,Percentage of children under 5 years of age who are overweight (modelled estimates) (percent),2022,%,4.1
Guinea,Value,Percentage of children under 5 years of age who are overweight (modelled estimates) (percent),2023,%,4.2
Guinea,Value,Number of children under 5 years of age who are overweight (modeled estimates) (million),2001,million No,<0.1
Guinea,Value,Number of children under 5 years of age who are overweight (modeled estimates) (million),2002,million No,<0.1
Guinea,Value,Number of children under 5 years of age who are overweight (modeled estimates) (million),2003,million No,<0.1
Guinea,Value,Number of children under 5 years of age who are overweight (modeled estimates) (million),2004,million No,<0.1
Guinea,Value,Number of children under 5 years of age who are overweight (modeled estimates) (million),2005,million No,<0.1
Guinea,Value,Number of children under 5 years of age who are overweight (modeled estimates) (million),2006,million No,<0.1
Guinea,Value,Number of children under 5 years of age who are overweight (modeled estimates) (million),2007,million No,<0.1
Guinea,Value,Number of children under 5 years of age who are overweight (modeled estimates) (million),2008,million No,<0.1
Guinea,Value,Number of children under 5 years of age who are overweight (modeled estimates) (million),2009,million No,<0.1
Guinea,Value,Number of children under 5 years of age who are overweight (modeled estimates) (million),2010,million No,<0.1
Guinea,Value,Number of children under 5 years of age who are overweight (modeled estimates) (million),2011,million No,<0.1
Guinea,Value,Number of children under 5 years of age who are overweight (modeled estimates) (million),2012,million No,<0.1
Guinea,Value,Number of children under 5 years of age who are overweight (modeled estimates) (million),2013,million No,<0.1
Guinea,Value,Number of children under 5 years of age who are overweight (modeled estimates) (million),2014,million No,<0.1
Guinea,Value,Number of children under 5 years of age who are overweight (modeled estimates) (million),2015,million No,<0.1
Guinea,Value,Number of children under 5 years of age who are overweight (modeled estimates) (million),2016,million No,<0.1
Guinea,Value,Number of children under 5 years of age who are overweight (modeled estimates) (million),2017,million No,<0.1
Guinea,Value,Number of children under 5 years of age who are overweight (modeled estimates) (million),2018,million No,<0.1
Guinea,Value,Number of children under 5 years of age who are overweight (modeled estimates) (million),2019,million No,<0.1
Guinea,Value,Number of children under 5 years of age who are overweight (modeled estimates) (million),2020,million No,<0.1
Guinea,Value,Number of children under 5 years of age who are overweight (modeled estimates) (million),2021,million No,<0.1
Guinea,Value,Number of children under 5 years of age who are overweight (modeled estimates) (million),2022,million No,<0.1
Guinea,Value,Number of children under 5 years of age who are overweight (modeled estimates) (million),2023,million No,<0.1
Guinea,Value,Prevalence of obesity in the adult population (18 years and older) (percent),2001,%,3
Guinea,Value,Prevalence of obesity in the adult population (18 years and older) (percent),2002,%,3.2
Guinea,Value,Prevalence of obesity in the adult population (18 years and older) (percent),2003,%,3.5
Guinea,Value,Prevalence of obesity in the adult population (18 years and older) (percent),2004,%,3.7
Guinea,Value,Prevalence of obesity in the adult population (18 years and older) (percent),2005,%,4
Guinea,Value,Prevalence of obesity in the adult population (18 years and older) (percent),2006,%,4.3
Guinea,Value,Prevalence of obesity in the adult population (18 years and older) (percent),2007,%,4.6
Guinea,Value,Prevalence of obesity in the adult population (18 years and older) (percent),2008,%,4.9
Guinea,Value,Prevalence of obesity in the adult population (18 years and older) (percent),2009,%,5.1
Guinea,Value,Prevalence of obesity in the adult population (18 years and older) (percent),2010,%,5.4
Guinea,Value,Prevalence of obesity in the adult population (18 years and older) (percent),2011,%,5.6
Guinea,Value,Prevalence of obesity in the adult population (18 years and older) (percent),2012,%,5.9
Guinea,Value,Prevalence of obesity in the adult population (18 years and older) (percent),2013,%,6.2
Guinea,Value,Prevalence of obesity in the adult population (18 years and older) (percent),2014,%,6.5
Guinea,Value,Prevalence of obesity in the adult population (18 years and older) (percent),2015,%,6.8
Guinea,Value,Prevalence of obesity in the adult population (18 years and older) (percent),2016,%,7.1
Guinea,Value,Prevalence of obesity in the adult population (18 years and older) (percent),2017,%,7.4
Guinea,Value,Prevalence of obesity in the adult population (18 years and older) (percent),2018,%,7.8
Guinea,Value,Prevalence of obesity in the adult population (18 years and older) (percent),2019,%,8.2
Guinea,Value,Prevalence of obesity in the adult population (18 years and older) (percent),2020,%,8.6
Guinea,Value,Prevalence of obesity in the adult population (18 years and older) (percent),2021,%,9.1
Guinea,Value,Prevalence of obesity in the adult population (18 years and older) (percent),2022,%,9.5
Guinea,Value,Number of obese adults (18 years and older) (million),2001,million No,0.1
Guinea,Value,Number of obese adults (18 years and older) (million),2002,million No,0.1
Guinea,Value,Number of obese adults (18 years and older) (million),2003,million No,0.1
Guinea,Value,Number of obese adults (18 years and older) (million),2004,million No,0.2
Guinea,Value,Number of obese adults (18 years and older) (million),2005,million No,0.2
Guinea,Value,Number of obese adults (18 years and older) (million),2006,million No,0.2
Guinea,Value,Number of obese adults (18 years and older) (million),2007,million No,0.2
Guinea,Value,Number of obese adults (18 years and older) (million),2008,million No,0.2
Guinea,Value,Number of obese adults (18 years and older) (million),2009,million No,0.2
Guinea,Value,Number of obese adults (18 years and older) (million),2010,million No,0.3
Guinea,Value,Number of obese adults (18 years and older) (million),2011,million No,0.3
Guinea,Value,Number of obese adults (18 years and older) (million),2012,million No,0.3
Guinea,Value,Number of obese adults (18 years and older) (million),2013,million No,0.3
Guinea,Value,Number of obese adults (18 years and older) (million),2014,million No,0.4
Guinea,Value,Number of obese adults (18 years and older) (million),2015,million No,0.4
Guinea,Value,Number of obese adults (18 years and older) (million),2016,million No,0.4
Guinea,Value,Number of obese adults (18 years and older) (million),2017,million No,0.5
Guinea,Value,Number of obese adults (18 years and older) (million),2018,million No,0.5
Guinea,Value,Number of obese adults (18 years and older) (million),2019,million No,0.5
Guinea,Value,Number of obese adults (18 years and older) (million),2020,million No,0.6
Guinea,Value,Number of obese adults (18 years and older) (million),2021,million No,0.6
Guinea,Value,Number of obese adults (18 years and older) (million),2022,million No,0.7
Guinea,Value,Prevalence of anemia among women of reproductive age (15-49 years) (percent),2001,%,51
Guinea,Value,Prevalence of anemia among women of reproductive age (15-49 years) (percent),2002,%,50.7
Guinea,Value,Prevalence of anemia among women of reproductive age (15-49 years) (percent),2003,%,50.3
Guinea,Value,Prevalence of anemia among women of reproductive age (15-49 years) (percent),2004,%,50
Guinea,Value,Prevalence of anemia among women of reproductive age (15-49 years) (percent),2005,%,49.7
Guinea,Value,Prevalence of anemia among women of reproductive age (15-49 years) (percent),2006,%,49.2
Guinea,Value,Prevalence of anemia among women of reproductive age (15-49 years) (percent),2007,%,48.7
Guinea,Value,Prevalence of anemia among women of reproductive age (15-49 years) (percent),2008,%,48.2
Guinea,Value,Prevalence of anemia among women of reproductive age (15-49 years) (percent),2009,%,47.6
Guinea,Value,Prevalence of anemia among women of reproductive age (15-49 years) (percent),2010,%,47
Guinea,Value,Prevalence of anemia among women of reproductive age (15-49 years) (percent),2011,%,46.5
Guinea,Value,Prevalence of anemia among women of reproductive age (15-49 years) (percent),2012,%,46.1
Guinea,Value,Prevalence of anemia among women of reproductive age (15-49 years) (percent),2013,%,45.7
Guinea,Value,Prevalence of anemia among women of reproductive age (15-49 years) (percent),2014,%,45.5
Guinea,Value,Prevalence of anemia among women of reproductive age (15-49 years) (percent),2015,%,45.3
Guinea,Value,Prevalence of anemia among women of reproductive age (15-49 years) (percent),2016,%,45.2
Guinea,Value,Prevalence of anemia among women of reproductive age (15-49 years) (percent),2017,%,45
Guinea,Value,Prevalence of anemia among women of reproductive age (15-49 years) (percent),2018,%,45
Guinea,Value,Prevalence of anemia among women of reproductive age (15-49 years) (percent),2019,%,44.9
Guinea,Value,Prevalence of anemia among women of reproductive age (15-49 years) (percent),2020,%,45
Guinea,Value,Prevalence of anemia among women of reproductive age (15-49 years) (percent),2021,%,45.1
Guinea,Value,Prevalence of anemia among women of reproductive age (15-49 years) (percent),2022,%,45.3
Guinea,Value,Prevalence of anemia among women of reproductive age (15-49 years) (percent),2023,%,45.7
Guinea,Value,Number of women of reproductive age (15-49 years) affected by anemia (million),2001,million No,1
Guinea,Value,Number of women of reproductive age (15-49 years) affected by anemia (million),2002,million No,1
Guinea,Value,Number of women of reproductive age (15-49 years) affected by anemia (million),2003,million No,1
Guinea,Value,Number of women of reproductive age (15-49 years) affected by anemia (million),2004,million No,1
Guinea,Value,Number of women of reproductive age (15-49 years) affected by anemia (million),2005,million No,1
Guinea,Value,Number of women of reproductive age (15-49 years) affected by anemia (million),2006,million No,1.1
Guinea,Value,Number of women of reproductive age (15-49 years) affected by anemia (million),2007,million No,1.1
Guinea,Value,Number of women of reproductive age (15-49 years) affected by anemia (million),2008,million No,1.1
Guinea,Value,Number of women of reproductive age (15-49 years) affected by anemia (million),2009,million No,1.1
Guinea,Value,Number of women of reproductive age (15-49 years) affected by anemia (million),2010,million No,1.1
Guinea,Value,Number of women of reproductive age (15-49 years) affected by anemia (million),2011,million No,1.2
Guinea,Value,Number of women of reproductive age (15-49 years) affected by anemia (million),2012,million No,1.2
Guinea,Value,Number of women of reproductive age (15-49 years) affected by anemia (million),2013,million No,1.2
Guinea,Value,Number of women of reproductive age (15-49 years) affected by anemia (million),2014,million No,1.2
Guinea,Value,Number of women of reproductive age (15-49 years) affected by anemia (million),2015,million No,1.3
Guinea,Value,Number of women of reproductive age (15-49 years) affected by anemia (million),2016,million No,1.3
Guinea,Value,Number of women of reproductive age (15-49 years) affected by anemia (million),2017,million No,1.3
Guinea,Value,Number of women of reproductive age (15-49 years) affected by anemia (million),2018,million No,1.4
Guinea,Value,Number of women of reproductive age (15-49 years) affected by anemia (million),2019,million No,1.4
Guinea,Value,Number of women of reproductive age (15-49 years) affected by anemia (million),2020,million No,1.5
Guinea,Value,Number of women of reproductive age (15-49 years) affected by anemia (million),2021,million No,1.5
Guinea,Value,Number of women of reproductive age (15-49 years) affected by anemia (million),2022,million No,1.5
Guinea,Value,Number of women of reproductive age (15-49 years) affected by anemia (million),2023,million No,1.6
Guinea,Value,Prevalence of exclusive breastfeeding among infants 0-5 months of age (percent),2003,%,22.8
Guinea,Value,Prevalence of exclusive breastfeeding among infants 0-5 months of age (percent),2005,%,27
Guinea,Value,Prevalence of exclusive breastfeeding among infants 0-5 months of age (percent),2012,%,20.4
Guinea,Value,Prevalence of exclusive breastfeeding among infants 0-5 months of age (percent),2016,%,34.2
Guinea,Value,Prevalence of exclusive breastfeeding among infants 0-5 months of age (percent),2018,%,33.4
Guinea,Value,Prevalence of exclusive breastfeeding among infants 0-5 months of age (percent),2022,%,43.7
Guinea,Value,Minimum dietary energy requirement (kcal/cap/day),2001,kcal/cap/d,1688
Guinea,Value,Minimum dietary energy requirement (kcal/cap/day),2002,kcal/cap/d,1687
Guinea,Value,Minimum dietary energy requirement (kcal/cap/day),2003,kcal/cap/d,1689
Guinea,Value,Minimum dietary energy requirement (kcal/cap/day),2004,kcal/cap/d,1691
Guinea,Value,Minimum dietary energy requirement (kcal/cap/day),2005,kcal/cap/d,1692
Guinea,Value,Minimum dietary energy requirement (kcal/cap/day),2006,kcal/cap/d,1693
Guinea,Value,Minimum dietary energy requirement (kcal/cap/day),2007,kcal/cap/d,1695
Guinea,Value,Minimum dietary energy requirement (kcal/cap/day),2008,kcal/cap/d,1698
Guinea,Value,Minimum dietary energy requirement (kcal/cap/day),2009,kcal/cap/d,1700
Guinea,Value,Minimum dietary energy requirement (kcal/cap/day),2010,kcal/cap/d,1702
Guinea,Value,Minimum dietary energy requirement (kcal/cap/day),2011,kcal/cap/d,1705
Guinea,Value,Minimum dietary energy requirement (kcal/cap/day),2012,kcal/cap/d,1707
Guinea,Value,Minimum dietary energy requirement (kcal/cap/day),2013,kcal/cap/d,1708
Guinea,Value,Minimum dietary energy requirement (kcal/cap/day),2014,kcal/cap/d,1710
Guinea,Value,Minimum dietary energy requirement (kcal/cap/day),2015,kcal/cap/d,1711
Guinea,Value,Minimum dietary energy requirement (kcal/cap/day),2016,kcal/cap/d,1713
Guinea,Value,Minimum dietary energy requirement (kcal/cap/day),2017,kcal/cap/d,1714
Guinea,Value,Minimum dietary energy requirement (kcal/cap/day),2018,kcal/cap/d,1716
Guinea,Value,Minimum dietary energy requirement (kcal/cap/day),2019,kcal/cap/d,1719
Guinea,Value,Minimum dietary energy requirement (kcal/cap/day),2020,kcal/cap/d,1722
Guinea,Value,Minimum dietary energy requirement (kcal/cap/day),2021,kcal/cap/d,1725
Guinea,Value,Minimum dietary energy requirement (kcal/cap/day),2022,kcal/cap/d,1728
Guinea,Value,Minimum dietary energy requirement (kcal/cap/day),2023,kcal/cap/d,1732
Guinea,Value,Average dietary energy requirement (kcal/cap/day),2001,kcal/cap/d,2168
Guinea,Value,Average dietary energy requirement (kcal/cap/day),2002,kcal/cap/d,2166
Guinea,Value,Average dietary energy requirement (kcal/cap/day),2003,kcal/cap/d,2170
Guinea,Value,Average dietary energy requirement (kcal/cap/day),2004,kcal/cap/d,2172
Guinea,Value,Average dietary energy requirement (kcal/cap/day),2005,kcal/cap/d,2174
Guinea,Value,Average dietary energy requirement (kcal/cap/day),2006,kcal/cap/d,2176
Guinea,Value,Average dietary energy requirement (kcal/cap/day),2007,kcal/cap/d,2180
Guinea,Value,Average dietary energy requirement (kcal/cap/day),2008,kcal/cap/d,2184
Guinea,Value,Average dietary energy requirement (kcal/cap/day),2009,kcal/cap/d,2188
Guinea,Value,Average dietary energy requirement (kcal/cap/day),2010,kcal/cap/d,2191
Guinea,Value,Average dietary energy requirement (kcal/cap/day),2011,kcal/cap/d,2195
Guinea,Value,Average dietary energy requirement (kcal/cap/day),2012,kcal/cap/d,2198
Guinea,Value,Average dietary energy requirement (kcal/cap/day),2013,kcal/cap/d,2200
Guinea,Value,Average dietary energy requirement (kcal/cap/day),2014,kcal/cap/d,2202
Guinea,Value,Average dietary energy requirement (kcal/cap/day),2015,kcal/cap/d,2204
Guinea,Value,Average dietary energy requirement (kcal/cap/day),2016,kcal/cap/d,2206
Guinea,Value,Average dietary energy requirement (kcal/cap/day),2017,kcal/cap/d,2208
Guinea,Value,Average dietary energy requirement (kcal/cap/day),2018,kcal/cap/d,2211
Guinea,Value,Average dietary energy requirement (kcal/cap/day),2019,kcal/cap/d,2215
Guinea,Value,Average dietary energy requirement (kcal/cap/day),2020,kcal/cap/d,2219
Guinea,Value,Average dietary energy requirement (kcal/cap/day),2021,kcal/cap/d,2224
Guinea,Value,Average dietary energy requirement (kcal/cap/day),2022,kcal/cap/d,2228
Guinea,Value,Average dietary energy requirement (kcal/cap/day),2023,kcal/cap/d,2233
Guinea,Value,Coefficient of variation of habitual caloric consumption distribution (real number),2001,No,0.33
Guinea,Value,Coefficient of variation of habitual caloric consumption distribution (real number),2002,No,0.33
Guinea,Value,Coefficient of variation of habitual caloric consumption distribution (real number),2003,No,0.33
Guinea,Value,Coefficient of variation of habitual caloric consumption distribution (real number),2004,No,0.33
Guinea,Value,Coefficient of variation of habitual caloric consumption distribution (real number),2005,No,0.33
Guinea,Value,Coefficient of variation of habitual caloric consumption distribution (real number),2006,No,0.33
Guinea,Value,Coefficient of variation of habitual caloric consumption distribution (real number),2007,No,0.33
Guinea,Value,Coefficient of variation of habitual caloric consumption distribution (real number),2008,No,0.32
Guinea,Value,Coefficient of variation of habitual caloric consumption distribution (real number),2009,No,0.32
Guinea,Value,Coefficient of variation of habitual caloric consumption distribution (real number),2010,No,0.32
Guinea,Value,Coefficient of variation of habitual caloric consumption distribution (real number),2011,No,0.32
Guinea,Value,Coefficient of variation of habitual caloric consumption distribution (real number),2012,No,0.31
Guinea,Value,Coefficient of variation of habitual caloric consumption distribution (real number),2013,No,0.31
Guinea,Value,Coefficient of variation of habitual caloric consumption distribution (real number),2014,No,0.31
Guinea,Value,Coefficient of variation of habitual caloric consumption distribution (real number),2015,No,0.31
Guinea,Value,Coefficient of variation of habitual caloric consumption distribution (real number),2016,No,0.32
Guinea,Value,Coefficient of variation of habitual caloric consumption distribution (real number),2017,No,0.34
Guinea,Value,Coefficient of variation of habitual caloric consumption distribution (real number),2018,No,0.34
Guinea,Value,Coefficient of variation of habitual caloric consumption distribution (real number),2019,No,0.34
Guinea,Value,Coefficient of variation of habitual caloric consumption distribution (real number),2020,No,0.34
Guinea,Value,Coefficient of variation of habitual caloric consumption distribution (real number),2021,No,0.33
Guinea,Value,Coefficient of variation of habitual caloric consumption distribution (real number),2022,No,0.34
Guinea,Value,Coefficient of variation of habitual caloric consumption distribution (real number),2023,No,0.37
Guinea,Value,Incidence of caloric losses at retail distribution level (percent),2001,%,4.11
Guinea,Value,Incidence of caloric losses at retail distribution level (percent),2002,%,4.09
Guinea,Value,Incidence of caloric losses at retail distribution level (percent),2003,%,4.1
Guinea,Value,Incidence of caloric losses at retail distribution level (percent),2004,%,4.08
Guinea,Value,Incidence of caloric losses at retail distribution level (percent),2005,%,4.06
Guinea,Value,Incidence of caloric losses at retail distribution level (percent),2006,%,3.78
Guinea,Value,Incidence of caloric losses at retail distribution level (percent),2007,%,3.77
Guinea,Value,Incidence of caloric losses at retail distribution level (percent),2008,%,3.72
Guinea,Value,Incidence of caloric losses at retail distribution level (percent),2009,%,3.78
Guinea,Value,Incidence of caloric losses at retail distribution level (percent),2010,%,3.76
Guinea,Value,Incidence of caloric losses at retail distribution level (percent),2011,%,3.68
Guinea,Value,Incidence of caloric losses at retail distribution level (percent),2012,%,3.69
Guinea,Value,Incidence of caloric losses at retail distribution level (percent),2013,%,3.65
Guinea,Value,Incidence of caloric losses at retail distribution level (percent),2014,%,3.61
Guinea,Value,Incidence of caloric losses at retail distribution level (percent),2015,%,3.62
Guinea,Value,Incidence of caloric losses at retail distribution level (percent),2016,%,3.63
Guinea,Value,Incidence of caloric losses at retail distribution level (percent),2017,%,3.62
Guinea,Value,Incidence of caloric losses at retail distribution level (percent),2018,%,3.6
Guinea,Value,Incidence of caloric losses at retail distribution level (percent),2019,%,3.57
Guinea,Value,Incidence of caloric losses at retail distribution level (percent),2020,%,3.64
Guinea,Value,Incidence of caloric losses at retail distribution level (percent),2021,%,3.67
Guinea,Value,Incidence of caloric losses at retail distribution level (percent),2022,%,3.68
Guinea,Value,Incidence of caloric losses at retail distribution level (percent),2023,%,3.68
Guinea-Bissau,Value,Dietary energy supply used in the estimation of the prevalence of undernourishment (kcal/cap/day),2001,kcal/cap/d,2414
Guinea-Bissau,Value,Dietary energy supply used in the estimation of the prevalence of undernourishment (kcal/cap/day),2002,kcal/cap/d,2411
Guinea-Bissau,Value,Dietary energy supply used in the estimation of the prevalence of undernourishment (kcal/cap/day),2003,kcal/cap/d,2362
Guinea-Bissau,Value,Dietary energy supply used in the estimation of the prevalence of undernourishment (kcal/cap/day),2004,kcal/cap/d,2348
Guinea-Bissau,Value,Dietary energy supply used in the estimation of the prevalence of undernourishment (kcal/cap/day),2005,kcal/cap/d,2335
Guinea-Bissau,Value,Dietary energy supply used in the estimation of the prevalence of undernourishment (kcal/cap/day),2006,kcal/cap/d,2321
Guinea-Bissau,Value,Dietary energy supply used in the estimation of the prevalence of undernourishment (kcal/cap/day),2007,kcal/cap/d,2308
Guinea-Bissau,Value,Dietary energy supply used in the estimation of the prevalence of undernourishment (kcal/cap/day),2008,kcal/cap/d,2294
Guinea-Bissau,Value,Dietary energy supply used in the estimation of the prevalence of undernourishment (kcal/cap/day),2009,kcal/cap/d,2281
Guinea-Bissau,Value,Dietary energy supply used in the estimation of the prevalence of undernourishment (kcal/cap/day),2010,kcal/cap/d,2267
Guinea-Bissau,Value,Dietary energy supply used in the estimation of the prevalence of undernourishment (kcal/cap/day),2011,kcal/cap/d,2235
Guinea-Bissau,Value,Dietary energy supply used in the estimation of the prevalence of undernourishment (kcal/cap/day),2012,kcal/cap/d,2224
Guinea-Bissau,Value,Dietary energy supply used in the estimation of the prevalence of undernourishment (kcal/cap/day),2013,kcal/cap/d,2194
Guinea-Bissau,Value,Dietary energy supply used in the estimation of the prevalence of undernourishment (kcal/cap/day),2014,kcal/cap/d,2042
Guinea-Bissau,Value,Dietary energy supply used in the estimation of the prevalence of undernourishment (kcal/cap/day),2015,kcal/cap/d,2170
Guinea-Bissau,Value,Dietary energy supply used in the estimation of the prevalence of undernourishment (kcal/cap/day),2016,kcal/cap/d,2326
Guinea-Bissau,Value,Dietary energy supply used in the estimation of the prevalence of undernourishment (kcal/cap/day),2017,kcal/cap/d,2603
Guinea-Bissau,Value,Dietary energy supply used in the estimation of the prevalence of undernourishment (kcal/cap/day),2018,kcal/cap/d,2668
Guinea-Bissau,Value,Dietary energy supply used in the estimation of the prevalence of undernourishment (kcal/cap/day),2019,kcal/cap/d,2514
Guinea-Bissau,Value,Dietary energy supply used in the estimation of the prevalence of undernourishment (kcal/cap/day),2020,kcal/cap/d,2694
Guinea-Bissau,Value,Dietary energy supply used in the estimation of the prevalence of undernourishment (kcal/cap/day),2021,kcal/cap/d,2521
Guinea-Bissau,Value,Dietary energy supply used in the estimation of the prevalence of undernourishment (kcal/cap/day),2022,kcal/cap/d,2440
Guinea-Bissau,Value,Dietary energy supply used in the estimation of the prevalence of undernourishment (kcal/cap/day),2023,kcal/cap/d,2560
Guinea-Bissau,Value,"Gross domestic product per capita, PPP, (constant 2021 international $)",2001,Int$/cap,2001
Guinea-Bissau,Value,"Gross domestic product per capita, PPP, (constant 2021 international $)",2002,Int$/cap,2029
Guinea-Bissau,Value,"Gross domestic product per capita, PPP, (constant 2021 international $)",2003,Int$/cap,1978
Guinea-Bissau,Value,"Gross domestic product per capita, PPP, (constant 2021 international $)",2004,Int$/cap,1956
Guinea-Bissau,Value,"Gross domestic product per capita, PPP, (constant 2021 international $)",2005,Int$/cap,2036
Guinea-Bissau,Value,"Gross domestic product per capita, PPP, (constant 2021 international $)",2006,Int$/cap,2040
Guinea-Bissau,Value,"Gross domestic product per capita, PPP, (constant 2021 international $)",2007,Int$/cap,2041
Guinea-Bissau,Value,"Gross domestic product per capita, PPP, (constant 2021 international $)",2008,Int$/cap,2080
Guinea-Bissau,Value,"Gross domestic product per capita, PPP, (constant 2021 international $)",2009,Int$/cap,2078
Guinea-Bissau,Value,"Gross domestic product per capita, PPP, (constant 2021 international $)",2010,Int$/cap,2138
Guinea-Bissau,Value,"Gross domestic product per capita, PPP, (constant 2021 international $)",2011,Int$/cap,2251
Guinea-Bissau,Value,"Gross domestic product per capita, PPP, (constant 2021 international $)",2012,Int$/cap,2154
Guinea-Bissau,Value,"Gross domestic product per capita, PPP, (constant 2021 international $)",2013,Int$/cap,2166
Guinea-Bissau,Value,"Gross domestic product per capita, PPP, (constant 2021 international $)",2014,Int$/cap,2130
Guinea-Bissau,Value,"Gross domestic product per capita, PPP, (constant 2021 international $)",2015,Int$/cap,2204
Guinea-Bissau,Value,"Gross domestic product per capita, PPP, (constant 2021 international $)",2016,Int$/cap,2266
Guinea-Bissau,Value,"Gross domestic product per capita, PPP, (constant 2021 international $)",2017,Int$/cap,2314
Guinea-Bissau,Value,"Gross domestic product per capita, PPP, (constant 2021 international $)",2018,Int$/cap,2345
Guinea-Bissau,Value,"Gross domestic product per capita, PPP, (constant 2021 international $)",2019,Int$/cap,2418
Guinea-Bissau,Value,"Gross domestic product per capita, PPP, (constant 2021 international $)",2020,Int$/cap,2414
Guinea-Bissau,Value,"Gross domestic product per capita, PPP, (constant 2021 international $)",2021,Int$/cap,2484
Guinea-Bissau,Value,"Gross domestic product per capita, PPP, (constant 2021 international $)",2022,Int$/cap,2564
Guinea-Bissau,Value,"Gross domestic product per capita, PPP, (constant 2021 international $)",2023,Int$/cap,2619
Guinea-Bissau,Value,Political stability and absence of violence/terrorism (index),2002,,-0.73
Guinea-Bissau,Value,Political stability and absence of violence/terrorism (index),2003,,-0.49
Guinea-Bissau,Value,Political stability and absence of violence/terrorism (index),2004,,-0.38
Guinea-Bissau,Value,Political stability and absence of violence/terrorism (index),2005,,-0.56
Guinea-Bissau,Value,Political stability and absence of violence/terrorism (index),2006,,-0.49
Guinea-Bissau,Value,Political stability and absence of violence/terrorism (index),2007,,-0.46
Guinea-Bissau,Value,Political stability and absence of violence/terrorism (index),2008,,-0.71
Guinea-Bissau,Value,Political stability and absence of violence/terrorism (index),2009,,-0.67
Guinea-Bissau,Value,Political stability and absence of violence/terrorism (index),2010,,-0.69
Guinea-Bissau,Value,Political stability and absence of violence/terrorism (index),2011,,-0.75
Guinea-Bissau,Value,Political stability and absence of violence/terrorism (index),2012,,-0.97
Guinea-Bissau,Value,Political stability and absence of violence/terrorism (index),2013,,-0.9
Guinea-Bissau,Value,Political stability and absence of violence/terrorism (index),2014,,-0.71
Guinea-Bissau,Value,Political stability and absence of violence/terrorism (index),2015,,-0.52
Guinea-Bissau,Value,Political stability and absence of violence/terrorism (index),2016,,-0.45
Guinea-Bissau,Value,Political stability and absence of violence/terrorism (index),2017,,-0.5
Guinea-Bissau,Value,Political stability and absence of violence/terrorism (index),2018,,-0.68
Guinea-Bissau,Value,Political stability and absence of violence/terrorism (index),2019,,-0.56
Guinea-Bissau,Value,Political stability and absence of violence/terrorism (index),2020,,-0.72
Guinea-Bissau,Value,Political stability and absence of violence/terrorism (index),2021,,-0.28
Guinea-Bissau,Value,Political stability and absence of violence/terrorism (index),2022,,-0.39
Guinea-Bissau,Value,Per capita food supply variability (kcal/cap/day),2001,kcal/cap/d,54
Guinea-Bissau,Value,Per capita food supply variability (kcal/cap/day),2002,kcal/cap/d,79
Guinea-Bissau,Value,Per capita food supply variability (kcal/cap/day),2003,kcal/cap/d,85
Guinea-Bissau,Value,Per capita food supply variability (kcal/cap/day),2004,kcal/cap/d,63
Guinea-Bissau,Value,Per capita food supply variability (kcal/cap/day),2005,kcal/cap/d,23
Guinea-Bissau,Value,Per capita food supply variability (kcal/cap/day),2006,kcal/cap/d,24
Guinea-Bissau,Value,Per capita food supply variability (kcal/cap/day),2007,kcal/cap/d,23
Guinea-Bissau,Value,Per capita food supply variability (kcal/cap/day),2008,kcal/cap/d,12
Guinea-Bissau,Value,Per capita food supply variability (kcal/cap/day),2009,kcal/cap/d,14
Guinea-Bissau,Value,Per capita food supply variability (kcal/cap/day),2010,kcal/cap/d,17
Guinea-Bissau,Value,Per capita food supply variability (kcal/cap/day),2011,kcal/cap/d,20
Guinea-Bissau,Value,Per capita food supply variability (kcal/cap/day),2012,kcal/cap/d,30
Guinea-Bissau,Value,Per capita food supply variability (kcal/cap/day),2013,kcal/cap/d,35
Guinea-Bissau,Value,Per capita food supply variability (kcal/cap/day),2014,kcal/cap/d,44
Guinea-Bissau,Value,Per capita food supply variability (kcal/cap/day),2015,kcal/cap/d,101
Guinea-Bissau,Value,Per capita food supply variability (kcal/cap/day),2016,kcal/cap/d,90
Guinea-Bissau,Value,Per capita food supply variability (kcal/cap/day),2017,kcal/cap/d,96
Guinea-Bissau,Value,Per capita food supply variability (kcal/cap/day),2018,kcal/cap/d,189
Guinea-Bissau,Value,Per capita food supply variability (kcal/cap/day),2019,kcal/cap/d,237
Guinea-Bissau,Value,Per capita food supply variability (kcal/cap/day),2020,kcal/cap/d,178
Guinea-Bissau,Value,Per capita food supply variability (kcal/cap/day),2021,kcal/cap/d,123
Guinea-Bissau,Value,Per capita food supply variability (kcal/cap/day),2022,kcal/cap/d,110
Guinea-Bissau,Value,Per capita food supply variability (kcal/cap/day),2023,kcal/cap/d,155
Guinea-Bissau,Value,Percentage of population using safely managed drinking water services (percent),2001,%,18
Guinea-Bissau,Value,Percentage of population using safely managed drinking water services (percent),2002,%,18
Guinea-Bissau,Value,Percentage of population using safely managed drinking water services (percent),2003,%,19
Guinea-Bissau,Value,Percentage of population using safely managed drinking water services (percent),2004,%,19
Guinea-Bissau,Value,Percentage of population using safely managed drinking water services (percent),2005,%,19
Guinea-Bissau,Value,Percentage of population using safely managed drinking water services (percent),2006,%,20
Guinea-Bissau,Value,Percentage of population using safely managed drinking water services (percent),2007,%,20
Guinea-Bissau,Value,Percentage of population using safely managed drinking water services (percent),2008,%,20
Guinea-Bissau,Value,Percentage of population using safely managed drinking water services (percent),2009,%,20
Guinea-Bissau,Value,Percentage of population using safely managed drinking water services (percent),2010,%,21
Guinea-Bissau,Value,Percentage of population using safely managed drinking water services (percent),2011,%,21
Guinea-Bissau,Value,Percentage of population using safely managed drinking water services (percent),2012,%,21
Guinea-Bissau,Value,Percentage of population using safely managed drinking water services (percent),2013,%,22
Guinea-Bissau,Value,Percentage of population using safely managed drinking water services (percent),2014,%,22
Guinea-Bissau,Value,Percentage of population using safely managed drinking water services (percent),2015,%,22
Guinea-Bissau,Value,Percentage of population using safely managed drinking water services (percent),2016,%,22
Guinea-Bissau,Value,Percentage of population using safely managed drinking water services (percent),2017,%,23
Guinea-Bissau,Value,Percentage of population using safely managed drinking water services (percent),2018,%,23
Guinea-Bissau,Value,Percentage of population using safely managed drinking water services (percent),2019,%,23
Guinea-Bissau,Value,Percentage of population using safely managed drinking water services (percent),2020,%,24
Guinea-Bissau,Value,Percentage of population using safely managed drinking water services (percent),2021,%,24
Guinea-Bissau,Value,Percentage of population using safely managed drinking water services (percent),2022,%,24
Guinea-Bissau,Value,Percentage of population using at least basic drinking water services (percent),2001,%,56
Guinea-Bissau,Value,Percentage of population using at least basic drinking water services (percent),2002,%,56
Guinea-Bissau,Value,Percentage of population using at least basic drinking water services (percent),2003,%,57
Guinea-Bissau,Value,Percentage of population using at least basic drinking water services (percent),2004,%,57
Guinea-Bissau,Value,Percentage of population using at least basic drinking water services (percent),2005,%,57
Guinea-Bissau,Value,Percentage of population using at least basic drinking water services (percent),2006,%,58
Guinea-Bissau,Value,Percentage of population using at least basic drinking water services (percent),2007,%,58
Guinea-Bissau,Value,Percentage of population using at least basic drinking water services (percent),2008,%,58
Guinea-Bissau,Value,Percentage of population using at least basic drinking water services (percent),2009,%,59
Guinea-Bissau,Value,Percentage of population using at least basic drinking water services (percent),2010,%,59
Guinea-Bissau,Value,Percentage of population using at least basic drinking water services (percent),2011,%,60
Guinea-Bissau,Value,Percentage of population using at least basic drinking water services (percent),2012,%,60
Guinea-Bissau,Value,Percentage of population using at least basic drinking water services (percent),2013,%,60
Guinea-Bissau,Value,Percentage of population using at least basic drinking water services (percent),2014,%,60
Guinea-Bissau,Value,Percentage of population using at least basic drinking water services (percent),2015,%,61
Guinea-Bissau,Value,Percentage of population using at least basic drinking water services (percent),2016,%,61
Guinea-Bissau,Value,Percentage of population using at least basic drinking water services (percent),2017,%,61
Guinea-Bissau,Value,Percentage of population using at least basic drinking water services (percent),2018,%,61
Guinea-Bissau,Value,Percentage of population using at least basic drinking water services (percent),2019,%,61
Guinea-Bissau,Value,Percentage of population using at least basic drinking water services (percent),2020,%,62
Guinea-Bissau,Value,Percentage of population using at least basic drinking water services (percent),2021,%,62
Guinea-Bissau,Value,Percentage of population using at least basic drinking water services (percent),2022,%,62
Guinea-Bissau,Value,Percentage of population using safely managed sanitation services (percent),2004,%,3
Guinea-Bissau,Value,Percentage of population using safely managed sanitation services (percent),2005,%,4
Guinea-Bissau,Value,Percentage of population using safely managed sanitation services (percent),2006,%,4
Guinea-Bissau,Value,Percentage of population using safely managed sanitation services (percent),2007,%,5
Guinea-Bissau,Value,Percentage of population using safely managed sanitation services (percent),2008,%,6
Guinea-Bissau,Value,Percentage of population using safely managed sanitation services (percent),2009,%,6
Guinea-Bissau,Value,Percentage of population using safely managed sanitation services (percent),2010,%,7
Guinea-Bissau,Value,Percentage of population using safely managed sanitation services (percent),2011,%,8
Guinea-Bissau,Value,Percentage of population using safely managed sanitation services (percent),2012,%,8
Guinea-Bissau,Value,Percentage of population using safely managed sanitation services (percent),2013,%,9
Guinea-Bissau,Value,Percentage of population using safely managed sanitation services (percent),2014,%,10
Guinea-Bissau,Value,Percentage of population using safely managed sanitation services (percent),2015,%,11
Guinea-Bissau,Value,Percentage of population using safely managed sanitation services (percent),2016,%,12
Guinea-Bissau,Value,Percentage of population using safely managed sanitation services (percent),2017,%,12
Guinea-Bissau,Value,Percentage of population using safely managed sanitation services (percent),2018,%,13
Guinea-Bissau,Value,Percentage of population using safely managed sanitation services (percent),2019,%,14
Guinea-Bissau,Value,Percentage of population using safely managed sanitation services (percent),2020,%,15
Guinea-Bissau,Value,Percentage of population using safely managed sanitation services (percent),2021,%,15
Guinea-Bissau,Value,Percentage of population using safely managed sanitation services (percent),2022,%,15
Guinea-Bissau,Value,Percentage of population using at least basic sanitation services (percent),2001,%,5
Guinea-Bissau,Value,Percentage of population using at least basic sanitation services (percent),2002,%,5
Guinea-Bissau,Value,Percentage of population using at least basic sanitation services (percent),2003,%,6
Guinea-Bissau,Value,Percentage of population using at least basic sanitation services (percent),2004,%,6
Guinea-Bissau,Value,Percentage of population using at least basic sanitation services (percent),2005,%,8
Guinea-Bissau,Value,Percentage of population using at least basic sanitation services (percent),2006,%,9
Guinea-Bissau,Value,Percentage of population using at least basic sanitation services (percent),2007,%,10
Guinea-Bissau,Value,Percentage of population using at least basic sanitation services (percent),2008,%,11
Guinea-Bissau,Value,Percentage of population using at least basic sanitation services (percent),2009,%,12
Guinea-Bissau,Value,Percentage of population using at least basic sanitation services (percent),2010,%,14
Guinea-Bissau,Value,Percentage of population using at least basic sanitation services (percent),2011,%,15
Guinea-Bissau,Value,Percentage of population using at least basic sanitation services (percent),2012,%,16
Guinea-Bissau,Value,Percentage of population using at least basic sanitation services (percent),2013,%,17
Guinea-Bissau,Value,Percentage of population using at least basic sanitation services (percent),2014,%,18
Guinea-Bissau,Value,Percentage of population using at least basic sanitation services (percent),2015,%,20
Guinea-Bissau,Value,Percentage of population using at least basic sanitation services (percent),2016,%,21
Guinea-Bissau,Value,Percentage of population using at least basic sanitation services (percent),2017,%,22
Guinea-Bissau,Value,Percentage of population using at least basic sanitation services (percent),2018,%,24
Guinea-Bissau,Value,Percentage of population using at least basic sanitation services (percent),2019,%,25
Guinea-Bissau,Value,Percentage of population using at least basic sanitation services (percent),2020,%,26
Guinea-Bissau,Value,Percentage of population using at least basic sanitation services (percent),2021,%,28
Guinea-Bissau,Value,Percentage of population using at least basic sanitation services (percent),2022,%,28
Guinea-Bissau,Value,Percentage of children under 5 years affected by wasting (percent),2008,%,4.8
Guinea-Bissau,Value,Percentage of children under 5 years affected by wasting (percent),2010,%,5.9
Guinea-Bissau,Value,Percentage of children under 5 years affected by wasting (percent),2012,%,6.2
Guinea-Bissau,Value,Percentage of children under 5 years affected by wasting (percent),2014,%,6
Guinea-Bissau,Value,Percentage of children under 5 years affected by wasting (percent),2019,%,7.8
Guinea-Bissau,Value,Number of children under 5 years affected by wasting (million),2008,million No,<0.1
Guinea-Bissau,Value,Number of children under 5 years affected by wasting (million),2010,million No,<0.1
Guinea-Bissau,Value,Number of children under 5 years affected by wasting (million),2012,million No,<0.1
Guinea-Bissau,Value,Number of children under 5 years affected by wasting (million),2014,million No,<0.1
Guinea-Bissau,Value,Number of children under 5 years affected by wasting (million),2019,million No,<0.1
Guinea-Bissau,Value,Percentage of children under 5 years of age who are stunted (modelled estimates) (percent),2001,%,32.9
Guinea-Bissau,Value,Percentage of children under 5 years of age who are stunted (modelled estimates) (percent),2002,%,32.5
Guinea-Bissau,Value,Percentage of children under 5 years of age who are stunted (modelled estimates) (percent),2003,%,32
Guinea-Bissau,Value,Percentage of children under 5 years of age who are stunted (modelled estimates) (percent),2004,%,31.5
Guinea-Bissau,Value,Percentage of children under 5 years of age who are stunted (modelled estimates) (percent),2005,%,31
Guinea-Bissau,Value,Percentage of children under 5 years of age who are stunted (modelled estimates) (percent),2006,%,30.6
Guinea-Bissau,Value,Percentage of children under 5 years of age who are stunted (modelled estimates) (percent),2007,%,30.1
Guinea-Bissau,Value,Percentage of children under 5 years of age who are stunted (modelled estimates) (percent),2008,%,29.6
Guinea-Bissau,Value,Percentage of children under 5 years of age who are stunted (modelled estimates) (percent),2009,%,29.2
Guinea-Bissau,Value,Percentage of children under 5 years of age who are stunted (modelled estimates) (percent),2010,%,28.7
Guinea-Bissau,Value,Percentage of children under 5 years of age who are stunted (modelled estimates) (percent),2011,%,28.3
Guinea-Bissau,Value,Percentage of children under 5 years of age who are stunted (modelled estimates) (percent),2012,%,28
Guinea-Bissau,Value,Percentage of children under 5 years of age who are stunted (modelled estimates) (percent),2013,%,27.9
Guinea-Bissau,Value,Percentage of children under 5 years of age who are stunted (modelled estimates) (percent),2014,%,27.8
Guinea-Bissau,Value,Percentage of children under 5 years of age who are stunted (modelled estimates) (percent),2015,%,27.8
Guinea-Bissau,Value,Percentage of children under 5 years of age who are stunted (modelled estimates) (percent),2016,%,27.8
Guinea-Bissau,Value,Percentage of children under 5 years of age who are stunted (modelled estimates) (percent),2017,%,27.7
Guinea-Bissau,Value,Percentage of children under 5 years of age who are stunted (modelled estimates) (percent),2018,%,27.6
Guinea-Bissau,Value,Percentage of children under 5 years of age who are stunted (modelled estimates) (percent),2019,%,27.5
Guinea-Bissau,Value,Percentage of children under 5 years of age who are stunted (modelled estimates) (percent),2020,%,27.4
Guinea-Bissau,Value,Percentage of children under 5 years of age who are stunted (modelled estimates) (percent),2021,%,27.6
Guinea-Bissau,Value,Percentage of children under 5 years of age who are stunted (modelled estimates) (percent),2022,%,27.9
Guinea-Bissau,Value,Percentage of children under 5 years of age who are stunted (modelled estimates) (percent),2023,%,28.1
Guinea-Bissau,Value,Number of children under 5 years of age who are stunted (modeled estimates) (million),2001,million No,<0.1
Guinea-Bissau,Value,Number of children under 5 years of age who are stunted (modeled estimates) (million),2002,million No,<0.1
Guinea-Bissau,Value,Number of children under 5 years of age who are stunted (modeled estimates) (million),2003,million No,<0.1
Guinea-Bissau,Value,Number of children under 5 years of age who are stunted (modeled estimates) (million),2004,million No,<0.1
Guinea-Bissau,Value,Number of children under 5 years of age who are stunted (modeled estimates) (million),2005,million No,<0.1
Guinea-Bissau,Value,Number of children under 5 years of age who are stunted (modeled estimates) (million),2006,million No,<0.1
Guinea-Bissau,Value,Number of children under 5 years of age who are stunted (modeled estimates) (million),2007,million No,<0.1
Guinea-Bissau,Value,Number of children under 5 years of age who are stunted (modeled estimates) (million),2008,million No,<0.1
Guinea-Bissau,Value,Number of children under 5 years of age who are stunted (modeled estimates) (million),2009,million No,<0.1
Guinea-Bissau,Value,Number of children under 5 years of age who are stunted (modeled estimates) (million),2010,million No,<0.1
Guinea-Bissau,Value,Number of children under 5 years of age who are stunted (modeled estimates) (million),2011,million No,<0.1
Guinea-Bissau,Value,Number of children under 5 years of age who are stunted (modeled estimates) (million),2012,million No,<0.1
Guinea-Bissau,Value,Number of children under 5 years of age who are stunted (modeled estimates) (million),2013,million No,<0.1
Guinea-Bissau,Value,Number of children under 5 years of age who are stunted (modeled estimates) (million),2014,million No,<0.1
Guinea-Bissau,Value,Number of children under 5 years of age who are stunted (modeled estimates) (million),2015,million No,<0.1
Guinea-Bissau,Value,Number of children under 5 years of age who are stunted (modeled estimates) (million),2016,million No,<0.1
Guinea-Bissau,Value,Number of children under 5 years of age who are stunted (modeled estimates) (million),2017,million No,<0.1
Guinea-Bissau,Value,Number of children under 5 years of age who are stunted (modeled estimates) (million),2018,million No,<0.1
Guinea-Bissau,Value,Number of children under 5 years of age who are stunted (modeled estimates) (million),2019,million No,<0.1
Guinea-Bissau,Value,Number of children under 5 years of age who are stunted (modeled estimates) (million),2020,million No,<0.1
Guinea-Bissau,Value,Number of children under 5 years of age who are stunted (modeled estimates) (million),2021,million No,<0.1
Guinea-Bissau,Value,Number of children under 5 years of age who are stunted (modeled estimates) (million),2022,million No,<0.1
Guinea-Bissau,Value,Number of children under 5 years of age who are stunted (modeled estimates) (million),2023,million No,<0.1
Guinea-Bissau,Value,Percentage of children under 5 years of age who are overweight (modelled estimates) (percent),2001,%,4.2
Guinea-Bissau,Value,Percentage of children under 5 years of age who are overweight (modelled estimates) (percent),2002,%,4
Guinea-Bissau,Value,Percentage of children under 5 years of age who are overweight (modelled estimates) (percent),2003,%,3.8
Guinea-Bissau,Value,Percentage of children under 5 years of age who are overweight (modelled estimates) (percent),2004,%,3.5
Guinea-Bissau,Value,Percentage of children under 5 years of age who are overweight (modelled estimates) (percent),2005,%,3.3
Guinea-Bissau,Value,Percentage of children under 5 years of age who are overweight (modelled estimates) (percent),2006,%,3.1
Guinea-Bissau,Value,Percentage of children under 5 years of age who are overweight (modelled estimates) (percent),2007,%,2.9
Guinea-Bissau,Value,Percentage of children under 5 years of age who are overweight (modelled estimates) (percent),2008,%,2.7
Guinea-Bissau,Value,Percentage of children under 5 years of age who are overweight (modelled estimates) (percent),2009,%,2.5
Guinea-Bissau,Value,Percentage of children under 5 years of age who are overweight (modelled estimates) (percent),2010,%,2.4
Guinea-Bissau,Value,Percentage of children under 5 years of age who are overweight (modelled estimates) (percent),2011,%,2.3
Guinea-Bissau,Value,Percentage of children under 5 years of age who are overweight (modelled estimates) (percent),2012,%,2.2
Guinea-Bissau,Value,Percentage of children under 5 years of age who are overweight (modelled estimates) (percent),2013,%,2.1
Guinea-Bissau,Value,Percentage of children under 5 years of age who are overweight (modelled estimates) (percent),2014,%,2.1
Guinea-Bissau,Value,Percentage of children under 5 years of age who are overweight (modelled estimates) (percent),2015,%,2.1
Guinea-Bissau,Value,Percentage of children under 5 years of age who are overweight (modelled estimates) (percent),2016,%,2
Guinea-Bissau,Value,Percentage of children under 5 years of age who are overweight (modelled estimates) (percent),2017,%,2.1
Guinea-Bissau,Value,Percentage of children under 5 years of age who are overweight (modelled estimates) (percent),2018,%,2.1
Guinea-Bissau,Value,Percentage of children under 5 years of age who are overweight (modelled estimates) (percent),2019,%,2.2
Guinea-Bissau,Value,Percentage of children under 5 years of age who are overweight (modelled estimates) (percent),2020,%,2.3
Guinea-Bissau,Value,Percentage of children under 5 years of age who are overweight (modelled estimates) (percent),2021,%,2.5
Guinea-Bissau,Value,Percentage of children under 5 years of age who are overweight (modelled estimates) (percent),2022,%,2.8
Guinea-Bissau,Value,Percentage of children under 5 years of age who are overweight (modelled estimates) (percent),2023,%,3.1
Guinea-Bissau,Value,Number of children under 5 years of age who are overweight (modeled estimates) (million),2001,million No,<0.1
Guinea-Bissau,Value,Number of children under 5 years of age who are overweight (modeled estimates) (million),2002,million No,<0.1
Guinea-Bissau,Value,Number of children under 5 years of age who are overweight (modeled estimates) (million),2003,million No,<0.1
Guinea-Bissau,Value,Number of children under 5 years of age who are overweight (modeled estimates) (million),2004,million No,<0.1
Guinea-Bissau,Value,Number of children under 5 years of age who are overweight (modeled estimates) (million),2005,million No,<0.1
Guinea-Bissau,Value,Number of children under 5 years of age who are overweight (modeled estimates) (million),2006,million No,<0.1
Guinea-Bissau,Value,Number of children under 5 years of age who are overweight (modeled estimates) (million),2007,million No,<0.1
Guinea-Bissau,Value,Number of children under 5 years of age who are overweight (modeled estimates) (million),2008,million No,<0.1
Guinea-Bissau,Value,Number of children under 5 years of age who are overweight (modeled estimates) (million),2009,million No,<0.1
Guinea-Bissau,Value,Number of children under 5 years of age who are overweight (modeled estimates) (million),2010,million No,<0.1
Guinea-Bissau,Value,Number of children under 5 years of age who are overweight (modeled estimates) (million),2011,million No,<0.1
Guinea-Bissau,Value,Number of children under 5 years of age who are overweight (modeled estimates) (million),2012,million No,<0.1
Guinea-Bissau,Value,Number of children under 5 years of age who are overweight (modeled estimates) (million),2013,million No,<0.1
Guinea-Bissau,Value,Number of children under 5 years of age who are overweight (modeled estimates) (million),2014,million No,<0.1
Guinea-Bissau,Value,Number of children under 5 years of age who are overweight (modeled estimates) (million),2015,million No,<0.1
Guinea-Bissau,Value,Number of children under 5 years of age who are overweight (modeled estimates) (million),2016,million No,<0.1
Guinea-Bissau,Value,Number of children under 5 years of age who are overweight (modeled estimates) (million),2017,million No,<0.1
Guinea-Bissau,Value,Number of children under 5 years of age who are overweight (modeled estimates) (million),2018,million No,<0.1
Guinea-Bissau,Value,Number of children under 5 years of age who are overweight (modeled estimates) (million),2019,million No,<0.1
Guinea-Bissau,Value,Number of children under 5 years of age who are overweight (modeled estimates) (million),2020,million No,<0.1
Guinea-Bissau,Value,Number of children under 5 years of age who are overweight (modeled estimates) (million),2021,million No,<0.1
Guinea-Bissau,Value,Number of children under 5 years of age who are overweight (modeled estimates) (million),2022,million No,<0.1
Guinea-Bissau,Value,Number of children under 5 years of age who are overweight (modeled estimates) (million),2023,million No,<0.1
Guinea-Bissau,Value,Prevalence of obesity in the adult population (18 years and older) (percent),2001,%,4.4
Guinea-Bissau,Value,Prevalence of obesity in the adult population (18 years and older) (percent),2002,%,4.8
Guinea-Bissau,Value,Prevalence of obesity in the adult population (18 years and older) (percent),2003,%,5.1
Guinea-Bissau,Value,Prevalence of obesity in the adult population (18 years and older) (percent),2004,%,5.4
Guinea-Bissau,Value,Prevalence of obesity in the adult population (18 years and older) (percent),2005,%,5.8
Guinea-Bissau,Value,Prevalence of obesity in the adult population (18 years and older) (percent),2006,%,6.1
Guinea-Bissau,Value,Prevalence of obesity in the adult population (18 years and older) (percent),2007,%,6.5
Guinea-Bissau,Value,Prevalence of obesity in the adult population (18 years and older) (percent),2008,%,6.8
Guinea-Bissau,Value,Prevalence of obesity in the adult population (18 years and older) (percent),2009,%,7.1
Guinea-Bissau,Value,Prevalence of obesity in the adult population (18 years and older) (percent),2010,%,7.3
Guinea-Bissau,Value,Prevalence of obesity in the adult population (18 years and older) (percent),2011,%,7.6
Guinea-Bissau,Value,Prevalence of obesity in the adult population (18 years and older) (percent),2012,%,7.9
Guinea-Bissau,Value,Prevalence of obesity in the adult population (18 years and older) (percent),2013,%,8.2
Guinea-Bissau,Value,Prevalence of obesity in the adult population (18 years and older) (percent),2014,%,8.4
Guinea-Bissau,Value,Prevalence of obesity in the adult population (18 years and older) (percent),2015,%,8.7
Guinea-Bissau,Value,Prevalence of obesity in the adult population (18 years and older) (percent),2016,%,9.1
Guinea-Bissau,Value,Prevalence of obesity in the adult population (18 years and older) (percent),2017,%,9.4
Guinea-Bissau,Value,Prevalence of obesity in the adult population (18 years and older) (percent),2018,%,9.8
Guinea-Bissau,Value,Prevalence of obesity in the adult population (18 years and older) (percent),2019,%,10.2
Guinea-Bissau,Value,Prevalence of obesity in the adult population (18 years and older) (percent),2020,%,10.6
Guinea-Bissau,Value,Prevalence of obesity in the adult population (18 years and older) (percent),2021,%,11
Guinea-Bissau,Value,Prevalence of obesity in the adult population (18 years and older) (percent),2022,%,11.5
Guinea-Bissau,Value,Number of obese adults (18 years and older) (million),2001,million No,<0.1
Guinea-Bissau,Value,Number of obese adults (18 years and older) (million),2002,million No,<0.1
Guinea-Bissau,Value,Number of obese adults (18 years and older) (million),2003,million No,<0.1
Guinea-Bissau,Value,Number of obese adults (18 years and older) (million),2004,million No,<0.1
Guinea-Bissau,Value,Number of obese adults (18 years and older) (million),2005,million No,<0.1
Guinea-Bissau,Value,Number of obese adults (18 years and older) (million),2006,million No,<0.1
Guinea-Bissau,Value,Number of obese adults (18 years and older) (million),2007,million No,<0.1
Guinea-Bissau,Value,Number of obese adults (18 years and older) (million),2008,million No,0.1
Guinea-Bissau,Value,Number of obese adults (18 years and older) (million),2009,million No,0.1
Guinea-Bissau,Value,Number of obese adults (18 years and older) (million),2010,million No,0.1
Guinea-Bissau,Value,Number of obese adults (18 years and older) (million),2011,million No,0.1
Guinea-Bissau,Value,Number of obese adults (18 years and older) (million),2012,million No,0.1
Guinea-Bissau,Value,Number of obese adults (18 years and older) (million),2013,million No,0.1
Guinea-Bissau,Value,Number of obese adults (18 years and older) (million),2014,million No,0.1
Guinea-Bissau,Value,Number of obese adults (18 years and older) (million),2015,million No,0.1
Guinea-Bissau,Value,Number of obese adults (18 years and older) (million),2016,million No,0.1
Guinea-Bissau,Value,Number of obese adults (18 years and older) (million),2017,million No,0.1
Guinea-Bissau,Value,Number of obese adults (18 years and older) (million),2018,million No,0.1
Guinea-Bissau,Value,Number of obese adults (18 years and older) (million),2019,million No,0.1
Guinea-Bissau,Value,Number of obese adults (18 years and older) (million),2020,million No,0.1
Guinea-Bissau,Value,Number of obese adults (18 years and older) (million),2021,million No,0.1
Guinea-Bissau,Value,Number of obese adults (18 years and older) (million),2022,million No,0.1
Guinea-Bissau,Value,Prevalence of anemia among women of reproductive age (15-49 years) (percent),2001,%,52.3
Guinea-Bissau,Value,Prevalence of anemia among women of reproductive age (15-49 years) (percent),2002,%,51.8
Guinea-Bissau,Value,Prevalence of anemia among women of reproductive age (15-49 years) (percent),2003,%,51.4
Guinea-Bissau,Value,Prevalence of anemia among women of reproductive age (15-49 years) (percent),2004,%,50.9
Guinea-Bissau,Value,Prevalence of anemia among women of reproductive age (15-49 years) (percent),2005,%,50.4
Guinea-Bissau,Value,Prevalence of anemia among women of reproductive age (15-49 years) (percent),2006,%,49.8
Guinea-Bissau,Value,Prevalence of anemia among women of reproductive age (15-49 years) (percent),2007,%,49.2
Guinea-Bissau,Value,Prevalence of anemia among women of reproductive age (15-49 years) (percent),2008,%,48.5
Guinea-Bissau,Value,Prevalence of anemia among women of reproductive age (15-49 years) (percent),2009,%,47.8
Guinea-Bissau,Value,Prevalence of anemia among women of reproductive age (15-49 years) (percent),2010,%,47.1
Guinea-Bissau,Value,Prevalence of anemia among women of reproductive age (15-49 years) (percent),2011,%,46.5
Guinea-Bissau,Value,Prevalence of anemia among women of reproductive age (15-49 years) (percent),2012,%,46.1
Guinea-Bissau,Value,Prevalence of anemia among women of reproductive age (15-49 years) (percent),2013,%,45.7
Guinea-Bissau,Value,Prevalence of anemia among women of reproductive age (15-49 years) (percent),2014,%,45.4
Guinea-Bissau,Value,Prevalence of anemia among women of reproductive age (15-49 years) (percent),2015,%,45.2
Guinea-Bissau,Value,Prevalence of anemia among women of reproductive age (15-49 years) (percent),2016,%,45.1
Guinea-Bissau,Value,Prevalence of anemia among women of reproductive age (15-49 years) (percent),2017,%,45
Guinea-Bissau,Value,Prevalence of anemia among women of reproductive age (15-49 years) (percent),2018,%,45
Guinea-Bissau,Value,Prevalence of anemia among women of reproductive age (15-49 years) (percent),2019,%,45
Guinea-Bissau,Value,Prevalence of anemia among women of reproductive age (15-49 years) (percent),2020,%,45
Guinea-Bissau,Value,Prevalence of anemia among women of reproductive age (15-49 years) (percent),2021,%,45.1
Guinea-Bissau,Value,Prevalence of anemia among women of reproductive age (15-49 years) (percent),2022,%,45.4
Guinea-Bissau,Value,Prevalence of anemia among women of reproductive age (15-49 years) (percent),2023,%,45.7
Guinea-Bissau,Value,Number of women of reproductive age (15-49 years) affected by anemia (million),2001,million No,0.2
Guinea-Bissau,Value,Number of women of reproductive age (15-49 years) affected by anemia (million),2002,million No,0.2
Guinea-Bissau,Value,Number of women of reproductive age (15-49 years) affected by anemia (million),2003,million No,0.2
Guinea-Bissau,Value,Number of women of reproductive age (15-49 years) affected by anemia (million),2004,million No,0.2
Guinea-Bissau,Value,Number of women of reproductive age (15-49 years) affected by anemia (million),2005,million No,0.2
Guinea-Bissau,Value,Number of women of reproductive age (15-49 years) affected by anemia (million),2006,million No,0.2
Guinea-Bissau,Value,Number of women of reproductive age (15-49 years) affected by anemia (million),2007,million No,0.2
Guinea-Bissau,Value,Number of women of reproductive age (15-49 years) affected by anemia (million),2008,million No,0.2
Guinea-Bissau,Value,Number of women of reproductive age (15-49 years) affected by anemia (million),2009,million No,0.2
Guinea-Bissau,Value,Number of women of reproductive age (15-49 years) affected by anemia (million),2010,million No,0.2
Guinea-Bissau,Value,Number of women of reproductive age (15-49 years) affected by anemia (million),2011,million No,0.2
Guinea-Bissau,Value,Number of women of reproductive age (15-49 years) affected by anemia (million),2012,million No,0.2
Guinea-Bissau,Value,Number of women of reproductive age (15-49 years) affected by anemia (million),2013,million No,0.2
Guinea-Bissau,Value,Number of women of reproductive age (15-49 years) affected by anemia (million),2014,million No,0.2
Guinea-Bissau,Value,Number of women of reproductive age (15-49 years) affected by anemia (million),2015,million No,0.2
Guinea-Bissau,Value,Number of women of reproductive age (15-49 years) affected by anemia (million),2016,million No,0.2
Guinea-Bissau,Value,Number of women of reproductive age (15-49 years) affected by anemia (million),2017,million No,0.2
Guinea-Bissau,Value,Number of women of reproductive age (15-49 years) affected by anemia (million),2018,million No,0.2
Guinea-Bissau,Value,Number of women of reproductive age (15-49 years) affected by anemia (million),2019,million No,0.2
Guinea-Bissau,Value,Number of women of reproductive age (15-49 years) affected by anemia (million),2020,million No,0.2
Guinea-Bissau,Value,Number of women of reproductive age (15-49 years) affected by anemia (million),2021,million No,0.2
Guinea-Bissau,Value,Number of women of reproductive age (15-49 years) affected by anemia (million),2022,million No,0.2
Guinea-Bissau,Value,Number of women of reproductive age (15-49 years) affected by anemia (million),2023,million No,0.3
Guinea-Bissau,Value,Prevalence of exclusive breastfeeding among infants 0-5 months of age (percent),2006,%,15.5
Guinea-Bissau,Value,Prevalence of exclusive breastfeeding among infants 0-5 months of age (percent),2010,%,38.3
Guinea-Bissau,Value,Prevalence of exclusive breastfeeding among infants 0-5 months of age (percent),2014,%,52.5
Guinea-Bissau,Value,Prevalence of exclusive breastfeeding among infants 0-5 months of age (percent),2019,%,59.3
Guinea-Bissau,Value,Prevalence of low birthweight (percent),2001,%,24.2
Guinea-Bissau,Value,Prevalence of low birthweight (percent),2002,%,24
Guinea-Bissau,Value,Prevalence of low birthweight (percent),2003,%,23.8
Guinea-Bissau,Value,Prevalence of low birthweight (percent),2004,%,23.6
Guinea-Bissau,Value,Prevalence of low birthweight (percent),2005,%,23.4
Guinea-Bissau,Value,Prevalence of low birthweight (percent),2006,%,23.2
Guinea-Bissau,Value,Prevalence of low birthweight (percent),2007,%,23
Guinea-Bissau,Value,Prevalence of low birthweight (percent),2008,%,22.7
Guinea-Bissau,Value,Prevalence of low birthweight (percent),2009,%,22.5
Guinea-Bissau,Value,Prevalence of low birthweight (percent),2010,%,22.2
Guinea-Bissau,Value,Prevalence of low birthweight (percent),2011,%,22
Guinea-Bissau,Value,Prevalence of low birthweight (percent),2012,%,21.8
Guinea-Bissau,Value,Prevalence of low birthweight (percent),2013,%,21.5
Guinea-Bissau,Value,Prevalence of low birthweight (percent),2014,%,21.3
Guinea-Bissau,Value,Prevalence of low birthweight (percent),2015,%,21
Guinea-Bissau,Value,Prevalence of low birthweight (percent),2016,%,20.7
Guinea-Bissau,Value,Prevalence of low birthweight (percent),2017,%,20.4
Guinea-Bissau,Value,Prevalence of low birthweight (percent),2018,%,20.1
Guinea-Bissau,Value,Prevalence of low birthweight (percent),2019,%,19.8
Guinea-Bissau,Value,Prevalence of low birthweight (percent),2020,%,19.5
Guinea-Bissau,Value,Number of newborns with low birthweight (million),2001,million No,<0.1
Guinea-Bissau,Value,Number of newborns with low birthweight (million),2002,million No,<0.1
Guinea-Bissau,Value,Number of newborns with low birthweight (million),2003,million No,<0.1
Guinea-Bissau,Value,Number of newborns with low birthweight (million),2004,million No,<0.1
Guinea-Bissau,Value,Number of newborns with low birthweight (million),2005,million No,<0.1
Guinea-Bissau,Value,Number of newborns with low birthweight (million),2006,million No,<0.1
Guinea-Bissau,Value,Number of newborns with low birthweight (million),2007,million No,<0.1
Guinea-Bissau,Value,Number of newborns with low birthweight (million),2008,million No,<0.1
Guinea-Bissau,Value,Number of newborns with low birthweight (million),2009,million No,<0.1
Guinea-Bissau,Value,Number of newborns with low birthweight (million),2010,million No,<0.1
Guinea-Bissau,Value,Number of newborns with low birthweight (million),2011,million No,<0.1
Guinea-Bissau,Value,Number of newborns with low birthweight (million),2012,million No,<0.1
Guinea-Bissau,Value,Number of newborns with low birthweight (million),2013,million No,<0.1
Guinea-Bissau,Value,Number of newborns with low birthweight (million),2014,million No,<0.1
Guinea-Bissau,Value,Number of newborns with low birthweight (million),2015,million No,<0.1
Guinea-Bissau,Value,Number of newborns with low birthweight (million),2016,million No,<0.1
Guinea-Bissau,Value,Number of newborns with low birthweight (million),2017,million No,<0.1
Guinea-Bissau,Value,Number of newborns with low birthweight (million),2018,million No,<0.1
Guinea-Bissau,Value,Number of newborns with low birthweight (million),2019,million No,<0.1
Guinea-Bissau,Value,Number of newborns with low birthweight (million),2020,million No,<0.1
Guinea-Bissau,Value,Minimum dietary energy requirement (kcal/cap/day),2001,kcal/cap/d,1695
Guinea-Bissau,Value,Minimum dietary energy requirement (kcal/cap/day),2002,kcal/cap/d,1697
Guinea-Bissau,Value,Minimum dietary energy requirement (kcal/cap/day),2003,kcal/cap/d,1699
Guinea-Bissau,Value,Minimum dietary energy requirement (kcal/cap/day),2004,kcal/cap/d,1701
Guinea-Bissau,Value,Minimum dietary energy requirement (kcal/cap/day),2005,kcal/cap/d,1702
Guinea-Bissau,Value,Minimum dietary energy requirement (kcal/cap/day),2006,kcal/cap/d,1705
Guinea-Bissau,Value,Minimum dietary energy requirement (kcal/cap/day),2007,kcal/cap/d,1707
Guinea-Bissau,Value,Minimum dietary energy requirement (kcal/cap/day),2008,kcal/cap/d,1710
Guinea-Bissau,Value,Minimum dietary energy requirement (kcal/cap/day),2009,kcal/cap/d,1711
Guinea-Bissau,Value,Minimum dietary energy requirement (kcal/cap/day),2010,kcal/cap/d,1713
Guinea-Bissau,Value,Minimum dietary energy requirement (kcal/cap/day),2011,kcal/cap/d,1715
Guinea-Bissau,Value,Minimum dietary energy requirement (kcal/cap/day),2012,kcal/cap/d,1716
Guinea-Bissau,Value,Minimum dietary energy requirement (kcal/cap/day),2013,kcal/cap/d,1718
Guinea-Bissau,Value,Minimum dietary energy requirement (kcal/cap/day),2014,kcal/cap/d,1720
Guinea-Bissau,Value,Minimum dietary energy requirement (kcal/cap/day),2015,kcal/cap/d,1722
Guinea-Bissau,Value,Minimum dietary energy requirement (kcal/cap/day),2016,kcal/cap/d,1725
Guinea-Bissau,Value,Minimum dietary energy requirement (kcal/cap/day),2017,kcal/cap/d,1729
Guinea-Bissau,Value,Minimum dietary energy requirement (kcal/cap/day),2018,kcal/cap/d,1733
Guinea-Bissau,Value,Minimum dietary energy requirement (kcal/cap/day),2019,kcal/cap/d,1738
Guinea-Bissau,Value,Minimum dietary energy requirement (kcal/cap/day),2020,kcal/cap/d,1742
Guinea-Bissau,Value,Minimum dietary energy requirement (kcal/cap/day),2021,kcal/cap/d,1747
Guinea-Bissau,Value,Minimum dietary energy requirement (kcal/cap/day),2022,kcal/cap/d,1751
Guinea-Bissau,Value,Minimum dietary energy requirement (kcal/cap/day),2023,kcal/cap/d,1755
Guinea-Bissau,Value,Average dietary energy requirement (kcal/cap/day),2001,kcal/cap/d,2180
Guinea-Bissau,Value,Average dietary energy requirement (kcal/cap/day),2002,kcal/cap/d,2183
Guinea-Bissau,Value,Average dietary energy requirement (kcal/cap/day),2003,kcal/cap/d,2185
Guinea-Bissau,Value,Average dietary energy requirement (kcal/cap/day),2004,kcal/cap/d,2188
Guinea-Bissau,Value,Average dietary energy requirement (kcal/cap/day),2005,kcal/cap/d,2190
Guinea-Bissau,Value,Average dietary energy requirement (kcal/cap/day),2006,kcal/cap/d,2194
Guinea-Bissau,Value,Average dietary energy requirement (kcal/cap/day),2007,kcal/cap/d,2197
Guinea-Bissau,Value,Average dietary energy requirement (kcal/cap/day),2008,kcal/cap/d,2200
Guinea-Bissau,Value,Average dietary energy requirement (kcal/cap/day),2009,kcal/cap/d,2203
Guinea-Bissau,Value,Average dietary energy requirement (kcal/cap/day),2010,kcal/cap/d,2205
Guinea-Bissau,Value,Average dietary energy requirement (kcal/cap/day),2011,kcal/cap/d,2207
Guinea-Bissau,Value,Average dietary energy requirement (kcal/cap/day),2012,kcal/cap/d,2209
Guinea-Bissau,Value,Average dietary energy requirement (kcal/cap/day),2013,kcal/cap/d,2212
Guinea-Bissau,Value,Average dietary energy requirement (kcal/cap/day),2014,kcal/cap/d,2214
Guinea-Bissau,Value,Average dietary energy requirement (kcal/cap/day),2015,kcal/cap/d,2218
Guinea-Bissau,Value,Average dietary energy requirement (kcal/cap/day),2016,kcal/cap/d,2222
Guinea-Bissau,Value,Average dietary energy requirement (kcal/cap/day),2017,kcal/cap/d,2228
Guinea-Bissau,Value,Average dietary energy requirement (kcal/cap/day),2018,kcal/cap/d,2233
Guinea-Bissau,Value,Average dietary energy requirement (kcal/cap/day),2019,kcal/cap/d,2240
Guinea-Bissau,Value,Average dietary energy requirement (kcal/cap/day),2020,kcal/cap/d,2246
Guinea-Bissau,Value,Average dietary energy requirement (kcal/cap/day),2021,kcal/cap/d,2252
Guinea-Bissau,Value,Average dietary energy requirement (kcal/cap/day),2022,kcal/cap/d,2259
Guinea-Bissau,Value,Average dietary energy requirement (kcal/cap/day),2023,kcal/cap/d,2265
Guinea-Bissau,Value,Coefficient of variation of habitual caloric consumption distribution (real number),2001,No,0.28
Guinea-Bissau,Value,Coefficient of variation of habitual caloric consumption distribution (real number),2002,No,0.28
Guinea-Bissau,Value,Coefficient of variation of habitual caloric consumption distribution (real number),2003,No,0.28
Guinea-Bissau,Value,Coefficient of variation of habitual caloric consumption distribution (real number),2004,No,0.28
Guinea-Bissau,Value,Coefficient of variation of habitual caloric consumption distribution (real number),2005,No,0.28
Guinea-Bissau,Value,Coefficient of variation of habitual caloric consumption distribution (real number),2006,No,0.28
Guinea-Bissau,Value,Coefficient of variation of habitual caloric consumption distribution (real number),2007,No,0.28
Guinea-Bissau,Value,Coefficient of variation of habitual caloric consumption distribution (real number),2008,No,0.28
Guinea-Bissau,Value,Coefficient of variation of habitual caloric consumption distribution (real number),2009,No,0.28
Guinea-Bissau,Value,Coefficient of variation of habitual caloric consumption distribution (real number),2010,No,0.28
Guinea-Bissau,Value,Coefficient of variation of habitual caloric consumption distribution (real number),2011,No,0.28
Guinea-Bissau,Value,Coefficient of variation of habitual caloric consumption distribution (real number),2012,No,0.28
Guinea-Bissau,Value,Coefficient of variation of habitual caloric consumption distribution (real number),2013,No,0.28
Guinea-Bissau,Value,Coefficient of variation of habitual caloric consumption distribution (real number),2014,No,0.28
Guinea-Bissau,Value,Coefficient of variation of habitual caloric consumption distribution (real number),2015,No,0.28
Guinea-Bissau,Value,Coefficient of variation of habitual caloric consumption distribution (real number),2016,No,0.28
Guinea-Bissau,Value,Coefficient of variation of habitual caloric consumption distribution (real number),2017,No,0.28
Guinea-Bissau,Value,Coefficient of variation of habitual caloric consumption distribution (real number),2018,No,0.28
Guinea-Bissau,Value,Coefficient of variation of habitual caloric consumption distribution (real number),2019,No,0.31
Guinea-Bissau,Value,Coefficient of variation of habitual caloric consumption distribution (real number),2020,No,0.33
Guinea-Bissau,Value,Coefficient of variation of habitual caloric consumption distribution (real number),2021,No,0.35
Guinea-Bissau,Value,Coefficient of variation of habitual caloric consumption distribution (real number),2022,No,0.37
Guinea-Bissau,Value,Coefficient of variation of habitual caloric consumption distribution (real number),2023,No,0.37
Guinea-Bissau,Value,Incidence of caloric losses at retail distribution level (percent),2001,%,2.97
Guinea-Bissau,Value,Incidence of caloric losses at retail distribution level (percent),2002,%,2.99
Guinea-Bissau,Value,Incidence of caloric losses at retail distribution level (percent),2003,%,2.93
Guinea-Bissau,Value,Incidence of caloric losses at retail distribution level (percent),2004,%,2.89
Guinea-Bissau,Value,Incidence of caloric losses at retail distribution level (percent),2005,%,2.91
Guinea-Bissau,Value,Incidence of caloric losses at retail distribution level (percent),2006,%,2.92
Guinea-Bissau,Value,Incidence of caloric losses at retail distribution level (percent),2007,%,2.84
Guinea-Bissau,Value,Incidence of caloric losses at retail distribution level (percent),2008,%,2.89
Guinea-Bissau,Value,Incidence of caloric losses at retail distribution level (percent),2009,%,2.85
Guinea-Bissau,Value,Incidence of caloric losses at retail distribution level (percent),2010,%,2.87
Guinea-Bissau,Value,Incidence of caloric losses at retail distribution level (percent),2011,%,2.86
Guinea-Bissau,Value,Incidence of caloric losses at retail distribution level (percent),2012,%,2.92
Guinea-Bissau,Value,Incidence of caloric losses at retail distribution level (percent),2013,%,2.83
Guinea-Bissau,Value,Incidence of caloric losses at retail distribution level (percent),2014,%,2.86
Guinea-Bissau,Value,Incidence of caloric losses at retail distribution level (percent),2015,%,2.83
Guinea-Bissau,Value,Incidence of caloric losses at retail distribution level (percent),2016,%,2.82
Guinea-Bissau,Value,Incidence of caloric losses at retail distribution level (percent),2017,%,2.81
Guinea-Bissau,Value,Incidence of caloric losses at retail distribution level (percent),2018,%,2.75
Guinea-Bissau,Value,Incidence of caloric losses at retail distribution level (percent),2019,%,2.66
Guinea-Bissau,Value,Incidence of caloric losses at retail distribution level (percent),2020,%,2.72
Guinea-Bissau,Value,Incidence of caloric losses at retail distribution level (percent),2021,%,2.72
Guinea-Bissau,Value,Incidence of caloric losses at retail distribution level (percent),2022,%,2.71
Guinea-Bissau,Value,Incidence of caloric losses at retail distribution level (percent),2023,%,2.71
Liberia,Value,Dietary energy supply used in the estimation of the prevalence of undernourishment (kcal/cap/day),2001,kcal/cap/d,2092
Liberia,Value,Dietary energy supply used in the estimation of the prevalence of undernourishment (kcal/cap/day),2002,kcal/cap/d,2121
Liberia,Value,Dietary energy supply used in the estimation of the prevalence of undernourishment (kcal/cap/day),2003,kcal/cap/d,2105
Liberia,Value,Dietary energy supply used in the estimation of the prevalence of undernourishment (kcal/cap/day),2004,kcal/cap/d,2109
Liberia,Value,Dietary energy supply used in the estimation of the prevalence of undernourishment (kcal/cap/day),2005,kcal/cap/d,2113
Liberia,Value,Dietary energy supply used in the estimation of the prevalence of undernourishment (kcal/cap/day),2006,kcal/cap/d,2117
Liberia,Value,Dietary energy supply used in the estimation of the prevalence of undernourishment (kcal/cap/day),2007,kcal/cap/d,2121
Liberia,Value,Dietary energy supply used in the estimation of the prevalence of undernourishment (kcal/cap/day),2008,kcal/cap/d,2125
Liberia,Value,Dietary energy supply used in the estimation of the prevalence of undernourishment (kcal/cap/day),2009,kcal/cap/d,2129
Liberia,Value,Dietary energy supply used in the estimation of the prevalence of undernourishment (kcal/cap/day),2010,kcal/cap/d,2133
Liberia,Value,Dietary energy supply used in the estimation of the prevalence of undernourishment (kcal/cap/day),2011,kcal/cap/d,2116
Liberia,Value,Dietary energy supply used in the estimation of the prevalence of undernourishment (kcal/cap/day),2012,kcal/cap/d,2122
Liberia,Value,Dietary energy supply used in the estimation of the prevalence of undernourishment (kcal/cap/day),2013,kcal/cap/d,2094
Liberia,Value,Dietary energy supply used in the estimation of the prevalence of undernourishment (kcal/cap/day),2014,kcal/cap/d,2131
Liberia,Value,Dietary energy supply used in the estimation of the prevalence of undernourishment (kcal/cap/day),2015,kcal/cap/d,2119
Liberia,Value,Dietary energy supply used in the estimation of the prevalence of undernourishment (kcal/cap/day),2016,kcal/cap/d,2155
Liberia,Value,Dietary energy supply used in the estimation of the prevalence of undernourishment (kcal/cap/day),2017,kcal/cap/d,2176
Liberia,Value,Dietary energy supply used in the estimation of the prevalence of undernourishment (kcal/cap/day),2018,kcal/cap/d,2142
Liberia,Value,Dietary energy supply used in the estimation of the prevalence of undernourishment (kcal/cap/day),2019,kcal/cap/d,2130
Liberia,Value,Dietary energy supply used in the estimation of the prevalence of undernourishment (kcal/cap/day),2020,kcal/cap/d,2109
Liberia,Value,Dietary energy supply used in the estimation of the prevalence of undernourishment (kcal/cap/day),2021,kcal/cap/d,2100
Liberia,Value,Dietary energy supply used in the estimation of the prevalence of undernourishment (kcal/cap/day),2022,kcal/cap/d,2134
Liberia,Value,Dietary energy supply used in the estimation of the prevalence of undernourishment (kcal/cap/day),2023,kcal/cap/d,2164
Liberia,Value,"Gross domestic product per capita, PPP, (constant 2021 international $)",2001,Int$/cap,1867
Liberia,Value,"Gross domestic product per capita, PPP, (constant 2021 international $)",2002,Int$/cap,1888
Liberia,Value,"Gross domestic product per capita, PPP, (constant 2021 international $)",2003,Int$/cap,1308
Liberia,Value,"Gross domestic product per capita, PPP, (constant 2021 international $)",2004,Int$/cap,1327
Liberia,Value,"Gross domestic product per capita, PPP, (constant 2021 international $)",2005,Int$/cap,1336
Liberia,Value,"Gross domestic product per capita, PPP, (constant 2021 international $)",2006,Int$/cap,1365
Liberia,Value,"Gross domestic product per capita, PPP, (constant 2021 international $)",2007,Int$/cap,1422
Liberia,Value,"Gross domestic product per capita, PPP, (constant 2021 international $)",2008,Int$/cap,1463
Liberia,Value,"Gross domestic product per capita, PPP, (constant 2021 international $)",2009,Int$/cap,1493
Liberia,Value,"Gross domestic product per capita, PPP, (constant 2021 international $)",2010,Int$/cap,1539
Liberia,Value,"Gross domestic product per capita, PPP, (constant 2021 international $)",2011,Int$/cap,1601
Liberia,Value,"Gross domestic product per capita, PPP, (constant 2021 international $)",2012,Int$/cap,1669
Liberia,Value,"Gross domestic product per capita, PPP, (constant 2021 international $)",2013,Int$/cap,1775
Liberia,Value,"Gross domestic product per capita, PPP, (constant 2021 international $)",2014,Int$/cap,1750
Liberia,Value,"Gross domestic product per capita, PPP, (constant 2021 international $)",2015,Int$/cap,1714
Liberia,Value,"Gross domestic product per capita, PPP, (constant 2021 international $)",2016,Int$/cap,1653
Liberia,Value,"Gross domestic product per capita, PPP, (constant 2021 international $)",2017,Int$/cap,1661
Liberia,Value,"Gross domestic product per capita, PPP, (constant 2021 international $)",2018,Int$/cap,1648
Liberia,Value,"Gross domestic product per capita, PPP, (constant 2021 international $)",2019,Int$/cap,1576
Liberia,Value,"Gross domestic product per capita, PPP, (constant 2021 international $)",2020,Int$/cap,1497
Liberia,Value,"Gross domestic product per capita, PPP, (constant 2021 international $)",2021,Int$/cap,1539
Liberia,Value,"Gross domestic product per capita, PPP, (constant 2021 international $)",2022,Int$/cap,1579
Liberia,Value,"Gross domestic product per capita, PPP, (constant 2021 international $)",2023,Int$/cap,1617
Liberia,Value,Political stability and absence of violence/terrorism (index),2002,,-2.19
Liberia,Value,Political stability and absence of violence/terrorism (index),2003,,-2.16
Liberia,Value,Political stability and absence of violence/terrorism (index),2004,,-1.37
Liberia,Value,Political stability and absence of violence/terrorism (index),2005,,-1.36
Liberia,Value,Political stability and absence of violence/terrorism (index),2006,,-1.33
Liberia,Value,Political stability and absence of violence/terrorism (index),2007,,-1.24
Liberia,Value,Political stability and absence of violence/terrorism (index),2008,,-1.28
Liberia,Value,Political stability and absence of violence/terrorism (index),2009,,-1.05
Liberia,Value,Political stability and absence of violence/terrorism (index),2010,,-0.47
Liberia,Value,Political stability and absence of violence/terrorism (index),2011,,-0.43
Liberia,Value,Political stability and absence of violence/terrorism (index),2012,,-0.48
Liberia,Value,Political stability and absence of violence/terrorism (index),2013,,-0.48
Liberia,Value,Political stability and absence of violence/terrorism (index),2014,,-0.62
Liberia,Value,Political stability and absence of violence/terrorism (index),2015,,-0.82
Liberia,Value,Political stability and absence of violence/terrorism (index),2016,,-0.44
Liberia,Value,Political stability and absence of violence/terrorism (index),2017,,-0.32
Liberia,Value,Political stability and absence of violence/terrorism (index),2018,,-0.2
Liberia,Value,Political stability and absence of violence/terrorism (index),2019,,-0.34
Liberia,Value,Political stability and absence of violence/terrorism (index),2020,,-0.31
Liberia,Value,Political stability and absence of violence/terrorism (index),2021,,-0.29
Liberia,Value,Political stability and absence of violence/terrorism (index),2022,,-0.27
Liberia,Value,Per capita food supply variability (kcal/cap/day),2001,kcal/cap/d,66
Liberia,Value,Per capita food supply variability (kcal/cap/day),2002,kcal/cap/d,54
Liberia,Value,Per capita food supply variability (kcal/cap/day),2003,kcal/cap/d,43
Liberia,Value,Per capita food supply variability (kcal/cap/day),2004,kcal/cap/d,36
Liberia,Value,Per capita food supply variability (kcal/cap/day),2005,kcal/cap/d,36
Liberia,Value,Per capita food supply variability (kcal/cap/day),2006,kcal/cap/d,10
Liberia,Value,Per capita food supply variability (kcal/cap/day),2007,kcal/cap/d,7
Liberia,Value,Per capita food supply variability (kcal/cap/day),2008,kcal/cap/d,7
Liberia,Value,Per capita food supply variability (kcal/cap/day),2009,kcal/cap/d,8
Liberia,Value,Per capita food supply variability (kcal/cap/day),2010,kcal/cap/d,9
Liberia,Value,Per capita food supply variability (kcal/cap/day),2011,kcal/cap/d,9
Liberia,Value,Per capita food supply variability (kcal/cap/day),2012,kcal/cap/d,7
Liberia,Value,Per capita food supply variability (kcal/cap/day),2013,kcal/cap/d,6
Liberia,Value,Per capita food supply variability (kcal/cap/day),2014,kcal/cap/d,13
Liberia,Value,Per capita food supply variability (kcal/cap/day),2015,kcal/cap/d,15
Liberia,Value,Per capita food supply variability (kcal/cap/day),2016,kcal/cap/d,14
Liberia,Value,Per capita food supply variability (kcal/cap/day),2017,kcal/cap/d,22
Liberia,Value,Per capita food supply variability (kcal/cap/day),2018,kcal/cap/d,31
Liberia,Value,Per capita food supply variability (kcal/cap/day),2019,kcal/cap/d,21
Liberia,Value,Per capita food supply variability (kcal/cap/day),2020,kcal/cap/d,23
Liberia,Value,Per capita food supply variability (kcal/cap/day),2021,kcal/cap/d,31
Liberia,Value,Per capita food supply variability (kcal/cap/day),2022,kcal/cap/d,38
Liberia,Value,Per capita food supply variability (kcal/cap/day),2023,kcal/cap/d,23
Liberia,Value,Percentage of population using at least basic drinking water services (percent),2001,%,63
Liberia,Value,Percentage of population using at least basic drinking water services (percent),2002,%,64
Liberia,Value,Percentage of population using at least basic drinking water services (percent),2003,%,65
Liberia,Value,Percentage of population using at least basic drinking water services (percent),2004,%,66
Liberia,Value,Percentage of population using at least basic drinking water services (percent),2005,%,66
Liberia,Value,Percentage of population using at least basic drinking water services (percent),2006,%,67
Liberia,Value,Percentage of population using at least basic drinking water services (percent),2007,%,68
Liberia,Value,Percentage of population using at least basic drinking water services (percent),2008,%,68
Liberia,Value,Percentage of population using at least basic drinking water services (percent),2009,%,69
Liberia,Value,Percentage of population using at least basic drinking water services (percent),2010,%,69
Liberia,Value,Percentage of population using at least basic drinking water services (percent),2011,%,70
Liberia,Value,Percentage of population using at least basic drinking water services (percent),2012,%,70
Liberia,Value,Percentage of population using at least basic drinking water services (percent),2013,%,71
Liberia,Value,Percentage of population using at least basic drinking water services (percent),2014,%,72
Liberia,Value,Percentage of population using at least basic drinking water services (percent),2015,%,72
Liberia,Value,Percentage of population using at least basic drinking water services (percent),2016,%,73
Liberia,Value,Percentage of population using at least basic drinking water services (percent),2017,%,73
Liberia,Value,Percentage of population using at least basic drinking water services (percent),2018,%,74
Liberia,Value,Percentage of population using at least basic drinking water services (percent),2019,%,74
Liberia,Value,Percentage of population using at least basic drinking water services (percent),2020,%,75
Liberia,Value,Percentage of population using at least basic drinking water services (percent),2021,%,75
Liberia,Value,Percentage of population using at least basic drinking water services (percent),2022,%,76
Liberia,Value,Percentage of population using at least basic sanitation services (percent),2001,%,12
Liberia,Value,Percentage of population using at least basic sanitation services (percent),2002,%,13
Liberia,Value,Percentage of population using at least basic sanitation services (percent),2003,%,13
Liberia,Value,Percentage of population using at least basic sanitation services (percent),2004,%,13
Liberia,Value,Percentage of population using at least basic sanitation services (percent),2005,%,14
Liberia,Value,Percentage of population using at least basic sanitation services (percent),2006,%,14
Liberia,Value,Percentage of population using at least basic sanitation services (percent),2007,%,14
Liberia,Value,Percentage of population using at least basic sanitation services (percent),2008,%,15
Liberia,Value,Percentage of population using at least basic sanitation services (percent),2009,%,16
Liberia,Value,Percentage of population using at least basic sanitation services (percent),2010,%,16
Liberia,Value,Percentage of population using at least basic sanitation services (percent),2011,%,16
Liberia,Value,Percentage of population using at least basic sanitation services (percent),2012,%,17
Liberia,Value,Percentage of population using at least basic sanitation services (percent),2013,%,18
Liberia,Value,Percentage of population using at least basic sanitation services (percent),2014,%,18
Liberia,Value,Percentage of population using at least basic sanitation services (percent),2015,%,18
Liberia,Value,Percentage of population using at least basic sanitation services (percent),2016,%,19
Liberia,Value,Percentage of population using at least basic sanitation services (percent),2017,%,20
Liberia,Value,Percentage of population using at least basic sanitation services (percent),2018,%,20
Liberia,Value,Percentage of population using at least basic sanitation services (percent),2019,%,21
Liberia,Value,Percentage of population using at least basic sanitation services (percent),2020,%,21
Liberia,Value,Percentage of population using at least basic sanitation services (percent),2021,%,22
Liberia,Value,Percentage of population using at least basic sanitation services (percent),2022,%,22
Liberia,Value,Percentage of children under 5 years affected by wasting (percent),2007,%,7.9
Liberia,Value,Percentage of children under 5 years affected by wasting (percent),2008,%,4.3
Liberia,Value,Percentage of children under 5 years affected by wasting (percent),2010,%,4
Liberia,Value,Percentage of children under 5 years affected by wasting (percent),2013,%,5.6
Liberia,Value,Percentage of children under 5 years affected by wasting (percent),2016,%,4.3
Liberia,Value,Percentage of children under 5 years affected by wasting (percent),2019,%,3.4
Liberia,Value,Number of children under 5 years affected by wasting (million),2007,million No,<0.1
Liberia,Value,Number of children under 5 years affected by wasting (million),2008,million No,<0.1
Liberia,Value,Number of children under 5 years affected by wasting (million),2010,million No,<0.1
Liberia,Value,Number of children under 5 years affected by wasting (million),2013,million No,<0.1
Liberia,Value,Number of children under 5 years affected by wasting (million),2016,million No,<0.1
Liberia,Value,Number of children under 5 years affected by wasting (million),2019,million No,<0.1
Liberia,Value,Percentage of children under 5 years of age who are stunted (modelled estimates) (percent),2001,%,44.1
Liberia,Value,Percentage of children under 5 years of age who are stunted (modelled estimates) (percent),2002,%,43.1
Liberia,Value,Percentage of children under 5 years of age who are stunted (modelled estimates) (percent),2003,%,42.5
Liberia,Value,Percentage of children under 5 years of age who are stunted (modelled estimates) (percent),2004,%,41.9
Liberia,Value,Percentage of children under 5 years of age who are stunted (modelled estimates) (percent),2005,%,41.2
Liberia,Value,Percentage of children under 5 years of age who are stunted (modelled estimates) (percent),2006,%,40.5
Liberia,Value,Percentage of children under 5 years of age who are stunted (modelled estimates) (percent),2007,%,39.6
Liberia,Value,Percentage of children under 5 years of age who are stunted (modelled estimates) (percent),2008,%,38.6
Liberia,Value,Percentage of children under 5 years of age who are stunted (modelled estimates) (percent),2009,%,37.6
Liberia,Value,Percentage of children under 5 years of age who are stunted (modelled estimates) (percent),2010,%,36.5
Liberia,Value,Percentage of children under 5 years of age who are stunted (modelled estimates) (percent),2011,%,35.5
Liberia,Value,Percentage of children under 5 years of age who are stunted (modelled estimates) (percent),2012,%,34.6
Liberia,Value,Percentage of children under 5 years of age who are stunted (modelled estimates) (percent),2013,%,33.6
Liberia,Value,Percentage of children under 5 years of age who are stunted (modelled estimates) (percent),2014,%,32.7
Liberia,Value,Percentage of children under 5 years of age who are stunted (modelled estimates) (percent),2015,%,32.2
Liberia,Value,Percentage of children under 5 years of age who are stunted (modelled estimates) (percent),2016,%,31.3
Liberia,Value,Percentage of children under 5 years of age who are stunted (modelled estimates) (percent),2017,%,30.4
Liberia,Value,Percentage of children under 5 years of age who are stunted (modelled estimates) (percent),2018,%,29.4
Liberia,Value,Percentage of children under 5 years of age who are stunted (modelled estimates) (percent),2019,%,28.4
Liberia,Value,Percentage of children under 5 years of age who are stunted (modelled estimates) (percent),2020,%,27.3
Liberia,Value,Percentage of children under 5 years of age who are stunted (modelled estimates) (percent),2021,%,26.8
Liberia,Value,Percentage of children under 5 years of age who are stunted (modelled estimates) (percent),2022,%,26.7
Liberia,Value,Percentage of children under 5 years of age who are stunted (modelled estimates) (percent),2023,%,26.6
Liberia,Value,Number of children under 5 years of age who are stunted (modeled estimates) (million),2001,million No,0.2
Liberia,Value,Number of children under 5 years of age who are stunted (modeled estimates) (million),2002,million No,0.2
Liberia,Value,Number of children under 5 years of age who are stunted (modeled estimates) (million),2003,million No,0.2
Liberia,Value,Number of children under 5 years of age who are stunted (modeled estimates) (million),2004,million No,0.2
Liberia,Value,Number of children under 5 years of age who are stunted (modeled estimates) (million),2005,million No,0.2
Liberia,Value,Number of children under 5 years of age who are stunted (modeled estimates) (million),2006,million No,0.2
Liberia,Value,Number of children under 5 years of age who are stunted (modeled estimates) (million),2007,million No,0.2
Liberia,Value,Number of children under 5 years of age who are stunted (modeled estimates) (million),2008,million No,0.3
Liberia,Value,Number of children under 5 years of age who are stunted (modeled estimates) (million),2009,million No,0.3
Liberia,Value,Number of children under 5 years of age who are stunted (modeled estimates) (million),2010,million No,0.2
Liberia,Value,Number of children under 5 years of age who are stunted (modeled estimates) (million),2011,million No,0.2
Liberia,Value,Number of children under 5 years of age who are stunted (modeled estimates) (million),2012,million No,0.2
Liberia,Value,Number of children under 5 years of age who are stunted (modeled estimates) (million),2013,million No,0.2
Liberia,Value,Number of children under 5 years of age who are stunted (modeled estimates) (million),2014,million No,0.2
Liberia,Value,Number of children under 5 years of age who are stunted (modeled estimates) (million),2015,million No,0.2
Liberia,Value,Number of children under 5 years of age who are stunted (modeled estimates) (million),2016,million No,0.2
Liberia,Value,Number of children under 5 years of age who are stunted (modeled estimates) (million),2017,million No,0.2
Liberia,Value,Number of children under 5 years of age who are stunted (modeled estimates) (million),2018,million No,0.2
Liberia,Value,Number of children under 5 years of age who are stunted (modeled estimates) (million),2019,million No,0.2
Liberia,Value,Number of children under 5 years of age who are stunted (modeled estimates) (million),2020,million No,0.2
Liberia,Value,Number of children under 5 years of age who are stunted (modeled estimates) (million),2021,million No,0.2
Liberia,Value,Number of children under 5 years of age who are stunted (modeled estimates) (million),2022,million No,0.2
Liberia,Value,Number of children under 5 years of age who are stunted (modeled estimates) (million),2023,million No,0.2
Liberia,Value,Percentage of children under 5 years of age who are overweight (modelled estimates) (percent),2001,%,4.5
Liberia,Value,Percentage of children under 5 years of age who are overweight (modelled estimates) (percent),2002,%,4.3
Liberia,Value,Percentage of children under 5 years of age who are overweight (modelled estimates) (percent),2003,%,4.2
Liberia,Value,Percentage of children under 5 years of age who are overweight (modelled estimates) (percent),2004,%,4
Liberia,Value,Percentage of children under 5 years of age who are overweight (modelled estimates) (percent),2005,%,3.9
Liberia,Value,Percentage of children under 5 years of age who are overweight (modelled estimates) (percent),2006,%,3.7
Liberia,Value,Percentage of children under 5 years of age who are overweight (modelled estimates) (percent),2007,%,3.6
Liberia,Value,Percentage of children under 5 years of age who are overweight (modelled estimates) (percent),2008,%,3.4
Liberia,Value,Percentage of children under 5 years of age who are overweight (modelled estimates) (percent),2009,%,3.3
Liberia,Value,Percentage of children under 5 years of age who are overweight (modelled estimates) (percent),2010,%,3.2
Liberia,Value,Percentage of children under 5 years of age who are overweight (modelled estimates) (percent),2011,%,3.2
Liberia,Value,Percentage of children under 5 years of age who are overweight (modelled estimates) (percent),2012,%,3.1
Liberia,Value,Percentage of children under 5 years of age who are overweight (modelled estimates) (percent),2013,%,3.1
Liberia,Value,Percentage of children under 5 years of age who are overweight (modelled estimates) (percent),2014,%,3.1
Liberia,Value,Percentage of children under 5 years of age who are overweight (modelled estimates) (percent),2015,%,3.1
Liberia,Value,Percentage of children under 5 years of age who are overweight (modelled estimates) (percent),2016,%,3.2
Liberia,Value,Percentage of children under 5 years of age who are overweight (modelled estimates) (percent),2017,%,3.3
Liberia,Value,Percentage of children under 5 years of age who are overweight (modelled estimates) (percent),2018,%,3.4
Liberia,Value,Percentage of children under 5 years of age who are overweight (modelled estimates) (percent),2019,%,3.6
Liberia,Value,Percentage of children under 5 years of age who are overweight (modelled estimates) (percent),2020,%,3.9
Liberia,Value,Percentage of children under 5 years of age who are overweight (modelled estimates) (percent),2021,%,4.3
Liberia,Value,Percentage of children under 5 years of age who are overweight (modelled estimates) (percent),2022,%,4.8
Liberia,Value,Percentage of children under 5 years of age who are overweight (modelled estimates) (percent),2023,%,5.3
Liberia,Value,Number of children under 5 years of age who are overweight (modeled estimates) (million),2001,million No,<0.1
Liberia,Value,Number of children under 5 years of age who are overweight (modeled estimates) (million),2002,million No,<0.1
Liberia,Value,Number of children under 5 years of age who are overweight (modeled estimates) (million),2003,million No,<0.1
Liberia,Value,Number of children under 5 years of age who are overweight (modeled estimates) (million),2004,million No,<0.1
Liberia,Value,Number of children under 5 years of age who are overweight (modeled estimates) (million),2005,million No,<0.1
Liberia,Value,Number of children under 5 years of age who are overweight (modeled estimates) (million),2006,million No,<0.1
Liberia,Value,Number of children under 5 years of age who are overweight (modeled estimates) (million),2007,million No,<0.1
Liberia,Value,Number of children under 5 years of age who are overweight (modeled estimates) (million),2008,million No,<0.1
Liberia,Value,Number of children under 5 years of age who are overweight (modeled estimates) (million),2009,million No,<0.1
Liberia,Value,Number of children under 5 years of age who are overweight (modeled estimates) (million),2010,million No,<0.1
Liberia,Value,Number of children under 5 years of age who are overweight (modeled estimates) (million),2011,million No,<0.1
Liberia,Value,Number of children under 5 years of age who are overweight (modeled estimates) (million),2012,million No,<0.1
Liberia,Value,Number of children under 5 years of age who are overweight (modeled estimates) (million),2013,million No,<0.1
Liberia,Value,Number of children under 5 years of age who are overweight (modeled estimates) (million),2014,million No,<0.1
Liberia,Value,Number of children under 5 years of age who are overweight (modeled estimates) (million),2015,million No,<0.1
Liberia,Value,Number of children under 5 years of age who are overweight (modeled estimates) (million),2016,million No,<0.1
Liberia,Value,Number of children under 5 years of age who are overweight (modeled estimates) (million),2017,million No,<0.1
Liberia,Value,Number of children under 5 years of age who are overweight (modeled estimates) (million),2018,million No,<0.1
Liberia,Value,Number of children under 5 years of age who are overweight (modeled estimates) (million),2019,million No,<0.1
Liberia,Value,Number of children under 5 years of age who are overweight (modeled estimates) (million),2020,million No,<0.1
Liberia,Value,Number of children under 5 years of age who are overweight (modeled estimates) (million),2021,million No,<0.1
Liberia,Value,Number of children under 5 years of age who are overweight (modeled estimates) (million),2022,million No,<0.1
Liberia,Value,Number of children under 5 years of age who are overweight (modeled estimates) (million),2023,million No,<0.1
Liberia,Value,Prevalence of obesity in the adult population (18 years and older) (percent),2001,%,5.3
Liberia,Value,Prevalence of obesity in the adult population (18 years and older) (percent),2002,%,5.7
Liberia,Value,Prevalence of obesity in the adult population (18 years and older) (percent),2003,%,6.2
Liberia,Value,Prevalence of obesity in the adult population (18 years and older) (percent),2004,%,6.6
Liberia,Value,Prevalence of obesity in the adult population (18 years and older) (percent),2005,%,7.1
Liberia,Value,Prevalence of obesity in the adult population (18 years and older) (percent),2006,%,7.6
Liberia,Value,Prevalence of obesity in the adult population (18 years and older) (percent),2007,%,8
Liberia,Value,Prevalence of obesity in the adult population (18 years and older) (percent),2008,%,8.5
Liberia,Value,Prevalence of obesity in the adult population (18 years and older) (percent),2009,%,9
Liberia,Value,Prevalence of obesity in the adult population (18 years and older) (percent),2010,%,9.4
Liberia,Value,Prevalence of obesity in the adult population (18 years and older) (percent),2011,%,9.8
Liberia,Value,Prevalence of obesity in the adult population (18 years and older) (percent),2012,%,10.3
Liberia,Value,Prevalence of obesity in the adult population (18 years and older) (percent),2013,%,10.7
Liberia,Value,Prevalence of obesity in the adult population (18 years and older) (percent),2014,%,11.2
Liberia,Value,Prevalence of obesity in the adult population (18 years and older) (percent),2015,%,11.8
Liberia,Value,Prevalence of obesity in the adult population (18 years and older) (percent),2016,%,12.4
Liberia,Value,Prevalence of obesity in the adult population (18 years and older) (percent),2017,%,13
Liberia,Value,Prevalence of obesity in the adult population (18 years and older) (percent),2018,%,13.7
Liberia,Value,Prevalence of obesity in the adult population (18 years and older) (percent),2019,%,14.4
Liberia,Value,Prevalence of obesity in the adult population (18 years and older) (percent),2020,%,15.2
Liberia,Value,Prevalence of obesity in the adult population (18 years and older) (percent),2021,%,16.1
Liberia,Value,Prevalence of obesity in the adult population (18 years and older) (percent),2022,%,17
Liberia,Value,Number of obese adults (18 years and older) (million),2001,million No,0.1
Liberia,Value,Number of obese adults (18 years and older) (million),2002,million No,0.1
Liberia,Value,Number of obese adults (18 years and older) (million),2003,million No,0.1
Liberia,Value,Number of obese adults (18 years and older) (million),2004,million No,0.1
Liberia,Value,Number of obese adults (18 years and older) (million),2005,million No,0.1
Liberia,Value,Number of obese adults (18 years and older) (million),2006,million No,0.1
Liberia,Value,Number of obese adults (18 years and older) (million),2007,million No,0.1
Liberia,Value,Number of obese adults (18 years and older) (million),2008,million No,0.2
Liberia,Value,Number of obese adults (18 years and older) (million),2009,million No,0.2
Liberia,Value,Number of obese adults (18 years and older) (million),2010,million No,0.2
Liberia,Value,Number of obese adults (18 years and older) (million),2011,million No,0.2
Liberia,Value,Number of obese adults (18 years and older) (million),2012,million No,0.2
Liberia,Value,Number of obese adults (18 years and older) (million),2013,million No,0.2
Liberia,Value,Number of obese adults (18 years and older) (million),2014,million No,0.3
Liberia,Value,Number of obese adults (18 years and older) (million),2015,million No,0.3
Liberia,Value,Number of obese adults (18 years and older) (million),2016,million No,0.3
Liberia,Value,Number of obese adults (18 years and older) (million),2017,million No,0.3
Liberia,Value,Number of obese adults (18 years and older) (million),2018,million No,0.3
Liberia,Value,Number of obese adults (18 years and older) (million),2019,million No,0.4
Liberia,Value,Number of obese adults (18 years and older) (million),2020,million No,0.4
Liberia,Value,Number of obese adults (18 years and older) (million),2021,million No,0.4
Liberia,Value,Number of obese adults (18 years and older) (million),2022,million No,0.5
Liberia,Value,Prevalence of anemia among women of reproductive age (15-49 years) (percent),2001,%,51.6
Liberia,Value,Prevalence of anemia among women of reproductive age (15-49 years) (percent),2002,%,50.5
Liberia,Value,Prevalence of anemia among women of reproductive age (15-49 years) (percent),2003,%,49.5
Liberia,Value,Prevalence of anemia among women of reproductive age (15-49 years) (percent),2004,%,48.4
Liberia,Value,Prevalence of anemia among women of reproductive age (15-49 years) (percent),2005,%,47.4
Liberia,Value,Prevalence of anemia among women of reproductive age (15-49 years) (percent),2006,%,46.4
Liberia,Value,Prevalence of anemia among women of reproductive age (15-49 years) (percent),2007,%,45.4
Liberia,Value,Prevalence of anemia among women of reproductive age (15-49 years) (percent),2008,%,44.3
Liberia,Value,Prevalence of anemia among women of reproductive age (15-49 years) (percent),2009,%,43.2
Liberia,Value,Prevalence of anemia among women of reproductive age (15-49 years) (percent),2010,%,42.2
Liberia,Value,Prevalence of anemia among women of reproductive age (15-49 years) (percent),2011,%,41.4
Liberia,Value,Prevalence of anemia among women of reproductive age (15-49 years) (percent),2012,%,40.8
Liberia,Value,Prevalence of anemia among women of reproductive age (15-49 years) (percent),2013,%,40.3
Liberia,Value,Prevalence of anemia among women of reproductive age (15-49 years) (percent),2014,%,40
Liberia,Value,Prevalence of anemia among women of reproductive age (15-49 years) (percent),2015,%,39.9
Liberia,Value,Prevalence of anemia among women of reproductive age (15-49 years) (percent),2016,%,39.8
Liberia,Value,Prevalence of anemia among women of reproductive age (15-49 years) (percent),2017,%,39.9
Liberia,Value,Prevalence of anemia among women of reproductive age (15-49 years) (percent),2018,%,40.1
Liberia,Value,Prevalence of anemia among women of reproductive age (15-49 years) (percent),2019,%,40.4
Liberia,Value,Prevalence of anemia among women of reproductive age (15-49 years) (percent),2020,%,40.7
Liberia,Value,Prevalence of anemia among women of reproductive age (15-49 years) (percent),2021,%,41.2
Liberia,Value,Prevalence of anemia among women of reproductive age (15-49 years) (percent),2022,%,41.8
Liberia,Value,Prevalence of anemia among women of reproductive age (15-49 years) (percent),2023,%,42.5
Liberia,Value,Number of women of reproductive age (15-49 years) affected by anemia (million),2001,million No,0.4
Liberia,Value,Number of women of reproductive age (15-49 years) affected by anemia (million),2002,million No,0.4
Liberia,Value,Number of women of reproductive age (15-49 years) affected by anemia (million),2003,million No,0.4
Liberia,Value,Number of women of reproductive age (15-49 years) affected by anemia (million),2004,million No,0.4
Liberia,Value,Number of women of reproductive age (15-49 years) affected by anemia (million),2005,million No,0.4
Liberia,Value,Number of women of reproductive age (15-49 years) affected by anemia (million),2006,million No,0.4
Liberia,Value,Number of women of reproductive age (15-49 years) affected by anemia (million),2007,million No,0.4
Liberia,Value,Number of women of reproductive age (15-49 years) affected by anemia (million),2008,million No,0.4
Liberia,Value,Number of women of reproductive age (15-49 years) affected by anemia (million),2009,million No,0.4
Liberia,Value,Number of women of reproductive age (15-49 years) affected by anemia (million),2010,million No,0.4
Liberia,Value,Number of women of reproductive age (15-49 years) affected by anemia (million),2011,million No,0.4
Liberia,Value,Number of women of reproductive age (15-49 years) affected by anemia (million),2012,million No,0.4
Liberia,Value,Number of women of reproductive age (15-49 years) affected by anemia (million),2013,million No,0.4
Liberia,Value,Number of women of reproductive age (15-49 years) affected by anemia (million),2014,million No,0.4
Liberia,Value,Number of women of reproductive age (15-49 years) affected by anemia (million),2015,million No,0.4
Liberia,Value,Number of women of reproductive age (15-49 years) affected by anemia (million),2016,million No,0.5
Liberia,Value,Number of women of reproductive age (15-49 years) affected by anemia (million),2017,million No,0.5
Liberia,Value,Number of women of reproductive age (15-49 years) affected by anemia (million),2018,million No,0.5
Liberia,Value,Number of women of reproductive age (15-49 years) affected by anemia (million),2019,million No,0.5
Liberia,Value,Number of women of reproductive age (15-49 years) affected by anemia (million),2020,million No,0.5
Liberia,Value,Number of women of reproductive age (15-49 years) affected by anemia (million),2021,million No,0.5
Liberia,Value,Number of women of reproductive age (15-49 years) affected by anemia (million),2022,million No,0.5
Liberia,Value,Number of women of reproductive age (15-49 years) affected by anemia (million),2023,million No,0.6
Liberia,Value,Prevalence of exclusive breastfeeding among infants 0-5 months of age (percent),2007,%,27.8
Liberia,Value,Prevalence of exclusive breastfeeding among infants 0-5 months of age (percent),2013,%,54.6
Liberia,Value,Prevalence of exclusive breastfeeding among infants 0-5 months of age (percent),2019,%,55.2
Liberia,Value,Prevalence of low birthweight (percent),2001,%,19.4
Liberia,Value,Prevalence of low birthweight (percent),2002,%,19.6
Liberia,Value,Prevalence of low birthweight (percent),2003,%,19.7
Liberia,Value,Prevalence of low birthweight (percent),2004,%,19.8
Liberia,Value,Prevalence of low birthweight (percent),2005,%,19.9
Liberia,Value,Prevalence of low birthweight (percent),2006,%,19.8
Liberia,Value,Prevalence of low birthweight (percent),2007,%,19.8
Liberia,Value,Prevalence of low birthweight (percent),2008,%,19.8
Liberia,Value,Prevalence of low birthweight (percent),2009,%,19.7
Liberia,Value,Prevalence of low birthweight (percent),2010,%,19.7
Liberia,Value,Prevalence of low birthweight (percent),2011,%,19.7
Liberia,Value,Prevalence of low birthweight (percent),2012,%,19.7
Liberia,Value,Prevalence of low birthweight (percent),2013,%,19.7
Liberia,Value,Prevalence of low birthweight (percent),2014,%,19.7
Liberia,Value,Prevalence of low birthweight (percent),2015,%,19.7
Liberia,Value,Prevalence of low birthweight (percent),2016,%,19.8
Liberia,Value,Prevalence of low birthweight (percent),2017,%,19.8
Liberia,Value,Prevalence of low birthweight (percent),2018,%,19.8
Liberia,Value,Prevalence of low birthweight (percent),2019,%,19.9
Liberia,Value,Prevalence of low birthweight (percent),2020,%,19.9
Liberia,Value,Number of newborns with low birthweight (million),2001,million No,<0.1
Liberia,Value,Number of newborns with low birthweight (million),2002,million No,<0.1
Liberia,Value,Number of newborns with low birthweight (million),2003,million No,<0.1
Liberia,Value,Number of newborns with low birthweight (million),2004,million No,<0.1
Liberia,Value,Number of newborns with low birthweight (million),2005,million No,<0.1
Liberia,Value,Number of newborns with low birthweight (million),2006,million No,<0.1
Liberia,Value,Number of newborns with low birthweight (million),2007,million No,<0.1
Liberia,Value,Number of newborns with low birthweight (million),2008,million No,<0.1
Liberia,Value,Number of newborns with low birthweight (million),2009,million No,<0.1
Liberia,Value,Number of newborns with low birthweight (million),2010,million No,<0.1
Liberia,Value,Number of newborns with low birthweight (million),2011,million No,<0.1
Liberia,Value,Number of newborns with low birthweight (million),2012,million No,<0.1
Liberia,Value,Number of newborns with low birthweight (million),2013,million No,<0.1
Liberia,Value,Number of newborns with low birthweight (million),2014,million No,<0.1
Liberia,Value,Number of newborns with low birthweight (million),2015,million No,<0.1
Liberia,Value,Number of newborns with low birthweight (million),2016,million No,<0.1
Liberia,Value,Number of newborns with low birthweight (million),2017,million No,<0.1
Liberia,Value,Number of newborns with low birthweight (million),2018,million No,<0.1
Liberia,Value,Number of newborns with low birthweight (million),2019,million No,<0.1
Liberia,Value,Number of newborns with low birthweight (million),2020,million No,<0.1
Liberia,Value,Minimum dietary energy requirement (kcal/cap/day),2001,kcal/cap/d,1686
Liberia,Value,Minimum dietary energy requirement (kcal/cap/day),2002,kcal/cap/d,1686
Liberia,Value,Minimum dietary energy requirement (kcal/cap/day),2003,kcal/cap/d,1686
Liberia,Value,Minimum dietary energy requirement (kcal/cap/day),2004,kcal/cap/d,1686
Liberia,Value,Minimum dietary energy requirement (kcal/cap/day),2005,kcal/cap/d,1686
Liberia,Value,Minimum dietary energy requirement (kcal/cap/day),2006,kcal/cap/d,1685
Liberia,Value,Minimum dietary energy requirement (kcal/cap/day),2007,kcal/cap/d,1684
Liberia,Value,Minimum dietary energy requirement (kcal/cap/day),2008,kcal/cap/d,1686
Liberia,Value,Minimum dietary energy requirement (kcal/cap/day),2009,kcal/cap/d,1689
Liberia,Value,Minimum dietary energy requirement (kcal/cap/day),2010,kcal/cap/d,1691
Liberia,Value,Minimum dietary energy requirement (kcal/cap/day),2011,kcal/cap/d,1697
Liberia,Value,Minimum dietary energy requirement (kcal/cap/day),2012,kcal/cap/d,1701
Liberia,Value,Minimum dietary energy requirement (kcal/cap/day),2013,kcal/cap/d,1702
Liberia,Value,Minimum dietary energy requirement (kcal/cap/day),2014,kcal/cap/d,1703
Liberia,Value,Minimum dietary energy requirement (kcal/cap/day),2015,kcal/cap/d,1705
Liberia,Value,Minimum dietary energy requirement (kcal/cap/day),2016,kcal/cap/d,1708
Liberia,Value,Minimum dietary energy requirement (kcal/cap/day),2017,kcal/cap/d,1710
Liberia,Value,Minimum dietary energy requirement (kcal/cap/day),2018,kcal/cap/d,1712
Liberia,Value,Minimum dietary energy requirement (kcal/cap/day),2019,kcal/cap/d,1715
Liberia,Value,Minimum dietary energy requirement (kcal/cap/day),2020,kcal/cap/d,1719
Liberia,Value,Minimum dietary energy requirement (kcal/cap/day),2021,kcal/cap/d,1723
Liberia,Value,Minimum dietary energy requirement (kcal/cap/day),2022,kcal/cap/d,1727
Liberia,Value,Minimum dietary energy requirement (kcal/cap/day),2023,kcal/cap/d,1730
Liberia,Value,Average dietary energy requirement (kcal/cap/day),2001,kcal/cap/d,2169
Liberia,Value,Average dietary energy requirement (kcal/cap/day),2002,kcal/cap/d,2169
Liberia,Value,Average dietary energy requirement (kcal/cap/day),2003,kcal/cap/d,2169
Liberia,Value,Average dietary energy requirement (kcal/cap/day),2004,kcal/cap/d,2169
Liberia,Value,Average dietary energy requirement (kcal/cap/day),2005,kcal/cap/d,2168
Liberia,Value,Average dietary energy requirement (kcal/cap/day),2006,kcal/cap/d,2167
Liberia,Value,Average dietary energy requirement (kcal/cap/day),2007,kcal/cap/d,2166
Liberia,Value,Average dietary energy requirement (kcal/cap/day),2008,kcal/cap/d,2168
Liberia,Value,Average dietary energy requirement (kcal/cap/day),2009,kcal/cap/d,2171
Liberia,Value,Average dietary energy requirement (kcal/cap/day),2010,kcal/cap/d,2175
Liberia,Value,Average dietary energy requirement (kcal/cap/day),2011,kcal/cap/d,2182
Liberia,Value,Average dietary energy requirement (kcal/cap/day),2012,kcal/cap/d,2189
Liberia,Value,Average dietary energy requirement (kcal/cap/day),2013,kcal/cap/d,2190
Liberia,Value,Average dietary energy requirement (kcal/cap/day),2014,kcal/cap/d,2191
Liberia,Value,Average dietary energy requirement (kcal/cap/day),2015,kcal/cap/d,2194
Liberia,Value,Average dietary energy requirement (kcal/cap/day),2016,kcal/cap/d,2197
Liberia,Value,Average dietary energy requirement (kcal/cap/day),2017,kcal/cap/d,2200
Liberia,Value,Average dietary energy requirement (kcal/cap/day),2018,kcal/cap/d,2204
Liberia,Value,Average dietary energy requirement (kcal/cap/day),2019,kcal/cap/d,2209
Liberia,Value,Average dietary energy requirement (kcal/cap/day),2020,kcal/cap/d,2214
Liberia,Value,Average dietary energy requirement (kcal/cap/day),2021,kcal/cap/d,2220
Liberia,Value,Average dietary energy requirement (kcal/cap/day),2022,kcal/cap/d,2226
Liberia,Value,Average dietary energy requirement (kcal/cap/day),2023,kcal/cap/d,2231
Liberia,Value,Coefficient of variation of habitual caloric consumption distribution (real number),2001,No,0.37
Liberia,Value,Coefficient of variation of habitual caloric consumption distribution (real number),2002,No,0.37
Liberia,Value,Coefficient of variation of habitual caloric consumption distribution (real number),2003,No,0.37
Liberia,Value,Coefficient of variation of habitual caloric consumption distribution (real number),2004,No,0.37
Liberia,Value,Coefficient of variation of habitual caloric consumption distribution (real number),2005,No,0.37
Liberia,Value,Coefficient of variation of habitual caloric consumption distribution (real number),2006,No,0.37
Liberia,Value,Coefficient of variation of habitual caloric consumption distribution (real number),2007,No,0.37
Liberia,Value,Coefficient of variation of habitual caloric consumption distribution (real number),2008,No,0.37
Liberia,Value,Coefficient of variation of habitual caloric consumption distribution (real number),2009,No,0.37
Liberia,Value,Coefficient of variation of habitual caloric consumption distribution (real number),2010,No,0.37
Liberia,Value,Coefficient of variation of habitual caloric consumption distribution (real number),2011,No,0.37
Liberia,Value,Coefficient of variation of habitual caloric consumption distribution (real number),2012,No,0.37
Liberia,Value,Coefficient of variation of habitual caloric consumption distribution (real number),2013,No,0.37
Liberia,Value,Coefficient of variation of habitual caloric consumption distribution (real number),2014,No,0.37
Liberia,Value,Coefficient of variation of habitual caloric consumption distribution (real number),2015,No,0.37
Liberia,Value,Coefficient of variation of habitual caloric consumption distribution (real number),2016,No,0.37
Liberia,Value,Coefficient of variation of habitual caloric consumption distribution (real number),2017,No,0.37
Liberia,Value,Coefficient of variation of habitual caloric consumption distribution (real number),2018,No,0.37
Liberia,Value,Coefficient of variation of habitual caloric consumption distribution (real number),2019,No,0.36
Liberia,Value,Coefficient of variation of habitual caloric consumption distribution (real number),2020,No,0.36
Liberia,Value,Coefficient of variation of habitual caloric consumption distribution (real number),2021,No,0.36
Liberia,Value,Coefficient of variation of habitual caloric consumption distribution (real number),2022,No,0.36
Liberia,Value,Coefficient of variation of habitual caloric consumption distribution (real number),2023,No,0.36
Liberia,Value,Incidence of caloric losses at retail distribution level (percent),2001,%,3.41
Liberia,Value,Incidence of caloric losses at retail distribution level (percent),2002,%,3.41
Liberia,Value,Incidence of caloric losses at retail distribution level (percent),2003,%,3.34
Liberia,Value,Incidence of caloric losses at retail distribution level (percent),2004,%,3.37
Liberia,Value,Incidence of caloric losses at retail distribution level (percent),2005,%,3.3
Liberia,Value,Incidence of caloric losses at retail distribution level (percent),2006,%,3.12
Liberia,Value,Incidence of caloric losses at retail distribution level (percent),2007,%,3.13
Liberia,Value,Incidence of caloric losses at retail distribution level (percent),2008,%,3.01
Liberia,Value,Incidence of caloric losses at retail distribution level (percent),2009,%,2.93
Liberia,Value,Incidence of caloric losses at retail distribution level (percent),2010,%,3.02
Liberia,Value,Incidence of caloric losses at retail distribution level (percent),2011,%,3.05
Liberia,Value,Incidence of caloric losses at retail distribution level (percent),2012,%,2.99
Liberia,Value,Incidence of caloric losses at retail distribution level (percent),2013,%,3.04
Liberia,Value,Incidence of caloric losses at retail distribution level (percent),2014,%,3.13
Liberia,Value,Incidence of caloric losses at retail distribution level (percent),2015,%,3.15
Liberia,Value,Incidence of caloric losses at retail distribution level (percent),2016,%,3.14
Liberia,Value,Incidence of caloric losses at retail distribution level (percent),2017,%,3.06
Liberia,Value,Incidence of caloric losses at retail distribution level (percent),2018,%,3.08
Liberia,Value,Incidence of caloric losses at retail distribution level (percent),2019,%,3.12
Liberia,Value,Incidence of caloric losses at retail distribution level (percent),2020,%,3.26
Liberia,Value,Incidence of caloric losses at retail distribution level (percent),2021,%,3.23
Liberia,Value,Incidence of caloric losses at retail distribution level (percent),2022,%,3.19
Liberia,Value,Incidence of caloric losses at retail distribution level (percent),2023,%,3.19
Mali,Value,Dietary energy supply used in the estimation of the prevalence of undernourishment (kcal/cap/day),2001,kcal/cap/d,2411
Mali,Value,Dietary energy supply used in the estimation of the prevalence of undernourishment (kcal/cap/day),2002,kcal/cap/d,2406
Mali,Value,Dietary energy supply used in the estimation of the prevalence of undernourishment (kcal/cap/day),2003,kcal/cap/d,2427
Mali,Value,Dietary energy supply used in the estimation of the prevalence of undernourishment (kcal/cap/day),2004,kcal/cap/d,2442
Mali,Value,Dietary energy supply used in the estimation of the prevalence of undernourishment (kcal/cap/day),2005,kcal/cap/d,2505
Mali,Value,Dietary energy supply used in the estimation of the prevalence of undernourishment (kcal/cap/day),2006,kcal/cap/d,2569
Mali,Value,Dietary energy supply used in the estimation of the prevalence of undernourishment (kcal/cap/day),2007,kcal/cap/d,2633
Mali,Value,Dietary energy supply used in the estimation of the prevalence of undernourishment (kcal/cap/day),2008,kcal/cap/d,2696
Mali,Value,Dietary energy supply used in the estimation of the prevalence of undernourishment (kcal/cap/day),2009,kcal/cap/d,2761
Mali,Value,Dietary energy supply used in the estimation of the prevalence of undernourishment (kcal/cap/day),2010,kcal/cap/d,2752
Mali,Value,Dietary energy supply used in the estimation of the prevalence of undernourishment (kcal/cap/day),2011,kcal/cap/d,2758
Mali,Value,Dietary energy supply used in the estimation of the prevalence of undernourishment (kcal/cap/day),2012,kcal/cap/d,2771
Mali,Value,Dietary energy supply used in the estimation of the prevalence of undernourishment (kcal/cap/day),2013,kcal/cap/d,2769
Mali,Value,Dietary energy supply used in the estimation of the prevalence of undernourishment (kcal/cap/day),2014,kcal/cap/d,2731
Mali,Value,Dietary energy supply used in the estimation of the prevalence of undernourishment (kcal/cap/day),2015,kcal/cap/d,2731
Mali,Value,Dietary energy supply used in the estimation of the prevalence of undernourishment (kcal/cap/day),2016,kcal/cap/d,2747
Mali,Value,Dietary energy supply used in the estimation of the prevalence of undernourishment (kcal/cap/day),2017,kcal/cap/d,2762
Mali,Value,Dietary energy supply used in the estimation of the prevalence of undernourishment (kcal/cap/day),2018,kcal/cap/d,2751
Mali,Value,Dietary energy supply used in the estimation of the prevalence of undernourishment (kcal/cap/day),2019,kcal/cap/d,2789
Mali,Value,Dietary energy supply used in the estimation of the prevalence of undernourishment (kcal/cap/day),2020,kcal/cap/d,2811
Mali,Value,Dietary energy supply used in the estimation of the prevalence of undernourishment (kcal/cap/day),2021,kcal/cap/d,2775
Mali,Value,Dietary energy supply used in the estimation of the prevalence of undernourishment (kcal/cap/day),2022,kcal/cap/d,2789
Mali,Value,Dietary energy supply used in the estimation of the prevalence of undernourishment (kcal/cap/day),2023,kcal/cap/d,2779
Mali,Value,Rail lines density (total route in km per 100 square km of land area),2001,km,0.1
Mali,Value,Rail lines density (total route in km per 100 square km of land area),2002,km,0.1
Mali,Value,"Gross domestic product per capita, PPP, (constant 2021 international $)",2001,Int$/cap,2141
Mali,Value,"Gross domestic product per capita, PPP, (constant 2021 international $)",2002,Int$/cap,2140
Mali,Value,"Gross domestic product per capita, PPP, (constant 2021 international $)",2003,Int$/cap,2262
Mali,Value,"Gross domestic product per capita, PPP, (constant 2021 international $)",2004,Int$/cap,2224
Mali,Value,"Gross domestic product per capita, PPP, (constant 2021 international $)",2005,Int$/cap,2314
Mali,Value,"Gross domestic product per capita, PPP, (constant 2021 international $)",2006,Int$/cap,2388
Mali,Value,"Gross domestic product per capita, PPP, (constant 2021 international $)",2007,Int$/cap,2401
Mali,Value,"Gross domestic product per capita, PPP, (constant 2021 international $)",2008,Int$/cap,2475
Mali,Value,"Gross domestic product per capita, PPP, (constant 2021 international $)",2009,Int$/cap,2507
Mali,Value,"Gross domestic product per capita, PPP, (constant 2021 international $)",2010,Int$/cap,2594
Mali,Value,"Gross domestic product per capita, PPP, (constant 2021 international $)",2011,Int$/cap,2613
Mali,Value,"Gross domestic product per capita, PPP, (constant 2021 international $)",2012,Int$/cap,2523
Mali,Value,"Gross domestic product per capita, PPP, (constant 2021 international $)",2013,Int$/cap,2509
Mali,Value,"Gross domestic product per capita, PPP, (constant 2021 international $)",2014,Int$/cap,2616
Mali,Value,"Gross domestic product per capita, PPP, (constant 2021 international $)",2015,Int$/cap,2687
Mali,Value,"Gross domestic product per capita, PPP, (constant 2021 international $)",2016,Int$/cap,2759
Mali,Value,"Gross domestic product per capita, PPP, (constant 2021 international $)",2017,Int$/cap,2816
Mali,Value,"Gross domestic product per capita, PPP, (constant 2021 international $)",2018,Int$/cap,2862
Mali,Value,"Gross domestic product per capita, PPP, (constant 2021 international $)",2019,Int$/cap,2916
Mali,Value,"Gross domestic product per capita, PPP, (constant 2021 international $)",2020,Int$/cap,2796
Mali,Value,"Gross domestic product per capita, PPP, (constant 2021 international $)",2021,Int$/cap,2796
Mali,Value,"Gross domestic product per capita, PPP, (constant 2021 international $)",2022,Int$/cap,2809
Mali,Value,"Gross domestic product per capita, PPP, (constant 2021 international $)",2023,Int$/cap,2855
Mali,Value,Political stability and absence of violence/terrorism (index),2002,,0.41
Mali,Value,Political stability and absence of violence/terrorism (index),2003,,0.26
Mali,Value,Political stability and absence of violence/terrorism (index),2004,,0.45
Mali,Value,Political stability and absence of violence/terrorism (index),2005,,0.17
Mali,Value,Political stability and absence of violence/terrorism (index),2006,,0.41
Mali,Value,Political stability and absence of violence/terrorism (index),2007,,0.23
Mali,Value,Political stability and absence of violence/terrorism (index),2008,,0.21
Mali,Value,Political stability and absence of violence/terrorism (index),2009,,-0.08
Mali,Value,Political stability and absence of violence/terrorism (index),2010,,-0.18
Mali,Value,Political stability and absence of violence/terrorism (index),2011,,-0.71
Mali,Value,Political stability and absence of violence/terrorism (index),2012,,-2.03
Mali,Value,Political stability and absence of violence/terrorism (index),2013,,-1.72
Mali,Value,Political stability and absence of violence/terrorism (index),2014,,-1.71
Mali,Value,Political stability and absence of violence/terrorism (index),2015,,-1.68
Mali,Value,Political stability and absence of violence/terrorism (index),2016,,-1.61
Mali,Value,Political stability and absence of violence/terrorism (index),2017,,-1.9
Mali,Value,Political stability and absence of violence/terrorism (index),2018,,-2.08
Mali,Value,Political stability and absence of violence/terrorism (index),2019,,-2.21
Mali,Value,Political stability and absence of violence/terrorism (index),2020,,-2.15
Mali,Value,Political stability and absence of violence/terrorism (index),2021,,-2.33
Mali,Value,Political stability and absence of violence/terrorism (index),2022,,-2.56
Mali,Value,Per capita food supply variability (kcal/cap/day),2001,kcal/cap/d,22
Mali,Value,Per capita food supply variability (kcal/cap/day),2002,kcal/cap/d,16
Mali,Value,Per capita food supply variability (kcal/cap/day),2003,kcal/cap/d,18
Mali,Value,Per capita food supply variability (kcal/cap/day),2004,kcal/cap/d,24
Mali,Value,Per capita food supply variability (kcal/cap/day),2005,kcal/cap/d,33
Mali,Value,Per capita food supply variability (kcal/cap/day),2006,kcal/cap/d,29
Mali,Value,Per capita food supply variability (kcal/cap/day),2007,kcal/cap/d,22
Mali,Value,Per capita food supply variability (kcal/cap/day),2008,kcal/cap/d,36
Mali,Value,Per capita food supply variability (kcal/cap/day),2009,kcal/cap/d,50
Mali,Value,Per capita food supply variability (kcal/cap/day),2010,kcal/cap/d,53
Mali,Value,Per capita food supply variability (kcal/cap/day),2011,kcal/cap/d,40
Mali,Value,Per capita food supply variability (kcal/cap/day),2012,kcal/cap/d,26
Mali,Value,Per capita food supply variability (kcal/cap/day),2013,kcal/cap/d,23
Mali,Value,Per capita food supply variability (kcal/cap/day),2014,kcal/cap/d,30
Mali,Value,Per capita food supply variability (kcal/cap/day),2015,kcal/cap/d,38
Mali,Value,Per capita food supply variability (kcal/cap/day),2016,kcal/cap/d,43
Mali,Value,Per capita food supply variability (kcal/cap/day),2017,kcal/cap/d,39
Mali,Value,Per capita food supply variability (kcal/cap/day),2018,kcal/cap/d,27
Mali,Value,Per capita food supply variability (kcal/cap/day),2019,kcal/cap/d,7
Mali,Value,Per capita food supply variability (kcal/cap/day),2020,kcal/cap/d,16
Mali,Value,Per capita food supply variability (kcal/cap/day),2021,kcal/cap/d,26
Mali,Value,Per capita food supply variability (kcal/cap/day),2022,kcal/cap/d,24
Mali,Value,Per capita food supply variability (kcal/cap/day),2023,kcal/cap/d,25
Mali,Value,Percentage of population using at least basic drinking water services (percent),2001,%,51
Mali,Value,Percentage of population using at least basic drinking water services (percent),2002,%,53
Mali,Value,Percentage of population using at least basic drinking water services (percent),2003,%,55
Mali,Value,Percentage of population using at least basic drinking water services (percent),2004,%,56
Mali,Value,Percentage of population using at least basic drinking water services (percent),2005,%,58
Mali,Value,Percentage of population using at least basic drinking water services (percent),2006,%,59
Mali,Value,Percentage of population using at least basic drinking water services (percent),2007,%,61
Mali,Value,Percentage of population using at least basic drinking water services (percent),2008,%,62
Mali,Value,Percentage of population using at least basic drinking water services (percent),2009,%,64
Mali,Value,Percentage of population using at least basic drinking water services (percent),2010,%,66
Mali,Value,Percentage of population using at least basic drinking water services (percent),2011,%,67
Mali,Value,Percentage of population using at least basic drinking water services (percent),2012,%,69
Mali,Value,Percentage of population using at least basic drinking water services (percent),2013,%,70
Mali,Value,Percentage of population using at least basic drinking water services (percent),2014,%,72
Mali,Value,Percentage of population using at least basic drinking water services (percent),2015,%,73
Mali,Value,Percentage of population using at least basic drinking water services (percent),2016,%,75
Mali,Value,Percentage of population using at least basic drinking water services (percent),2017,%,76
Mali,Value,Percentage of population using at least basic drinking water services (percent),2018,%,78
Mali,Value,Percentage of population using at least basic drinking water services (percent),2019,%,79
Mali,Value,Percentage of population using at least basic drinking water services (percent),2020,%,81
Mali,Value,Percentage of population using at least basic drinking water services (percent),2021,%,82
Mali,Value,Percentage of population using at least basic drinking water services (percent),2022,%,84
Mali,Value,Percentage of population using safely managed sanitation services (percent),2001,%,5
Mali,Value,Percentage of population using safely managed sanitation services (percent),2002,%,6
Mali,Value,Percentage of population using safely managed sanitation services (percent),2003,%,6
Mali,Value,Percentage of population using safely managed sanitation services (percent),2004,%,7
Mali,Value,Percentage of population using safely managed sanitation services (percent),2005,%,7
Mali,Value,Percentage of population using safely managed sanitation services (percent),2006,%,8
Mali,Value,Percentage of population using safely managed sanitation services (percent),2007,%,8
Mali,Value,Percentage of population using safely managed sanitation services (percent),2008,%,9
Mali,Value,Percentage of population using safely managed sanitation services (percent),2009,%,9
Mali,Value,Percentage of population using safely managed sanitation services (percent),2010,%,10
Mali,Value,Percentage of population using safely managed sanitation services (percent),2011,%,10
Mali,Value,Percentage of population using safely managed sanitation services (percent),2012,%,11
Mali,Value,Percentage of population using safely managed sanitation services (percent),2013,%,11
Mali,Value,Percentage of population using safely managed sanitation services (percent),2014,%,12
Mali,Value,Percentage of population using safely managed sanitation services (percent),2015,%,12
Mali,Value,Percentage of population using safely managed sanitation services (percent),2016,%,13
Mali,Value,Percentage of population using safely managed sanitation services (percent),2017,%,13
Mali,Value,Percentage of population using safely managed sanitation services (percent),2018,%,14
Mali,Value,Percentage of population using safely managed sanitation services (percent),2019,%,14
Mali,Value,Percentage of population using safely managed sanitation services (percent),2020,%,15
Mali,Value,Percentage of population using safely managed sanitation services (percent),2021,%,15
Mali,Value,Percentage of population using safely managed sanitation services (percent),2022,%,16
Mali,Value,Percentage of population using at least basic sanitation services (percent),2001,%,17
Mali,Value,Percentage of population using at least basic sanitation services (percent),2002,%,18
Mali,Value,Percentage of population using at least basic sanitation services (percent),2003,%,19
Mali,Value,Percentage of population using at least basic sanitation services (percent),2004,%,21
Mali,Value,Percentage of population using at least basic sanitation services (percent),2005,%,22
Mali,Value,Percentage of population using at least basic sanitation services (percent),2006,%,24
Mali,Value,Percentage of population using at least basic sanitation services (percent),2007,%,25
Mali,Value,Percentage of population using at least basic sanitation services (percent),2008,%,27
Mali,Value,Percentage of population using at least basic sanitation services (percent),2009,%,28
Mali,Value,Percentage of population using at least basic sanitation services (percent),2010,%,30
Mali,Value,Percentage of population using at least basic sanitation services (percent),2011,%,31
Mali,Value,Percentage of population using at least basic sanitation services (percent),2012,%,33
Mali,Value,Percentage of population using at least basic sanitation services (percent),2013,%,34
Mali,Value,Percentage of population using at least basic sanitation services (percent),2014,%,36
Mali,Value,Percentage of population using at least basic sanitation services (percent),2015,%,38
Mali,Value,Percentage of population using at least basic sanitation services (percent),2016,%,40
Mali,Value,Percentage of population using at least basic sanitation services (percent),2017,%,41
Mali,Value,Percentage of population using at least basic sanitation services (percent),2018,%,43
Mali,Value,Percentage of population using at least basic sanitation services (percent),2019,%,45
Mali,Value,Percentage of population using at least basic sanitation services (percent),2020,%,47
Mali,Value,Percentage of population using at least basic sanitation services (percent),2021,%,48
Mali,Value,Percentage of population using at least basic sanitation services (percent),2022,%,50
Mali,Value,Percentage of children under 5 years affected by wasting (percent),2001,%,12.6
Mali,Value,Percentage of children under 5 years affected by wasting (percent),2006,%,15.4
Mali,Value,Percentage of children under 5 years affected by wasting (percent),2010,%,8.9
Mali,Value,Percentage of children under 5 years affected by wasting (percent),2011,%,10.4
Mali,Value,Percentage of children under 5 years affected by wasting (percent),2014,%,13.1
Mali,Value,Percentage of children under 5 years affected by wasting (percent),2015,%,13.5
Mali,Value,Percentage of children under 5 years affected by wasting (percent),2016,%,10.6
Mali,Value,Percentage of children under 5 years affected by wasting (percent),2017,%,10.5
Mali,Value,Percentage of children under 5 years affected by wasting (percent),2018,%,9
Mali,Value,Percentage of children under 5 years affected by wasting (percent),2019,%,13
Mali,Value,Percentage of children under 5 years affected by wasting (percent),2020,%,7.2
Mali,Value,Percentage of children under 5 years affected by wasting (percent),2021,%,9.3
Mali,Value,Percentage of children under 5 years affected by wasting (percent),2022,%,10.6
Mali,Value,Number of children under 5 years affected by wasting (million),2001,million No,0.3
Mali,Value,Number of children under 5 years affected by wasting (million),2006,million No,0.4
Mali,Value,Number of children under 5 years affected by wasting (million),2010,million No,0.3
Mali,Value,Number of children under 5 years affected by wasting (million),2011,million No,0.3
Mali,Value,Number of children under 5 years affected by wasting (million),2014,million No,0.5
Mali,Value,Number of children under 5 years affected by wasting (million),2015,million No,0.5
Mali,Value,Number of children under 5 years affected by wasting (million),2016,million No,0.4
Mali,Value,Number of children under 5 years affected by wasting (million),2017,million No,0.4
Mali,Value,Number of children under 5 years affected by wasting (million),2018,million No,0.3
Mali,Value,Number of children under 5 years affected by wasting (million),2019,million No,0.5
Mali,Value,Number of children under 5 years affected by wasting (million),2020,million No,0.3
Mali,Value,Number of children under 5 years affected by wasting (million),2021,million No,0.4
Mali,Value,Number of children under 5 years affected by wasting (million),2022,million No,0.4
Mali,Value,Percentage of children under 5 years of age who are stunted (modelled estimates) (percent),2001,%,39.5
Mali,Value,Percentage of children under 5 years of age who are stunted (modelled estimates) (percent),2002,%,38.9
Mali,Value,Percentage of children under 5 years of age who are stunted (modelled estimates) (percent),2003,%,38.2
Mali,Value,Percentage of children under 5 years of age who are stunted (modelled estimates) (percent),2004,%,37.4
Mali,Value,Percentage of children under 5 years of age who are stunted (modelled estimates) (percent),2005,%,36.5
Mali,Value,Percentage of children under 5 years of age who are stunted (modelled estimates) (percent),2006,%,35.6
Mali,Value,Percentage of children under 5 years of age who are stunted (modelled estimates) (percent),2007,%,34.5
Mali,Value,Percentage of children under 5 years of age who are stunted (modelled estimates) (percent),2008,%,33.4
Mali,Value,Percentage of children under 5 years of age who are stunted (modelled estimates) (percent),2009,%,32.3
Mali,Value,Percentage of children under 5 years of age who are stunted (modelled estimates) (percent),2010,%,31.1
Mali,Value,Percentage of children under 5 years of age who are stunted (modelled estimates) (percent),2011,%,30.1
Mali,Value,Percentage of children under 5 years of age who are stunted (modelled estimates) (percent),2012,%,29.2
Mali,Value,Percentage of children under 5 years of age who are stunted (modelled estimates) (percent),2013,%,28.5
Mali,Value,Percentage of children under 5 years of age who are stunted (modelled estimates) (percent),2014,%,27.8
Mali,Value,Percentage of children under 5 years of age who are stunted (modelled estimates) (percent),2015,%,27.2
Mali,Value,Percentage of children under 5 years of age who are stunted (modelled estimates) (percent),2016,%,26.4
Mali,Value,Percentage of children under 5 years of age who are stunted (modelled estimates) (percent),2017,%,25.7
Mali,Value,Percentage of children under 5 years of age who are stunted (modelled estimates) (percent),2018,%,24.9
Mali,Value,Percentage of children under 5 years of age who are stunted (modelled estimates) (percent),2019,%,24.2
Mali,Value,Percentage of children under 5 years of age who are stunted (modelled estimates) (percent),2020,%,23.6
Mali,Value,Percentage of children under 5 years of age who are stunted (modelled estimates) (percent),2021,%,23.3
Mali,Value,Percentage of children under 5 years of age who are stunted (modelled estimates) (percent),2022,%,23.2
Mali,Value,Percentage of children under 5 years of age who are stunted (modelled estimates) (percent),2023,%,23.2
Mali,Value,Number of children under 5 years of age who are stunted (modeled estimates) (million),2001,million No,0.9
Mali,Value,Number of children under 5 years of age who are stunted (modeled estimates) (million),2002,million No,0.9
Mali,Value,Number of children under 5 years of age who are stunted (modeled estimates) (million),2003,million No,0.9
Mali,Value,Number of children under 5 years of age who are stunted (modeled estimates) (million),2004,million No,0.9
Mali,Value,Number of children under 5 years of age who are stunted (modeled estimates) (million),2005,million No,0.9
Mali,Value,Number of children under 5 years of age who are stunted (modeled estimates) (million),2006,million No,1
Mali,Value,Number of children under 5 years of age who are stunted (modeled estimates) (million),2007,million No,1
Mali,Value,Number of children under 5 years of age who are stunted (modeled estimates) (million),2008,million No,1
Mali,Value,Number of children under 5 years of age who are stunted (modeled estimates) (million),2009,million No,1
Mali,Value,Number of children under 5 years of age who are stunted (modeled estimates) (million),2010,million No,1
Mali,Value,Number of children under 5 years of age who are stunted (modeled estimates) (million),2011,million No,1
Mali,Value,Number of children under 5 years of age who are stunted (modeled estimates) (million),2012,million No,1
Mali,Value,Number of children under 5 years of age who are stunted (modeled estimates) (million),2013,million No,1
Mali,Value,Number of children under 5 years of age who are stunted (modeled estimates) (million),2014,million No,1
Mali,Value,Number of children under 5 years of age who are stunted (modeled estimates) (million),2015,million No,1
Mali,Value,Number of children under 5 years of age who are stunted (modeled estimates) (million),2016,million No,1
Mali,Value,Number of children under 5 years of age who are stunted (modeled estimates) (million),2017,million No,1
Mali,Value,Number of children under 5 years of age who are stunted (modeled estimates) (million),2018,million No,0.9
Mali,Value,Number of children under 5 years of age who are stunted (modeled estimates) (million),2019,million No,0.9
Mali,Value,Number of children under 5 years of age who are stunted (modeled estimates) (million),2020,million No,0.9
Mali,Value,Number of children under 5 years of age who are stunted (modeled estimates) (million),2021,million No,0.9
Mali,Value,Number of children under 5 years of age who are stunted (modeled estimates) (million),2022,million No,0.9
Mali,Value,Number of children under 5 years of age who are stunted (modeled estimates) (million),2023,million No,1
Mali,Value,Percentage of children under 5 years of age who are overweight (modelled estimates) (percent),2001,%,2.7
Mali,Value,Percentage of children under 5 years of age who are overweight (modelled estimates) (percent),2002,%,2.5
Mali,Value,Percentage of children under 5 years of age who are overweight (modelled estimates) (percent),2003,%,2.4
Mali,Value,Percentage of children under 5 years of age who are overweight (modelled estimates) (percent),2004,%,2.3
Mali,Value,Percentage of children under 5 years of age who are overweight (modelled estimates) (percent),2005,%,2.1
Mali,Value,Percentage of children under 5 years of age who are overweight (modelled estimates) (percent),2006,%,2
Mali,Value,Percentage of children under 5 years of age who are overweight (modelled estimates) (percent),2007,%,1.8
Mali,Value,Percentage of children under 5 years of age who are overweight (modelled estimates) (percent),2008,%,1.7
Mali,Value,Percentage of children under 5 years of age who are overweight (modelled estimates) (percent),2009,%,1.6
Mali,Value,Percentage of children under 5 years of age who are overweight (modelled estimates) (percent),2010,%,1.5
Mali,Value,Percentage of children under 5 years of age who are overweight (modelled estimates) (percent),2011,%,1.4
Mali,Value,Percentage of children under 5 years of age who are overweight (modelled estimates) (percent),2012,%,1.3
Mali,Value,Percentage of children under 5 years of age who are overweight (modelled estimates) (percent),2013,%,1.2
Mali,Value,Percentage of children under 5 years of age who are overweight (modelled estimates) (percent),2014,%,1.2
Mali,Value,Percentage of children under 5 years of age who are overweight (modelled estimates) (percent),2015,%,1.1
Mali,Value,Percentage of children under 5 years of age who are overweight (modelled estimates) (percent),2016,%,1.1
Mali,Value,Percentage of children under 5 years of age who are overweight (modelled estimates) (percent),2017,%,1
Mali,Value,Percentage of children under 5 years of age who are overweight (modelled estimates) (percent),2018,%,1
Mali,Value,Percentage of children under 5 years of age who are overweight (modelled estimates) (percent),2019,%,1
Mali,Value,Percentage of children under 5 years of age who are overweight (modelled estimates) (percent),2020,%,1
Mali,Value,Percentage of children under 5 years of age who are overweight (modelled estimates) (percent),2021,%,1.1
Mali,Value,Percentage of children under 5 years of age who are overweight (modelled estimates) (percent),2022,%,1.1
Mali,Value,Percentage of children under 5 years of age who are overweight (modelled estimates) (percent),2023,%,1.2
Mali,Value,Number of children under 5 years of age who are overweight (modeled estimates) (million),2001,million No,<0.1
Mali,Value,Number of children under 5 years of age who are overweight (modeled estimates) (million),2002,million No,<0.1
Mali,Value,Number of children under 5 years of age who are overweight (modeled estimates) (million),2003,million No,<0.1
Mali,Value,Number of children under 5 years of age who are overweight (modeled estimates) (million),2004,million No,<0.1
Mali,Value,Number of children under 5 years of age who are overweight (modeled estimates) (million),2005,million No,<0.1
Mali,Value,Number of children under 5 years of age who are overweight (modeled estimates) (million),2006,million No,<0.1
Mali,Value,Number of children under 5 years of age who are overweight (modeled estimates) (million),2007,million No,<0.1
Mali,Value,Number of children under 5 years of age who are overweight (modeled estimates) (million),2008,million No,<0.1
Mali,Value,Number of children under 5 years of age who are overweight (modeled estimates) (million),2009,million No,<0.1
Mali,Value,Number of children under 5 years of age who are overweight (modeled estimates) (million),2010,million No,<0.1
Mali,Value,Number of children under 5 years of age who are overweight (modeled estimates) (million),2011,million No,<0.1
Mali,Value,Number of children under 5 years of age who are overweight (modeled estimates) (million),2012,million No,<0.1
Mali,Value,Number of children under 5 years of age who are overweight (modeled estimates) (million),2013,million No,<0.1
Mali,Value,Number of children under 5 years of age who are overweight (modeled estimates) (million),2014,million No,<0.1
Mali,Value,Number of children under 5 years of age who are overweight (modeled estimates) (million),2015,million No,<0.1
Mali,Value,Number of children under 5 years of age who are overweight (modeled estimates) (million),2016,million No,<0.1
Mali,Value,Number of children under 5 years of age who are overweight (modeled estimates) (million),2017,million No,<0.1
Mali,Value,Number of children under 5 years of age who are overweight (modeled estimates) (million),2018,million No,<0.1
Mali,Value,Number of children under 5 years of age who are overweight (modeled estimates) (million),2019,million No,<0.1
Mali,Value,Number of children under 5 years of age who are overweight (modeled estimates) (million),2020,million No,<0.1
Mali,Value,Number of children under 5 years of age who are overweight (modeled estimates) (million),2021,million No,<0.1
Mali,Value,Number of children under 5 years of age who are overweight (modeled estimates) (million),2022,million No,<0.1
Mali,Value,Number of children under 5 years of age who are overweight (modeled estimates) (million),2023,million No,<0.1
Mali,Value,Prevalence of obesity in the adult population (18 years and older) (percent),2001,%,3.9
Mali,Value,Prevalence of obesity in the adult population (18 years and older) (percent),2002,%,4.3
Mali,Value,Prevalence of obesity in the adult population (18 years and older) (percent),2003,%,4.6
Mali,Value,Prevalence of obesity in the adult population (18 years and older) (percent),2004,%,5
Mali,Value,Prevalence of obesity in the adult population (18 years and older) (percent),2005,%,5.4
Mali,Value,Prevalence of obesity in the adult population (18 years and older) (percent),2006,%,5.7
Mali,Value,Prevalence of obesity in the adult population (18 years and older) (percent),2007,%,6.1
Mali,Value,Prevalence of obesity in the adult population (18 years and older) (percent),2008,%,6.4
Mali,Value,Prevalence of obesity in the adult population (18 years and older) (percent),2009,%,6.7
Mali,Value,Prevalence of obesity in the adult population (18 years and older) (percent),2010,%,7.1
Mali,Value,Prevalence of obesity in the adult population (18 years and older) (percent),2011,%,7.3
Mali,Value,Prevalence of obesity in the adult population (18 years and older) (percent),2012,%,7.6
Mali,Value,Prevalence of obesity in the adult population (18 years and older) (percent),2013,%,7.9
Mali,Value,Prevalence of obesity in the adult population (18 years and older) (percent),2014,%,8.2
Mali,Value,Prevalence of obesity in the adult population (18 years and older) (percent),2015,%,8.5
Mali,Value,Prevalence of obesity in the adult population (18 years and older) (percent),2016,%,8.9
Mali,Value,Prevalence of obesity in the adult population (18 years and older) (percent),2017,%,9.2
Mali,Value,Prevalence of obesity in the adult population (18 years and older) (percent),2018,%,9.6
Mali,Value,Prevalence of obesity in the adult population (18 years and older) (percent),2019,%,10
Mali,Value,Prevalence of obesity in the adult population (18 years and older) (percent),2020,%,10.4
Mali,Value,Prevalence of obesity in the adult population (18 years and older) (percent),2021,%,10.9
Mali,Value,Prevalence of obesity in the adult population (18 years and older) (percent),2022,%,11.4
Mali,Value,Number of obese adults (18 years and older) (million),2001,million No,0.2
Mali,Value,Number of obese adults (18 years and older) (million),2002,million No,0.2
Mali,Value,Number of obese adults (18 years and older) (million),2003,million No,0.3
Mali,Value,Number of obese adults (18 years and older) (million),2004,million No,0.3
Mali,Value,Number of obese adults (18 years and older) (million),2005,million No,0.3
Mali,Value,Number of obese adults (18 years and older) (million),2006,million No,0.4
Mali,Value,Number of obese adults (18 years and older) (million),2007,million No,0.4
Mali,Value,Number of obese adults (18 years and older) (million),2008,million No,0.4
Mali,Value,Number of obese adults (18 years and older) (million),2009,million No,0.5
Mali,Value,Number of obese adults (18 years and older) (million),2010,million No,0.5
Mali,Value,Number of obese adults (18 years and older) (million),2011,million No,0.5
Mali,Value,Number of obese adults (18 years and older) (million),2012,million No,0.6
Mali,Value,Number of obese adults (18 years and older) (million),2013,million No,0.6
Mali,Value,Number of obese adults (18 years and older) (million),2014,million No,0.7
Mali,Value,Number of obese adults (18 years and older) (million),2015,million No,0.7
Mali,Value,Number of obese adults (18 years and older) (million),2016,million No,0.8
Mali,Value,Number of obese adults (18 years and older) (million),2017,million No,0.8
Mali,Value,Number of obese adults (18 years and older) (million),2018,million No,0.9
Mali,Value,Number of obese adults (18 years and older) (million),2019,million No,0.9
Mali,Value,Number of obese adults (18 years and older) (million),2020,million No,1
Mali,Value,Number of obese adults (18 years and older) (million),2021,million No,1.1
Mali,Value,Number of obese adults (18 years and older) (million),2022,million No,1.2
Mali,Value,Prevalence of anemia among women of reproductive age (15-49 years) (percent),2001,%,62
Mali,Value,Prevalence of anemia among women of reproductive age (15-49 years) (percent),2002,%,61.4
Mali,Value,Prevalence of anemia among women of reproductive age (15-49 years) (percent),2003,%,60.8
Mali,Value,Prevalence of anemia among women of reproductive age (15-49 years) (percent),2004,%,60.2
Mali,Value,Prevalence of anemia among women of reproductive age (15-49 years) (percent),2005,%,59.5
Mali,Value,Prevalence of anemia among women of reproductive age (15-49 years) (percent),2006,%,58.7
Mali,Value,Prevalence of anemia among women of reproductive age (15-49 years) (percent),2007,%,57.9
Mali,Value,Prevalence of anemia among women of reproductive age (15-49 years) (percent),2008,%,57
Mali,Value,Prevalence of anemia among women of reproductive age (15-49 years) (percent),2009,%,56.2
Mali,Value,Prevalence of anemia among women of reproductive age (15-49 years) (percent),2010,%,55.4
Mali,Value,Prevalence of anemia among women of reproductive age (15-49 years) (percent),2011,%,54.7
Mali,Value,Prevalence of anemia among women of reproductive age (15-49 years) (percent),2012,%,54.1
Mali,Value,Prevalence of anemia among women of reproductive age (15-49 years) (percent),2013,%,53.7
Mali,Value,Prevalence of anemia among women of reproductive age (15-49 years) (percent),2014,%,53.4
Mali,Value,Prevalence of anemia among women of reproductive age (15-49 years) (percent),2015,%,53.3
Mali,Value,Prevalence of anemia among women of reproductive age (15-49 years) (percent),2016,%,53.4
Mali,Value,Prevalence of anemia among women of reproductive age (15-49 years) (percent),2017,%,53.7
Mali,Value,Prevalence of anemia among women of reproductive age (15-49 years) (percent),2018,%,54
Mali,Value,Prevalence of anemia among women of reproductive age (15-49 years) (percent),2019,%,54.3
Mali,Value,Prevalence of anemia among women of reproductive age (15-49 years) (percent),2020,%,54.8
Mali,Value,Prevalence of anemia among women of reproductive age (15-49 years) (percent),2021,%,55.3
Mali,Value,Prevalence of anemia among women of reproductive age (15-49 years) (percent),2022,%,55.9
Mali,Value,Prevalence of anemia among women of reproductive age (15-49 years) (percent),2023,%,56.5
Mali,Value,Number of women of reproductive age (15-49 years) affected by anemia (million),2001,million No,1.6
Mali,Value,Number of women of reproductive age (15-49 years) affected by anemia (million),2002,million No,1.6
Mali,Value,Number of women of reproductive age (15-49 years) affected by anemia (million),2003,million No,1.7
Mali,Value,Number of women of reproductive age (15-49 years) affected by anemia (million),2004,million No,1.7
Mali,Value,Number of women of reproductive age (15-49 years) affected by anemia (million),2005,million No,1.8
Mali,Value,Number of women of reproductive age (15-49 years) affected by anemia (million),2006,million No,1.8
Mali,Value,Number of women of reproductive age (15-49 years) affected by anemia (million),2007,million No,1.8
Mali,Value,Number of women of reproductive age (15-49 years) affected by anemia (million),2008,million No,1.9
Mali,Value,Number of women of reproductive age (15-49 years) affected by anemia (million),2009,million No,1.9
Mali,Value,Number of women of reproductive age (15-49 years) affected by anemia (million),2010,million No,1.9
Mali,Value,Number of women of reproductive age (15-49 years) affected by anemia (million),2011,million No,2
Mali,Value,Number of women of reproductive age (15-49 years) affected by anemia (million),2012,million No,2
Mali,Value,Number of women of reproductive age (15-49 years) affected by anemia (million),2013,million No,2
Mali,Value,Number of women of reproductive age (15-49 years) affected by anemia (million),2014,million No,2.1
Mali,Value,Number of women of reproductive age (15-49 years) affected by anemia (million),2015,million No,2.1
Mali,Value,Number of women of reproductive age (15-49 years) affected by anemia (million),2016,million No,2.2
Mali,Value,Number of women of reproductive age (15-49 years) affected by anemia (million),2017,million No,2.3
Mali,Value,Number of women of reproductive age (15-49 years) affected by anemia (million),2018,million No,2.4
Mali,Value,Number of women of reproductive age (15-49 years) affected by anemia (million),2019,million No,2.5
Mali,Value,Number of women of reproductive age (15-49 years) affected by anemia (million),2020,million No,2.6
Mali,Value,Number of women of reproductive age (15-49 years) affected by anemia (million),2021,million No,2.8
Mali,Value,Number of women of reproductive age (15-49 years) affected by anemia (million),2022,million No,2.9
Mali,Value,Number of women of reproductive age (15-49 years) affected by anemia (million),2023,million No,3
Mali,Value,Prevalence of exclusive breastfeeding among infants 0-5 months of age (percent),2001,%,25.1
Mali,Value,Prevalence of exclusive breastfeeding among infants 0-5 months of age (percent),2006,%,33.4
Mali,Value,Prevalence of exclusive breastfeeding among infants 0-5 months of age (percent),2010,%,20.2
Mali,Value,Prevalence of exclusive breastfeeding among infants 0-5 months of age (percent),2015,%,31.5
Mali,Value,Prevalence of exclusive breastfeeding among infants 0-5 months of age (percent),2017,%,37.3
Mali,Value,Prevalence of exclusive breastfeeding among infants 0-5 months of age (percent),2018,%,40.2
Mali,Value,Prevalence of exclusive breastfeeding among infants 0-5 months of age (percent),2019,%,40.5
Mali,Value,Prevalence of exclusive breastfeeding among infants 0-5 months of age (percent),2020,%,52
Mali,Value,Prevalence of exclusive breastfeeding among infants 0-5 months of age (percent),2021,%,47.7
Mali,Value,Prevalence of exclusive breastfeeding among infants 0-5 months of age (percent),2022,%,49.8
Mali,Value,Minimum dietary energy requirement (kcal/cap/day),2001,kcal/cap/d,1655
Mali,Value,Minimum dietary energy requirement (kcal/cap/day),2002,kcal/cap/d,1659
Mali,Value,Minimum dietary energy requirement (kcal/cap/day),2003,kcal/cap/d,1661
Mali,Value,Minimum dietary energy requirement (kcal/cap/day),2004,kcal/cap/d,1664
Mali,Value,Minimum dietary energy requirement (kcal/cap/day),2005,kcal/cap/d,1666
Mali,Value,Minimum dietary energy requirement (kcal/cap/day),2006,kcal/cap/d,1667
Mali,Value,Minimum dietary energy requirement (kcal/cap/day),2007,kcal/cap/d,1669
Mali,Value,Minimum dietary energy requirement (kcal/cap/day),2008,kcal/cap/d,1671
Mali,Value,Minimum dietary energy requirement (kcal/cap/day),2009,kcal/cap/d,1674
Mali,Value,Minimum dietary energy requirement (kcal/cap/day),2010,kcal/cap/d,1675
Mali,Value,Minimum dietary energy requirement (kcal/cap/day),2011,kcal/cap/d,1678
Mali,Value,Minimum dietary energy requirement (kcal/cap/day),2012,kcal/cap/d,1679
Mali,Value,Minimum dietary energy requirement (kcal/cap/day),2013,kcal/cap/d,1682
Mali,Value,Minimum dietary energy requirement (kcal/cap/day),2014,kcal/cap/d,1685
Mali,Value,Minimum dietary energy requirement (kcal/cap/day),2015,kcal/cap/d,1689
Mali,Value,Minimum dietary energy requirement (kcal/cap/day),2016,kcal/cap/d,1694
Mali,Value,Minimum dietary energy requirement (kcal/cap/day),2017,kcal/cap/d,1699
Mali,Value,Minimum dietary energy requirement (kcal/cap/day),2018,kcal/cap/d,1705
Mali,Value,Minimum dietary energy requirement (kcal/cap/day),2019,kcal/cap/d,1708
Mali,Value,Minimum dietary energy requirement (kcal/cap/day),2020,kcal/cap/d,1711
Mali,Value,Minimum dietary energy requirement (kcal/cap/day),2021,kcal/cap/d,1715
Mali,Value,Minimum dietary energy requirement (kcal/cap/day),2022,kcal/cap/d,1718
Mali,Value,Minimum dietary energy requirement (kcal/cap/day),2023,kcal/cap/d,1721
Mali,Value,Average dietary energy requirement (kcal/cap/day),2001,kcal/cap/d,2128
Mali,Value,Average dietary energy requirement (kcal/cap/day),2002,kcal/cap/d,2133
Mali,Value,Average dietary energy requirement (kcal/cap/day),2003,kcal/cap/d,2136
Mali,Value,Average dietary energy requirement (kcal/cap/day),2004,kcal/cap/d,2139
Mali,Value,Average dietary energy requirement (kcal/cap/day),2005,kcal/cap/d,2141
Mali,Value,Average dietary energy requirement (kcal/cap/day),2006,kcal/cap/d,2143
Mali,Value,Average dietary energy requirement (kcal/cap/day),2007,kcal/cap/d,2145
Mali,Value,Average dietary energy requirement (kcal/cap/day),2008,kcal/cap/d,2148
Mali,Value,Average dietary energy requirement (kcal/cap/day),2009,kcal/cap/d,2150
Mali,Value,Average dietary energy requirement (kcal/cap/day),2010,kcal/cap/d,2152
Mali,Value,Average dietary energy requirement (kcal/cap/day),2011,kcal/cap/d,2154
Mali,Value,Average dietary energy requirement (kcal/cap/day),2012,kcal/cap/d,2156
Mali,Value,Average dietary energy requirement (kcal/cap/day),2013,kcal/cap/d,2159
Mali,Value,Average dietary energy requirement (kcal/cap/day),2014,kcal/cap/d,2164
Mali,Value,Average dietary energy requirement (kcal/cap/day),2015,kcal/cap/d,2169
Mali,Value,Average dietary energy requirement (kcal/cap/day),2016,kcal/cap/d,2176
Mali,Value,Average dietary energy requirement (kcal/cap/day),2017,kcal/cap/d,2183
Mali,Value,Average dietary energy requirement (kcal/cap/day),2018,kcal/cap/d,2190
Mali,Value,Average dietary energy requirement (kcal/cap/day),2019,kcal/cap/d,2195
Mali,Value,Average dietary energy requirement (kcal/cap/day),2020,kcal/cap/d,2200
Mali,Value,Average dietary energy requirement (kcal/cap/day),2021,kcal/cap/d,2205
Mali,Value,Average dietary energy requirement (kcal/cap/day),2022,kcal/cap/d,2210
Mali,Value,Average dietary energy requirement (kcal/cap/day),2023,kcal/cap/d,2215
Mali,Value,Coefficient of variation of habitual caloric consumption distribution (real number),2001,No,0.28
Mali,Value,Coefficient of variation of habitual caloric consumption distribution (real number),2002,No,0.28
Mali,Value,Coefficient of variation of habitual caloric consumption distribution (real number),2003,No,0.29
Mali,Value,Coefficient of variation of habitual caloric consumption distribution (real number),2004,No,0.29
Mali,Value,Coefficient of variation of habitual caloric consumption distribution (real number),2005,No,0.29
Mali,Value,Coefficient of variation of habitual caloric consumption distribution (real number),2006,No,0.29
Mali,Value,Coefficient of variation of habitual caloric consumption distribution (real number),2007,No,0.29
Mali,Value,Coefficient of variation of habitual caloric consumption distribution (real number),2008,No,0.29
Mali,Value,Coefficient of variation of habitual caloric consumption distribution (real number),2009,No,0.3
Mali,Value,Coefficient of variation of habitual caloric consumption distribution (real number),2010,No,0.29
Mali,Value,Coefficient of variation of habitual caloric consumption distribution (real number),2011,No,0.29
Mali,Value,Coefficient of variation of habitual caloric consumption distribution (real number),2012,No,0.28
Mali,Value,Coefficient of variation of habitual caloric consumption distribution (real number),2013,No,0.28
Mali,Value,Coefficient of variation of habitual caloric consumption distribution (real number),2014,No,0.27
Mali,Value,Coefficient of variation of habitual caloric consumption distribution (real number),2015,No,0.27
Mali,Value,Coefficient of variation of habitual caloric consumption distribution (real number),2016,No,0.27
Mali,Value,Coefficient of variation of habitual caloric consumption distribution (real number),2017,No,0.26
Mali,Value,Coefficient of variation of habitual caloric consumption distribution (real number),2018,No,0.26
Mali,Value,Coefficient of variation of habitual caloric consumption distribution (real number),2019,No,0.26
Mali,Value,Coefficient of variation of habitual caloric consumption distribution (real number),2020,No,0.26
Mali,Value,Coefficient of variation of habitual caloric consumption distribution (real number),2021,No,0.26
Mali,Value,Coefficient of variation of habitual caloric consumption distribution (real number),2022,No,0.35
Mali,Value,Coefficient of variation of habitual caloric consumption distribution (real number),2023,No,0.35
Mali,Value,Incidence of caloric losses at retail distribution level (percent),2001,%,2.74
Mali,Value,Incidence of caloric losses at retail distribution level (percent),2002,%,2.78
Mali,Value,Incidence of caloric losses at retail distribution level (percent),2003,%,2.89
Mali,Value,Incidence of caloric losses at retail distribution level (percent),2004,%,2.93
Mali,Value,Incidence of caloric losses at retail distribution level (percent),2005,%,3.01
Mali,Value,Incidence of caloric losses at retail distribution level (percent),2006,%,3.04
Mali,Value,Incidence of caloric losses at retail distribution level (percent),2007,%,3.18
Mali,Value,Incidence of caloric losses at retail distribution level (percent),2008,%,3.08
Mali,Value,Incidence of caloric losses at retail distribution level (percent),2009,%,3.14
Mali,Value,Incidence of caloric losses at retail distribution level (percent),2010,%,3.55
Mali,Value,Incidence of caloric losses at retail distribution level (percent),2011,%,3.48
Mali,Value,Incidence of caloric losses at retail distribution level (percent),2012,%,3.38
Mali,Value,Incidence of caloric losses at retail distribution level (percent),2013,%,3.36
Mali,Value,Incidence of caloric losses at retail distribution level (percent),2014,%,3.26
Mali,Value,Incidence of caloric losses at retail distribution level (percent),2015,%,3.06
Mali,Value,Incidence of caloric losses at retail distribution level (percent),2016,%,3.33
Mali,Value,Incidence of caloric losses at retail distribution level (percent),2017,%,3.26
Mali,Value,Incidence of caloric losses at retail distribution level (percent),2018,%,3.25
Mali,Value,Incidence of caloric losses at retail distribution level (percent),2019,%,3.15
Mali,Value,Incidence of caloric losses at retail distribution level (percent),2020,%,3.31
Mali,Value,Incidence of caloric losses at retail distribution level (percent),2021,%,3.43
Mali,Value,Incidence of caloric losses at retail distribution level (percent),2022,%,3.31
Mali,Value,Incidence of caloric losses at retail distribution level (percent),2023,%,3.31
Mauritania,Value,Dietary energy supply used in the estimation of the prevalence of undernourishment (kcal/cap/day),2001,kcal/cap/d,2629
Mauritania,Value,Dietary energy supply used in the estimation of the prevalence of undernourishment (kcal/cap/day),2002,kcal/cap/d,2652
Mauritania,Value,Dietary energy supply used in the estimation of the prevalence of undernourishment (kcal/cap/day),2003,kcal/cap/d,2736
Mauritania,Value,Dietary energy supply used in the estimation of the prevalence of undernourishment (kcal/cap/day),2004,kcal/cap/d,2630
Mauritania,Value,Dietary energy supply used in the estimation of the prevalence of undernourishment (kcal/cap/day),2005,kcal/cap/d,2668
Mauritania,Value,Dietary energy supply used in the estimation of the prevalence of undernourishment (kcal/cap/day),2006,kcal/cap/d,2649
Mauritania,Value,Dietary energy supply used in the estimation of the prevalence of undernourishment (kcal/cap/day),2007,kcal/cap/d,2781
Mauritania,Value,Dietary energy supply used in the estimation of the prevalence of undernourishment (kcal/cap/day),2008,kcal/cap/d,2834
Mauritania,Value,Dietary energy supply used in the estimation of the prevalence of undernourishment (kcal/cap/day),2009,kcal/cap/d,2829
Mauritania,Value,Dietary energy supply used in the estimation of the prevalence of undernourishment (kcal/cap/day),2010,kcal/cap/d,2831
Mauritania,Value,Dietary energy supply used in the estimation of the prevalence of undernourishment (kcal/cap/day),2011,kcal/cap/d,2873
Mauritania,Value,Dietary energy supply used in the estimation of the prevalence of undernourishment (kcal/cap/day),2012,kcal/cap/d,2932
Mauritania,Value,Dietary energy supply used in the estimation of the prevalence of undernourishment (kcal/cap/day),2013,kcal/cap/d,2911
Mauritania,Value,Dietary energy supply used in the estimation of the prevalence of undernourishment (kcal/cap/day),2014,kcal/cap/d,2918
Mauritania,Value,Dietary energy supply used in the estimation of the prevalence of undernourishment (kcal/cap/day),2015,kcal/cap/d,2906
Mauritania,Value,Dietary energy supply used in the estimation of the prevalence of undernourishment (kcal/cap/day),2016,kcal/cap/d,2888
Mauritania,Value,Dietary energy supply used in the estimation of the prevalence of undernourishment (kcal/cap/day),2017,kcal/cap/d,2906
Mauritania,Value,Dietary energy supply used in the estimation of the prevalence of undernourishment (kcal/cap/day),2018,kcal/cap/d,2941
Mauritania,Value,Dietary energy supply used in the estimation of the prevalence of undernourishment (kcal/cap/day),2019,kcal/cap/d,2951
Mauritania,Value,Dietary energy supply used in the estimation of the prevalence of undernourishment (kcal/cap/day),2020,kcal/cap/d,2962
Mauritania,Value,Dietary energy supply used in the estimation of the prevalence of undernourishment (kcal/cap/day),2021,kcal/cap/d,2965
Mauritania,Value,Dietary energy supply used in the estimation of the prevalence of undernourishment (kcal/cap/day),2022,kcal/cap/d,3000
Mauritania,Value,Dietary energy supply used in the estimation of the prevalence of undernourishment (kcal/cap/day),2023,kcal/cap/d,3012
Mauritania,Value,Rail lines density (total route in km per 100 square km of land area),2002,km,0.1
Mauritania,Value,Rail lines density (total route in km per 100 square km of land area),2007,km,0.1
Mauritania,Value,Rail lines density (total route in km per 100 square km of land area),2008,km,0.1
Mauritania,Value,Rail lines density (total route in km per 100 square km of land area),2009,km,0.1
Mauritania,Value,Rail lines density (total route in km per 100 square km of land area),2010,km,0.1
Mauritania,Value,Rail lines density (total route in km per 100 square km of land area),2016,km,0.1
Mauritania,Value,Rail lines density (total route in km per 100 square km of land area),2017,km,0.1
Mauritania,Value,Rail lines density (total route in km per 100 square km of land area),2018,km,0.1
Mauritania,Value,Rail lines density (total route in km per 100 square km of land area),2019,km,0.1
Mauritania,Value,Rail lines density (total route in km per 100 square km of land area),2020,km,0.1
Mauritania,Value,Rail lines density (total route in km per 100 square km of land area),2021,km,0.1
Mauritania,Value,"Gross domestic product per capita, PPP, (constant 2021 international $)",2001,Int$/cap,4847
Mauritania,Value,"Gross domestic product per capita, PPP, (constant 2021 international $)",2002,Int$/cap,4807
Mauritania,Value,"Gross domestic product per capita, PPP, (constant 2021 international $)",2003,Int$/cap,5024
Mauritania,Value,"Gross domestic product per capita, PPP, (constant 2021 international $)",2004,Int$/cap,5139
Mauritania,Value,"Gross domestic product per capita, PPP, (constant 2021 international $)",2005,Int$/cap,5446
Mauritania,Value,"Gross domestic product per capita, PPP, (constant 2021 international $)",2006,Int$/cap,6285
Mauritania,Value,"Gross domestic product per capita, PPP, (constant 2021 international $)",2007,Int$/cap,6003
Mauritania,Value,"Gross domestic product per capita, PPP, (constant 2021 international $)",2008,Int$/cap,5813
Mauritania,Value,"Gross domestic product per capita, PPP, (constant 2021 international $)",2009,Int$/cap,5640
Mauritania,Value,"Gross domestic product per capita, PPP, (constant 2021 international $)",2010,Int$/cap,5606
Mauritania,Value,"Gross domestic product per capita, PPP, (constant 2021 international $)",2011,Int$/cap,5653
Mauritania,Value,"Gross domestic product per capita, PPP, (constant 2021 international $)",2012,Int$/cap,5716
Mauritania,Value,"Gross domestic product per capita, PPP, (constant 2021 international $)",2013,Int$/cap,5770
Mauritania,Value,"Gross domestic product per capita, PPP, (constant 2021 international $)",2014,Int$/cap,5838
Mauritania,Value,"Gross domestic product per capita, PPP, (constant 2021 international $)",2015,Int$/cap,5970
Mauritania,Value,"Gross domestic product per capita, PPP, (constant 2021 international $)",2016,Int$/cap,5866
Mauritania,Value,"Gross domestic product per capita, PPP, (constant 2021 international $)",2017,Int$/cap,6051
Mauritania,Value,"Gross domestic product per capita, PPP, (constant 2021 international $)",2018,Int$/cap,6154
Mauritania,Value,"Gross domestic product per capita, PPP, (constant 2021 international $)",2019,Int$/cap,6162
Mauritania,Value,"Gross domestic product per capita, PPP, (constant 2021 international $)",2020,Int$/cap,5963
Mauritania,Value,"Gross domestic product per capita, PPP, (constant 2021 international $)",2021,Int$/cap,5837
Mauritania,Value,"Gross domestic product per capita, PPP, (constant 2021 international $)",2022,Int$/cap,6053
Mauritania,Value,"Gross domestic product per capita, PPP, (constant 2021 international $)",2023,Int$/cap,6259
Mauritania,Value,Political stability and absence of violence/terrorism (index),2002,,0.38
Mauritania,Value,Political stability and absence of violence/terrorism (index),2003,,0.06
Mauritania,Value,Political stability and absence of violence/terrorism (index),2004,,-0.17
Mauritania,Value,Political stability and absence of violence/terrorism (index),2005,,-0.22
Mauritania,Value,Political stability and absence of violence/terrorism (index),2006,,0.24
Mauritania,Value,Political stability and absence of violence/terrorism (index),2007,,-0.28
Mauritania,Value,Political stability and absence of violence/terrorism (index),2008,,-0.64
Mauritania,Value,Political stability and absence of violence/terrorism (index),2009,,-0.88
Mauritania,Value,Political stability and absence of violence/terrorism (index),2010,,-1.08
Mauritania,Value,Political stability and absence of violence/terrorism (index),2011,,-1.17
Mauritania,Value,Political stability and absence of violence/terrorism (index),2012,,-1.13
Mauritania,Value,Political stability and absence of violence/terrorism (index),2013,,-1.01
Mauritania,Value,Political stability and absence of violence/terrorism (index),2014,,-0.59
Mauritania,Value,Political stability and absence of violence/terrorism (index),2015,,-0.64
Mauritania,Value,Political stability and absence of violence/terrorism (index),2016,,-0.75
Mauritania,Value,Political stability and absence of violence/terrorism (index),2017,,-0.63
Mauritania,Value,Political stability and absence of violence/terrorism (index),2018,,-0.63
Mauritania,Value,Political stability and absence of violence/terrorism (index),2019,,-0.56
Mauritania,Value,Political stability and absence of violence/terrorism (index),2020,,-0.7
Mauritania,Value,Political stability and absence of violence/terrorism (index),2021,,-0.56
Mauritania,Value,Political stability and absence of violence/terrorism (index),2022,,-0.52
Mauritania,Value,Per capita food supply variability (kcal/cap/day),2001,kcal/cap/d,40
Mauritania,Value,Per capita food supply variability (kcal/cap/day),2002,kcal/cap/d,50
Mauritania,Value,Per capita food supply variability (kcal/cap/day),2003,kcal/cap/d,53
Mauritania,Value,Per capita food supply variability (kcal/cap/day),2004,kcal/cap/d,45
Mauritania,Value,Per capita food supply variability (kcal/cap/day),2005,kcal/cap/d,44
Mauritania,Value,Per capita food supply variability (kcal/cap/day),2006,kcal/cap/d,46
Mauritania,Value,Per capita food supply variability (kcal/cap/day),2007,kcal/cap/d,53
Mauritania,Value,Per capita food supply variability (kcal/cap/day),2008,kcal/cap/d,61
Mauritania,Value,Per capita food supply variability (kcal/cap/day),2009,kcal/cap/d,66
Mauritania,Value,Per capita food supply variability (kcal/cap/day),2010,kcal/cap/d,64
Mauritania,Value,Per capita food supply variability (kcal/cap/day),2011,kcal/cap/d,58
Mauritania,Value,Per capita food supply variability (kcal/cap/day),2012,kcal/cap/d,16
Mauritania,Value,Per capita food supply variability (kcal/cap/day),2013,kcal/cap/d,24
Mauritania,Value,Per capita food supply variability (kcal/cap/day),2014,kcal/cap/d,23
Mauritania,Value,Per capita food supply variability (kcal/cap/day),2015,kcal/cap/d,24
Mauritania,Value,Per capita food supply variability (kcal/cap/day),2016,kcal/cap/d,29
Mauritania,Value,Per capita food supply variability (kcal/cap/day),2017,kcal/cap/d,44
Mauritania,Value,Per capita food supply variability (kcal/cap/day),2018,kcal/cap/d,36
Mauritania,Value,Per capita food supply variability (kcal/cap/day),2019,kcal/cap/d,27
Mauritania,Value,Per capita food supply variability (kcal/cap/day),2020,kcal/cap/d,15
Mauritania,Value,Per capita food supply variability (kcal/cap/day),2021,kcal/cap/d,9
Mauritania,Value,Per capita food supply variability (kcal/cap/day),2022,kcal/cap/d,8
Mauritania,Value,Per capita food supply variability (kcal/cap/day),2023,kcal/cap/d,9
Mauritania,Value,Percentage of population using at least basic drinking water services (percent),2001,%,42
Mauritania,Value,Percentage of population using at least basic drinking water services (percent),2002,%,44
Mauritania,Value,Percentage of population using at least basic drinking water services (percent),2003,%,46
Mauritania,Value,Percentage of population using at least basic drinking water services (percent),2004,%,47
Mauritania,Value,Percentage of population using at least basic drinking water services (percent),2005,%,49
Mauritania,Value,Percentage of population using at least basic drinking water services (percent),2006,%,50
Mauritania,Value,Percentage of population using at least basic drinking water services (percent),2007,%,52
Mauritania,Value,Percentage of population using at least basic drinking water services (percent),2008,%,54
Mauritania,Value,Percentage of population using at least basic drinking water services (percent),2009,%,55
Mauritania,Value,Percentage of population using at least basic drinking water services (percent),2010,%,57
Mauritania,Value,Percentage of population using at least basic drinking water services (percent),2011,%,59
Mauritania,Value,Percentage of population using at least basic drinking water services (percent),2012,%,60
Mauritania,Value,Percentage of population using at least basic drinking water services (percent),2013,%,62
Mauritania,Value,Percentage of population using at least basic drinking water services (percent),2014,%,64
Mauritania,Value,Percentage of population using at least basic drinking water services (percent),2015,%,66
Mauritania,Value,Percentage of population using at least basic drinking water services (percent),2016,%,67
Mauritania,Value,Percentage of population using at least basic drinking water services (percent),2017,%,69
Mauritania,Value,Percentage of population using at least basic drinking water services (percent),2018,%,71
Mauritania,Value,Percentage of population using at least basic drinking water services (percent),2019,%,72
Mauritania,Value,Percentage of population using at least basic drinking water services (percent),2020,%,74
Mauritania,Value,Percentage of population using at least basic drinking water services (percent),2021,%,76
Mauritania,Value,Percentage of population using at least basic drinking water services (percent),2022,%,78
Mauritania,Value,Percentage of population using at least basic sanitation services (percent),2001,%,19
Mauritania,Value,Percentage of population using at least basic sanitation services (percent),2002,%,20
Mauritania,Value,Percentage of population using at least basic sanitation services (percent),2003,%,22
Mauritania,Value,Percentage of population using at least basic sanitation services (percent),2004,%,23
Mauritania,Value,Percentage of population using at least basic sanitation services (percent),2005,%,24
Mauritania,Value,Percentage of population using at least basic sanitation services (percent),2006,%,26
Mauritania,Value,Percentage of population using at least basic sanitation services (percent),2007,%,27
Mauritania,Value,Percentage of population using at least basic sanitation services (percent),2008,%,29
Mauritania,Value,Percentage of population using at least basic sanitation services (percent),2009,%,31
Mauritania,Value,Percentage of population using at least basic sanitation services (percent),2010,%,32
Mauritania,Value,Percentage of population using at least basic sanitation services (percent),2011,%,34
Mauritania,Value,Percentage of population using at least basic sanitation services (percent),2012,%,36
Mauritania,Value,Percentage of population using at least basic sanitation services (percent),2013,%,38
Mauritania,Value,Percentage of population using at least basic sanitation services (percent),2014,%,40
Mauritania,Value,Percentage of population using at least basic sanitation services (percent),2015,%,42
Mauritania,Value,Percentage of population using at least basic sanitation services (percent),2016,%,44
Mauritania,Value,Percentage of population using at least basic sanitation services (percent),2017,%,46
Mauritania,Value,Percentage of population using at least basic sanitation services (percent),2018,%,48
Mauritania,Value,Percentage of population using at least basic sanitation services (percent),2019,%,50
Mauritania,Value,Percentage of population using at least basic sanitation services (percent),2020,%,52
Mauritania,Value,Percentage of population using at least basic sanitation services (percent),2021,%,54
Mauritania,Value,Percentage of population using at least basic sanitation services (percent),2022,%,56
Mauritania,Value,Percentage of children under 5 years affected by wasting (percent),2007,%,13.6
Mauritania,Value,Percentage of children under 5 years affected by wasting (percent),2008,%,8.1
Mauritania,Value,Percentage of children under 5 years affected by wasting (percent),2011,%,13.9
Mauritania,Value,Percentage of children under 5 years affected by wasting (percent),2012,%,11.7
Mauritania,Value,Percentage of children under 5 years affected by wasting (percent),2015,%,14.8
Mauritania,Value,Percentage of children under 5 years affected by wasting (percent),2018,%,11.5
Mauritania,Value,Percentage of children under 5 years affected by wasting (percent),2019,%,11.1
Mauritania,Value,Percentage of children under 5 years affected by wasting (percent),2020,%,6.4
Mauritania,Value,Percentage of children under 5 years affected by wasting (percent),2021,%,10.1
Mauritania,Value,Percentage of children under 5 years affected by wasting (percent),2022,%,13.6
Mauritania,Value,Number of children under 5 years affected by wasting (million),2007,million No,<0.1
Mauritania,Value,Number of children under 5 years affected by wasting (million),2008,million No,<0.1
Mauritania,Value,Number of children under 5 years affected by wasting (million),2011,million No,<0.1
Mauritania,Value,Number of children under 5 years affected by wasting (million),2012,million No,<0.1
Mauritania,Value,Number of children under 5 years affected by wasting (million),2015,million No,0.1
Mauritania,Value,Number of children under 5 years affected by wasting (million),2018,million No,<0.1
Mauritania,Value,Number of children under 5 years affected by wasting (million),2019,million No,<0.1
Mauritania,Value,Number of children under 5 years affected by wasting (million),2020,million No,<0.1
Mauritania,Value,Number of children under 5 years affected by wasting (million),2021,million No,<0.1
Mauritania,Value,Number of children under 5 years affected by wasting (million),2022,million No,0.1
Mauritania,Value,Percentage of children under 5 years of age who are stunted (modelled estimates) (percent),2001,%,37.8
Mauritania,Value,Percentage of children under 5 years of age who are stunted (modelled estimates) (percent),2002,%,36.5
Mauritania,Value,Percentage of children under 5 years of age who are stunted (modelled estimates) (percent),2003,%,35.1
Mauritania,Value,Percentage of children under 5 years of age who are stunted (modelled estimates) (percent),2004,%,33.7
Mauritania,Value,Percentage of children under 5 years of age who are stunted (modelled estimates) (percent),2005,%,32.4
Mauritania,Value,Percentage of children under 5 years of age who are stunted (modelled estimates) (percent),2006,%,31
Mauritania,Value,Percentage of children under 5 years of age who are stunted (modelled estimates) (percent),2007,%,29.7
Mauritania,Value,Percentage of children under 5 years of age who are stunted (modelled estimates) (percent),2008,%,28.6
Mauritania,Value,Percentage of children under 5 years of age who are stunted (modelled estimates) (percent),2009,%,27.5
Mauritania,Value,Percentage of children under 5 years of age who are stunted (modelled estimates) (percent),2010,%,26.6
Mauritania,Value,Percentage of children under 5 years of age who are stunted (modelled estimates) (percent),2011,%,25.8
Mauritania,Value,Percentage of children under 5 years of age who are stunted (modelled estimates) (percent),2012,%,25.2
Mauritania,Value,Percentage of children under 5 years of age who are stunted (modelled estimates) (percent),2013,%,24.7
Mauritania,Value,Percentage of children under 5 years of age who are stunted (modelled estimates) (percent),2014,%,24.4
Mauritania,Value,Percentage of children under 5 years of age who are stunted (modelled estimates) (percent),2015,%,24
Mauritania,Value,Percentage of children under 5 years of age who are stunted (modelled estimates) (percent),2016,%,23.7
Mauritania,Value,Percentage of children under 5 years of age who are stunted (modelled estimates) (percent),2017,%,23.3
Mauritania,Value,Percentage of children under 5 years of age who are stunted (modelled estimates) (percent),2018,%,22.9
Mauritania,Value,Percentage of children under 5 years of age who are stunted (modelled estimates) (percent),2019,%,22.4
Mauritania,Value,Percentage of children under 5 years of age who are stunted (modelled estimates) (percent),2020,%,22
Mauritania,Value,Percentage of children under 5 years of age who are stunted (modelled estimates) (percent),2021,%,21.7
Mauritania,Value,Percentage of children under 5 years of age who are stunted (modelled estimates) (percent),2022,%,21.6
Mauritania,Value,Percentage of children under 5 years of age who are stunted (modelled estimates) (percent),2023,%,21.6
Mauritania,Value,Number of children under 5 years of age who are stunted (modeled estimates) (million),2001,million No,0.2
Mauritania,Value,Number of children under 5 years of age who are stunted (modeled estimates) (million),2002,million No,0.2
Mauritania,Value,Number of children under 5 years of age who are stunted (modeled estimates) (million),2003,million No,0.2
Mauritania,Value,Number of children under 5 years of age who are stunted (modeled estimates) (million),2004,million No,0.2
Mauritania,Value,Number of children under 5 years of age who are stunted (modeled estimates) (million),2005,million No,0.2
Mauritania,Value,Number of children under 5 years of age who are stunted (modeled estimates) (million),2006,million No,0.2
Mauritania,Value,Number of children under 5 years of age who are stunted (modeled estimates) (million),2007,million No,0.2
Mauritania,Value,Number of children under 5 years of age who are stunted (modeled estimates) (million),2008,million No,0.2
Mauritania,Value,Number of children under 5 years of age who are stunted (modeled estimates) (million),2009,million No,0.2
Mauritania,Value,Number of children under 5 years of age who are stunted (modeled estimates) (million),2010,million No,0.2
Mauritania,Value,Number of children under 5 years of age who are stunted (modeled estimates) (million),2011,million No,0.2
Mauritania,Value,Number of children under 5 years of age who are stunted (modeled estimates) (million),2012,million No,0.2
Mauritania,Value,Number of children under 5 years of age who are stunted (modeled estimates) (million),2013,million No,0.2
Mauritania,Value,Number of children under 5 years of age who are stunted (modeled estimates) (million),2014,million No,0.2
Mauritania,Value,Number of children under 5 years of age who are stunted (modeled estimates) (million),2015,million No,0.2
Mauritania,Value,Number of children under 5 years of age who are stunted (modeled estimates) (million),2016,million No,0.2
Mauritania,Value,Number of children under 5 years of age who are stunted (modeled estimates) (million),2017,million No,0.2
Mauritania,Value,Number of children under 5 years of age who are stunted (modeled estimates) (million),2018,million No,0.2
Mauritania,Value,Number of children under 5 years of age who are stunted (modeled estimates) (million),2019,million No,0.2
Mauritania,Value,Number of children under 5 years of age who are stunted (modeled estimates) (million),2020,million No,0.2
Mauritania,Value,Number of children under 5 years of age who are stunted (modeled estimates) (million),2021,million No,0.2
Mauritania,Value,Number of children under 5 years of age who are stunted (modeled estimates) (million),2022,million No,0.2
Mauritania,Value,Number of children under 5 years of age who are stunted (modeled estimates) (million),2023,million No,0.2
Mauritania,Value,Percentage of children under 5 years of age who are overweight (modelled estimates) (percent),2001,%,3.1
Mauritania,Value,Percentage of children under 5 years of age who are overweight (modelled estimates) (percent),2002,%,3
Mauritania,Value,Percentage of children under 5 years of age who are overweight (modelled estimates) (percent),2003,%,2.8
Mauritania,Value,Percentage of children under 5 years of age who are overweight (modelled estimates) (percent),2004,%,2.6
Mauritania,Value,Percentage of children under 5 years of age who are overweight (modelled estimates) (percent),2005,%,2.4
Mauritania,Value,Percentage of children under 5 years of age who are overweight (modelled estimates) (percent),2006,%,2.3
Mauritania,Value,Percentage of children under 5 years of age who are overweight (modelled estimates) (percent),2007,%,2.1
Mauritania,Value,Percentage of children under 5 years of age who are overweight (modelled estimates) (percent),2008,%,2
Mauritania,Value,Percentage of children under 5 years of age who are overweight (modelled estimates) (percent),2009,%,1.8
Mauritania,Value,Percentage of children under 5 years of age who are overweight (modelled estimates) (percent),2010,%,1.7
Mauritania,Value,Percentage of children under 5 years of age who are overweight (modelled estimates) (percent),2011,%,1.6
Mauritania,Value,Percentage of children under 5 years of age who are overweight (modelled estimates) (percent),2012,%,1.5
Mauritania,Value,Percentage of children under 5 years of age who are overweight (modelled estimates) (percent),2013,%,1.4
Mauritania,Value,Percentage of children under 5 years of age who are overweight (modelled estimates) (percent),2014,%,1.4
Mauritania,Value,Percentage of children under 5 years of age who are overweight (modelled estimates) (percent),2015,%,1.3
Mauritania,Value,Percentage of children under 5 years of age who are overweight (modelled estimates) (percent),2016,%,1.3
Mauritania,Value,Percentage of children under 5 years of age who are overweight (modelled estimates) (percent),2017,%,1.3
Mauritania,Value,Percentage of children under 5 years of age who are overweight (modelled estimates) (percent),2018,%,1.2
Mauritania,Value,Percentage of children under 5 years of age who are overweight (modelled estimates) (percent),2019,%,1.3
Mauritania,Value,Percentage of children under 5 years of age who are overweight (modelled estimates) (percent),2020,%,1.3
Mauritania,Value,Percentage of children under 5 years of age who are overweight (modelled estimates) (percent),2021,%,1.3
Mauritania,Value,Percentage of children under 5 years of age who are overweight (modelled estimates) (percent),2022,%,1.4
Mauritania,Value,Percentage of children under 5 years of age who are overweight (modelled estimates) (percent),2023,%,1.5
Mauritania,Value,Number of children under 5 years of age who are overweight (modeled estimates) (million),2001,million No,<0.1
Mauritania,Value,Number of children under 5 years of age who are overweight (modeled estimates) (million),2002,million No,<0.1
Mauritania,Value,Number of children under 5 years of age who are overweight (modeled estimates) (million),2003,million No,<0.1
Mauritania,Value,Number of children under 5 years of age who are overweight (modeled estimates) (million),2004,million No,<0.1
Mauritania,Value,Number of children under 5 years of age who are overweight (modeled estimates) (million),2005,million No,<0.1
Mauritania,Value,Number of children under 5 years of age who are overweight (modeled estimates) (million),2006,million No,<0.1
Mauritania,Value,Number of children under 5 years of age who are overweight (modeled estimates) (million),2007,million No,<0.1
Mauritania,Value,Number of children under 5 years of age who are overweight (modeled estimates) (million),2008,million No,<0.1
Mauritania,Value,Number of children under 5 years of age who are overweight (modeled estimates) (million),2009,million No,<0.1
Mauritania,Value,Number of children under 5 years of age who are overweight (modeled estimates) (million),2010,million No,<0.1
Mauritania,Value,Number of children under 5 years of age who are overweight (modeled estimates) (million),2011,million No,<0.1
Mauritania,Value,Number of children under 5 years of age who are overweight (modeled estimates) (million),2012,million No,<0.1
Mauritania,Value,Number of children under 5 years of age who are overweight (modeled estimates) (million),2013,million No,<0.1
Mauritania,Value,Number of children under 5 years of age who are overweight (modeled estimates) (million),2014,million No,<0.1
Mauritania,Value,Number of children under 5 years of age who are overweight (modeled estimates) (million),2015,million No,<0.1
Mauritania,Value,Number of children under 5 years of age who are overweight (modeled estimates) (million),2016,million No,<0.1
Mauritania,Value,Number of children under 5 years of age who are overweight (modeled estimates) (million),2017,million No,<0.1
Mauritania,Value,Number of children under 5 years of age who are overweight (modeled estimates) (million),2018,million No,<0.1
Mauritania,Value,Number of children under 5 years of age who are overweight (modeled estimates) (million),2019,million No,<0.1
Mauritania,Value,Number of children under 5 years of age who are overweight (modeled estimates) (million),2020,million No,<0.1
Mauritania,Value,Number of children under 5 years of age who are overweight (modeled estimates) (million),2021,million No,<0.1
Mauritania,Value,Number of children under 5 years of age who are overweight (modeled estimates) (million),2022,million No,<0.1
Mauritania,Value,Number of children under 5 years of age who are overweight (modeled estimates) (million),2023,million No,<0.1
Mauritania,Value,Prevalence of obesity in the adult population (18 years and older) (percent),2001,%,9.7
Mauritania,Value,Prevalence of obesity in the adult population (18 years and older) (percent),2002,%,10.4
Mauritania,Value,Prevalence of obesity in the adult population (18 years and older) (percent),2003,%,11
Mauritania,Value,Prevalence of obesity in the adult population (18 years and older) (percent),2004,%,11.6
Mauritania,Value,Prevalence of obesity in the adult population (18 years and older) (percent),2005,%,12.3
Mauritania,Value,Prevalence of obesity in the adult population (18 years and older) (percent),2006,%,12.9
Mauritania,Value,Prevalence of obesity in the adult population (18 years and older) (percent),2007,%,13.5
Mauritania,Value,Prevalence of obesity in the adult population (18 years and older) (percent),2008,%,14.1
Mauritania,Value,Prevalence of obesity in the adult population (18 years and older) (percent),2009,%,14.6
Mauritania,Value,Prevalence of obesity in the adult population (18 years and older) (percent),2010,%,15.2
Mauritania,Value,Prevalence of obesity in the adult population (18 years and older) (percent),2011,%,15.7
Mauritania,Value,Prevalence of obesity in the adult population (18 years and older) (percent),2012,%,16.2
Mauritania,Value,Prevalence of obesity in the adult population (18 years and older) (percent),2013,%,16.7
Mauritania,Value,Prevalence of obesity in the adult population (18 years and older) (percent),2014,%,17.3
Mauritania,Value,Prevalence of obesity in the adult population (18 years and older) (percent),2015,%,17.9
Mauritania,Value,Prevalence of obesity in the adult population (18 years and older) (percent),2016,%,18.5
Mauritania,Value,Prevalence of obesity in the adult population (18 years and older) (percent),2017,%,19.1
Mauritania,Value,Prevalence of obesity in the adult population (18 years and older) (percent),2018,%,19.8
Mauritania,Value,Prevalence of obesity in the adult population (18 years and older) (percent),2019,%,20.5
Mauritania,Value,Prevalence of obesity in the adult population (18 years and older) (percent),2020,%,21.2
Mauritania,Value,Prevalence of obesity in the adult population (18 years and older) (percent),2021,%,21.9
Mauritania,Value,Prevalence of obesity in the adult population (18 years and older) (percent),2022,%,22.7
Mauritania,Value,Number of obese adults (18 years and older) (million),2001,million No,0.1
Mauritania,Value,Number of obese adults (18 years and older) (million),2002,million No,0.1
Mauritania,Value,Number of obese adults (18 years and older) (million),2003,million No,0.2
Mauritania,Value,Number of obese adults (18 years and older) (million),2004,million No,0.2
Mauritania,Value,Number of obese adults (18 years and older) (million),2005,million No,0.2
Mauritania,Value,Number of obese adults (18 years and older) (million),2006,million No,0.2
Mauritania,Value,Number of obese adults (18 years and older) (million),2007,million No,0.2
Mauritania,Value,Number of obese adults (18 years and older) (million),2008,million No,0.2
Mauritania,Value,Number of obese adults (18 years and older) (million),2009,million No,0.2
Mauritania,Value,Number of obese adults (18 years and older) (million),2010,million No,0.3
Mauritania,Value,Number of obese adults (18 years and older) (million),2011,million No,0.3
Mauritania,Value,Number of obese adults (18 years and older) (million),2012,million No,0.3
Mauritania,Value,Number of obese adults (18 years and older) (million),2013,million No,0.3
Mauritania,Value,Number of obese adults (18 years and older) (million),2014,million No,0.3
Mauritania,Value,Number of obese adults (18 years and older) (million),2015,million No,0.4
Mauritania,Value,Number of obese adults (18 years and older) (million),2016,million No,0.4
Mauritania,Value,Number of obese adults (18 years and older) (million),2017,million No,0.4
Mauritania,Value,Number of obese adults (18 years and older) (million),2018,million No,0.4
Mauritania,Value,Number of obese adults (18 years and older) (million),2019,million No,0.5
Mauritania,Value,Number of obese adults (18 years and older) (million),2020,million No,0.5
Mauritania,Value,Number of obese adults (18 years and older) (million),2021,million No,0.5
Mauritania,Value,Number of obese adults (18 years and older) (million),2022,million No,0.6
Mauritania,Value,Prevalence of anemia among women of reproductive age (15-49 years) (percent),2001,%,56.9
Mauritania,Value,Prevalence of anemia among women of reproductive age (15-49 years) (percent),2002,%,56.5
Mauritania,Value,Prevalence of anemia among women of reproductive age (15-49 years) (percent),2003,%,56.1
Mauritania,Value,Prevalence of anemia among women of reproductive age (15-49 years) (percent),2004,%,55.8
Mauritania,Value,Prevalence of anemia among women of reproductive age (15-49 years) (percent),2005,%,55.5
Mauritania,Value,Prevalence of anemia among women of reproductive age (15-49 years) (percent),2006,%,55.1
Mauritania,Value,Prevalence of anemia among women of reproductive age (15-49 years) (percent),2007,%,54.6
Mauritania,Value,Prevalence of anemia among women of reproductive age (15-49 years) (percent),2008,%,54.2
Mauritania,Value,Prevalence of anemia among women of reproductive age (15-49 years) (percent),2009,%,53.7
Mauritania,Value,Prevalence of anemia among women of reproductive age (15-49 years) (percent),2010,%,53.3
Mauritania,Value,Prevalence of anemia among women of reproductive age (15-49 years) (percent),2011,%,52.9
Mauritania,Value,Prevalence of anemia among women of reproductive age (15-49 years) (percent),2012,%,52.5
Mauritania,Value,Prevalence of anemia among women of reproductive age (15-49 years) (percent),2013,%,52.3
Mauritania,Value,Prevalence of anemia among women of reproductive age (15-49 years) (percent),2014,%,52.2
Mauritania,Value,Prevalence of anemia among women of reproductive age (15-49 years) (percent),2015,%,52.2
Mauritania,Value,Prevalence of anemia among women of reproductive age (15-49 years) (percent),2016,%,52.3
Mauritania,Value,Prevalence of anemia among women of reproductive age (15-49 years) (percent),2017,%,52.4
Mauritania,Value,Prevalence of anemia among women of reproductive age (15-49 years) (percent),2018,%,52.6
Mauritania,Value,Prevalence of anemia among women of reproductive age (15-49 years) (percent),2019,%,52.8
Mauritania,Value,Prevalence of anemia among women of reproductive age (15-49 years) (percent),2020,%,53.1
Mauritania,Value,Prevalence of anemia among women of reproductive age (15-49 years) (percent),2021,%,53.4
Mauritania,Value,Prevalence of anemia among women of reproductive age (15-49 years) (percent),2022,%,53.9
Mauritania,Value,Prevalence of anemia among women of reproductive age (15-49 years) (percent),2023,%,54.5
Mauritania,Value,Number of women of reproductive age (15-49 years) affected by anemia (million),2001,million No,0.4
Mauritania,Value,Number of women of reproductive age (15-49 years) affected by anemia (million),2002,million No,0.4
Mauritania,Value,Number of women of reproductive age (15-49 years) affected by anemia (million),2003,million No,0.4
Mauritania,Value,Number of women of reproductive age (15-49 years) affected by anemia (million),2004,million No,0.4
Mauritania,Value,Number of women of reproductive age (15-49 years) affected by anemia (million),2005,million No,0.4
Mauritania,Value,Number of women of reproductive age (15-49 years) affected by anemia (million),2006,million No,0.4
Mauritania,Value,Number of women of reproductive age (15-49 years) affected by anemia (million),2007,million No,0.4
Mauritania,Value,Number of women of reproductive age (15-49 years) affected by anemia (million),2008,million No,0.4
Mauritania,Value,Number of women of reproductive age (15-49 years) affected by anemia (million),2009,million No,0.4
Mauritania,Value,Number of women of reproductive age (15-49 years) affected by anemia (million),2010,million No,0.4
Mauritania,Value,Number of women of reproductive age (15-49 years) affected by anemia (million),2011,million No,0.4
Mauritania,Value,Number of women of reproductive age (15-49 years) affected by anemia (million),2012,million No,0.5
Mauritania,Value,Number of women of reproductive age (15-49 years) affected by anemia (million),2013,million No,0.5
Mauritania,Value,Number of women of reproductive age (15-49 years) affected by anemia (million),2014,million No,0.5
Mauritania,Value,Number of women of reproductive age (15-49 years) affected by anemia (million),2015,million No,0.5
Mauritania,Value,Number of women of reproductive age (15-49 years) affected by anemia (million),2016,million No,0.5
Mauritania,Value,Number of women of reproductive age (15-49 years) affected by anemia (million),2017,million No,0.5
Mauritania,Value,Number of women of reproductive age (15-49 years) affected by anemia (million),2018,million No,0.5
Mauritania,Value,Number of women of reproductive age (15-49 years) affected by anemia (million),2019,million No,0.6
Mauritania,Value,Number of women of reproductive age (15-49 years) affected by anemia (million),2020,million No,0.6
Mauritania,Value,Number of women of reproductive age (15-49 years) affected by anemia (million),2021,million No,0.6
Mauritania,Value,Number of women of reproductive age (15-49 years) affected by anemia (million),2022,million No,0.6
Mauritania,Value,Number of women of reproductive age (15-49 years) affected by anemia (million),2023,million No,0.7
Mauritania,Value,Prevalence of exclusive breastfeeding among infants 0-5 months of age (percent),2007,%,11.2
Mauritania,Value,Prevalence of exclusive breastfeeding among infants 0-5 months of age (percent),2011,%,26.7
Mauritania,Value,Prevalence of exclusive breastfeeding among infants 0-5 months of age (percent),2015,%,41.1
Mauritania,Value,Prevalence of exclusive breastfeeding among infants 0-5 months of age (percent),2018,%,40.3
Mauritania,Value,Prevalence of exclusive breastfeeding among infants 0-5 months of age (percent),2020,%,40.9
Mauritania,Value,Minimum dietary energy requirement (kcal/cap/day),2001,kcal/cap/d,1709
Mauritania,Value,Minimum dietary energy requirement (kcal/cap/day),2002,kcal/cap/d,1710
Mauritania,Value,Minimum dietary energy requirement (kcal/cap/day),2003,kcal/cap/d,1711
Mauritania,Value,Minimum dietary energy requirement (kcal/cap/day),2004,kcal/cap/d,1712
Mauritania,Value,Minimum dietary energy requirement (kcal/cap/day),2005,kcal/cap/d,1711
Mauritania,Value,Minimum dietary energy requirement (kcal/cap/day),2006,kcal/cap/d,1710
Mauritania,Value,Minimum dietary energy requirement (kcal/cap/day),2007,kcal/cap/d,1709
Mauritania,Value,Minimum dietary energy requirement (kcal/cap/day),2008,kcal/cap/d,1708
Mauritania,Value,Minimum dietary energy requirement (kcal/cap/day),2009,kcal/cap/d,1707
Mauritania,Value,Minimum dietary energy requirement (kcal/cap/day),2010,kcal/cap/d,1705
Mauritania,Value,Minimum dietary energy requirement (kcal/cap/day),2011,kcal/cap/d,1702
Mauritania,Value,Minimum dietary energy requirement (kcal/cap/day),2012,kcal/cap/d,1701
Mauritania,Value,Minimum dietary energy requirement (kcal/cap/day),2013,kcal/cap/d,1703
Mauritania,Value,Minimum dietary energy requirement (kcal/cap/day),2014,kcal/cap/d,1706
Mauritania,Value,Minimum dietary energy requirement (kcal/cap/day),2015,kcal/cap/d,1709
Mauritania,Value,Minimum dietary energy requirement (kcal/cap/day),2016,kcal/cap/d,1713
Mauritania,Value,Minimum dietary energy requirement (kcal/cap/day),2017,kcal/cap/d,1717
Mauritania,Value,Minimum dietary energy requirement (kcal/cap/day),2018,kcal/cap/d,1721
Mauritania,Value,Minimum dietary energy requirement (kcal/cap/day),2019,kcal/cap/d,1725
Mauritania,Value,Minimum dietary energy requirement (kcal/cap/day),2020,kcal/cap/d,1730
Mauritania,Value,Minimum dietary energy requirement (kcal/cap/day),2021,kcal/cap/d,1735
Mauritania,Value,Minimum dietary energy requirement (kcal/cap/day),2022,kcal/cap/d,1738
Mauritania,Value,Minimum dietary energy requirement (kcal/cap/day),2023,kcal/cap/d,1742
Mauritania,Value,Average dietary energy requirement (kcal/cap/day),2001,kcal/cap/d,2197
Mauritania,Value,Average dietary energy requirement (kcal/cap/day),2002,kcal/cap/d,2199
Mauritania,Value,Average dietary energy requirement (kcal/cap/day),2003,kcal/cap/d,2200
Mauritania,Value,Average dietary energy requirement (kcal/cap/day),2004,kcal/cap/d,2202
Mauritania,Value,Average dietary energy requirement (kcal/cap/day),2005,kcal/cap/d,2201
Mauritania,Value,Average dietary energy requirement (kcal/cap/day),2006,kcal/cap/d,2200
Mauritania,Value,Average dietary energy requirement (kcal/cap/day),2007,kcal/cap/d,2199
Mauritania,Value,Average dietary energy requirement (kcal/cap/day),2008,kcal/cap/d,2198
Mauritania,Value,Average dietary energy requirement (kcal/cap/day),2009,kcal/cap/d,2195
Mauritania,Value,Average dietary energy requirement (kcal/cap/day),2010,kcal/cap/d,2192
Mauritania,Value,Average dietary energy requirement (kcal/cap/day),2011,kcal/cap/d,2187
Mauritania,Value,Average dietary energy requirement (kcal/cap/day),2012,kcal/cap/d,2186
Mauritania,Value,Average dietary energy requirement (kcal/cap/day),2013,kcal/cap/d,2188
Mauritania,Value,Average dietary energy requirement (kcal/cap/day),2014,kcal/cap/d,2191
Mauritania,Value,Average dietary energy requirement (kcal/cap/day),2015,kcal/cap/d,2196
Mauritania,Value,Average dietary energy requirement (kcal/cap/day),2016,kcal/cap/d,2201
Mauritania,Value,Average dietary energy requirement (kcal/cap/day),2017,kcal/cap/d,2206
Mauritania,Value,Average dietary energy requirement (kcal/cap/day),2018,kcal/cap/d,2212
Mauritania,Value,Average dietary energy requirement (kcal/cap/day),2019,kcal/cap/d,2218
Mauritania,Value,Average dietary energy requirement (kcal/cap/day),2020,kcal/cap/d,2225
Mauritania,Value,Average dietary energy requirement (kcal/cap/day),2021,kcal/cap/d,2233
Mauritania,Value,Average dietary energy requirement (kcal/cap/day),2022,kcal/cap/d,2237
Mauritania,Value,Average dietary energy requirement (kcal/cap/day),2023,kcal/cap/d,2242
Mauritania,Value,Coefficient of variation of habitual caloric consumption distribution (real number),2001,No,0.29
Mauritania,Value,Coefficient of variation of habitual caloric consumption distribution (real number),2002,No,0.29
Mauritania,Value,Coefficient of variation of habitual caloric consumption distribution (real number),2003,No,0.29
Mauritania,Value,Coefficient of variation of habitual caloric consumption distribution (real number),2004,No,0.29
Mauritania,Value,Coefficient of variation of habitual caloric consumption distribution (real number),2005,No,0.29
Mauritania,Value,Coefficient of variation of habitual caloric consumption distribution (real number),2006,No,0.3
Mauritania,Value,Coefficient of variation of habitual caloric consumption distribution (real number),2007,No,0.3
Mauritania,Value,Coefficient of variation of habitual caloric consumption distribution (real number),2008,No,0.3
Mauritania,Value,Coefficient of variation of habitual caloric consumption distribution (real number),2009,No,0.3
Mauritania,Value,Coefficient of variation of habitual caloric consumption distribution (real number),2010,No,0.3
Mauritania,Value,Coefficient of variation of habitual caloric consumption distribution (real number),2011,No,0.31
Mauritania,Value,Coefficient of variation of habitual caloric consumption distribution (real number),2012,No,0.31
Mauritania,Value,Coefficient of variation of habitual caloric consumption distribution (real number),2013,No,0.31
Mauritania,Value,Coefficient of variation of habitual caloric consumption distribution (real number),2014,No,0.31
Mauritania,Value,Coefficient of variation of habitual caloric consumption distribution (real number),2015,No,0.31
Mauritania,Value,Coefficient of variation of habitual caloric consumption distribution (real number),2016,No,0.31
Mauritania,Value,Coefficient of variation of habitual caloric consumption distribution (real number),2017,No,0.31
Mauritania,Value,Coefficient of variation of habitual caloric consumption distribution (real number),2018,No,0.31
Mauritania,Value,Coefficient of variation of habitual caloric consumption distribution (real number),2019,No,0.32
Mauritania,Value,Coefficient of variation of habitual caloric consumption distribution (real number),2020,No,0.33
Mauritania,Value,Coefficient of variation of habitual caloric consumption distribution (real number),2021,No,0.33
Mauritania,Value,Coefficient of variation of habitual caloric consumption distribution (real number),2022,No,0.35
Mauritania,Value,Coefficient of variation of habitual caloric consumption distribution (real number),2023,No,0.36
Mauritania,Value,Incidence of caloric losses at retail distribution level (percent),2001,%,2.93
Mauritania,Value,Incidence of caloric losses at retail distribution level (percent),2002,%,3.05
Mauritania,Value,Incidence of caloric losses at retail distribution level (percent),2003,%,2.97
Mauritania,Value,Incidence of caloric losses at retail distribution level (percent),2004,%,3.04
Mauritania,Value,Incidence of caloric losses at retail distribution level (percent),2005,%,3.01
Mauritania,Value,Incidence of caloric losses at retail distribution level (percent),2006,%,2.97
Mauritania,Value,Incidence of caloric losses at retail distribution level (percent),2007,%,3.01
Mauritania,Value,Incidence of caloric losses at retail distribution level (percent),2008,%,2.93
Mauritania,Value,Incidence of caloric losses at retail distribution level (percent),2009,%,2.94
Mauritania,Value,Incidence of caloric losses at retail distribution level (percent),2010,%,2.87
Mauritania,Value,Incidence of caloric losses at retail distribution level (percent),2011,%,2.89
Mauritania,Value,Incidence of caloric losses at retail distribution level (percent),2012,%,2.84
Mauritania,Value,Incidence of caloric losses at retail distribution level (percent),2013,%,2.88
Mauritania,Value,Incidence of caloric losses at retail distribution level (percent),2014,%,2.92
Mauritania,Value,Incidence of caloric losses at retail distribution level (percent),2015,%,2.95
Mauritania,Value,Incidence of caloric losses at retail distribution level (percent),2016,%,2.95
Mauritania,Value,Incidence of caloric losses at retail distribution level (percent),2017,%,2.89
Mauritania,Value,Incidence of caloric losses at retail distribution level (percent),2018,%,2.94
Mauritania,Value,Incidence of caloric losses at retail distribution level (percent),2019,%,2.98
Mauritania,Value,Incidence of caloric losses at retail distribution level (percent),2020,%,2.95
Mauritania,Value,Incidence of caloric losses at retail distribution level (percent),2021,%,2.97
Mauritania,Value,Incidence of caloric losses at retail distribution level (percent),2022,%,2.97
Mauritania,Value,Incidence of caloric losses at retail distribution level (percent),2023,%,2.97
Niger,Value,Dietary energy supply used in the estimation of the prevalence of undernourishment (kcal/cap/day),2001,kcal/cap/d,2270
Niger,Value,Dietary energy supply used in the estimation of the prevalence of undernourishment (kcal/cap/day),2002,kcal/cap/d,2238
Niger,Value,Dietary energy supply used in the estimation of the prevalence of undernourishment (kcal/cap/day),2003,kcal/cap/d,2326
Niger,Value,Dietary energy supply used in the estimation of the prevalence of undernourishment (kcal/cap/day),2004,kcal/cap/d,2359
Niger,Value,Dietary energy supply used in the estimation of the prevalence of undernourishment (kcal/cap/day),2005,kcal/cap/d,2392
Niger,Value,Dietary energy supply used in the estimation of the prevalence of undernourishment (kcal/cap/day),2006,kcal/cap/d,2425
Niger,Value,Dietary energy supply used in the estimation of the prevalence of undernourishment (kcal/cap/day),2007,kcal/cap/d,2457
Niger,Value,Dietary energy supply used in the estimation of the prevalence of undernourishment (kcal/cap/day),2008,kcal/cap/d,2490
Niger,Value,Dietary energy supply used in the estimation of the prevalence of undernourishment (kcal/cap/day),2009,kcal/cap/d,2523
Niger,Value,Dietary energy supply used in the estimation of the prevalence of undernourishment (kcal/cap/day),2010,kcal/cap/d,2556
Niger,Value,Dietary energy supply used in the estimation of the prevalence of undernourishment (kcal/cap/day),2011,kcal/cap/d,2471
Niger,Value,Dietary energy supply used in the estimation of the prevalence of undernourishment (kcal/cap/day),2012,kcal/cap/d,2513
Niger,Value,Dietary energy supply used in the estimation of the prevalence of undernourishment (kcal/cap/day),2013,kcal/cap/d,2521
Niger,Value,Dietary energy supply used in the estimation of the prevalence of undernourishment (kcal/cap/day),2014,kcal/cap/d,2521
Niger,Value,Dietary energy supply used in the estimation of the prevalence of undernourishment (kcal/cap/day),2015,kcal/cap/d,2587
Niger,Value,Dietary energy supply used in the estimation of the prevalence of undernourishment (kcal/cap/day),2016,kcal/cap/d,2621
Niger,Value,Dietary energy supply used in the estimation of the prevalence of undernourishment (kcal/cap/day),2017,kcal/cap/d,2601
Niger,Value,Dietary energy supply used in the estimation of the prevalence of undernourishment (kcal/cap/day),2018,kcal/cap/d,2687
Niger,Value,Dietary energy supply used in the estimation of the prevalence of undernourishment (kcal/cap/day),2019,kcal/cap/d,2652
Niger,Value,Dietary energy supply used in the estimation of the prevalence of undernourishment (kcal/cap/day),2020,kcal/cap/d,2713
Niger,Value,Dietary energy supply used in the estimation of the prevalence of undernourishment (kcal/cap/day),2021,kcal/cap/d,2583
Niger,Value,Dietary energy supply used in the estimation of the prevalence of undernourishment (kcal/cap/day),2022,kcal/cap/d,2695
Niger,Value,Dietary energy supply used in the estimation of the prevalence of undernourishment (kcal/cap/day),2023,kcal/cap/d,2654
Niger,Value,"Gross domestic product per capita, PPP, (constant 2021 international $)",2001,Int$/cap,1233
Niger,Value,"Gross domestic product per capita, PPP, (constant 2021 international $)",2002,Int$/cap,1249
Niger,Value,"Gross domestic product per capita, PPP, (constant 2021 international $)",2003,Int$/cap,1231
Niger,Value,"Gross domestic product per capita, PPP, (constant 2021 international $)",2004,Int$/cap,1192
Niger,Value,"Gross domestic product per capita, PPP, (constant 2021 international $)",2005,Int$/cap,1234
Niger,Value,"Gross domestic product per capita, PPP, (constant 2021 international $)",2006,Int$/cap,1260
Niger,Value,"Gross domestic product per capita, PPP, (constant 2021 international $)",2007,Int$/cap,1253
Niger,Value,"Gross domestic product per capita, PPP, (constant 2021 international $)",2008,Int$/cap,1301
Niger,Value,"Gross domestic product per capita, PPP, (constant 2021 international $)",2009,Int$/cap,1278
Niger,Value,"Gross domestic product per capita, PPP, (constant 2021 international $)",2010,Int$/cap,1337
Niger,Value,"Gross domestic product per capita, PPP, (constant 2021 international $)",2011,Int$/cap,1318
Niger,Value,"Gross domestic product per capita, PPP, (constant 2021 international $)",2012,Int$/cap,1403
Niger,Value,"Gross domestic product per capita, PPP, (constant 2021 international $)",2013,Int$/cap,1423
Niger,Value,"Gross domestic product per capita, PPP, (constant 2021 international $)",2014,Int$/cap,1463
Niger,Value,"Gross domestic product per capita, PPP, (constant 2021 international $)",2015,Int$/cap,1472
Niger,Value,"Gross domestic product per capita, PPP, (constant 2021 international $)",2016,Int$/cap,1500
Niger,Value,"Gross domestic product per capita, PPP, (constant 2021 international $)",2017,Int$/cap,1520
Niger,Value,"Gross domestic product per capita, PPP, (constant 2021 international $)",2018,Int$/cap,1574
Niger,Value,"Gross domestic product per capita, PPP, (constant 2021 international $)",2019,Int$/cap,1613
Niger,Value,"Gross domestic product per capita, PPP, (constant 2021 international $)",2020,Int$/cap,1616
Niger,Value,"Gross domestic product per capita, PPP, (constant 2021 international $)",2021,Int$/cap,1586
Niger,Value,"Gross domestic product per capita, PPP, (constant 2021 international $)",2022,Int$/cap,1718
Niger,Value,"Gross domestic product per capita, PPP, (constant 2021 international $)",2023,Int$/cap,1690
Niger,Value,Political stability and absence of violence/terrorism (index),2002,,-0.13
Niger,Value,Political stability and absence of violence/terrorism (index),2003,,0.04
Niger,Value,Political stability and absence of violence/terrorism (index),2004,,-0.51
Niger,Value,Political stability and absence of violence/terrorism (index),2005,,-0.49
Niger,Value,Political stability and absence of violence/terrorism (index),2006,,-0.23
Niger,Value,Political stability and absence of violence/terrorism (index),2007,,-0.46
Niger,Value,Political stability and absence of violence/terrorism (index),2008,,-0.67
Niger,Value,Political stability and absence of violence/terrorism (index),2009,,-1.15
Niger,Value,Political stability and absence of violence/terrorism (index),2010,,-1.16
Niger,Value,Political stability and absence of violence/terrorism (index),2011,,-0.88
Niger,Value,Political stability and absence of violence/terrorism (index),2012,,-1.15
Niger,Value,Political stability and absence of violence/terrorism (index),2013,,-1.32
Niger,Value,Political stability and absence of violence/terrorism (index),2014,,-1.18
Niger,Value,Political stability and absence of violence/terrorism (index),2015,,-1.06
Niger,Value,Political stability and absence of violence/terrorism (index),2016,,-1.1
Niger,Value,Political stability and absence of violence/terrorism (index),2017,,-1.26
Niger,Value,Political stability and absence of violence/terrorism (index),2018,,-1.36
Niger,Value,Political stability and absence of violence/terrorism (index),2019,,-1.41
Niger,Value,Political stability and absence of violence/terrorism (index),2020,,-1.67
Niger,Value,Political stability and absence of violence/terrorism (index),2021,,-1.54
Niger,Value,Political stability and absence of violence/terrorism (index),2022,,-1.46
Niger,Value,Per capita food supply variability (kcal/cap/day),2001,kcal/cap/d,27
Niger,Value,Per capita food supply variability (kcal/cap/day),2002,kcal/cap/d,27
Niger,Value,Per capita food supply variability (kcal/cap/day),2003,kcal/cap/d,37
Niger,Value,Per capita food supply variability (kcal/cap/day),2004,kcal/cap/d,37
Niger,Value,Per capita food supply variability (kcal/cap/day),2005,kcal/cap/d,35
Niger,Value,Per capita food supply variability (kcal/cap/day),2006,kcal/cap/d,27
Niger,Value,Per capita food supply variability (kcal/cap/day),2007,kcal/cap/d,26
Niger,Value,Per capita food supply variability (kcal/cap/day),2008,kcal/cap/d,7
Niger,Value,Per capita food supply variability (kcal/cap/day),2009,kcal/cap/d,10
Niger,Value,Per capita food supply variability (kcal/cap/day),2010,kcal/cap/d,13
Niger,Value,Per capita food supply variability (kcal/cap/day),2011,kcal/cap/d,15
Niger,Value,Per capita food supply variability (kcal/cap/day),2012,kcal/cap/d,41
Niger,Value,Per capita food supply variability (kcal/cap/day),2013,kcal/cap/d,45
Niger,Value,Per capita food supply variability (kcal/cap/day),2014,kcal/cap/d,47
Niger,Value,Per capita food supply variability (kcal/cap/day),2015,kcal/cap/d,43
Niger,Value,Per capita food supply variability (kcal/cap/day),2016,kcal/cap/d,22
Niger,Value,Per capita food supply variability (kcal/cap/day),2017,kcal/cap/d,29
Niger,Value,Per capita food supply variability (kcal/cap/day),2018,kcal/cap/d,29
Niger,Value,Per capita food supply variability (kcal/cap/day),2019,kcal/cap/d,42
Niger,Value,Per capita food supply variability (kcal/cap/day),2020,kcal/cap/d,29
Niger,Value,Per capita food supply variability (kcal/cap/day),2021,kcal/cap/d,34
Niger,Value,Per capita food supply variability (kcal/cap/day),2022,kcal/cap/d,58
Niger,Value,Per capita food supply variability (kcal/cap/day),2023,kcal/cap/d,56
Niger,Value,Percentage of population using at least basic drinking water services (percent),2001,%,38
Niger,Value,Percentage of population using at least basic drinking water services (percent),2002,%,39
Niger,Value,Percentage of population using at least basic drinking water services (percent),2003,%,40
Niger,Value,Percentage of population using at least basic drinking water services (percent),2004,%,40
Niger,Value,Percentage of population using at least basic drinking water services (percent),2005,%,41
Niger,Value,Percentage of population using at least basic drinking water services (percent),2006,%,41
Niger,Value,Percentage of population using at least basic drinking water services (percent),2007,%,42
Niger,Value,Percentage of population using at least basic drinking water services (percent),2008,%,42
Niger,Value,Percentage of population using at least basic drinking water services (percent),2009,%,43
Niger,Value,Percentage of population using at least basic drinking water services (percent),2010,%,44
Niger,Value,Percentage of population using at least basic drinking water services (percent),2011,%,44
Niger,Value,Percentage of population using at least basic drinking water services (percent),2012,%,44
Niger,Value,Percentage of population using at least basic drinking water services (percent),2013,%,45
Niger,Value,Percentage of population using at least basic drinking water services (percent),2014,%,45
Niger,Value,Percentage of population using at least basic drinking water services (percent),2015,%,46
Niger,Value,Percentage of population using at least basic drinking water services (percent),2016,%,46
Niger,Value,Percentage of population using at least basic drinking water services (percent),2017,%,47
Niger,Value,Percentage of population using at least basic drinking water services (percent),2018,%,47
Niger,Value,Percentage of population using at least basic drinking water services (percent),2019,%,47
Niger,Value,Percentage of population using at least basic drinking water services (percent),2020,%,48
Niger,Value,Percentage of population using at least basic drinking water services (percent),2021,%,48
Niger,Value,Percentage of population using at least basic drinking water services (percent),2022,%,49
Niger,Value,Percentage of population using safely managed sanitation services (percent),2001,%,3
Niger,Value,Percentage of population using safely managed sanitation services (percent),2002,%,3
Niger,Value,Percentage of population using safely managed sanitation services (percent),2003,%,4
Niger,Value,Percentage of population using safely managed sanitation services (percent),2004,%,4
Niger,Value,Percentage of population using safely managed sanitation services (percent),2005,%,4
Niger,Value,Percentage of population using safely managed sanitation services (percent),2006,%,4
Niger,Value,Percentage of population using safely managed sanitation services (percent),2007,%,5
Niger,Value,Percentage of population using safely managed sanitation services (percent),2008,%,5
Niger,Value,Percentage of population using safely managed sanitation services (percent),2009,%,5
Niger,Value,Percentage of population using safely managed sanitation services (percent),2010,%,5
Niger,Value,Percentage of population using safely managed sanitation services (percent),2011,%,6
Niger,Value,Percentage of population using safely managed sanitation services (percent),2012,%,6
Niger,Value,Percentage of population using safely managed sanitation services (percent),2013,%,6
Niger,Value,Percentage of population using safely managed sanitation services (percent),2014,%,6
Niger,Value,Percentage of population using safely managed sanitation services (percent),2015,%,6
Niger,Value,Percentage of population using safely managed sanitation services (percent),2016,%,7
Niger,Value,Percentage of population using safely managed sanitation services (percent),2017,%,7
Niger,Value,Percentage of population using safely managed sanitation services (percent),2018,%,7
Niger,Value,Percentage of population using safely managed sanitation services (percent),2019,%,7
Niger,Value,Percentage of population using safely managed sanitation services (percent),2020,%,8
Niger,Value,Percentage of population using safely managed sanitation services (percent),2021,%,8
Niger,Value,Percentage of population using safely managed sanitation services (percent),2022,%,8
Niger,Value,Percentage of population using at least basic sanitation services (percent),2001,%,6
Niger,Value,Percentage of population using at least basic sanitation services (percent),2002,%,6
Niger,Value,Percentage of population using at least basic sanitation services (percent),2003,%,7
Niger,Value,Percentage of population using at least basic sanitation services (percent),2004,%,8
Niger,Value,Percentage of population using at least basic sanitation services (percent),2005,%,8
Niger,Value,Percentage of population using at least basic sanitation services (percent),2006,%,8
Niger,Value,Percentage of population using at least basic sanitation services (percent),2007,%,9
Niger,Value,Percentage of population using at least basic sanitation services (percent),2008,%,10
Niger,Value,Percentage of population using at least basic sanitation services (percent),2009,%,10
Niger,Value,Percentage of population using at least basic sanitation services (percent),2010,%,10
Niger,Value,Percentage of population using at least basic sanitation services (percent),2011,%,11
Niger,Value,Percentage of population using at least basic sanitation services (percent),2012,%,11
Niger,Value,Percentage of population using at least basic sanitation services (percent),2013,%,12
Niger,Value,Percentage of population using at least basic sanitation services (percent),2014,%,12
Niger,Value,Percentage of population using at least basic sanitation services (percent),2015,%,13
Niger,Value,Percentage of population using at least basic sanitation services (percent),2016,%,13
Niger,Value,Percentage of population using at least basic sanitation services (percent),2017,%,14
Niger,Value,Percentage of population using at least basic sanitation services (percent),2018,%,14
Niger,Value,Percentage of population using at least basic sanitation services (percent),2019,%,15
Niger,Value,Percentage of population using at least basic sanitation services (percent),2020,%,15
Niger,Value,Percentage of population using at least basic sanitation services (percent),2021,%,16
Niger,Value,Percentage of population using at least basic sanitation services (percent),2022,%,16
Niger,Value,Percentage of children under 5 years affected by wasting (percent),2006,%,11.6
Niger,Value,Percentage of children under 5 years affected by wasting (percent),2007,%,12.5
Niger,Value,Percentage of children under 5 years affected by wasting (percent),2008,%,13.8
Niger,Value,Percentage of children under 5 years affected by wasting (percent),2009,%,12.5
Niger,Value,Percentage of children under 5 years affected by wasting (percent),2010,%,15.8
Niger,Value,Percentage of children under 5 years affected by wasting (percent),2011,%,12.4
Niger,Value,Percentage of children under 5 years affected by wasting (percent),2012,%,13.4
Niger,Value,Percentage of children under 5 years affected by wasting (percent),2013,%,12.4
Niger,Value,Percentage of children under 5 years affected by wasting (percent),2014,%,14.2
Niger,Value,Percentage of children under 5 years affected by wasting (percent),2015,%,13.6
Niger,Value,Percentage of children under 5 years affected by wasting (percent),2016,%,10.4
Niger,Value,Percentage of children under 5 years affected by wasting (percent),2018,%,14.1
Niger,Value,Percentage of children under 5 years affected by wasting (percent),2019,%,9.8
Niger,Value,Percentage of children under 5 years affected by wasting (percent),2020,%,12
Niger,Value,Percentage of children under 5 years affected by wasting (percent),2021,%,11.5
Niger,Value,Percentage of children under 5 years affected by wasting (percent),2022,%,10.9
Niger,Value,Number of children under 5 years affected by wasting (million),2006,million No,0.3
Niger,Value,Number of children under 5 years affected by wasting (million),2007,million No,0.4
Niger,Value,Number of children under 5 years affected by wasting (million),2008,million No,0.4
Niger,Value,Number of children under 5 years affected by wasting (million),2009,million No,0.4
Niger,Value,Number of children under 5 years affected by wasting (million),2010,million No,0.5
Niger,Value,Number of children under 5 years affected by wasting (million),2011,million No,0.4
Niger,Value,Number of children under 5 years affected by wasting (million),2012,million No,0.5
Niger,Value,Number of children under 5 years affected by wasting (million),2013,million No,0.5
Niger,Value,Number of children under 5 years affected by wasting (million),2014,million No,0.5
Niger,Value,Number of children under 5 years affected by wasting (million),2015,million No,0.5
Niger,Value,Number of children under 5 years affected by wasting (million),2016,million No,0.4
Niger,Value,Number of children under 5 years affected by wasting (million),2018,million No,0.6
Niger,Value,Number of children under 5 years affected by wasting (million),2019,million No,0.4
Niger,Value,Number of children under 5 years affected by wasting (million),2020,million No,0.5
Niger,Value,Number of children under 5 years affected by wasting (million),2021,million No,0.5
Niger,Value,Number of children under 5 years affected by wasting (million),2022,million No,0.5
Niger,Value,Percentage of children under 5 years of age who are stunted (modelled estimates) (percent),2001,%,51.9
Niger,Value,Percentage of children under 5 years of age who are stunted (modelled estimates) (percent),2002,%,51.5
Niger,Value,Percentage of children under 5 years of age who are stunted (modelled estimates) (percent),2003,%,51
Niger,Value,Percentage of children under 5 years of age who are stunted (modelled estimates) (percent),2004,%,50.4
Niger,Value,Percentage of children under 5 years of age who are stunted (modelled estimates) (percent),2005,%,49.8
Niger,Value,Percentage of children under 5 years of age who are stunted (modelled estimates) (percent),2006,%,49.1
Niger,Value,Percentage of children under 5 years of age who are stunted (modelled estimates) (percent),2007,%,48.3
Niger,Value,Percentage of children under 5 years of age who are stunted (modelled estimates) (percent),2008,%,47.5
Niger,Value,Percentage of children under 5 years of age who are stunted (modelled estimates) (percent),2009,%,46.7
Niger,Value,Percentage of children under 5 years of age who are stunted (modelled estimates) (percent),2010,%,46
Niger,Value,Percentage of children under 5 years of age who are stunted (modelled estimates) (percent),2011,%,45.4
Niger,Value,Percentage of children under 5 years of age who are stunted (modelled estimates) (percent),2012,%,45
Niger,Value,Percentage of children under 5 years of age who are stunted (modelled estimates) (percent),2013,%,44.8
Niger,Value,Percentage of children under 5 years of age who are stunted (modelled estimates) (percent),2014,%,44.7
Niger,Value,Percentage of children under 5 years of age who are stunted (modelled estimates) (percent),2015,%,44.7
Niger,Value,Percentage of children under 5 years of age who are stunted (modelled estimates) (percent),2016,%,44.7
Niger,Value,Percentage of children under 5 years of age who are stunted (modelled estimates) (percent),2017,%,44.7
Niger,Value,Percentage of children under 5 years of age who are stunted (modelled estimates) (percent),2018,%,44.7
Niger,Value,Percentage of children under 5 years of age who are stunted (modelled estimates) (percent),2019,%,44.8
Niger,Value,Percentage of children under 5 years of age who are stunted (modelled estimates) (percent),2020,%,45.1
Niger,Value,Percentage of children under 5 years of age who are stunted (modelled estimates) (percent),2021,%,45.6
Niger,Value,Percentage of children under 5 years of age who are stunted (modelled estimates) (percent),2022,%,46.5
Niger,Value,Percentage of children under 5 years of age who are stunted (modelled estimates) (percent),2023,%,47.4
Niger,Value,Number of children under 5 years of age who are stunted (modeled estimates) (million),2001,million No,1.3
Niger,Value,Number of children under 5 years of age who are stunted (modeled estimates) (million),2002,million No,1.3
Niger,Value,Number of children under 5 years of age who are stunted (modeled estimates) (million),2003,million No,1.3
Niger,Value,Number of children under 5 years of age who are stunted (modeled estimates) (million),2004,million No,1.4
Niger,Value,Number of children under 5 years of age who are stunted (modeled estimates) (million),2005,million No,1.4
Niger,Value,Number of children under 5 years of age who are stunted (modeled estimates) (million),2006,million No,1.4
Niger,Value,Number of children under 5 years of age who are stunted (modeled estimates) (million),2007,million No,1.5
Niger,Value,Number of children under 5 years of age who are stunted (modeled estimates) (million),2008,million No,1.5
Niger,Value,Number of children under 5 years of age who are stunted (modeled estimates) (million),2009,million No,1.5
Niger,Value,Number of children under 5 years of age who are stunted (modeled estimates) (million),2010,million No,1.6
Niger,Value,Number of children under 5 years of age who are stunted (modeled estimates) (million),2011,million No,1.6
Niger,Value,Number of children under 5 years of age who are stunted (modeled estimates) (million),2012,million No,1.6
Niger,Value,Number of children under 5 years of age who are stunted (modeled estimates) (million),2013,million No,1.7
Niger,Value,Number of children under 5 years of age who are stunted (modeled estimates) (million),2014,million No,1.7
Niger,Value,Number of children under 5 years of age who are stunted (modeled estimates) (million),2015,million No,1.8
Niger,Value,Number of children under 5 years of age who are stunted (modeled estimates) (million),2016,million No,1.8
Niger,Value,Number of children under 5 years of age who are stunted (modeled estimates) (million),2017,million No,1.9
Niger,Value,Number of children under 5 years of age who are stunted (modeled estimates) (million),2018,million No,1.9
Niger,Value,Number of children under 5 years of age who are stunted (modeled estimates) (million),2019,million No,1.9
Niger,Value,Number of children under 5 years of age who are stunted (modeled estimates) (million),2020,million No,2
Niger,Value,Number of children under 5 years of age who are stunted (modeled estimates) (million),2021,million No,2
Niger,Value,Number of children under 5 years of age who are stunted (modeled estimates) (million),2022,million No,2.1
Niger,Value,Number of children under 5 years of age who are stunted (modeled estimates) (million),2023,million No,2.2
Niger,Value,Percentage of children under 5 years of age who are overweight (modelled estimates) (percent),2001,%,1
Niger,Value,Percentage of children under 5 years of age who are overweight (modelled estimates) (percent),2002,%,0.9
Niger,Value,Percentage of children under 5 years of age who are overweight (modelled estimates) (percent),2003,%,0.8
Niger,Value,Percentage of children under 5 years of age who are overweight (modelled estimates) (percent),2004,%,0.8
Niger,Value,Percentage of children under 5 years of age who are overweight (modelled estimates) (percent),2005,%,0.7
Niger,Value,Percentage of children under 5 years of age who are overweight (modelled estimates) (percent),2006,%,0.7
Niger,Value,Percentage of children under 5 years of age who are overweight (modelled estimates) (percent),2007,%,0.6
Niger,Value,Percentage of children under 5 years of age who are overweight (modelled estimates) (percent),2008,%,0.6
Niger,Value,Percentage of children under 5 years of age who are overweight (modelled estimates) (percent),2009,%,0.6
Niger,Value,Percentage of children under 5 years of age who are overweight (modelled estimates) (percent),2010,%,0.6
Niger,Value,Percentage of children under 5 years of age who are overweight (modelled estimates) (percent),2011,%,0.6
Niger,Value,Percentage of children under 5 years of age who are overweight (modelled estimates) (percent),2012,%,0.6
Niger,Value,Percentage of children under 5 years of age who are overweight (modelled estimates) (percent),2013,%,0.6
Niger,Value,Percentage of children under 5 years of age who are overweight (modelled estimates) (percent),2014,%,0.6
Niger,Value,Percentage of children under 5 years of age who are overweight (modelled estimates) (percent),2015,%,0.7
Niger,Value,Percentage of children under 5 years of age who are overweight (modelled estimates) (percent),2016,%,0.7
Niger,Value,Percentage of children under 5 years of age who are overweight (modelled estimates) (percent),2017,%,0.8
Niger,Value,Percentage of children under 5 years of age who are overweight (modelled estimates) (percent),2018,%,0.9
Niger,Value,Percentage of children under 5 years of age who are overweight (modelled estimates) (percent),2019,%,1
Niger,Value,Percentage of children under 5 years of age who are overweight (modelled estimates) (percent),2020,%,1.1
Niger,Value,Percentage of children under 5 years of age who are overweight (modelled estimates) (percent),2021,%,1.3
Niger,Value,Percentage of children under 5 years of age who are overweight (modelled estimates) (percent),2022,%,1.6
Niger,Value,Percentage of children under 5 years of age who are overweight (modelled estimates) (percent),2023,%,2
Niger,Value,Number of children under 5 years of age who are overweight (modeled estimates) (million),2001,million No,<0.1
Niger,Value,Number of children under 5 years of age who are overweight (modeled estimates) (million),2002,million No,<0.1
Niger,Value,Number of children under 5 years of age who are overweight (modeled estimates) (million),2003,million No,<0.1
Niger,Value,Number of children under 5 years of age who are overweight (modeled estimates) (million),2004,million No,<0.1
Niger,Value,Number of children under 5 years of age who are overweight (modeled estimates) (million),2005,million No,<0.1
Niger,Value,Number of children under 5 years of age who are overweight (modeled estimates) (million),2006,million No,<0.1
Niger,Value,Number of children under 5 years of age who are overweight (modeled estimates) (million),2007,million No,<0.1
Niger,Value,Number of children under 5 years of age who are overweight (modeled estimates) (million),2008,million No,<0.1
Niger,Value,Number of children under 5 years of age who are overweight (modeled estimates) (million),2009,million No,<0.1
Niger,Value,Number of children under 5 years of age who are overweight (modeled estimates) (million),2010,million No,<0.1
Niger,Value,Number of children under 5 years of age who are overweight (modeled estimates) (million),2011,million No,<0.1
Niger,Value,Number of children under 5 years of age who are overweight (modeled estimates) (million),2012,million No,<0.1
Niger,Value,Number of children under 5 years of age who are overweight (modeled estimates) (million),2013,million No,<0.1
Niger,Value,Number of children under 5 years of age who are overweight (modeled estimates) (million),2014,million No,<0.1
Niger,Value,Number of children under 5 years of age who are overweight (modeled estimates) (million),2015,million No,<0.1
Niger,Value,Number of children under 5 years of age who are overweight (modeled estimates) (million),2016,million No,<0.1
Niger,Value,Number of children under 5 years of age who are overweight (modeled estimates) (million),2017,million No,<0.1
Niger,Value,Number of children under 5 years of age who are overweight (modeled estimates) (million),2018,million No,<0.1
Niger,Value,Number of children under 5 years of age who are overweight (modeled estimates) (million),2019,million No,<0.1
Niger,Value,Number of children under 5 years of age who are overweight (modeled estimates) (million),2020,million No,<0.1
Niger,Value,Number of children under 5 years of age who are overweight (modeled estimates) (million),2021,million No,<0.1
Niger,Value,Number of children under 5 years of age who are overweight (modeled estimates) (million),2022,million No,<0.1
Niger,Value,Number of children under 5 years of age who are overweight (modeled estimates) (million),2023,million No,<0.1
Niger,Value,Prevalence of obesity in the adult population (18 years and older) (percent),2001,%,2.1
Niger,Value,Prevalence of obesity in the adult population (18 years and older) (percent),2002,%,2.3
Niger,Value,Prevalence of obesity in the adult population (18 years and older) (percent),2003,%,2.5
Niger,Value,Prevalence of obesity in the adult population (18 years and older) (percent),2004,%,2.7
Niger,Value,Prevalence of obesity in the adult population (18 years and older) (percent),2005,%,2.8
Niger,Value,Prevalence of obesity in the adult population (18 years and older) (percent),2006,%,3
Niger,Value,Prevalence of obesity in the adult population (18 years and older) (percent),2007,%,3.2
Niger,Value,Prevalence of obesity in the adult population (18 years and older) (percent),2008,%,3.4
Niger,Value,Prevalence of obesity in the adult population (18 years and older) (percent),2009,%,3.5
Niger,Value,Prevalence of obesity in the adult population (18 years and older) (percent),2010,%,3.7
Niger,Value,Prevalence of obesity in the adult population (18 years and older) (percent),2011,%,3.8
Niger,Value,Prevalence of obesity in the adult population (18 years and older) (percent),2012,%,3.9
Niger,Value,Prevalence of obesity in the adult population (18 years and older) (percent),2013,%,4.1
Niger,Value,Prevalence of obesity in the adult population (18 years and older) (percent),2014,%,4.2
Niger,Value,Prevalence of obesity in the adult population (18 years and older) (percent),2015,%,4.4
Niger,Value,Prevalence of obesity in the adult population (18 years and older) (percent),2016,%,4.6
Niger,Value,Prevalence of obesity in the adult population (18 years and older) (percent),2017,%,4.8
Niger,Value,Prevalence of obesity in the adult population (18 years and older) (percent),2018,%,5
Niger,Value,Prevalence of obesity in the adult population (18 years and older) (percent),2019,%,5.2
Niger,Value,Prevalence of obesity in the adult population (18 years and older) (percent),2020,%,5.4
Niger,Value,Prevalence of obesity in the adult population (18 years and older) (percent),2021,%,5.7
Niger,Value,Prevalence of obesity in the adult population (18 years and older) (percent),2022,%,6
Niger,Value,Number of obese adults (18 years and older) (million),2001,million No,0.1
Niger,Value,Number of obese adults (18 years and older) (million),2002,million No,0.1
Niger,Value,Number of obese adults (18 years and older) (million),2003,million No,0.1
Niger,Value,Number of obese adults (18 years and older) (million),2004,million No,0.2
Niger,Value,Number of obese adults (18 years and older) (million),2005,million No,0.2
Niger,Value,Number of obese adults (18 years and older) (million),2006,million No,0.2
Niger,Value,Number of obese adults (18 years and older) (million),2007,million No,0.2
Niger,Value,Number of obese adults (18 years and older) (million),2008,million No,0.2
Niger,Value,Number of obese adults (18 years and older) (million),2009,million No,0.3
Niger,Value,Number of obese adults (18 years and older) (million),2010,million No,0.3
Niger,Value,Number of obese adults (18 years and older) (million),2011,million No,0.3
Niger,Value,Number of obese adults (18 years and older) (million),2012,million No,0.3
Niger,Value,Number of obese adults (18 years and older) (million),2013,million No,0.3
Niger,Value,Number of obese adults (18 years and older) (million),2014,million No,0.4
Niger,Value,Number of obese adults (18 years and older) (million),2015,million No,0.4
Niger,Value,Number of obese adults (18 years and older) (million),2016,million No,0.4
Niger,Value,Number of obese adults (18 years and older) (million),2017,million No,0.5
Niger,Value,Number of obese adults (18 years and older) (million),2018,million No,0.5
Niger,Value,Number of obese adults (18 years and older) (million),2019,million No,0.5
Niger,Value,Number of obese adults (18 years and older) (million),2020,million No,0.6
Niger,Value,Number of obese adults (18 years and older) (million),2021,million No,0.6
Niger,Value,Number of obese adults (18 years and older) (million),2022,million No,0.7
Niger,Value,Prevalence of anemia among women of reproductive age (15-49 years) (percent),2001,%,50.5
Niger,Value,Prevalence of anemia among women of reproductive age (15-49 years) (percent),2002,%,49.8
Niger,Value,Prevalence of anemia among women of reproductive age (15-49 years) (percent),2003,%,49.2
Niger,Value,Prevalence of anemia among women of reproductive age (15-49 years) (percent),2004,%,48.6
Niger,Value,Prevalence of anemia among women of reproductive age (15-49 years) (percent),2005,%,47.9
Niger,Value,Prevalence of anemia among women of reproductive age (15-49 years) (percent),2006,%,47.3
Niger,Value,Prevalence of anemia among women of reproductive age (15-49 years) (percent),2007,%,46.7
Niger,Value,Prevalence of anemia among women of reproductive age (15-49 years) (percent),2008,%,46.1
Niger,Value,Prevalence of anemia among women of reproductive age (15-49 years) (percent),2009,%,45.5
Niger,Value,Prevalence of anemia among women of reproductive age (15-49 years) (percent),2010,%,44.9
Niger,Value,Prevalence of anemia among women of reproductive age (15-49 years) (percent),2011,%,44.6
Niger,Value,Prevalence of anemia among women of reproductive age (15-49 years) (percent),2012,%,44.4
Niger,Value,Prevalence of anemia among women of reproductive age (15-49 years) (percent),2013,%,44.3
Niger,Value,Prevalence of anemia among women of reproductive age (15-49 years) (percent),2014,%,44.3
Niger,Value,Prevalence of anemia among women of reproductive age (15-49 years) (percent),2015,%,44.3
Niger,Value,Prevalence of anemia among women of reproductive age (15-49 years) (percent),2016,%,44.5
Niger,Value,Prevalence of anemia among women of reproductive age (15-49 years) (percent),2017,%,44.7
Niger,Value,Prevalence of anemia among women of reproductive age (15-49 years) (percent),2018,%,44.9
Niger,Value,Prevalence of anemia among women of reproductive age (15-49 years) (percent),2019,%,45.2
Niger,Value,Prevalence of anemia among women of reproductive age (15-49 years) (percent),2020,%,45.5
Niger,Value,Prevalence of anemia among women of reproductive age (15-49 years) (percent),2021,%,45.9
Niger,Value,Prevalence of anemia among women of reproductive age (15-49 years) (percent),2022,%,46.5
Niger,Value,Prevalence of anemia among women of reproductive age (15-49 years) (percent),2023,%,47.1
Niger,Value,Number of women of reproductive age (15-49 years) affected by anemia (million),2001,million No,1.3
Niger,Value,Number of women of reproductive age (15-49 years) affected by anemia (million),2002,million No,1.3
Niger,Value,Number of women of reproductive age (15-49 years) affected by anemia (million),2003,million No,1.3
Niger,Value,Number of women of reproductive age (15-49 years) affected by anemia (million),2004,million No,1.4
Niger,Value,Number of women of reproductive age (15-49 years) affected by anemia (million),2005,million No,1.4
Niger,Value,Number of women of reproductive age (15-49 years) affected by anemia (million),2006,million No,1.4
Niger,Value,Number of women of reproductive age (15-49 years) affected by anemia (million),2007,million No,1.4
Niger,Value,Number of women of reproductive age (15-49 years) affected by anemia (million),2008,million No,1.5
Niger,Value,Number of women of reproductive age (15-49 years) affected by anemia (million),2009,million No,1.5
Niger,Value,Number of women of reproductive age (15-49 years) affected by anemia (million),2010,million No,1.5
Niger,Value,Number of women of reproductive age (15-49 years) affected by anemia (million),2011,million No,1.6
Niger,Value,Number of women of reproductive age (15-49 years) affected by anemia (million),2012,million No,1.6
Niger,Value,Number of women of reproductive age (15-49 years) affected by anemia (million),2013,million No,1.7
Niger,Value,Number of women of reproductive age (15-49 years) affected by anemia (million),2014,million No,1.7
Niger,Value,Number of women of reproductive age (15-49 years) affected by anemia (million),2015,million No,1.8
Niger,Value,Number of women of reproductive age (15-49 years) affected by anemia (million),2016,million No,1.9
Niger,Value,Number of women of reproductive age (15-49 years) affected by anemia (million),2017,million No,2
Niger,Value,Number of women of reproductive age (15-49 years) affected by anemia (million),2018,million No,2.1
Niger,Value,Number of women of reproductive age (15-49 years) affected by anemia (million),2019,million No,2.2
Niger,Value,Number of women of reproductive age (15-49 years) affected by anemia (million),2020,million No,2.3
Niger,Value,Number of women of reproductive age (15-49 years) affected by anemia (million),2021,million No,2.4
Niger,Value,Number of women of reproductive age (15-49 years) affected by anemia (million),2022,million No,2.5
Niger,Value,Number of women of reproductive age (15-49 years) affected by anemia (million),2023,million No,2.7
Niger,Value,Prevalence of exclusive breastfeeding among infants 0-5 months of age (percent),2006,%,8.5
Niger,Value,Prevalence of exclusive breastfeeding among infants 0-5 months of age (percent),2007,%,9
Niger,Value,Prevalence of exclusive breastfeeding among infants 0-5 months of age (percent),2008,%,4.4
Niger,Value,Prevalence of exclusive breastfeeding among infants 0-5 months of age (percent),2009,%,9.9
Niger,Value,Prevalence of exclusive breastfeeding among infants 0-5 months of age (percent),2010,%,26.9
Niger,Value,Prevalence of exclusive breastfeeding among infants 0-5 months of age (percent),2012,%,23.3
Niger,Value,Prevalence of exclusive breastfeeding among infants 0-5 months of age (percent),2019,%,21.6
Niger,Value,Prevalence of exclusive breastfeeding among infants 0-5 months of age (percent),2020,%,21.2
Niger,Value,Prevalence of exclusive breastfeeding among infants 0-5 months of age (percent),2021,%,25.6
Niger,Value,Prevalence of exclusive breastfeeding among infants 0-5 months of age (percent),2022,%,24.5
Niger,Value,Minimum dietary energy requirement (kcal/cap/day),2001,kcal/cap/d,1670
Niger,Value,Minimum dietary energy requirement (kcal/cap/day),2002,kcal/cap/d,1668
Niger,Value,Minimum dietary energy requirement (kcal/cap/day),2003,kcal/cap/d,1667
Niger,Value,Minimum dietary energy requirement (kcal/cap/day),2004,kcal/cap/d,1665
Niger,Value,Minimum dietary energy requirement (kcal/cap/day),2005,kcal/cap/d,1664
Niger,Value,Minimum dietary energy requirement (kcal/cap/day),2006,kcal/cap/d,1663
Niger,Value,Minimum dietary energy requirement (kcal/cap/day),2007,kcal/cap/d,1663
Niger,Value,Minimum dietary energy requirement (kcal/cap/day),2008,kcal/cap/d,1662
Niger,Value,Minimum dietary energy requirement (kcal/cap/day),2009,kcal/cap/d,1662
Niger,Value,Minimum dietary energy requirement (kcal/cap/day),2010,kcal/cap/d,1662
Niger,Value,Minimum dietary energy requirement (kcal/cap/day),2011,kcal/cap/d,1662
Niger,Value,Minimum dietary energy requirement (kcal/cap/day),2012,kcal/cap/d,1663
Niger,Value,Minimum dietary energy requirement (kcal/cap/day),2013,kcal/cap/d,1665
Niger,Value,Minimum dietary energy requirement (kcal/cap/day),2014,kcal/cap/d,1666
Niger,Value,Minimum dietary energy requirement (kcal/cap/day),2015,kcal/cap/d,1668
Niger,Value,Minimum dietary energy requirement (kcal/cap/day),2016,kcal/cap/d,1671
Niger,Value,Minimum dietary energy requirement (kcal/cap/day),2017,kcal/cap/d,1673
Niger,Value,Minimum dietary energy requirement (kcal/cap/day),2018,kcal/cap/d,1676
Niger,Value,Minimum dietary energy requirement (kcal/cap/day),2019,kcal/cap/d,1680
Niger,Value,Minimum dietary energy requirement (kcal/cap/day),2020,kcal/cap/d,1683
Niger,Value,Minimum dietary energy requirement (kcal/cap/day),2021,kcal/cap/d,1687
Niger,Value,Minimum dietary energy requirement (kcal/cap/day),2022,kcal/cap/d,1691
Niger,Value,Minimum dietary energy requirement (kcal/cap/day),2023,kcal/cap/d,1695
Niger,Value,Average dietary energy requirement (kcal/cap/day),2001,kcal/cap/d,2145
Niger,Value,Average dietary energy requirement (kcal/cap/day),2002,kcal/cap/d,2142
Niger,Value,Average dietary energy requirement (kcal/cap/day),2003,kcal/cap/d,2140
Niger,Value,Average dietary energy requirement (kcal/cap/day),2004,kcal/cap/d,2138
Niger,Value,Average dietary energy requirement (kcal/cap/day),2005,kcal/cap/d,2136
Niger,Value,Average dietary energy requirement (kcal/cap/day),2006,kcal/cap/d,2134
Niger,Value,Average dietary energy requirement (kcal/cap/day),2007,kcal/cap/d,2133
Niger,Value,Average dietary energy requirement (kcal/cap/day),2008,kcal/cap/d,2132
Niger,Value,Average dietary energy requirement (kcal/cap/day),2009,kcal/cap/d,2132
Niger,Value,Average dietary energy requirement (kcal/cap/day),2010,kcal/cap/d,2132
Niger,Value,Average dietary energy requirement (kcal/cap/day),2011,kcal/cap/d,2132
Niger,Value,Average dietary energy requirement (kcal/cap/day),2012,kcal/cap/d,2134
Niger,Value,Average dietary energy requirement (kcal/cap/day),2013,kcal/cap/d,2136
Niger,Value,Average dietary energy requirement (kcal/cap/day),2014,kcal/cap/d,2138
Niger,Value,Average dietary energy requirement (kcal/cap/day),2015,kcal/cap/d,2141
Niger,Value,Average dietary energy requirement (kcal/cap/day),2016,kcal/cap/d,2145
Niger,Value,Average dietary energy requirement (kcal/cap/day),2017,kcal/cap/d,2149
Niger,Value,Average dietary energy requirement (kcal/cap/day),2018,kcal/cap/d,2154
Niger,Value,Average dietary energy requirement (kcal/cap/day),2019,kcal/cap/d,2159
Niger,Value,Average dietary energy requirement (kcal/cap/day),2020,kcal/cap/d,2164
Niger,Value,Average dietary energy requirement (kcal/cap/day),2021,kcal/cap/d,2170
Niger,Value,Average dietary energy requirement (kcal/cap/day),2022,kcal/cap/d,2176
Niger,Value,Average dietary energy requirement (kcal/cap/day),2023,kcal/cap/d,2181
Niger,Value,Coefficient of variation of habitual caloric consumption distribution (real number),2001,No,0.31
Niger,Value,Coefficient of variation of habitual caloric consumption distribution (real number),2002,No,0.31
Niger,Value,Coefficient of variation of habitual caloric consumption distribution (real number),2003,No,0.32
Niger,Value,Coefficient of variation of habitual caloric consumption distribution (real number),2004,No,0.32
Niger,Value,Coefficient of variation of habitual caloric consumption distribution (real number),2005,No,0.32
Niger,Value,Coefficient of variation of habitual caloric consumption distribution (real number),2006,No,0.32
Niger,Value,Coefficient of variation of habitual caloric consumption distribution (real number),2007,No,0.32
Niger,Value,Coefficient of variation of habitual caloric consumption distribution (real number),2008,No,0.32
Niger,Value,Coefficient of variation of habitual caloric consumption distribution (real number),2009,No,0.33
Niger,Value,Coefficient of variation of habitual caloric consumption distribution (real number),2010,No,0.33
Niger,Value,Coefficient of variation of habitual caloric consumption distribution (real number),2011,No,0.33
Niger,Value,Coefficient of variation of habitual caloric consumption distribution (real number),2012,No,0.33
Niger,Value,Coefficient of variation of habitual caloric consumption distribution (real number),2013,No,0.32
Niger,Value,Coefficient of variation of habitual caloric consumption distribution (real number),2014,No,0.32
Niger,Value,Coefficient of variation of habitual caloric consumption distribution (real number),2015,No,0.32
Niger,Value,Coefficient of variation of habitual caloric consumption distribution (real number),2016,No,0.32
Niger,Value,Coefficient of variation of habitual caloric consumption distribution (real number),2017,No,0.32
Niger,Value,Coefficient of variation of habitual caloric consumption distribution (real number),2018,No,0.31
Niger,Value,Coefficient of variation of habitual caloric consumption distribution (real number),2019,No,0.31
Niger,Value,Coefficient of variation of habitual caloric consumption distribution (real number),2020,No,0.31
Niger,Value,Coefficient of variation of habitual caloric consumption distribution (real number),2021,No,0.31
Niger,Value,Coefficient of variation of habitual caloric consumption distribution (real number),2022,No,0.34
Niger,Value,Coefficient of variation of habitual caloric consumption distribution (real number),2023,No,0.34
Niger,Value,Incidence of caloric losses at retail distribution level (percent),2001,%,2.79
Niger,Value,Incidence of caloric losses at retail distribution level (percent),2002,%,2.92
Niger,Value,Incidence of caloric losses at retail distribution level (percent),2003,%,2.94
Niger,Value,Incidence of caloric losses at retail distribution level (percent),2004,%,2.83
Niger,Value,Incidence of caloric losses at retail distribution level (percent),2005,%,2.88
Niger,Value,Incidence of caloric losses at retail distribution level (percent),2006,%,2.91
Niger,Value,Incidence of caloric losses at retail distribution level (percent),2007,%,2.96
Niger,Value,Incidence of caloric losses at retail distribution level (percent),2008,%,2.94
Niger,Value,Incidence of caloric losses at retail distribution level (percent),2009,%,2.93
Niger,Value,Incidence of caloric losses at retail distribution level (percent),2010,%,2.73
Niger,Value,Incidence of caloric losses at retail distribution level (percent),2011,%,2.76
Niger,Value,Incidence of caloric losses at retail distribution level (percent),2012,%,2.83
Niger,Value,Incidence of caloric losses at retail distribution level (percent),2013,%,2.88
Niger,Value,Incidence of caloric losses at retail distribution level (percent),2014,%,2.93
Niger,Value,Incidence of caloric losses at retail distribution level (percent),2015,%,2.95
Niger,Value,Incidence of caloric losses at retail distribution level (percent),2016,%,3
Niger,Value,Incidence of caloric losses at retail distribution level (percent),2017,%,3.04
Niger,Value,Incidence of caloric losses at retail distribution level (percent),2018,%,3.03
Niger,Value,Incidence of caloric losses at retail distribution level (percent),2019,%,3.07
Niger,Value,Incidence of caloric losses at retail distribution level (percent),2020,%,3.11
Niger,Value,Incidence of caloric losses at retail distribution level (percent),2021,%,3.08
Niger,Value,Incidence of caloric losses at retail distribution level (percent),2022,%,3.1
Niger,Value,Incidence of caloric losses at retail distribution level (percent),2023,%,3.1
Nigeria,Value,Dietary energy supply used in the estimation of the prevalence of undernourishment (kcal/cap/day),2001,kcal/cap/d,2626
Nigeria,Value,Dietary energy supply used in the estimation of the prevalence of undernourishment (kcal/cap/day),2002,kcal/cap/d,2618
Nigeria,Value,Dietary energy supply used in the estimation of the prevalence of undernourishment (kcal/cap/day),2003,kcal/cap/d,2621
Nigeria,Value,Dietary energy supply used in the estimation of the prevalence of undernourishment (kcal/cap/day),2004,kcal/cap/d,2613
Nigeria,Value,Dietary energy supply used in the estimation of the prevalence of undernourishment (kcal/cap/day),2005,kcal/cap/d,2605
Nigeria,Value,Dietary energy supply used in the estimation of the prevalence of undernourishment (kcal/cap/day),2006,kcal/cap/d,2597
Nigeria,Value,Dietary energy supply used in the estimation of the prevalence of undernourishment (kcal/cap/day),2007,kcal/cap/d,2590
Nigeria,Value,Dietary energy supply used in the estimation of the prevalence of undernourishment (kcal/cap/day),2008,kcal/cap/d,2582
Nigeria,Value,Dietary energy supply used in the estimation of the prevalence of undernourishment (kcal/cap/day),2009,kcal/cap/d,2574
Nigeria,Value,Dietary energy supply used in the estimation of the prevalence of undernourishment (kcal/cap/day),2010,kcal/cap/d,2566
Nigeria,Value,Dietary energy supply used in the estimation of the prevalence of undernourishment (kcal/cap/day),2011,kcal/cap/d,2529
Nigeria,Value,Dietary energy supply used in the estimation of the prevalence of undernourishment (kcal/cap/day),2012,kcal/cap/d,2511
Nigeria,Value,Dietary energy supply used in the estimation of the prevalence of undernourishment (kcal/cap/day),2013,kcal/cap/d,2502
Nigeria,Value,Dietary energy supply used in the estimation of the prevalence of undernourishment (kcal/cap/day),2014,kcal/cap/d,2562
Nigeria,Value,Dietary energy supply used in the estimation of the prevalence of undernourishment (kcal/cap/day),2015,kcal/cap/d,2561
Nigeria,Value,Dietary energy supply used in the estimation of the prevalence of undernourishment (kcal/cap/day),2016,kcal/cap/d,2562
Nigeria,Value,Dietary energy supply used in the estimation of the prevalence of undernourishment (kcal/cap/day),2017,kcal/cap/d,2559
Nigeria,Value,Dietary energy supply used in the estimation of the prevalence of undernourishment (kcal/cap/day),2018,kcal/cap/d,2520
Nigeria,Value,Dietary energy supply used in the estimation of the prevalence of undernourishment (kcal/cap/day),2019,kcal/cap/d,2534
Nigeria,Value,Dietary energy supply used in the estimation of the prevalence of undernourishment (kcal/cap/day),2020,kcal/cap/d,2498
Nigeria,Value,Dietary energy supply used in the estimation of the prevalence of undernourishment (kcal/cap/day),2021,kcal/cap/d,2547
Nigeria,Value,Dietary energy supply used in the estimation of the prevalence of undernourishment (kcal/cap/day),2022,kcal/cap/d,2521
Nigeria,Value,Dietary energy supply used in the estimation of the prevalence of undernourishment (kcal/cap/day),2023,kcal/cap/d,2470
Nigeria,Value,Rail lines density (total route in km per 100 square km of land area),2001,km,0.4
Nigeria,Value,Rail lines density (total route in km per 100 square km of land area),2002,km,0.4
Nigeria,Value,Rail lines density (total route in km per 100 square km of land area),2003,km,0.4
Nigeria,Value,Rail lines density (total route in km per 100 square km of land area),2004,km,0.4
Nigeria,Value,Rail lines density (total route in km per 100 square km of land area),2005,km,0.4
Nigeria,Value,Rail lines density (total route in km per 100 square km of land area),2006,km,0.4
Nigeria,Value,Rail lines density (total route in km per 100 square km of land area),2007,km,0.4
Nigeria,Value,Rail lines density (total route in km per 100 square km of land area),2008,km,0.4
Nigeria,Value,Rail lines density (total route in km per 100 square km of land area),2009,km,0.4
Nigeria,Value,Rail lines density (total route in km per 100 square km of land area),2010,km,0.4
Nigeria,Value,Rail lines density (total route in km per 100 square km of land area),2011,km,0.4
Nigeria,Value,Rail lines density (total route in km per 100 square km of land area),2012,km,0.4
Nigeria,Value,Rail lines density (total route in km per 100 square km of land area),2013,km,0.4
Nigeria,Value,Rail lines density (total route in km per 100 square km of land area),2014,km,0.4
Nigeria,Value,Rail lines density (total route in km per 100 square km of land area),2015,km,0.4
Nigeria,Value,"Gross domestic product per capita, PPP, (constant 2021 international $)",2001,Int$/cap,3392
Nigeria,Value,"Gross domestic product per capita, PPP, (constant 2021 international $)",2002,Int$/cap,3806
Nigeria,Value,"Gross domestic product per capita, PPP, (constant 2021 international $)",2003,Int$/cap,3975
Nigeria,Value,"Gross domestic product per capita, PPP, (constant 2021 international $)",2004,Int$/cap,4224
Nigeria,Value,"Gross domestic product per capita, PPP, (constant 2021 international $)",2005,Int$/cap,4373
Nigeria,Value,"Gross domestic product per capita, PPP, (constant 2021 international $)",2006,Int$/cap,4512
Nigeria,Value,"Gross domestic product per capita, PPP, (constant 2021 international $)",2007,Int$/cap,4678
Nigeria,Value,"Gross domestic product per capita, PPP, (constant 2021 international $)",2008,Int$/cap,4857
Nigeria,Value,"Gross domestic product per capita, PPP, (constant 2021 international $)",2009,Int$/cap,5103
Nigeria,Value,"Gross domestic product per capita, PPP, (constant 2021 international $)",2010,Int$/cap,5360
Nigeria,Value,"Gross domestic product per capita, PPP, (constant 2021 international $)",2011,Int$/cap,5488
Nigeria,Value,"Gross domestic product per capita, PPP, (constant 2021 international $)",2012,Int$/cap,5564
Nigeria,Value,"Gross domestic product per capita, PPP, (constant 2021 international $)",2013,Int$/cap,5776
Nigeria,Value,"Gross domestic product per capita, PPP, (constant 2021 international $)",2014,Int$/cap,5980
Nigeria,Value,"Gross domestic product per capita, PPP, (constant 2021 international $)",2015,Int$/cap,5985
Nigeria,Value,"Gross domestic product per capita, PPP, (constant 2021 international $)",2016,Int$/cap,5745
Nigeria,Value,"Gross domestic product per capita, PPP, (constant 2021 international $)",2017,Int$/cap,5652
Nigeria,Value,"Gross domestic product per capita, PPP, (constant 2021 international $)",2018,Int$/cap,5629
Nigeria,Value,"Gross domestic product per capita, PPP, (constant 2021 international $)",2019,Int$/cap,5628
Nigeria,Value,"Gross domestic product per capita, PPP, (constant 2021 international $)",2020,Int$/cap,5411
Nigeria,Value,"Gross domestic product per capita, PPP, (constant 2021 international $)",2021,Int$/cap,5492
Nigeria,Value,"Gross domestic product per capita, PPP, (constant 2021 international $)",2022,Int$/cap,5553
Nigeria,Value,"Gross domestic product per capita, PPP, (constant 2021 international $)",2023,Int$/cap,5593
Nigeria,Value,Political stability and absence of violence/terrorism (index),2002,,-1.63
Nigeria,Value,Political stability and absence of violence/terrorism (index),2003,,-1.64
Nigeria,Value,Political stability and absence of violence/terrorism (index),2004,,-1.75
Nigeria,Value,Political stability and absence of violence/terrorism (index),2005,,-1.67
Nigeria,Value,Political stability and absence of violence/terrorism (index),2006,,-2.03
Nigeria,Value,Political stability and absence of violence/terrorism (index),2007,,-2.01
Nigeria,Value,Political stability and absence of violence/terrorism (index),2008,,-1.86
Nigeria,Value,Political stability and absence of violence/terrorism (index),2009,,-1.99
Nigeria,Value,Political stability and absence of violence/terrorism (index),2010,,-2.21
Nigeria,Value,Political stability and absence of violence/terrorism (index),2011,,-1.96
Nigeria,Value,Political stability and absence of violence/terrorism (index),2012,,-2.04
Nigeria,Value,Political stability and absence of violence/terrorism (index),2013,,-2.09
Nigeria,Value,Political stability and absence of violence/terrorism (index),2014,,-2.13
Nigeria,Value,Political stability and absence of violence/terrorism (index),2015,,-1.92
Nigeria,Value,Political stability and absence of violence/terrorism (index),2016,,-1.87
Nigeria,Value,Political stability and absence of violence/terrorism (index),2017,,-2
Nigeria,Value,Political stability and absence of violence/terrorism (index),2018,,-2.1
Nigeria,Value,Political stability and absence of violence/terrorism (index),2019,,-1.93
Nigeria,Value,Political stability and absence of violence/terrorism (index),2020,,-1.89
Nigeria,Value,Political stability and absence of violence/terrorism (index),2021,,-1.79
Nigeria,Value,Political stability and absence of violence/terrorism (index),2022,,-1.78
Nigeria,Value,Per capita food supply variability (kcal/cap/day),2001,kcal/cap/d,27
Nigeria,Value,Per capita food supply variability (kcal/cap/day),2002,kcal/cap/d,14
Nigeria,Value,Per capita food supply variability (kcal/cap/day),2003,kcal/cap/d,14
Nigeria,Value,Per capita food supply variability (kcal/cap/day),2004,kcal/cap/d,11
Nigeria,Value,Per capita food supply variability (kcal/cap/day),2005,kcal/cap/d,3
Nigeria,Value,Per capita food supply variability (kcal/cap/day),2006,kcal/cap/d,4
Nigeria,Value,Per capita food supply variability (kcal/cap/day),2007,kcal/cap/d,4
Nigeria,Value,Per capita food supply variability (kcal/cap/day),2008,kcal/cap/d,5
Nigeria,Value,Per capita food supply variability (kcal/cap/day),2009,kcal/cap/d,4
Nigeria,Value,Per capita food supply variability (kcal/cap/day),2010,kcal/cap/d,3
Nigeria,Value,Per capita food supply variability (kcal/cap/day),2011,kcal/cap/d,2
Nigeria,Value,Per capita food supply variability (kcal/cap/day),2012,kcal/cap/d,14
Nigeria,Value,Per capita food supply variability (kcal/cap/day),2013,kcal/cap/d,20
Nigeria,Value,Per capita food supply variability (kcal/cap/day),2014,kcal/cap/d,21
Nigeria,Value,Per capita food supply variability (kcal/cap/day),2015,kcal/cap/d,29
Nigeria,Value,Per capita food supply variability (kcal/cap/day),2016,kcal/cap/d,36
Nigeria,Value,Per capita food supply variability (kcal/cap/day),2017,kcal/cap/d,40
Nigeria,Value,Per capita food supply variability (kcal/cap/day),2018,kcal/cap/d,35
Nigeria,Value,Per capita food supply variability (kcal/cap/day),2019,kcal/cap/d,13
Nigeria,Value,Per capita food supply variability (kcal/cap/day),2020,kcal/cap/d,13
Nigeria,Value,Per capita food supply variability (kcal/cap/day),2021,kcal/cap/d,20
Nigeria,Value,Per capita food supply variability (kcal/cap/day),2022,kcal/cap/d,22
Nigeria,Value,Per capita food supply variability (kcal/cap/day),2023,kcal/cap/d,20
Nigeria,Value,Percentage of population using safely managed drinking water services (percent),2001,%,13
Nigeria,Value,Percentage of population using safely managed drinking water services (percent),2002,%,14
Nigeria,Value,Percentage of population using safely managed drinking water services (percent),2003,%,15
Nigeria,Value,Percentage of population using safely managed drinking water services (percent),2004,%,16
Nigeria,Value,Percentage of population using safely managed drinking water services (percent),2005,%,16
Nigeria,Value,Percentage of population using safely managed drinking water services (percent),2006,%,17
Nigeria,Value,Percentage of population using safely managed drinking water services (percent),2007,%,18
Nigeria,Value,Percentage of population using safely managed drinking water services (percent),2008,%,19
Nigeria,Value,Percentage of population using safely managed drinking water services (percent),2009,%,20
Nigeria,Value,Percentage of population using safely managed drinking water services (percent),2010,%,21
Nigeria,Value,Percentage of population using safely managed drinking water services (percent),2011,%,22
Nigeria,Value,Percentage of population using safely managed drinking water services (percent),2012,%,23
Nigeria,Value,Percentage of population using safely managed drinking water services (percent),2013,%,24
Nigeria,Value,Percentage of population using safely managed drinking water services (percent),2014,%,24
Nigeria,Value,Percentage of population using safely managed drinking water services (percent),2015,%,25
Nigeria,Value,Percentage of population using safely managed drinking water services (percent),2016,%,26
Nigeria,Value,Percentage of population using safely managed drinking water services (percent),2017,%,26
Nigeria,Value,Percentage of population using safely managed drinking water services (percent),2018,%,27
Nigeria,Value,Percentage of population using safely managed drinking water services (percent),2019,%,27
Nigeria,Value,Percentage of population using safely managed drinking water services (percent),2020,%,28
Nigeria,Value,Percentage of population using safely managed drinking water services (percent),2021,%,28
Nigeria,Value,Percentage of population using safely managed drinking water services (percent),2022,%,29
Nigeria,Value,Percentage of population using at least basic drinking water services (percent),2001,%,46
Nigeria,Value,Percentage of population using at least basic drinking water services (percent),2002,%,47
Nigeria,Value,Percentage of population using at least basic drinking water services (percent),2003,%,49
Nigeria,Value,Percentage of population using at least basic drinking water services (percent),2004,%,50
Nigeria,Value,Percentage of population using at least basic drinking water services (percent),2005,%,52
Nigeria,Value,Percentage of population using at least basic drinking water services (percent),2006,%,54
Nigeria,Value,Percentage of population using at least basic drinking water services (percent),2007,%,55
Nigeria,Value,Percentage of population using at least basic drinking water services (percent),2008,%,57
Nigeria,Value,Percentage of population using at least basic drinking water services (percent),2009,%,58
Nigeria,Value,Percentage of population using at least basic drinking water services (percent),2010,%,60
Nigeria,Value,Percentage of population using at least basic drinking water services (percent),2011,%,62
Nigeria,Value,Percentage of population using at least basic drinking water services (percent),2012,%,63
Nigeria,Value,Percentage of population using at least basic drinking water services (percent),2013,%,65
Nigeria,Value,Percentage of population using at least basic drinking water services (percent),2014,%,67
Nigeria,Value,Percentage of population using at least basic drinking water services (percent),2015,%,68
Nigeria,Value,Percentage of population using at least basic drinking water services (percent),2016,%,70
Nigeria,Value,Percentage of population using at least basic drinking water services (percent),2017,%,72
Nigeria,Value,Percentage of population using at least basic drinking water services (percent),2018,%,73
Nigeria,Value,Percentage of population using at least basic drinking water services (percent),2019,%,75
Nigeria,Value,Percentage of population using at least basic drinking water services (percent),2020,%,76
Nigeria,Value,Percentage of population using at least basic drinking water services (percent),2021,%,78
Nigeria,Value,Percentage of population using at least basic drinking water services (percent),2022,%,80
Nigeria,Value,Percentage of population using safely managed sanitation services (percent),2001,%,21
Nigeria,Value,Percentage of population using safely managed sanitation services (percent),2002,%,21
Nigeria,Value,Percentage of population using safely managed sanitation services (percent),2003,%,22
Nigeria,Value,Percentage of population using safely managed sanitation services (percent),2004,%,22
Nigeria,Value,Percentage of population using safely managed sanitation services (percent),2005,%,22
Nigeria,Value,Percentage of population using safely managed sanitation services (percent),2006,%,23
Nigeria,Value,Percentage of population using safely managed sanitation services (percent),2007,%,23
Nigeria,Value,Percentage of population using safely managed sanitation services (percent),2008,%,24
Nigeria,Value,Percentage of population using safely managed sanitation services (percent),2009,%,24
Nigeria,Value,Percentage of population using safely managed sanitation services (percent),2010,%,25
Nigeria,Value,Percentage of population using safely managed sanitation services (percent),2011,%,25
Nigeria,Value,Percentage of population using safely managed sanitation services (percent),2012,%,26
Nigeria,Value,Percentage of population using safely managed sanitation services (percent),2013,%,26
Nigeria,Value,Percentage of population using safely managed sanitation services (percent),2014,%,27
Nigeria,Value,Percentage of population using safely managed sanitation services (percent),2015,%,28
Nigeria,Value,Percentage of population using safely managed sanitation services (percent),2016,%,28
Nigeria,Value,Percentage of population using safely managed sanitation services (percent),2017,%,29
Nigeria,Value,Percentage of population using safely managed sanitation services (percent),2018,%,29
Nigeria,Value,Percentage of population using safely managed sanitation services (percent),2019,%,30
Nigeria,Value,Percentage of population using safely managed sanitation services (percent),2020,%,31
Nigeria,Value,Percentage of population using safely managed sanitation services (percent),2021,%,31
Nigeria,Value,Percentage of population using safely managed sanitation services (percent),2022,%,32
Nigeria,Value,Percentage of population using at least basic sanitation services (percent),2001,%,28
Nigeria,Value,Percentage of population using at least basic sanitation services (percent),2002,%,29
Nigeria,Value,Percentage of population using at least basic sanitation services (percent),2003,%,29
Nigeria,Value,Percentage of population using at least basic sanitation services (percent),2004,%,30
Nigeria,Value,Percentage of population using at least basic sanitation services (percent),2005,%,31
Nigeria,Value,Percentage of population using at least basic sanitation services (percent),2006,%,32
Nigeria,Value,Percentage of population using at least basic sanitation services (percent),2007,%,32
Nigeria,Value,Percentage of population using at least basic sanitation services (percent),2008,%,33
Nigeria,Value,Percentage of population using at least basic sanitation services (percent),2009,%,34
Nigeria,Value,Percentage of population using at least basic sanitation services (percent),2010,%,35
Nigeria,Value,Percentage of population using at least basic sanitation services (percent),2011,%,36
Nigeria,Value,Percentage of population using at least basic sanitation services (percent),2012,%,36
Nigeria,Value,Percentage of population using at least basic sanitation services (percent),2013,%,37
Nigeria,Value,Percentage of population using at least basic sanitation services (percent),2014,%,38
Nigeria,Value,Percentage of population using at least basic sanitation services (percent),2015,%,39
Nigeria,Value,Percentage of population using at least basic sanitation services (percent),2016,%,40
Nigeria,Value,Percentage of population using at least basic sanitation services (percent),2017,%,41
Nigeria,Value,Percentage of population using at least basic sanitation services (percent),2018,%,42
Nigeria,Value,Percentage of population using at least basic sanitation services (percent),2019,%,43
Nigeria,Value,Percentage of population using at least basic sanitation services (percent),2020,%,44
Nigeria,Value,Percentage of population using at least basic sanitation services (percent),2021,%,45
Nigeria,Value,Percentage of population using at least basic sanitation services (percent),2022,%,47
Nigeria,Value,Percentage of children under 5 years affected by wasting (percent),2003,%,11.2
Nigeria,Value,Percentage of children under 5 years affected by wasting (percent),2011,%,10.2
Nigeria,Value,Percentage of children under 5 years affected by wasting (percent),2014,%,7.9
Nigeria,Value,Percentage of children under 5 years affected by wasting (percent),2015,%,7.3
Nigeria,Value,Percentage of children under 5 years affected by wasting (percent),2016,%,10.8
Nigeria,Value,Percentage of children under 5 years affected by wasting (percent),2018,%,6.8
Nigeria,Value,Percentage of children under 5 years affected by wasting (percent),2020,%,6.5
Nigeria,Value,Percentage of children under 5 years affected by wasting (percent),2021,%,11.6
Nigeria,Value,Number of children under 5 years affected by wasting (million),2003,million No,2.7
Nigeria,Value,Number of children under 5 years affected by wasting (million),2011,million No,3.1
Nigeria,Value,Number of children under 5 years affected by wasting (million),2014,million No,2.6
Nigeria,Value,Number of children under 5 years affected by wasting (million),2015,million No,2.4
Nigeria,Value,Number of children under 5 years affected by wasting (million),2016,million No,3.6
Nigeria,Value,Number of children under 5 years affected by wasting (million),2018,million No,2.3
Nigeria,Value,Number of children under 5 years affected by wasting (million),2020,million No,2.2
Nigeria,Value,Number of children under 5 years affected by wasting (million),2021,million No,3.9
Nigeria,Value,Percentage of children under 5 years of age who are stunted (modelled estimates) (percent),2001,%,41.7
Nigeria,Value,Percentage of children under 5 years of age who are stunted (modelled estimates) (percent),2002,%,41.5
Nigeria,Value,Percentage of children under 5 years of age who are stunted (modelled estimates) (percent),2003,%,41.3
Nigeria,Value,Percentage of children under 5 years of age who are stunted (modelled estimates) (percent),2004,%,41
Nigeria,Value,Percentage of children under 5 years of age who are stunted (modelled estimates) (percent),2005,%,40.6
Nigeria,Value,Percentage of children under 5 years of age who are stunted (modelled estimates) (percent),2006,%,40.3
Nigeria,Value,Percentage of children under 5 years of age who are stunted (modelled estimates) (percent),2007,%,39.8
Nigeria,Value,Percentage of children under 5 years of age who are stunted (modelled estimates) (percent),2008,%,39.3
Nigeria,Value,Percentage of children under 5 years of age who are stunted (modelled estimates) (percent),2009,%,38.7
Nigeria,Value,Percentage of children under 5 years of age who are stunted (modelled estimates) (percent),2010,%,38
Nigeria,Value,Percentage of children under 5 years of age who are stunted (modelled estimates) (percent),2011,%,37.4
Nigeria,Value,Percentage of children under 5 years of age who are stunted (modelled estimates) (percent),2012,%,36.9
Nigeria,Value,Percentage of children under 5 years of age who are stunted (modelled estimates) (percent),2013,%,36.5
Nigeria,Value,Percentage of children under 5 years of age who are stunted (modelled estimates) (percent),2014,%,36.2
Nigeria,Value,Percentage of children under 5 years of age who are stunted (modelled estimates) (percent),2015,%,35.8
Nigeria,Value,Percentage of children under 5 years of age who are stunted (modelled estimates) (percent),2016,%,35.4
Nigeria,Value,Percentage of children under 5 years of age who are stunted (modelled estimates) (percent),2017,%,34.9
Nigeria,Value,Percentage of children under 5 years of age who are stunted (modelled estimates) (percent),2018,%,34.4
Nigeria,Value,Percentage of children under 5 years of age who are stunted (modelled estimates) (percent),2019,%,33.9
Nigeria,Value,Percentage of children under 5 years of age who are stunted (modelled estimates) (percent),2020,%,33.5
Nigeria,Value,Percentage of children under 5 years of age who are stunted (modelled estimates) (percent),2021,%,33.4
Nigeria,Value,Percentage of children under 5 years of age who are stunted (modelled estimates) (percent),2022,%,33.5
Nigeria,Value,Percentage of children under 5 years of age who are stunted (modelled estimates) (percent),2023,%,33.6
Nigeria,Value,Number of children under 5 years of age who are stunted (modeled estimates) (million),2001,million No,9.5
Nigeria,Value,Number of children under 5 years of age who are stunted (modeled estimates) (million),2002,million No,9.8
Nigeria,Value,Number of children under 5 years of age who are stunted (modeled estimates) (million),2003,million No,10.1
Nigeria,Value,Number of children under 5 years of age who are stunted (modeled estimates) (million),2004,million No,10.3
Nigeria,Value,Number of children under 5 years of age who are stunted (modeled estimates) (million),2005,million No,10.6
Nigeria,Value,Number of children under 5 years of age who are stunted (modeled estimates) (million),2006,million No,10.8
Nigeria,Value,Number of children under 5 years of age who are stunted (modeled estimates) (million),2007,million No,11
Nigeria,Value,Number of children under 5 years of age who are stunted (modeled estimates) (million),2008,million No,11.1
Nigeria,Value,Number of children under 5 years of age who are stunted (modeled estimates) (million),2009,million No,11.2
Nigeria,Value,Number of children under 5 years of age who are stunted (modeled estimates) (million),2010,million No,11.3
Nigeria,Value,Number of children under 5 years of age who are stunted (modeled estimates) (million),2011,million No,11.4
Nigeria,Value,Number of children under 5 years of age who are stunted (modeled estimates) (million),2012,million No,11.5
Nigeria,Value,Number of children under 5 years of age who are stunted (modeled estimates) (million),2013,million No,11.6
Nigeria,Value,Number of children under 5 years of age who are stunted (modeled estimates) (million),2014,million No,11.7
Nigeria,Value,Number of children under 5 years of age who are stunted (modeled estimates) (million),2015,million No,11.7
Nigeria,Value,Number of children under 5 years of age who are stunted (modeled estimates) (million),2016,million No,11.7
Nigeria,Value,Number of children under 5 years of age who are stunted (modeled estimates) (million),2017,million No,11.6
Nigeria,Value,Number of children under 5 years of age who are stunted (modeled estimates) (million),2018,million No,11.5
Nigeria,Value,Number of children under 5 years of age who are stunted (modeled estimates) (million),2019,million No,11.3
Nigeria,Value,Number of children under 5 years of age who are stunted (modeled estimates) (million),2020,million No,11.2
Nigeria,Value,Number of children under 5 years of age who are stunted (modeled estimates) (million),2021,million No,11.1
Nigeria,Value,Number of children under 5 years of age who are stunted (modeled estimates) (million),2022,million No,11.2
Nigeria,Value,Number of children under 5 years of age who are stunted (modeled estimates) (million),2023,million No,11.3
Nigeria,Value,Percentage of children under 5 years of age who are overweight (modelled estimates) (percent),2001,%,6.3
Nigeria,Value,Percentage of children under 5 years of age who are overweight (modelled estimates) (percent),2002,%,5.9
Nigeria,Value,Percentage of children under 5 years of age who are overweight (modelled estimates) (percent),2003,%,5.5
Nigeria,Value,Percentage of children under 5 years of age who are overweight (modelled estimates) (percent),2004,%,5.1
Nigeria,Value,Percentage of children under 5 years of age who are overweight (modelled estimates) (percent),2005,%,4.7
Nigeria,Value,Percentage of children under 5 years of age who are overweight (modelled estimates) (percent),2006,%,4.3
Nigeria,Value,Percentage of children under 5 years of age who are overweight (modelled estimates) (percent),2007,%,3.9
Nigeria,Value,Percentage of children under 5 years of age who are overweight (modelled estimates) (percent),2008,%,3.5
Nigeria,Value,Percentage of children under 5 years of age who are overweight (modelled estimates) (percent),2009,%,3.1
Nigeria,Value,Percentage of children under 5 years of age who are overweight (modelled estimates) (percent),2010,%,2.8
Nigeria,Value,Percentage of children under 5 years of age who are overweight (modelled estimates) (percent),2011,%,2.5
Nigeria,Value,Percentage of children under 5 years of age who are overweight (modelled estimates) (percent),2012,%,2.3
Nigeria,Value,Percentage of children under 5 years of age who are overweight (modelled estimates) (percent),2013,%,2.1
Nigeria,Value,Percentage of children under 5 years of age who are overweight (modelled estimates) (percent),2014,%,1.9
Nigeria,Value,Percentage of children under 5 years of age who are overweight (modelled estimates) (percent),2015,%,1.8
Nigeria,Value,Percentage of children under 5 years of age who are overweight (modelled estimates) (percent),2016,%,1.7
Nigeria,Value,Percentage of children under 5 years of age who are overweight (modelled estimates) (percent),2017,%,1.6
Nigeria,Value,Percentage of children under 5 years of age who are overweight (modelled estimates) (percent),2018,%,1.5
Nigeria,Value,Percentage of children under 5 years of age who are overweight (modelled estimates) (percent),2019,%,1.4
Nigeria,Value,Percentage of children under 5 years of age who are overweight (modelled estimates) (percent),2020,%,1.4
Nigeria,Value,Percentage of children under 5 years of age who are overweight (modelled estimates) (percent),2021,%,1.4
Nigeria,Value,Percentage of children under 5 years of age who are overweight (modelled estimates) (percent),2022,%,1.5
Nigeria,Value,Percentage of children under 5 years of age who are overweight (modelled estimates) (percent),2023,%,1.5
Nigeria,Value,Number of children under 5 years of age who are overweight (modeled estimates) (million),2001,million No,1.4
Nigeria,Value,Number of children under 5 years of age who are overweight (modeled estimates) (million),2002,million No,1.4
Nigeria,Value,Number of children under 5 years of age who are overweight (modeled estimates) (million),2003,million No,1.4
Nigeria,Value,Number of children under 5 years of age who are overweight (modeled estimates) (million),2004,million No,1.3
Nigeria,Value,Number of children under 5 years of age who are overweight (modeled estimates) (million),2005,million No,1.2
Nigeria,Value,Number of children under 5 years of age who are overweight (modeled estimates) (million),2006,million No,1.1
Nigeria,Value,Number of children under 5 years of age who are overweight (modeled estimates) (million),2007,million No,1.1
Nigeria,Value,Number of children under 5 years of age who are overweight (modeled estimates) (million),2008,million No,1
Nigeria,Value,Number of children under 5 years of age who are overweight (modeled estimates) (million),2009,million No,0.9
Nigeria,Value,Number of children under 5 years of age who are overweight (modeled estimates) (million),2010,million No,0.8
Nigeria,Value,Number of children under 5 years of age who are overweight (modeled estimates) (million),2011,million No,0.8
Nigeria,Value,Number of children under 5 years of age who are overweight (modeled estimates) (million),2012,million No,0.7
Nigeria,Value,Number of children under 5 years of age who are overweight (modeled estimates) (million),2013,million No,0.7
Nigeria,Value,Number of children under 5 years of age who are overweight (modeled estimates) (million),2014,million No,0.6
Nigeria,Value,Number of children under 5 years of age who are overweight (modeled estimates) (million),2015,million No,0.6
Nigeria,Value,Number of children under 5 years of age who are overweight (modeled estimates) (million),2016,million No,0.5
Nigeria,Value,Number of children under 5 years of age who are overweight (modeled estimates) (million),2017,million No,0.5
Nigeria,Value,Number of children under 5 years of age who are overweight (modeled estimates) (million),2018,million No,0.5
Nigeria,Value,Number of children under 5 years of age who are overweight (modeled estimates) (million),2019,million No,0.5
Nigeria,Value,Number of children under 5 years of age who are overweight (modeled estimates) (million),2020,million No,0.5
Nigeria,Value,Number of children under 5 years of age who are overweight (modeled estimates) (million),2021,million No,0.5
Nigeria,Value,Number of children under 5 years of age who are overweight (modeled estimates) (million),2022,million No,0.5
Nigeria,Value,Number of children under 5 years of age who are overweight (modeled estimates) (million),2023,million No,0.5
Nigeria,Value,Prevalence of obesity in the adult population (18 years and older) (percent),2001,%,5.1
Nigeria,Value,Prevalence of obesity in the adult population (18 years and older) (percent),2002,%,5.4
Nigeria,Value,Prevalence of obesity in the adult population (18 years and older) (percent),2003,%,5.8
Nigeria,Value,Prevalence of obesity in the adult population (18 years and older) (percent),2004,%,6.1
Nigeria,Value,Prevalence of obesity in the adult population (18 years and older) (percent),2005,%,6.5
Nigeria,Value,Prevalence of obesity in the adult population (18 years and older) (percent),2006,%,6.9
Nigeria,Value,Prevalence of obesity in the adult population (18 years and older) (percent),2007,%,7.2
Nigeria,Value,Prevalence of obesity in the adult population (18 years and older) (percent),2008,%,7.5
Nigeria,Value,Prevalence of obesity in the adult population (18 years and older) (percent),2009,%,7.8
Nigeria,Value,Prevalence of obesity in the adult population (18 years and older) (percent),2010,%,8.1
Nigeria,Value,Prevalence of obesity in the adult population (18 years and older) (percent),2011,%,8.4
Nigeria,Value,Prevalence of obesity in the adult population (18 years and older) (percent),2012,%,8.7
Nigeria,Value,Prevalence of obesity in the adult population (18 years and older) (percent),2013,%,8.9
Nigeria,Value,Prevalence of obesity in the adult population (18 years and older) (percent),2014,%,9.2
Nigeria,Value,Prevalence of obesity in the adult population (18 years and older) (percent),2015,%,9.5
Nigeria,Value,Prevalence of obesity in the adult population (18 years and older) (percent),2016,%,9.9
Nigeria,Value,Prevalence of obesity in the adult population (18 years and older) (percent),2017,%,10.2
Nigeria,Value,Prevalence of obesity in the adult population (18 years and older) (percent),2018,%,10.6
Nigeria,Value,Prevalence of obesity in the adult population (18 years and older) (percent),2019,%,11
Nigeria,Value,Prevalence of obesity in the adult population (18 years and older) (percent),2020,%,11.4
Nigeria,Value,Prevalence of obesity in the adult population (18 years and older) (percent),2021,%,11.9
Nigeria,Value,Prevalence of obesity in the adult population (18 years and older) (percent),2022,%,12.4
Nigeria,Value,Number of obese adults (18 years and older) (million),2001,million No,3.2
Nigeria,Value,Number of obese adults (18 years and older) (million),2002,million No,3.5
Nigeria,Value,Number of obese adults (18 years and older) (million),2003,million No,3.9
Nigeria,Value,Number of obese adults (18 years and older) (million),2004,million No,4.2
Nigeria,Value,Number of obese adults (18 years and older) (million),2005,million No,4.6
Nigeria,Value,Number of obese adults (18 years and older) (million),2006,million No,5
Nigeria,Value,Number of obese adults (18 years and older) (million),2007,million No,5.3
Nigeria,Value,Number of obese adults (18 years and older) (million),2008,million No,5.7
Nigeria,Value,Number of obese adults (18 years and older) (million),2009,million No,6.1
Nigeria,Value,Number of obese adults (18 years and older) (million),2010,million No,6.5
Nigeria,Value,Number of obese adults (18 years and older) (million),2011,million No,6.9
Nigeria,Value,Number of obese adults (18 years and older) (million),2012,million No,7.3
Nigeria,Value,Number of obese adults (18 years and older) (million),2013,million No,7.7
Nigeria,Value,Number of obese adults (18 years and older) (million),2014,million No,8.2
Nigeria,Value,Number of obese adults (18 years and older) (million),2015,million No,8.7
Nigeria,Value,Number of obese adults (18 years and older) (million),2016,million No,9.2
Nigeria,Value,Number of obese adults (18 years and older) (million),2017,million No,9.8
Nigeria,Value,Number of obese adults (18 years and older) (million),2018,million No,10.5
Nigeria,Value,Number of obese adults (18 years and older) (million),2019,million No,11.2
Nigeria,Value,Number of obese adults (18 years and older) (million),2020,million No,11.9
Nigeria,Value,Number of obese adults (18 years and older) (million),2021,million No,12.8
Nigeria,Value,Number of obese adults (18 years and older) (million),2022,million No,13.6
Nigeria,Value,Prevalence of anemia among women of reproductive age (15-49 years) (percent),2001,%,49.9
Nigeria,Value,Prevalence of anemia among women of reproductive age (15-49 years) (percent),2002,%,49.5
Nigeria,Value,Prevalence of anemia among women of reproductive age (15-49 years) (percent),2003,%,49.1
Nigeria,Value,Prevalence of anemia among women of reproductive age (15-49 years) (percent),2004,%,48.7
Nigeria,Value,Prevalence of anemia among women of reproductive age (15-49 years) (percent),2005,%,48.2
Nigeria,Value,Prevalence of anemia among women of reproductive age (15-49 years) (percent),2006,%,47.7
Nigeria,Value,Prevalence of anemia among women of reproductive age (15-49 years) (percent),2007,%,47.1
Nigeria,Value,Prevalence of anemia among women of reproductive age (15-49 years) (percent),2008,%,46.4
Nigeria,Value,Prevalence of anemia among women of reproductive age (15-49 years) (percent),2009,%,45.6
Nigeria,Value,Prevalence of anemia among women of reproductive age (15-49 years) (percent),2010,%,44.9
Nigeria,Value,Prevalence of anemia among women of reproductive age (15-49 years) (percent),2011,%,44.2
Nigeria,Value,Prevalence of anemia among women of reproductive age (15-49 years) (percent),2012,%,43.5
Nigeria,Value,Prevalence of anemia among women of reproductive age (15-49 years) (percent),2013,%,42.9
Nigeria,Value,Prevalence of anemia among women of reproductive age (15-49 years) (percent),2014,%,42.3
Nigeria,Value,Prevalence of anemia among women of reproductive age (15-49 years) (percent),2015,%,41.8
Nigeria,Value,Prevalence of anemia among women of reproductive age (15-49 years) (percent),2016,%,41.2
Nigeria,Value,Prevalence of anemia among women of reproductive age (15-49 years) (percent),2017,%,40.7
Nigeria,Value,Prevalence of anemia among women of reproductive age (15-49 years) (percent),2018,%,40.1
Nigeria,Value,Prevalence of anemia among women of reproductive age (15-49 years) (percent),2019,%,39.5
Nigeria,Value,Prevalence of anemia among women of reproductive age (15-49 years) (percent),2020,%,38.9
Nigeria,Value,Prevalence of anemia among women of reproductive age (15-49 years) (percent),2021,%,38.4
Nigeria,Value,Prevalence of anemia among women of reproductive age (15-49 years) (percent),2022,%,38.1
Nigeria,Value,Prevalence of anemia among women of reproductive age (15-49 years) (percent),2023,%,37.9
Nigeria,Value,Number of women of reproductive age (15-49 years) affected by anemia (million),2001,million No,14.9
Nigeria,Value,Number of women of reproductive age (15-49 years) affected by anemia (million),2002,million No,15.2
Nigeria,Value,Number of women of reproductive age (15-49 years) affected by anemia (million),2003,million No,15.5
Nigeria,Value,Number of women of reproductive age (15-49 years) affected by anemia (million),2004,million No,15.8
Nigeria,Value,Number of women of reproductive age (15-49 years) affected by anemia (million),2005,million No,16
Nigeria,Value,Number of women of reproductive age (15-49 years) affected by anemia (million),2006,million No,16.3
Nigeria,Value,Number of women of reproductive age (15-49 years) affected by anemia (million),2007,million No,16.5
Nigeria,Value,Number of women of reproductive age (15-49 years) affected by anemia (million),2008,million No,16.6
Nigeria,Value,Number of women of reproductive age (15-49 years) affected by anemia (million),2009,million No,16.8
Nigeria,Value,Number of women of reproductive age (15-49 years) affected by anemia (million),2010,million No,17
Nigeria,Value,Number of women of reproductive age (15-49 years) affected by anemia (million),2011,million No,17.2
Nigeria,Value,Number of women of reproductive age (15-49 years) affected by anemia (million),2012,million No,17.4
Nigeria,Value,Number of women of reproductive age (15-49 years) affected by anemia (million),2013,million No,17.6
Nigeria,Value,Number of women of reproductive age (15-49 years) affected by anemia (million),2014,million No,17.8
Nigeria,Value,Number of women of reproductive age (15-49 years) affected by anemia (million),2015,million No,18.1
Nigeria,Value,Number of women of reproductive age (15-49 years) affected by anemia (million),2016,million No,18.3
Nigeria,Value,Number of women of reproductive age (15-49 years) affected by anemia (million),2017,million No,18.6
Nigeria,Value,Number of women of reproductive age (15-49 years) affected by anemia (million),2018,million No,18.9
Nigeria,Value,Number of women of reproductive age (15-49 years) affected by anemia (million),2019,million No,19.1
Nigeria,Value,Number of women of reproductive age (15-49 years) affected by anemia (million),2020,million No,19.4
Nigeria,Value,Number of women of reproductive age (15-49 years) affected by anemia (million),2021,million No,19.7
Nigeria,Value,Number of women of reproductive age (15-49 years) affected by anemia (million),2022,million No,20.1
Nigeria,Value,Number of women of reproductive age (15-49 years) affected by anemia (million),2023,million No,20.6
Nigeria,Value,Prevalence of exclusive breastfeeding among infants 0-5 months of age (percent),2003,%,15.6
Nigeria,Value,Prevalence of exclusive breastfeeding among infants 0-5 months of age (percent),2007,%,11.5
Nigeria,Value,Prevalence of exclusive breastfeeding among infants 0-5 months of age (percent),2008,%,12.5
Nigeria,Value,Prevalence of exclusive breastfeeding among infants 0-5 months of age (percent),2011,%,14.7
Nigeria,Value,Prevalence of exclusive breastfeeding among infants 0-5 months of age (percent),2013,%,16.9
Nigeria,Value,Prevalence of exclusive breastfeeding among infants 0-5 months of age (percent),2016,%,23.3
Nigeria,Value,Prevalence of exclusive breastfeeding among infants 0-5 months of age (percent),2018,%,28.7
Nigeria,Value,Prevalence of exclusive breastfeeding among infants 0-5 months of age (percent),2021,%,34.4
Nigeria,Value,Minimum dietary energy requirement (kcal/cap/day),2001,kcal/cap/d,1689
Nigeria,Value,Minimum dietary energy requirement (kcal/cap/day),2002,kcal/cap/d,1689
Nigeria,Value,Minimum dietary energy requirement (kcal/cap/day),2003,kcal/cap/d,1688
Nigeria,Value,Minimum dietary energy requirement (kcal/cap/day),2004,kcal/cap/d,1687
Nigeria,Value,Minimum dietary energy requirement (kcal/cap/day),2005,kcal/cap/d,1686
Nigeria,Value,Minimum dietary energy requirement (kcal/cap/day),2006,kcal/cap/d,1685
Nigeria,Value,Minimum dietary energy requirement (kcal/cap/day),2007,kcal/cap/d,1684
Nigeria,Value,Minimum dietary energy requirement (kcal/cap/day),2008,kcal/cap/d,1683
Nigeria,Value,Minimum dietary energy requirement (kcal/cap/day),2009,kcal/cap/d,1684
Nigeria,Value,Minimum dietary energy requirement (kcal/cap/day),2010,kcal/cap/d,1686
Nigeria,Value,Minimum dietary energy requirement (kcal/cap/day),2011,kcal/cap/d,1687
Nigeria,Value,Minimum dietary energy requirement (kcal/cap/day),2012,kcal/cap/d,1689
Nigeria,Value,Minimum dietary energy requirement (kcal/cap/day),2013,kcal/cap/d,1691
Nigeria,Value,Minimum dietary energy requirement (kcal/cap/day),2014,kcal/cap/d,1694
Nigeria,Value,Minimum dietary energy requirement (kcal/cap/day),2015,kcal/cap/d,1697
Nigeria,Value,Minimum dietary energy requirement (kcal/cap/day),2016,kcal/cap/d,1702
Nigeria,Value,Minimum dietary energy requirement (kcal/cap/day),2017,kcal/cap/d,1706
Nigeria,Value,Minimum dietary energy requirement (kcal/cap/day),2018,kcal/cap/d,1712
Nigeria,Value,Minimum dietary energy requirement (kcal/cap/day),2019,kcal/cap/d,1716
Nigeria,Value,Minimum dietary energy requirement (kcal/cap/day),2020,kcal/cap/d,1721
Nigeria,Value,Minimum dietary energy requirement (kcal/cap/day),2021,kcal/cap/d,1726
Nigeria,Value,Minimum dietary energy requirement (kcal/cap/day),2022,kcal/cap/d,1731
Nigeria,Value,Minimum dietary energy requirement (kcal/cap/day),2023,kcal/cap/d,1735
Nigeria,Value,Average dietary energy requirement (kcal/cap/day),2001,kcal/cap/d,2174
Nigeria,Value,Average dietary energy requirement (kcal/cap/day),2002,kcal/cap/d,2174
Nigeria,Value,Average dietary energy requirement (kcal/cap/day),2003,kcal/cap/d,2173
Nigeria,Value,Average dietary energy requirement (kcal/cap/day),2004,kcal/cap/d,2171
Nigeria,Value,Average dietary energy requirement (kcal/cap/day),2005,kcal/cap/d,2169
Nigeria,Value,Average dietary energy requirement (kcal/cap/day),2006,kcal/cap/d,2168
Nigeria,Value,Average dietary energy requirement (kcal/cap/day),2007,kcal/cap/d,2166
Nigeria,Value,Average dietary energy requirement (kcal/cap/day),2008,kcal/cap/d,2165
Nigeria,Value,Average dietary energy requirement (kcal/cap/day),2009,kcal/cap/d,2166
Nigeria,Value,Average dietary energy requirement (kcal/cap/day),2010,kcal/cap/d,2167
Nigeria,Value,Average dietary energy requirement (kcal/cap/day),2011,kcal/cap/d,2169
Nigeria,Value,Average dietary energy requirement (kcal/cap/day),2012,kcal/cap/d,2171
Nigeria,Value,Average dietary energy requirement (kcal/cap/day),2013,kcal/cap/d,2174
Nigeria,Value,Average dietary energy requirement (kcal/cap/day),2014,kcal/cap/d,2178
Nigeria,Value,Average dietary energy requirement (kcal/cap/day),2015,kcal/cap/d,2183
Nigeria,Value,Average dietary energy requirement (kcal/cap/day),2016,kcal/cap/d,2188
Nigeria,Value,Average dietary energy requirement (kcal/cap/day),2017,kcal/cap/d,2195
Nigeria,Value,Average dietary energy requirement (kcal/cap/day),2018,kcal/cap/d,2203
Nigeria,Value,Average dietary energy requirement (kcal/cap/day),2019,kcal/cap/d,2209
Nigeria,Value,Average dietary energy requirement (kcal/cap/day),2020,kcal/cap/d,2217
Nigeria,Value,Average dietary energy requirement (kcal/cap/day),2021,kcal/cap/d,2224
Nigeria,Value,Average dietary energy requirement (kcal/cap/day),2022,kcal/cap/d,2231
Nigeria,Value,Average dietary energy requirement (kcal/cap/day),2023,kcal/cap/d,2238
Nigeria,Value,Coefficient of variation of habitual caloric consumption distribution (real number),2001,No,0.28
Nigeria,Value,Coefficient of variation of habitual caloric consumption distribution (real number),2002,No,0.28
Nigeria,Value,Coefficient of variation of habitual caloric consumption distribution (real number),2003,No,0.28
Nigeria,Value,Coefficient of variation of habitual caloric consumption distribution (real number),2004,No,0.28
Nigeria,Value,Coefficient of variation of habitual caloric consumption distribution (real number),2005,No,0.28
Nigeria,Value,Coefficient of variation of habitual caloric consumption distribution (real number),2006,No,0.28
Nigeria,Value,Coefficient of variation of habitual caloric consumption distribution (real number),2007,No,0.28
Nigeria,Value,Coefficient of variation of habitual caloric consumption distribution (real number),2008,No,0.28
Nigeria,Value,Coefficient of variation of habitual caloric consumption distribution (real number),2009,No,0.28
Nigeria,Value,Coefficient of variation of habitual caloric consumption distribution (real number),2010,No,0.28
Nigeria,Value,Coefficient of variation of habitual caloric consumption distribution (real number),2011,No,0.28
Nigeria,Value,Coefficient of variation of habitual caloric consumption distribution (real number),2012,No,0.28
Nigeria,Value,Coefficient of variation of habitual caloric consumption distribution (real number),2013,No,0.28
Nigeria,Value,Coefficient of variation of habitual caloric consumption distribution (real number),2014,No,0.28
Nigeria,Value,Coefficient of variation of habitual caloric consumption distribution (real number),2015,No,0.28
Nigeria,Value,Coefficient of variation of habitual caloric consumption distribution (real number),2016,No,0.28
Nigeria,Value,Coefficient of variation of habitual caloric consumption distribution (real number),2017,No,0.28
Nigeria,Value,Coefficient of variation of habitual caloric consumption distribution (real number),2018,No,0.28
Nigeria,Value,Coefficient of variation of habitual caloric consumption distribution (real number),2019,No,0.28
Nigeria,Value,Coefficient of variation of habitual caloric consumption distribution (real number),2020,No,0.32
Nigeria,Value,Coefficient of variation of habitual caloric consumption distribution (real number),2021,No,0.33
Nigeria,Value,Coefficient of variation of habitual caloric consumption distribution (real number),2022,No,0.33
Nigeria,Value,Coefficient of variation of habitual caloric consumption distribution (real number),2023,No,0.33
Nigeria,Value,Incidence of caloric losses at retail distribution level (percent),2001,%,3.16
Nigeria,Value,Incidence of caloric losses at retail distribution level (percent),2002,%,3.11
Nigeria,Value,Incidence of caloric losses at retail distribution level (percent),2003,%,3.14
Nigeria,Value,Incidence of caloric losses at retail distribution level (percent),2004,%,3.2
Nigeria,Value,Incidence of caloric losses at retail distribution level (percent),2005,%,3.15
Nigeria,Value,Incidence of caloric losses at retail distribution level (percent),2006,%,3.21
Nigeria,Value,Incidence of caloric losses at retail distribution level (percent),2007,%,3.21
Nigeria,Value,Incidence of caloric losses at retail distribution level (percent),2008,%,3.16
Nigeria,Value,Incidence of caloric losses at retail distribution level (percent),2009,%,3.18
Nigeria,Value,Incidence of caloric losses at retail distribution level (percent),2010,%,3.46
Nigeria,Value,Incidence of caloric losses at retail distribution level (percent),2011,%,3.48
Nigeria,Value,Incidence of caloric losses at retail distribution level (percent),2012,%,3.46
Nigeria,Value,Incidence of caloric losses at retail distribution level (percent),2013,%,3.44
Nigeria,Value,Incidence of caloric losses at retail distribution level (percent),2014,%,3.49
Nigeria,Value,Incidence of caloric losses at retail distribution level (percent),2015,%,3.47
Nigeria,Value,Incidence of caloric losses at retail distribution level (percent),2016,%,3.46
Nigeria,Value,Incidence of caloric losses at retail distribution level (percent),2017,%,3.42
Nigeria,Value,Incidence of caloric losses at retail distribution level (percent),2018,%,3.42
Nigeria,Value,Incidence of caloric losses at retail distribution level (percent),2019,%,3.39
Nigeria,Value,Incidence of caloric losses at retail distribution level (percent),2020,%,3.39
Nigeria,Value,Incidence of caloric losses at retail distribution level (percent),2021,%,3.58
Nigeria,Value,Incidence of caloric losses at retail distribution level (percent),2022,%,3.64
Nigeria,Value,Incidence of caloric losses at retail distribution level (percent),2023,%,3.64
Senegal,Value,Dietary energy supply used in the estimation of the prevalence of undernourishment (kcal/cap/day),2001,kcal/cap/d,2253
Senegal,Value,Dietary energy supply used in the estimation of the prevalence of undernourishment (kcal/cap/day),2002,kcal/cap/d,2227
Senegal,Value,Dietary energy supply used in the estimation of the prevalence of undernourishment (kcal/cap/day),2003,kcal/cap/d,2313
Senegal,Value,Dietary energy supply used in the estimation of the prevalence of undernourishment (kcal/cap/day),2004,kcal/cap/d,2340
Senegal,Value,Dietary energy supply used in the estimation of the prevalence of undernourishment (kcal/cap/day),2005,kcal/cap/d,2327
Senegal,Value,Dietary energy supply used in the estimation of the prevalence of undernourishment (kcal/cap/day),2006,kcal/cap/d,2400
Senegal,Value,Dietary energy supply used in the estimation of the prevalence of undernourishment (kcal/cap/day),2007,kcal/cap/d,2429
Senegal,Value,Dietary energy supply used in the estimation of the prevalence of undernourishment (kcal/cap/day),2008,kcal/cap/d,2524
Senegal,Value,Dietary energy supply used in the estimation of the prevalence of undernourishment (kcal/cap/day),2009,kcal/cap/d,2525
Senegal,Value,Dietary energy supply used in the estimation of the prevalence of undernourishment (kcal/cap/day),2010,kcal/cap/d,2477
Senegal,Value,Dietary energy supply used in the estimation of the prevalence of undernourishment (kcal/cap/day),2011,kcal/cap/d,2463
Senegal,Value,Dietary energy supply used in the estimation of the prevalence of undernourishment (kcal/cap/day),2012,kcal/cap/d,2495
Senegal,Value,Dietary energy supply used in the estimation of the prevalence of undernourishment (kcal/cap/day),2013,kcal/cap/d,2452
Senegal,Value,Dietary energy supply used in the estimation of the prevalence of undernourishment (kcal/cap/day),2014,kcal/cap/d,2477
Senegal,Value,Dietary energy supply used in the estimation of the prevalence of undernourishment (kcal/cap/day),2015,kcal/cap/d,2509
Senegal,Value,Dietary energy supply used in the estimation of the prevalence of undernourishment (kcal/cap/day),2016,kcal/cap/d,2572
Senegal,Value,Dietary energy supply used in the estimation of the prevalence of undernourishment (kcal/cap/day),2017,kcal/cap/d,2615
Senegal,Value,Dietary energy supply used in the estimation of the prevalence of undernourishment (kcal/cap/day),2018,kcal/cap/d,2646
Senegal,Value,Dietary energy supply used in the estimation of the prevalence of undernourishment (kcal/cap/day),2019,kcal/cap/d,2704
Senegal,Value,Dietary energy supply used in the estimation of the prevalence of undernourishment (kcal/cap/day),2020,kcal/cap/d,2776
Senegal,Value,Dietary energy supply used in the estimation of the prevalence of undernourishment (kcal/cap/day),2021,kcal/cap/d,2792
Senegal,Value,Dietary energy supply used in the estimation of the prevalence of undernourishment (kcal/cap/day),2022,kcal/cap/d,2828
Senegal,Value,Dietary energy supply used in the estimation of the prevalence of undernourishment (kcal/cap/day),2023,kcal/cap/d,2898
Senegal,Value,Rail lines density (total route in km per 100 square km of land area),2001,km,0.5
Senegal,Value,Rail lines density (total route in km per 100 square km of land area),2002,km,0.5
Senegal,Value,Rail lines density (total route in km per 100 square km of land area),2003,km,0.5
Senegal,Value,Rail lines density (total route in km per 100 square km of land area),2004,km,0.5
Senegal,Value,"Gross domestic product per capita, PPP, (constant 2021 international $)",2001,Int$/cap,3149
Senegal,Value,"Gross domestic product per capita, PPP, (constant 2021 international $)",2002,Int$/cap,3075
Senegal,Value,"Gross domestic product per capita, PPP, (constant 2021 international $)",2003,Int$/cap,3170
Senegal,Value,"Gross domestic product per capita, PPP, (constant 2021 international $)",2004,Int$/cap,3240
Senegal,Value,"Gross domestic product per capita, PPP, (constant 2021 international $)",2005,Int$/cap,3302
Senegal,Value,"Gross domestic product per capita, PPP, (constant 2021 international $)",2006,Int$/cap,3301
Senegal,Value,"Gross domestic product per capita, PPP, (constant 2021 international $)",2007,Int$/cap,3316
Senegal,Value,"Gross domestic product per capita, PPP, (constant 2021 international $)",2008,Int$/cap,3360
Senegal,Value,"Gross domestic product per capita, PPP, (constant 2021 international $)",2009,Int$/cap,3372
Senegal,Value,"Gross domestic product per capita, PPP, (constant 2021 international $)",2010,Int$/cap,3404
Senegal,Value,"Gross domestic product per capita, PPP, (constant 2021 international $)",2011,Int$/cap,3363
Senegal,Value,"Gross domestic product per capita, PPP, (constant 2021 international $)",2012,Int$/cap,3405
Senegal,Value,"Gross domestic product per capita, PPP, (constant 2021 international $)",2013,Int$/cap,3385
Senegal,Value,"Gross domestic product per capita, PPP, (constant 2021 international $)",2014,Int$/cap,3484
Senegal,Value,"Gross domestic product per capita, PPP, (constant 2021 international $)",2015,Int$/cap,3594
Senegal,Value,"Gross domestic product per capita, PPP, (constant 2021 international $)",2016,Int$/cap,3710
Senegal,Value,"Gross domestic product per capita, PPP, (constant 2021 international $)",2017,Int$/cap,3872
Senegal,Value,"Gross domestic product per capita, PPP, (constant 2021 international $)",2018,Int$/cap,3998
Senegal,Value,"Gross domestic product per capita, PPP, (constant 2021 international $)",2019,Int$/cap,4071
Senegal,Value,"Gross domestic product per capita, PPP, (constant 2021 international $)",2020,Int$/cap,4018
Senegal,Value,"Gross domestic product per capita, PPP, (constant 2021 international $)",2021,Int$/cap,4174
Senegal,Value,"Gross domestic product per capita, PPP, (constant 2021 international $)",2022,Int$/cap,4229
Senegal,Value,"Gross domestic product per capita, PPP, (constant 2021 international $)",2023,Int$/cap,4305
Senegal,Value,Political stability and absence of violence/terrorism (index),2002,,-0.27
Senegal,Value,Political stability and absence of violence/terrorism (index),2003,,-0.25
Senegal,Value,Political stability and absence of violence/terrorism (index),2004,,0.03
Senegal,Value,Political stability and absence of violence/terrorism (index),2005,,-0.2
Senegal,Value,Political stability and absence of violence/terrorism (index),2006,,-0.26
Senegal,Value,Political stability and absence of violence/terrorism (index),2007,,-0.24
Senegal,Value,Political stability and absence of violence/terrorism (index),2008,,-0.15
Senegal,Value,Political stability and absence of violence/terrorism (index),2009,,-0.21
Senegal,Value,Political stability and absence of violence/terrorism (index),2010,,-0.42
Senegal,Value,Political stability and absence of violence/terrorism (index),2011,,-0.28
Senegal,Value,Political stability and absence of violence/terrorism (index),2012,,-0.11
Senegal,Value,Political stability and absence of violence/terrorism (index),2013,,-0.06
Senegal,Value,Political stability and absence of violence/terrorism (index),2014,,-0.2
Senegal,Value,Political stability and absence of violence/terrorism (index),2015,,-0.12
Senegal,Value,Political stability and absence of violence/terrorism (index),2016,,-0.23
Senegal,Value,Political stability and absence of violence/terrorism (index),2017,,-0.06
Senegal,Value,Political stability and absence of violence/terrorism (index),2018,,-0.11
Senegal,Value,Political stability and absence of violence/terrorism (index),2019,,0.04
Senegal,Value,Political stability and absence of violence/terrorism (index),2020,,-0.14
Senegal,Value,Political stability and absence of violence/terrorism (index),2021,,-0.18
Senegal,Value,Political stability and absence of violence/terrorism (index),2022,,-0.16
Senegal,Value,Per capita food supply variability (kcal/cap/day),2001,kcal/cap/d,28
Senegal,Value,Per capita food supply variability (kcal/cap/day),2002,kcal/cap/d,26
Senegal,Value,Per capita food supply variability (kcal/cap/day),2003,kcal/cap/d,29
Senegal,Value,Per capita food supply variability (kcal/cap/day),2004,kcal/cap/d,28
Senegal,Value,Per capita food supply variability (kcal/cap/day),2005,kcal/cap/d,28
Senegal,Value,Per capita food supply variability (kcal/cap/day),2006,kcal/cap/d,28
Senegal,Value,Per capita food supply variability (kcal/cap/day),2007,kcal/cap/d,34
Senegal,Value,Per capita food supply variability (kcal/cap/day),2008,kcal/cap/d,24
Senegal,Value,Per capita food supply variability (kcal/cap/day),2009,kcal/cap/d,51
Senegal,Value,Per capita food supply variability (kcal/cap/day),2010,kcal/cap/d,55
Senegal,Value,Per capita food supply variability (kcal/cap/day),2011,kcal/cap/d,41
Senegal,Value,Per capita food supply variability (kcal/cap/day),2012,kcal/cap/d,50
Senegal,Value,Per capita food supply variability (kcal/cap/day),2013,kcal/cap/d,55
Senegal,Value,Per capita food supply variability (kcal/cap/day),2014,kcal/cap/d,58
Senegal,Value,Per capita food supply variability (kcal/cap/day),2015,kcal/cap/d,41
Senegal,Value,Per capita food supply variability (kcal/cap/day),2016,kcal/cap/d,33
Senegal,Value,Per capita food supply variability (kcal/cap/day),2017,kcal/cap/d,30
Senegal,Value,Per capita food supply variability (kcal/cap/day),2018,kcal/cap/d,25
Senegal,Value,Per capita food supply variability (kcal/cap/day),2019,kcal/cap/d,25
Senegal,Value,Per capita food supply variability (kcal/cap/day),2020,kcal/cap/d,24
Senegal,Value,Per capita food supply variability (kcal/cap/day),2021,kcal/cap/d,26
Senegal,Value,Per capita food supply variability (kcal/cap/day),2022,kcal/cap/d,22
Senegal,Value,Per capita food supply variability (kcal/cap/day),2023,kcal/cap/d,20
Senegal,Value,Percentage of population using safely managed drinking water services (percent),2001,%,20
Senegal,Value,Percentage of population using safely managed drinking water services (percent),2002,%,20
Senegal,Value,Percentage of population using safely managed drinking water services (percent),2003,%,21
Senegal,Value,Percentage of population using safely managed drinking water services (percent),2004,%,21
Senegal,Value,Percentage of population using safely managed drinking water services (percent),2005,%,21
Senegal,Value,Percentage of population using safely managed drinking water services (percent),2006,%,22
Senegal,Value,Percentage of population using safely managed drinking water services (percent),2007,%,22
Senegal,Value,Percentage of population using safely managed drinking water services (percent),2008,%,22
Senegal,Value,Percentage of population using safely managed drinking water services (percent),2009,%,23
Senegal,Value,Percentage of population using safely managed drinking water services (percent),2010,%,23
Senegal,Value,Percentage of population using safely managed drinking water services (percent),2011,%,23
Senegal,Value,Percentage of population using safely managed drinking water services (percent),2012,%,24
Senegal,Value,Percentage of population using safely managed drinking water services (percent),2013,%,24
Senegal,Value,Percentage of population using safely managed drinking water services (percent),2014,%,24
Senegal,Value,Percentage of population using safely managed drinking water services (percent),2015,%,24
Senegal,Value,Percentage of population using safely managed drinking water services (percent),2016,%,25
Senegal,Value,Percentage of population using safely managed drinking water services (percent),2017,%,25
Senegal,Value,Percentage of population using safely managed drinking water services (percent),2018,%,25
Senegal,Value,Percentage of population using safely managed drinking water services (percent),2019,%,26
Senegal,Value,Percentage of population using safely managed drinking water services (percent),2020,%,26
Senegal,Value,Percentage of population using safely managed drinking water services (percent),2021,%,26
Senegal,Value,Percentage of population using safely managed drinking water services (percent),2022,%,27
Senegal,Value,Percentage of population using at least basic drinking water services (percent),2001,%,61
Senegal,Value,Percentage of population using at least basic drinking water services (percent),2002,%,62
Senegal,Value,Percentage of population using at least basic drinking water services (percent),2003,%,63
Senegal,Value,Percentage of population using at least basic drinking water services (percent),2004,%,64
Senegal,Value,Percentage of population using at least basic drinking water services (percent),2005,%,66
Senegal,Value,Percentage of population using at least basic drinking water services (percent),2006,%,67
Senegal,Value,Percentage of population using at least basic drinking water services (percent),2007,%,68
Senegal,Value,Percentage of population using at least basic drinking water services (percent),2008,%,69
Senegal,Value,Percentage of population using at least basic drinking water services (percent),2009,%,71
Senegal,Value,Percentage of population using at least basic drinking water services (percent),2010,%,72
Senegal,Value,Percentage of population using at least basic drinking water services (percent),2011,%,73
Senegal,Value,Percentage of population using at least basic drinking water services (percent),2012,%,74
Senegal,Value,Percentage of population using at least basic drinking water services (percent),2013,%,76
Senegal,Value,Percentage of population using at least basic drinking water services (percent),2014,%,77
Senegal,Value,Percentage of population using at least basic drinking water services (percent),2015,%,78
Senegal,Value,Percentage of population using at least basic drinking water services (percent),2016,%,79
Senegal,Value,Percentage of population using at least basic drinking water services (percent),2017,%,80
Senegal,Value,Percentage of population using at least basic drinking water services (percent),2018,%,82
Senegal,Value,Percentage of population using at least basic drinking water services (percent),2019,%,83
Senegal,Value,Percentage of population using at least basic drinking water services (percent),2020,%,84
Senegal,Value,Percentage of population using at least basic drinking water services (percent),2021,%,85
Senegal,Value,Percentage of population using at least basic drinking water services (percent),2022,%,86
Senegal,Value,Percentage of population using safely managed sanitation services (percent),2001,%,17
Senegal,Value,Percentage of population using safely managed sanitation services (percent),2002,%,17
Senegal,Value,Percentage of population using safely managed sanitation services (percent),2003,%,18
Senegal,Value,Percentage of population using safely managed sanitation services (percent),2004,%,18
Senegal,Value,Percentage of population using safely managed sanitation services (percent),2005,%,18
Senegal,Value,Percentage of population using safely managed sanitation services (percent),2006,%,19
Senegal,Value,Percentage of population using safely managed sanitation services (percent),2007,%,19
Senegal,Value,Percentage of population using safely managed sanitation services (percent),2008,%,20
Senegal,Value,Percentage of population using safely managed sanitation services (percent),2009,%,20
Senegal,Value,Percentage of population using safely managed sanitation services (percent),2010,%,20
Senegal,Value,Percentage of population using safely managed sanitation services (percent),2011,%,19
Senegal,Value,Percentage of population using safely managed sanitation services (percent),2012,%,19
Senegal,Value,Percentage of population using safely managed sanitation services (percent),2013,%,18
Senegal,Value,Percentage of population using safely managed sanitation services (percent),2014,%,18
Senegal,Value,Percentage of population using safely managed sanitation services (percent),2015,%,17
Senegal,Value,Percentage of population using safely managed sanitation services (percent),2016,%,16
Senegal,Value,Percentage of population using safely managed sanitation services (percent),2017,%,16
Senegal,Value,Percentage of population using safely managed sanitation services (percent),2018,%,15
Senegal,Value,Percentage of population using safely managed sanitation services (percent),2019,%,14
Senegal,Value,Percentage of population using safely managed sanitation services (percent),2020,%,14
Senegal,Value,Percentage of population using safely managed sanitation services (percent),2021,%,14
Senegal,Value,Percentage of population using safely managed sanitation services (percent),2022,%,14
Senegal,Value,Percentage of population using at least basic sanitation services (percent),2001,%,38
Senegal,Value,Percentage of population using at least basic sanitation services (percent),2002,%,39
Senegal,Value,Percentage of population using at least basic sanitation services (percent),2003,%,40
Senegal,Value,Percentage of population using at least basic sanitation services (percent),2004,%,41
Senegal,Value,Percentage of population using at least basic sanitation services (percent),2005,%,42
Senegal,Value,Percentage of population using at least basic sanitation services (percent),2006,%,43
Senegal,Value,Percentage of population using at least basic sanitation services (percent),2007,%,44
Senegal,Value,Percentage of population using at least basic sanitation services (percent),2008,%,45
Senegal,Value,Percentage of population using at least basic sanitation services (percent),2009,%,46
Senegal,Value,Percentage of population using at least basic sanitation services (percent),2010,%,48
Senegal,Value,Percentage of population using at least basic sanitation services (percent),2011,%,49
Senegal,Value,Percentage of population using at least basic sanitation services (percent),2012,%,50
Senegal,Value,Percentage of population using at least basic sanitation services (percent),2013,%,51
Senegal,Value,Percentage of population using at least basic sanitation services (percent),2014,%,52
Senegal,Value,Percentage of population using at least basic sanitation services (percent),2015,%,53
Senegal,Value,Percentage of population using at least basic sanitation services (percent),2016,%,54
Senegal,Value,Percentage of population using at least basic sanitation services (percent),2017,%,55
Senegal,Value,Percentage of population using at least basic sanitation services (percent),2018,%,56
Senegal,Value,Percentage of population using at least basic sanitation services (percent),2019,%,57
Senegal,Value,Percentage of population using at least basic sanitation services (percent),2020,%,58
Senegal,Value,Percentage of population using at least basic sanitation services (percent),2021,%,59
Senegal,Value,Percentage of population using at least basic sanitation services (percent),2022,%,60
Senegal,Value,Percentage of children under 5 years affected by wasting (percent),2005,%,8.7
Senegal,Value,Percentage of children under 5 years affected by wasting (percent),2011,%,9.8
Senegal,Value,Percentage of children under 5 years affected by wasting (percent),2012,%,8.7
Senegal,Value,Percentage of children under 5 years affected by wasting (percent),2013,%,9
Senegal,Value,Percentage of children under 5 years affected by wasting (percent),2014,%,8
Senegal,Value,Percentage of children under 5 years affected by wasting (percent),2015,%,8.9
Senegal,Value,Percentage of children under 5 years affected by wasting (percent),2016,%,7.1
Senegal,Value,Percentage of children under 5 years affected by wasting (percent),2017,%,9
Senegal,Value,Percentage of children under 5 years affected by wasting (percent),2018,%,7.8
Senegal,Value,Percentage of children under 5 years affected by wasting (percent),2019,%,8.1
Senegal,Value,Percentage of children under 5 years affected by wasting (percent),2023,%,10.2
Senegal,Value,Number of children under 5 years affected by wasting (million),2005,million No,0.2
Senegal,Value,Number of children under 5 years affected by wasting (million),2011,million No,0.2
Senegal,Value,Number of children under 5 years affected by wasting (million),2012,million No,0.2
Senegal,Value,Number of children under 5 years affected by wasting (million),2013,million No,0.2
Senegal,Value,Number of children under 5 years affected by wasting (million),2014,million No,0.2
Senegal,Value,Number of children under 5 years affected by wasting (million),2015,million No,0.2
Senegal,Value,Number of children under 5 years affected by wasting (million),2016,million No,0.2
Senegal,Value,Number of children under 5 years affected by wasting (million),2017,million No,0.2
Senegal,Value,Number of children under 5 years affected by wasting (million),2018,million No,0.2
Senegal,Value,Number of children under 5 years affected by wasting (million),2019,million No,0.2
Senegal,Value,Number of children under 5 years affected by wasting (million),2023,million No,0.3
Senegal,Value,Percentage of children under 5 years of age who are stunted (modelled estimates) (percent),2001,%,24
Senegal,Value,Percentage of children under 5 years of age who are stunted (modelled estimates) (percent),2002,%,23.3
Senegal,Value,Percentage of children under 5 years of age who are stunted (modelled estimates) (percent),2003,%,22.7
Senegal,Value,Percentage of children under 5 years of age who are stunted (modelled estimates) (percent),2004,%,22
Senegal,Value,Percentage of children under 5 years of age who are stunted (modelled estimates) (percent),2005,%,21.5
Senegal,Value,Percentage of children under 5 years of age who are stunted (modelled estimates) (percent),2006,%,20.9
Senegal,Value,Percentage of children under 5 years of age who are stunted (modelled estimates) (percent),2007,%,20.3
Senegal,Value,Percentage of children under 5 years of age who are stunted (modelled estimates) (percent),2008,%,19.7
Senegal,Value,Percentage of children under 5 years of age who are stunted (modelled estimates) (percent),2009,%,19.2
Senegal,Value,Percentage of children under 5 years of age who are stunted (modelled estimates) (percent),2010,%,18.7
Senegal,Value,Percentage of children under 5 years of age who are stunted (modelled estimates) (percent),2011,%,18.4
Senegal,Value,Percentage of children under 5 years of age who are stunted (modelled estimates) (percent),2012,%,18.2
Senegal,Value,Percentage of children under 5 years of age who are stunted (modelled estimates) (percent),2013,%,18.2
Senegal,Value,Percentage of children under 5 years of age who are stunted (modelled estimates) (percent),2014,%,18.2
Senegal,Value,Percentage of children under 5 years of age who are stunted (modelled estimates) (percent),2015,%,18.2
Senegal,Value,Percentage of children under 5 years of age who are stunted (modelled estimates) (percent),2016,%,18.1
Senegal,Value,Percentage of children under 5 years of age who are stunted (modelled estimates) (percent),2017,%,17.9
Senegal,Value,Percentage of children under 5 years of age who are stunted (modelled estimates) (percent),2018,%,17.6
Senegal,Value,Percentage of children under 5 years of age who are stunted (modelled estimates) (percent),2019,%,17.3
Senegal,Value,Percentage of children under 5 years of age who are stunted (modelled estimates) (percent),2020,%,17
Senegal,Value,Percentage of children under 5 years of age who are stunted (modelled estimates) (percent),2021,%,16.9
Senegal,Value,Percentage of children under 5 years of age who are stunted (modelled estimates) (percent),2022,%,17
Senegal,Value,Percentage of children under 5 years of age who are stunted (modelled estimates) (percent),2023,%,17.2
Senegal,Value,Number of children under 5 years of age who are stunted (modeled estimates) (million),2001,million No,0.4
Senegal,Value,Number of children under 5 years of age who are stunted (modeled estimates) (million),2002,million No,0.4
Senegal,Value,Number of children under 5 years of age who are stunted (modeled estimates) (million),2003,million No,0.4
Senegal,Value,Number of children under 5 years of age who are stunted (modeled estimates) (million),2004,million No,0.4
Senegal,Value,Number of children under 5 years of age who are stunted (modeled estimates) (million),2005,million No,0.4
Senegal,Value,Number of children under 5 years of age who are stunted (modeled estimates) (million),2006,million No,0.4
Senegal,Value,Number of children under 5 years of age who are stunted (modeled estimates) (million),2007,million No,0.4
Senegal,Value,Number of children under 5 years of age who are stunted (modeled estimates) (million),2008,million No,0.4
Senegal,Value,Number of children under 5 years of age who are stunted (modeled estimates) (million),2009,million No,0.4
Senegal,Value,Number of children under 5 years of age who are stunted (modeled estimates) (million),2010,million No,0.4
Senegal,Value,Number of children under 5 years of age who are stunted (modeled estimates) (million),2011,million No,0.4
Senegal,Value,Number of children under 5 years of age who are stunted (modeled estimates) (million),2012,million No,0.4
Senegal,Value,Number of children under 5 years of age who are stunted (modeled estimates) (million),2013,million No,0.4
Senegal,Value,Number of children under 5 years of age who are stunted (modeled estimates) (million),2014,million No,0.4
Senegal,Value,Number of children under 5 years of age who are stunted (modeled estimates) (million),2015,million No,0.4
Senegal,Value,Number of children under 5 years of age who are stunted (modeled estimates) (million),2016,million No,0.4
Senegal,Value,Number of children under 5 years of age who are stunted (modeled estimates) (million),2017,million No,0.4
Senegal,Value,Number of children under 5 years of age who are stunted (modeled estimates) (million),2018,million No,0.4
Senegal,Value,Number of children under 5 years of age who are stunted (modeled estimates) (million),2019,million No,0.4
Senegal,Value,Number of children under 5 years of age who are stunted (modeled estimates) (million),2020,million No,0.4
Senegal,Value,Number of children under 5 years of age who are stunted (modeled estimates) (million),2021,million No,0.4
Senegal,Value,Number of children under 5 years of age who are stunted (modeled estimates) (million),2022,million No,0.4
Senegal,Value,Number of children under 5 years of age who are stunted (modeled estimates) (million),2023,million No,0.4
Senegal,Value,Percentage of children under 5 years of age who are overweight (modelled estimates) (percent),2001,%,2.5
Senegal,Value,Percentage of children under 5 years of age who are overweight (modelled estimates) (percent),2002,%,2.3
Senegal,Value,Percentage of children under 5 years of age who are overweight (modelled estimates) (percent),2003,%,2.2
Senegal,Value,Percentage of children under 5 years of age who are overweight (modelled estimates) (percent),2004,%,2.1
Senegal,Value,Percentage of children under 5 years of age who are overweight (modelled estimates) (percent),2005,%,1.9
Senegal,Value,Percentage of children under 5 years of age who are overweight (modelled estimates) (percent),2006,%,1.8
Senegal,Value,Percentage of children under 5 years of age who are overweight (modelled estimates) (percent),2007,%,1.7
Senegal,Value,Percentage of children under 5 years of age who are overweight (modelled estimates) (percent),2008,%,1.6
Senegal,Value,Percentage of children under 5 years of age who are overweight (modelled estimates) (percent),2009,%,1.5
Senegal,Value,Percentage of children under 5 years of age who are overweight (modelled estimates) (percent),2010,%,1.5
Senegal,Value,Percentage of children under 5 years of age who are overweight (modelled estimates) (percent),2011,%,1.4
Senegal,Value,Percentage of children under 5 years of age who are overweight (modelled estimates) (percent),2012,%,1.4
Senegal,Value,Percentage of children under 5 years of age who are overweight (modelled estimates) (percent),2013,%,1.3
Senegal,Value,Percentage of children under 5 years of age who are overweight (modelled estimates) (percent),2014,%,1.3
Senegal,Value,Percentage of children under 5 years of age who are overweight (modelled estimates) (percent),2015,%,1.3
Senegal,Value,Percentage of children under 5 years of age who are overweight (modelled estimates) (percent),2016,%,1.3
Senegal,Value,Percentage of children under 5 years of age who are overweight (modelled estimates) (percent),2017,%,1.3
Senegal,Value,Percentage of children under 5 years of age who are overweight (modelled estimates) (percent),2018,%,1.3
Senegal,Value,Percentage of children under 5 years of age who are overweight (modelled estimates) (percent),2019,%,1.4
Senegal,Value,Percentage of children under 5 years of age who are overweight (modelled estimates) (percent),2020,%,1.5
Senegal,Value,Percentage of children under 5 years of age who are overweight (modelled estimates) (percent),2021,%,1.6
Senegal,Value,Percentage of children under 5 years of age who are overweight (modelled estimates) (percent),2022,%,1.7
Senegal,Value,Percentage of children under 5 years of age who are overweight (modelled estimates) (percent),2023,%,1.9
Senegal,Value,Number of children under 5 years of age who are overweight (modeled estimates) (million),2001,million No,<0.1
Senegal,Value,Number of children under 5 years of age who are overweight (modeled estimates) (million),2002,million No,<0.1
Senegal,Value,Number of children under 5 years of age who are overweight (modeled estimates) (million),2003,million No,<0.1
Senegal,Value,Number of children under 5 years of age who are overweight (modeled estimates) (million),2004,million No,<0.1
Senegal,Value,Number of children under 5 years of age who are overweight (modeled estimates) (million),2005,million No,<0.1
Senegal,Value,Number of children under 5 years of age who are overweight (modeled estimates) (million),2006,million No,<0.1
Senegal,Value,Number of children under 5 years of age who are overweight (modeled estimates) (million),2007,million No,<0.1
Senegal,Value,Number of children under 5 years of age who are overweight (modeled estimates) (million),2008,million No,<0.1
Senegal,Value,Number of children under 5 years of age who are overweight (modeled estimates) (million),2009,million No,<0.1
Senegal,Value,Number of children under 5 years of age who are overweight (modeled estimates) (million),2010,million No,<0.1
Senegal,Value,Number of children under 5 years of age who are overweight (modeled estimates) (million),2011,million No,<0.1
Senegal,Value,Number of children under 5 years of age who are overweight (modeled estimates) (million),2012,million No,<0.1
Senegal,Value,Number of children under 5 years of age who are overweight (modeled estimates) (million),2013,million No,<0.1
Senegal,Value,Number of children under 5 years of age who are overweight (modeled estimates) (million),2014,million No,<0.1
Senegal,Value,Number of children under 5 years of age who are overweight (modeled estimates) (million),2015,million No,<0.1
Senegal,Value,Number of children under 5 years of age who are overweight (modeled estimates) (million),2016,million No,<0.1
Senegal,Value,Number of children under 5 years of age who are overweight (modeled estimates) (million),2017,million No,<0.1
Senegal,Value,Number of children under 5 years of age who are overweight (modeled estimates) (million),2018,million No,<0.1
Senegal,Value,Number of children under 5 years of age who are overweight (modeled estimates) (million),2019,million No,<0.1
Senegal,Value,Number of children under 5 years of age who are overweight (modeled estimates) (million),2020,million No,<0.1
Senegal,Value,Number of children under 5 years of age who are overweight (modeled estimates) (million),2021,million No,<0.1
Senegal,Value,Number of children under 5 years of age who are overweight (modeled estimates) (million),2022,million No,<0.1
Senegal,Value,Number of children under 5 years of age who are overweight (modeled estimates) (million),2023,million No,<0.1
Senegal,Value,Prevalence of obesity in the adult population (18 years and older) (percent),2001,%,4.9
Senegal,Value,Prevalence of obesity in the adult population (18 years and older) (percent),2002,%,5.2
Senegal,Value,Prevalence of obesity in the adult population (18 years and older) (percent),2003,%,5.5
Senegal,Value,Prevalence of obesity in the adult population (18 years and older) (percent),2004,%,5.8
Senegal,Value,Prevalence of obesity in the adult population (18 years and older) (percent),2005,%,6.1
Senegal,Value,Prevalence of obesity in the adult population (18 years and older) (percent),2006,%,6.3
Senegal,Value,Prevalence of obesity in the adult population (18 years and older) (percent),2007,%,6.6
Senegal,Value,Prevalence of obesity in the adult population (18 years and older) (percent),2008,%,6.8
Senegal,Value,Prevalence of obesity in the adult population (18 years and older) (percent),2009,%,7.1
Senegal,Value,Prevalence of obesity in the adult population (18 years and older) (percent),2010,%,7.3
Senegal,Value,Prevalence of obesity in the adult population (18 years and older) (percent),2011,%,7.5
Senegal,Value,Prevalence of obesity in the adult population (18 years and older) (percent),2012,%,7.6
Senegal,Value,Prevalence of obesity in the adult population (18 years and older) (percent),2013,%,7.8
Senegal,Value,Prevalence of obesity in the adult population (18 years and older) (percent),2014,%,8
Senegal,Value,Prevalence of obesity in the adult population (18 years and older) (percent),2015,%,8.2
Senegal,Value,Prevalence of obesity in the adult population (18 years and older) (percent),2016,%,8.5
Senegal,Value,Prevalence of obesity in the adult population (18 years and older) (percent),2017,%,8.7
Senegal,Value,Prevalence of obesity in the adult population (18 years and older) (percent),2018,%,9
Senegal,Value,Prevalence of obesity in the adult population (18 years and older) (percent),2019,%,9.3
Senegal,Value,Prevalence of obesity in the adult population (18 years and older) (percent),2020,%,9.6
Senegal,Value,Prevalence of obesity in the adult population (18 years and older) (percent),2021,%,9.9
Senegal,Value,Prevalence of obesity in the adult population (18 years and older) (percent),2022,%,10.2
Senegal,Value,Number of obese adults (18 years and older) (million),2001,million No,0.2
Senegal,Value,Number of obese adults (18 years and older) (million),2002,million No,0.3
Senegal,Value,Number of obese adults (18 years and older) (million),2003,million No,0.3
Senegal,Value,Number of obese adults (18 years and older) (million),2004,million No,0.3
Senegal,Value,Number of obese adults (18 years and older) (million),2005,million No,0.3
Senegal,Value,Number of obese adults (18 years and older) (million),2006,million No,0.4
Senegal,Value,Number of obese adults (18 years and older) (million),2007,million No,0.4
Senegal,Value,Number of obese adults (18 years and older) (million),2008,million No,0.4
Senegal,Value,Number of obese adults (18 years and older) (million),2009,million No,0.4
Senegal,Value,Number of obese adults (18 years and older) (million),2010,million No,0.5
Senegal,Value,Number of obese adults (18 years and older) (million),2011,million No,0.5
Senegal,Value,Number of obese adults (18 years and older) (million),2012,million No,0.5
Senegal,Value,Number of obese adults (18 years and older) (million),2013,million No,0.5
Senegal,Value,Number of obese adults (18 years and older) (million),2014,million No,0.6
Senegal,Value,Number of obese adults (18 years and older) (million),2015,million No,0.6
Senegal,Value,Number of obese adults (18 years and older) (million),2016,million No,0.6
Senegal,Value,Number of obese adults (18 years and older) (million),2017,million No,0.7
Senegal,Value,Number of obese adults (18 years and older) (million),2018,million No,0.7
Senegal,Value,Number of obese adults (18 years and older) (million),2019,million No,0.8
Senegal,Value,Number of obese adults (18 years and older) (million),2020,million No,0.8
Senegal,Value,Number of obese adults (18 years and older) (million),2021,million No,0.9
Senegal,Value,Number of obese adults (18 years and older) (million),2022,million No,0.9
Senegal,Value,Prevalence of anemia among women of reproductive age (15-49 years) (percent),2001,%,57.1
Senegal,Value,Prevalence of anemia among women of reproductive age (15-49 years) (percent),2002,%,56.9
Senegal,Value,Prevalence of anemia among women of reproductive age (15-49 years) (percent),2003,%,56.6
Senegal,Value,Prevalence of anemia among women of reproductive age (15-49 years) (percent),2004,%,56.2
Senegal,Value,Prevalence of anemia among women of reproductive age (15-49 years) (percent),2005,%,55.7
Senegal,Value,Prevalence of anemia among women of reproductive age (15-49 years) (percent),2006,%,55.1
Senegal,Value,Prevalence of anemia among women of reproductive age (15-49 years) (percent),2007,%,54.4
Senegal,Value,Prevalence of anemia among women of reproductive age (15-49 years) (percent),2008,%,53.5
Senegal,Value,Prevalence of anemia among women of reproductive age (15-49 years) (percent),2009,%,52.6
Senegal,Value,Prevalence of anemia among women of reproductive age (15-49 years) (percent),2010,%,51.5
Senegal,Value,Prevalence of anemia among women of reproductive age (15-49 years) (percent),2011,%,50.5
Senegal,Value,Prevalence of anemia among women of reproductive age (15-49 years) (percent),2012,%,49.6
Senegal,Value,Prevalence of anemia among women of reproductive age (15-49 years) (percent),2013,%,48.7
Senegal,Value,Prevalence of anemia among women of reproductive age (15-49 years) (percent),2014,%,47.8
Senegal,Value,Prevalence of anemia among women of reproductive age (15-49 years) (percent),2015,%,47
Senegal,Value,Prevalence of anemia among women of reproductive age (15-49 years) (percent),2016,%,46.3
Senegal,Value,Prevalence of anemia among women of reproductive age (15-49 years) (percent),2017,%,45.6
Senegal,Value,Prevalence of anemia among women of reproductive age (15-49 years) (percent),2018,%,44.9
Senegal,Value,Prevalence of anemia among women of reproductive age (15-49 years) (percent),2019,%,44.3
Senegal,Value,Prevalence of anemia among women of reproductive age (15-49 years) (percent),2020,%,43.7
Senegal,Value,Prevalence of anemia among women of reproductive age (15-49 years) (percent),2021,%,43.3
Senegal,Value,Prevalence of anemia among women of reproductive age (15-49 years) (percent),2022,%,43.1
Senegal,Value,Prevalence of anemia among women of reproductive age (15-49 years) (percent),2023,%,43.1
Senegal,Value,Number of women of reproductive age (15-49 years) affected by anemia (million),2001,million No,1.4
Senegal,Value,Number of women of reproductive age (15-49 years) affected by anemia (million),2002,million No,1.4
Senegal,Value,Number of women of reproductive age (15-49 years) affected by anemia (million),2003,million No,1.4
Senegal,Value,Number of women of reproductive age (15-49 years) affected by anemia (million),2004,million No,1.5
Senegal,Value,Number of women of reproductive age (15-49 years) affected by anemia (million),2005,million No,1.5
Senegal,Value,Number of women of reproductive age (15-49 years) affected by anemia (million),2006,million No,1.5
Senegal,Value,Number of women of reproductive age (15-49 years) affected by anemia (million),2007,million No,1.5
Senegal,Value,Number of women of reproductive age (15-49 years) affected by anemia (million),2008,million No,1.5
Senegal,Value,Number of women of reproductive age (15-49 years) affected by anemia (million),2009,million No,1.5
Senegal,Value,Number of women of reproductive age (15-49 years) affected by anemia (million),2010,million No,1.6
Senegal,Value,Number of women of reproductive age (15-49 years) affected by anemia (million),2011,million No,1.6
Senegal,Value,Number of women of reproductive age (15-49 years) affected by anemia (million),2012,million No,1.6
Senegal,Value,Number of women of reproductive age (15-49 years) affected by anemia (million),2013,million No,1.6
Senegal,Value,Number of women of reproductive age (15-49 years) affected by anemia (million),2014,million No,1.6
Senegal,Value,Number of women of reproductive age (15-49 years) affected by anemia (million),2015,million No,1.6
Senegal,Value,Number of women of reproductive age (15-49 years) affected by anemia (million),2016,million No,1.7
Senegal,Value,Number of women of reproductive age (15-49 years) affected by anemia (million),2017,million No,1.7
Senegal,Value,Number of women of reproductive age (15-49 years) affected by anemia (million),2018,million No,1.7
Senegal,Value,Number of women of reproductive age (15-49 years) affected by anemia (million),2019,million No,1.8
Senegal,Value,Number of women of reproductive age (15-49 years) affected by anemia (million),2020,million No,1.8
Senegal,Value,Number of women of reproductive age (15-49 years) affected by anemia (million),2021,million No,1.8
Senegal,Value,Number of women of reproductive age (15-49 years) affected by anemia (million),2022,million No,1.9
Senegal,Value,Number of women of reproductive age (15-49 years) affected by anemia (million),2023,million No,1.9
Senegal,Value,Prevalence of exclusive breastfeeding among infants 0-5 months of age (percent),2005,%,30.9
Senegal,Value,Prevalence of exclusive breastfeeding among infants 0-5 months of age (percent),2011,%,39
Senegal,Value,Prevalence of exclusive breastfeeding among infants 0-5 months of age (percent),2013,%,37.5
Senegal,Value,Prevalence of exclusive breastfeeding among infants 0-5 months of age (percent),2014,%,32.4
Senegal,Value,Prevalence of exclusive breastfeeding among infants 0-5 months of age (percent),2015,%,33.3
Senegal,Value,Prevalence of exclusive breastfeeding among infants 0-5 months of age (percent),2016,%,36.4
Senegal,Value,Prevalence of exclusive breastfeeding among infants 0-5 months of age (percent),2017,%,42.1
Senegal,Value,Prevalence of exclusive breastfeeding among infants 0-5 months of age (percent),2018,%,45.8
Senegal,Value,Prevalence of exclusive breastfeeding among infants 0-5 months of age (percent),2019,%,40.8
Senegal,Value,Prevalence of exclusive breastfeeding among infants 0-5 months of age (percent),2023,%,34.4
Senegal,Value,Prevalence of low birthweight (percent),2001,%,21.9
Senegal,Value,Prevalence of low birthweight (percent),2002,%,21.6
Senegal,Value,Prevalence of low birthweight (percent),2003,%,21.3
Senegal,Value,Prevalence of low birthweight (percent),2004,%,21
Senegal,Value,Prevalence of low birthweight (percent),2005,%,20.7
Senegal,Value,Prevalence of low birthweight (percent),2006,%,20.4
Senegal,Value,Prevalence of low birthweight (percent),2007,%,20.2
Senegal,Value,Prevalence of low birthweight (percent),2008,%,19.9
Senegal,Value,Prevalence of low birthweight (percent),2009,%,19.7
Senegal,Value,Prevalence of low birthweight (percent),2010,%,19.5
Senegal,Value,Prevalence of low birthweight (percent),2011,%,19.3
Senegal,Value,Prevalence of low birthweight (percent),2012,%,19.1
Senegal,Value,Prevalence of low birthweight (percent),2013,%,18.9
Senegal,Value,Prevalence of low birthweight (percent),2014,%,18.7
Senegal,Value,Prevalence of low birthweight (percent),2015,%,18.5
Senegal,Value,Prevalence of low birthweight (percent),2016,%,18.2
Senegal,Value,Prevalence of low birthweight (percent),2017,%,18
Senegal,Value,Prevalence of low birthweight (percent),2018,%,17.7
Senegal,Value,Prevalence of low birthweight (percent),2019,%,17.5
Senegal,Value,Prevalence of low birthweight (percent),2020,%,17.2
Senegal,Value,Number of newborns with low birthweight (million),2001,million No,0.1
Senegal,Value,Number of newborns with low birthweight (million),2002,million No,0.1
Senegal,Value,Number of newborns with low birthweight (million),2003,million No,0.1
Senegal,Value,Number of newborns with low birthweight (million),2004,million No,0.1
Senegal,Value,Number of newborns with low birthweight (million),2005,million No,0.1
Senegal,Value,Number of newborns with low birthweight (million),2006,million No,0.1
Senegal,Value,Number of newborns with low birthweight (million),2007,million No,0.1
Senegal,Value,Number of newborns with low birthweight (million),2008,million No,0.1
Senegal,Value,Number of newborns with low birthweight (million),2009,million No,0.1
Senegal,Value,Number of newborns with low birthweight (million),2010,million No,0.1
Senegal,Value,Number of newborns with low birthweight (million),2011,million No,0.1
Senegal,Value,Number of newborns with low birthweight (million),2012,million No,0.1
Senegal,Value,Number of newborns with low birthweight (million),2013,million No,0.1
Senegal,Value,Number of newborns with low birthweight (million),2014,million No,0.1
Senegal,Value,Number of newborns with low birthweight (million),2015,million No,0.1
Senegal,Value,Number of newborns with low birthweight (million),2016,million No,0.1
Senegal,Value,Number of newborns with low birthweight (million),2017,million No,0.1
Senegal,Value,Number of newborns with low birthweight (million),2018,million No,0.1
Senegal,Value,Number of newborns with low birthweight (million),2019,million No,0.1
Senegal,Value,Number of newborns with low birthweight (million),2020,million No,0.1
Senegal,Value,Minimum dietary energy requirement (kcal/cap/day),2001,kcal/cap/d,1740
Senegal,Value,Minimum dietary energy requirement (kcal/cap/day),2002,kcal/cap/d,1742
Senegal,Value,Minimum dietary energy requirement (kcal/cap/day),2003,kcal/cap/d,1744
Senegal,Value,Minimum dietary energy requirement (kcal/cap/day),2004,kcal/cap/d,1745
Senegal,Value,Minimum dietary energy requirement (kcal/cap/day),2005,kcal/cap/d,1746
Senegal,Value,Minimum dietary energy requirement (kcal/cap/day),2006,kcal/cap/d,1747
Senegal,Value,Minimum dietary energy requirement (kcal/cap/day),2007,kcal/cap/d,1747
Senegal,Value,Minimum dietary energy requirement (kcal/cap/day),2008,kcal/cap/d,1748
Senegal,Value,Minimum dietary energy requirement (kcal/cap/day),2009,kcal/cap/d,1748
Senegal,Value,Minimum dietary energy requirement (kcal/cap/day),2010,kcal/cap/d,1748
Senegal,Value,Minimum dietary energy requirement (kcal/cap/day),2011,kcal/cap/d,1749
Senegal,Value,Minimum dietary energy requirement (kcal/cap/day),2012,kcal/cap/d,1749
Senegal,Value,Minimum dietary energy requirement (kcal/cap/day),2013,kcal/cap/d,1749
Senegal,Value,Minimum dietary energy requirement (kcal/cap/day),2014,kcal/cap/d,1752
Senegal,Value,Minimum dietary energy requirement (kcal/cap/day),2015,kcal/cap/d,1755
Senegal,Value,Minimum dietary energy requirement (kcal/cap/day),2016,kcal/cap/d,1759
Senegal,Value,Minimum dietary energy requirement (kcal/cap/day),2017,kcal/cap/d,1764
Senegal,Value,Minimum dietary energy requirement (kcal/cap/day),2018,kcal/cap/d,1770
Senegal,Value,Minimum dietary energy requirement (kcal/cap/day),2019,kcal/cap/d,1776
Senegal,Value,Minimum dietary energy requirement (kcal/cap/day),2020,kcal/cap/d,1782
Senegal,Value,Minimum dietary energy requirement (kcal/cap/day),2021,kcal/cap/d,1788
Senegal,Value,Minimum dietary energy requirement (kcal/cap/day),2022,kcal/cap/d,1794
Senegal,Value,Minimum dietary energy requirement (kcal/cap/day),2023,kcal/cap/d,1799
Senegal,Value,Average dietary energy requirement (kcal/cap/day),2001,kcal/cap/d,2243
Senegal,Value,Average dietary energy requirement (kcal/cap/day),2002,kcal/cap/d,2247
Senegal,Value,Average dietary energy requirement (kcal/cap/day),2003,kcal/cap/d,2249
Senegal,Value,Average dietary energy requirement (kcal/cap/day),2004,kcal/cap/d,2250
Senegal,Value,Average dietary energy requirement (kcal/cap/day),2005,kcal/cap/d,2251
Senegal,Value,Average dietary energy requirement (kcal/cap/day),2006,kcal/cap/d,2252
Senegal,Value,Average dietary energy requirement (kcal/cap/day),2007,kcal/cap/d,2253
Senegal,Value,Average dietary energy requirement (kcal/cap/day),2008,kcal/cap/d,2253
Senegal,Value,Average dietary energy requirement (kcal/cap/day),2009,kcal/cap/d,2253
Senegal,Value,Average dietary energy requirement (kcal/cap/day),2010,kcal/cap/d,2253
Senegal,Value,Average dietary energy requirement (kcal/cap/day),2011,kcal/cap/d,2253
Senegal,Value,Average dietary energy requirement (kcal/cap/day),2012,kcal/cap/d,2253
Senegal,Value,Average dietary energy requirement (kcal/cap/day),2013,kcal/cap/d,2254
Senegal,Value,Average dietary energy requirement (kcal/cap/day),2014,kcal/cap/d,2258
Senegal,Value,Average dietary energy requirement (kcal/cap/day),2015,kcal/cap/d,2262
Senegal,Value,Average dietary energy requirement (kcal/cap/day),2016,kcal/cap/d,2268
Senegal,Value,Average dietary energy requirement (kcal/cap/day),2017,kcal/cap/d,2275
Senegal,Value,Average dietary energy requirement (kcal/cap/day),2018,kcal/cap/d,2283
Senegal,Value,Average dietary energy requirement (kcal/cap/day),2019,kcal/cap/d,2292
Senegal,Value,Average dietary energy requirement (kcal/cap/day),2020,kcal/cap/d,2301
Senegal,Value,Average dietary energy requirement (kcal/cap/day),2021,kcal/cap/d,2310
Senegal,Value,Average dietary energy requirement (kcal/cap/day),2022,kcal/cap/d,2320
Senegal,Value,Average dietary energy requirement (kcal/cap/day),2023,kcal/cap/d,2327
Senegal,Value,Coefficient of variation of habitual caloric consumption distribution (real number),2001,No,0.25
Senegal,Value,Coefficient of variation of habitual caloric consumption distribution (real number),2002,No,0.25
Senegal,Value,Coefficient of variation of habitual caloric consumption distribution (real number),2003,No,0.25
Senegal,Value,Coefficient of variation of habitual caloric consumption distribution (real number),2004,No,0.25
Senegal,Value,Coefficient of variation of habitual caloric consumption distribution (real number),2005,No,0.25
Senegal,Value,Coefficient of variation of habitual caloric consumption distribution (real number),2006,No,0.25
Senegal,Value,Coefficient of variation of habitual caloric consumption distribution (real number),2007,No,0.25
Senegal,Value,Coefficient of variation of habitual caloric consumption distribution (real number),2008,No,0.25
Senegal,Value,Coefficient of variation of habitual caloric consumption distribution (real number),2009,No,0.24
Senegal,Value,Coefficient of variation of habitual caloric consumption distribution (real number),2010,No,0.24
Senegal,Value,Coefficient of variation of habitual caloric consumption distribution (real number),2011,No,0.24
Senegal,Value,Coefficient of variation of habitual caloric consumption distribution (real number),2012,No,0.24
Senegal,Value,Coefficient of variation of habitual caloric consumption distribution (real number),2013,No,0.24
Senegal,Value,Coefficient of variation of habitual caloric consumption distribution (real number),2014,No,0.24
Senegal,Value,Coefficient of variation of habitual caloric consumption distribution (real number),2015,No,0.24
Senegal,Value,Coefficient of variation of habitual caloric consumption distribution (real number),2016,No,0.24
Senegal,Value,Coefficient of variation of habitual caloric consumption distribution (real number),2017,No,0.24
Senegal,Value,Coefficient of variation of habitual caloric consumption distribution (real number),2018,No,0.24
Senegal,Value,Coefficient of variation of habitual caloric consumption distribution (real number),2019,No,0.24
Senegal,Value,Coefficient of variation of habitual caloric consumption distribution (real number),2020,No,0.24
Senegal,Value,Coefficient of variation of habitual caloric consumption distribution (real number),2021,No,0.23
Senegal,Value,Coefficient of variation of habitual caloric consumption distribution (real number),2022,No,0.26
Senegal,Value,Coefficient of variation of habitual caloric consumption distribution (real number),2023,No,0.26
Senegal,Value,Incidence of caloric losses at retail distribution level (percent),2001,%,2.55
Senegal,Value,Incidence of caloric losses at retail distribution level (percent),2002,%,2.52
Senegal,Value,Incidence of caloric losses at retail distribution level (percent),2003,%,2.64
Senegal,Value,Incidence of caloric losses at retail distribution level (percent),2004,%,2.66
Senegal,Value,Incidence of caloric losses at retail distribution level (percent),2005,%,2.63
Senegal,Value,Incidence of caloric losses at retail distribution level (percent),2006,%,2.55
Senegal,Value,Incidence of caloric losses at retail distribution level (percent),2007,%,2.61
Senegal,Value,Incidence of caloric losses at retail distribution level (percent),2008,%,2.65
Senegal,Value,Incidence of caloric losses at retail distribution level (percent),2009,%,2.68
Senegal,Value,Incidence of caloric losses at retail distribution level (percent),2010,%,2.62
Senegal,Value,Incidence of caloric losses at retail distribution level (percent),2011,%,2.5
Senegal,Value,Incidence of caloric losses at retail distribution level (percent),2012,%,2.56
Senegal,Value,Incidence of caloric losses at retail distribution level (percent),2013,%,2.54
Senegal,Value,Incidence of caloric losses at retail distribution level (percent),2014,%,2.59
Senegal,Value,Incidence of caloric losses at retail distribution level (percent),2015,%,2.65
Senegal,Value,Incidence of caloric losses at retail distribution level (percent),2016,%,2.67
Senegal,Value,Incidence of caloric losses at retail distribution level (percent),2017,%,2.71
Senegal,Value,Incidence of caloric losses at retail distribution level (percent),2018,%,2.9
Senegal,Value,Incidence of caloric losses at retail distribution level (percent),2019,%,2.85
Senegal,Value,Incidence of caloric losses at retail distribution level (percent),2020,%,2.85
Senegal,Value,Incidence of caloric losses at retail distribution level (percent),2021,%,2.85
Senegal,Value,Incidence of caloric losses at retail distribution level (percent),2022,%,2.81
Senegal,Value,Incidence of caloric losses at retail distribution level (percent),2023,%,2.81
Sierra Leone,Value,Dietary energy supply used in the estimation of the prevalence of undernourishment (kcal/cap/day),2001,kcal/cap/d,1803
Sierra Leone,Value,Dietary energy supply used in the estimation of the prevalence of undernourishment (kcal/cap/day),2002,kcal/cap/d,1850
Sierra Leone,Value,Dietary energy supply used in the estimation of the prevalence of undernourishment (kcal/cap/day),2003,kcal/cap/d,1841
Sierra Leone,Value,Dietary energy supply used in the estimation of the prevalence of undernourishment (kcal/cap/day),2004,kcal/cap/d,1918
Sierra Leone,Value,Dietary energy supply used in the estimation of the prevalence of undernourishment (kcal/cap/day),2005,kcal/cap/d,1995
Sierra Leone,Value,Dietary energy supply used in the estimation of the prevalence of undernourishment (kcal/cap/day),2006,kcal/cap/d,2072
Sierra Leone,Value,Dietary energy supply used in the estimation of the prevalence of undernourishment (kcal/cap/day),2007,kcal/cap/d,2148
Sierra Leone,Value,Dietary energy supply used in the estimation of the prevalence of undernourishment (kcal/cap/day),2008,kcal/cap/d,2225
Sierra Leone,Value,Dietary energy supply used in the estimation of the prevalence of undernourishment (kcal/cap/day),2009,kcal/cap/d,2302
Sierra Leone,Value,Dietary energy supply used in the estimation of the prevalence of undernourishment (kcal/cap/day),2010,kcal/cap/d,2379
Sierra Leone,Value,Dietary energy supply used in the estimation of the prevalence of undernourishment (kcal/cap/day),2011,kcal/cap/d,2400
Sierra Leone,Value,Dietary energy supply used in the estimation of the prevalence of undernourishment (kcal/cap/day),2012,kcal/cap/d,2386
Sierra Leone,Value,Dietary energy supply used in the estimation of the prevalence of undernourishment (kcal/cap/day),2013,kcal/cap/d,2372
Sierra Leone,Value,Dietary energy supply used in the estimation of the prevalence of undernourishment (kcal/cap/day),2014,kcal/cap/d,2324
Sierra Leone,Value,Dietary energy supply used in the estimation of the prevalence of undernourishment (kcal/cap/day),2015,kcal/cap/d,2405
Sierra Leone,Value,Dietary energy supply used in the estimation of the prevalence of undernourishment (kcal/cap/day),2016,kcal/cap/d,2324
Sierra Leone,Value,Dietary energy supply used in the estimation of the prevalence of undernourishment (kcal/cap/day),2017,kcal/cap/d,2357
Sierra Leone,Value,Dietary energy supply used in the estimation of the prevalence of undernourishment (kcal/cap/day),2018,kcal/cap/d,2360
Sierra Leone,Value,Dietary energy supply used in the estimation of the prevalence of undernourishment (kcal/cap/day),2019,kcal/cap/d,2307
Sierra Leone,Value,Dietary energy supply used in the estimation of the prevalence of undernourishment (kcal/cap/day),2020,kcal/cap/d,2320
Sierra Leone,Value,Dietary energy supply used in the estimation of the prevalence of undernourishment (kcal/cap/day),2021,kcal/cap/d,2367
Sierra Leone,Value,Dietary energy supply used in the estimation of the prevalence of undernourishment (kcal/cap/day),2022,kcal/cap/d,2418
Sierra Leone,Value,Dietary energy supply used in the estimation of the prevalence of undernourishment (kcal/cap/day),2023,kcal/cap/d,2437
Sierra Leone,Value,"Gross domestic product per capita, PPP, (constant 2021 international $)",2001,Int$/cap,1751
Sierra Leone,Value,"Gross domestic product per capita, PPP, (constant 2021 international $)",2002,Int$/cap,2091
Sierra Leone,Value,"Gross domestic product per capita, PPP, (constant 2021 international $)",2003,Int$/cap,2198
Sierra Leone,Value,"Gross domestic product per capita, PPP, (constant 2021 international $)",2004,Int$/cap,2263
Sierra Leone,Value,"Gross domestic product per capita, PPP, (constant 2021 international $)",2005,Int$/cap,2299
Sierra Leone,Value,"Gross domestic product per capita, PPP, (constant 2021 international $)",2006,Int$/cap,2345
Sierra Leone,Value,"Gross domestic product per capita, PPP, (constant 2021 international $)",2007,Int$/cap,2380
Sierra Leone,Value,"Gross domestic product per capita, PPP, (constant 2021 international $)",2008,Int$/cap,2407
Sierra Leone,Value,"Gross domestic product per capita, PPP, (constant 2021 international $)",2009,Int$/cap,2379
Sierra Leone,Value,"Gross domestic product per capita, PPP, (constant 2021 international $)",2010,Int$/cap,2462
Sierra Leone,Value,"Gross domestic product per capita, PPP, (constant 2021 international $)",2011,Int$/cap,2593
Sierra Leone,Value,"Gross domestic product per capita, PPP, (constant 2021 international $)",2012,Int$/cap,2795
Sierra Leone,Value,"Gross domestic product per capita, PPP, (constant 2021 international $)",2013,Int$/cap,3128
Sierra Leone,Value,"Gross domestic product per capita, PPP, (constant 2021 international $)",2014,Int$/cap,2815
Sierra Leone,Value,"Gross domestic product per capita, PPP, (constant 2021 international $)",2015,Int$/cap,2631
Sierra Leone,Value,"Gross domestic product per capita, PPP, (constant 2021 international $)",2016,Int$/cap,2735
Sierra Leone,Value,"Gross domestic product per capita, PPP, (constant 2021 international $)",2017,Int$/cap,2756
Sierra Leone,Value,"Gross domestic product per capita, PPP, (constant 2021 international $)",2018,Int$/cap,2770
Sierra Leone,Value,"Gross domestic product per capita, PPP, (constant 2021 international $)",2019,Int$/cap,2855
Sierra Leone,Value,"Gross domestic product per capita, PPP, (constant 2021 international $)",2020,Int$/cap,2755
Sierra Leone,Value,"Gross domestic product per capita, PPP, (constant 2021 international $)",2021,Int$/cap,2852
Sierra Leone,Value,"Gross domestic product per capita, PPP, (constant 2021 international $)",2022,Int$/cap,2937
Sierra Leone,Value,"Gross domestic product per capita, PPP, (constant 2021 international $)",2023,Int$/cap,3038
Sierra Leone,Value,Political stability and absence of violence/terrorism (index),2002,,-0.69
Sierra Leone,Value,Political stability and absence of violence/terrorism (index),2003,,-1.08
Sierra Leone,Value,Political stability and absence of violence/terrorism (index),2004,,-0.51
Sierra Leone,Value,Political stability and absence of violence/terrorism (index),2005,,-0.48
Sierra Leone,Value,Political stability and absence of violence/terrorism (index),2006,,-0.3
Sierra Leone,Value,Political stability and absence of violence/terrorism (index),2007,,-0.06
Sierra Leone,Value,Political stability and absence of violence/terrorism (index),2008,,-0.24
Sierra Leone,Value,Political stability and absence of violence/terrorism (index),2009,,-0.29
Sierra Leone,Value,Political stability and absence of violence/terrorism (index),2010,,-0.24
Sierra Leone,Value,Political stability and absence of violence/terrorism (index),2011,,-0.17
Sierra Leone,Value,Political stability and absence of violence/terrorism (index),2012,,-0.28
Sierra Leone,Value,Political stability and absence of violence/terrorism (index),2013,,-0.17
Sierra Leone,Value,Political stability and absence of violence/terrorism (index),2014,,-0.1
Sierra Leone,Value,Political stability and absence of violence/terrorism (index),2015,,-0.11
Sierra Leone,Value,Political stability and absence of violence/terrorism (index),2016,,-0.17
Sierra Leone,Value,Political stability and absence of violence/terrorism (index),2017,,-0.04
Sierra Leone,Value,Political stability and absence of violence/terrorism (index),2018,,-0.09
Sierra Leone,Value,Political stability and absence of violence/terrorism (index),2019,,-0.06
Sierra Leone,Value,Political stability and absence of violence/terrorism (index),2020,,-0.3
Sierra Leone,Value,Political stability and absence of violence/terrorism (index),2021,,-0.1
Sierra Leone,Value,Political stability and absence of violence/terrorism (index),2022,,-0.09
Sierra Leone,Value,Per capita food supply variability (kcal/cap/day),2001,kcal/cap/d,83
Sierra Leone,Value,Per capita food supply variability (kcal/cap/day),2002,kcal/cap/d,95
Sierra Leone,Value,Per capita food supply variability (kcal/cap/day),2003,kcal/cap/d,71
Sierra Leone,Value,Per capita food supply variability (kcal/cap/day),2004,kcal/cap/d,39
Sierra Leone,Value,Per capita food supply variability (kcal/cap/day),2005,kcal/cap/d,19
Sierra Leone,Value,Per capita food supply variability (kcal/cap/day),2006,kcal/cap/d,37
Sierra Leone,Value,Per capita food supply variability (kcal/cap/day),2007,kcal/cap/d,52
Sierra Leone,Value,Per capita food supply variability (kcal/cap/day),2008,kcal/cap/d,68
Sierra Leone,Value,Per capita food supply variability (kcal/cap/day),2009,kcal/cap/d,64
Sierra Leone,Value,Per capita food supply variability (kcal/cap/day),2010,kcal/cap/d,62
Sierra Leone,Value,Per capita food supply variability (kcal/cap/day),2011,kcal/cap/d,61
Sierra Leone,Value,Per capita food supply variability (kcal/cap/day),2012,kcal/cap/d,47
Sierra Leone,Value,Per capita food supply variability (kcal/cap/day),2013,kcal/cap/d,32
Sierra Leone,Value,Per capita food supply variability (kcal/cap/day),2014,kcal/cap/d,45
Sierra Leone,Value,Per capita food supply variability (kcal/cap/day),2015,kcal/cap/d,79
Sierra Leone,Value,Per capita food supply variability (kcal/cap/day),2016,kcal/cap/d,68
Sierra Leone,Value,Per capita food supply variability (kcal/cap/day),2017,kcal/cap/d,69
Sierra Leone,Value,Per capita food supply variability (kcal/cap/day),2018,kcal/cap/d,56
Sierra Leone,Value,Per capita food supply variability (kcal/cap/day),2019,kcal/cap/d,43
Sierra Leone,Value,Per capita food supply variability (kcal/cap/day),2020,kcal/cap/d,56
Sierra Leone,Value,Per capita food supply variability (kcal/cap/day),2021,kcal/cap/d,30
Sierra Leone,Value,Per capita food supply variability (kcal/cap/day),2022,kcal/cap/d,33
Sierra Leone,Value,Per capita food supply variability (kcal/cap/day),2023,kcal/cap/d,55
Sierra Leone,Value,Percentage of population using safely managed drinking water services (percent),2001,%,5
Sierra Leone,Value,Percentage of population using safely managed drinking water services (percent),2002,%,6
Sierra Leone,Value,Percentage of population using safely managed drinking water services (percent),2003,%,6
Sierra Leone,Value,Percentage of population using safely managed drinking water services (percent),2004,%,6
Sierra Leone,Value,Percentage of population using safely managed drinking water services (percent),2005,%,6
Sierra Leone,Value,Percentage of population using safely managed drinking water services (percent),2006,%,6
Sierra Leone,Value,Percentage of population using safely managed drinking water services (percent),2007,%,6
Sierra Leone,Value,Percentage of population using safely managed drinking water services (percent),2008,%,7
Sierra Leone,Value,Percentage of population using safely managed drinking water services (percent),2009,%,7
Sierra Leone,Value,Percentage of population using safely managed drinking water services (percent),2010,%,7
Sierra Leone,Value,Percentage of population using safely managed drinking water services (percent),2011,%,7
Sierra Leone,Value,Percentage of population using safely managed drinking water services (percent),2012,%,8
Sierra Leone,Value,Percentage of population using safely managed drinking water services (percent),2013,%,8
Sierra Leone,Value,Percentage of population using safely managed drinking water services (percent),2014,%,8
Sierra Leone,Value,Percentage of population using safely managed drinking water services (percent),2015,%,8
Sierra Leone,Value,Percentage of population using safely managed drinking water services (percent),2016,%,9
Sierra Leone,Value,Percentage of population using safely managed drinking water services (percent),2017,%,9
Sierra Leone,Value,Percentage of population using safely managed drinking water services (percent),2018,%,9
Sierra Leone,Value,Percentage of population using safely managed drinking water services (percent),2019,%,9
Sierra Leone,Value,Percentage of population using safely managed drinking water services (percent),2020,%,10
Sierra Leone,Value,Percentage of population using safely managed drinking water services (percent),2021,%,10
Sierra Leone,Value,Percentage of population using safely managed drinking water services (percent),2022,%,10
Sierra Leone,Value,Percentage of population using at least basic drinking water services (percent),2001,%,41
Sierra Leone,Value,Percentage of population using at least basic drinking water services (percent),2002,%,42
Sierra Leone,Value,Percentage of population using at least basic drinking water services (percent),2003,%,44
Sierra Leone,Value,Percentage of population using at least basic drinking water services (percent),2004,%,45
Sierra Leone,Value,Percentage of population using at least basic drinking water services (percent),2005,%,46
Sierra Leone,Value,Percentage of population using at least basic drinking water services (percent),2006,%,47
Sierra Leone,Value,Percentage of population using at least basic drinking water services (percent),2007,%,48
Sierra Leone,Value,Percentage of population using at least basic drinking water services (percent),2008,%,49
Sierra Leone,Value,Percentage of population using at least basic drinking water services (percent),2009,%,50
Sierra Leone,Value,Percentage of population using at least basic drinking water services (percent),2010,%,52
Sierra Leone,Value,Percentage of population using at least basic drinking water services (percent),2011,%,53
Sierra Leone,Value,Percentage of population using at least basic drinking water services (percent),2012,%,54
Sierra Leone,Value,Percentage of population using at least basic drinking water services (percent),2013,%,55
Sierra Leone,Value,Percentage of population using at least basic drinking water services (percent),2014,%,56
Sierra Leone,Value,Percentage of population using at least basic drinking water services (percent),2015,%,57
Sierra Leone,Value,Percentage of population using at least basic drinking water services (percent),2016,%,58
Sierra Leone,Value,Percentage of population using at least basic drinking water services (percent),2017,%,60
Sierra Leone,Value,Percentage of population using at least basic drinking water services (percent),2018,%,61
Sierra Leone,Value,Percentage of population using at least basic drinking water services (percent),2019,%,62
Sierra Leone,Value,Percentage of population using at least basic drinking water services (percent),2020,%,63
Sierra Leone,Value,Percentage of population using at least basic drinking water services (percent),2021,%,64
Sierra Leone,Value,Percentage of population using at least basic drinking water services (percent),2022,%,65
Sierra Leone,Value,Percentage of population using safely managed sanitation services (percent),2001,%,5
Sierra Leone,Value,Percentage of population using safely managed sanitation services (percent),2002,%,5
Sierra Leone,Value,Percentage of population using safely managed sanitation services (percent),2003,%,5
Sierra Leone,Value,Percentage of population using safely managed sanitation services (percent),2004,%,6
Sierra Leone,Value,Percentage of population using safely managed sanitation services (percent),2005,%,6
Sierra Leone,Value,Percentage of population using safely managed sanitation services (percent),2006,%,7
Sierra Leone,Value,Percentage of population using safely managed sanitation services (percent),2007,%,7
Sierra Leone,Value,Percentage of population using safely managed sanitation services (percent),2008,%,7
Sierra Leone,Value,Percentage of population using safely managed sanitation services (percent),2009,%,8
Sierra Leone,Value,Percentage of population using safely managed sanitation services (percent),2010,%,8
Sierra Leone,Value,Percentage of population using safely managed sanitation services (percent),2011,%,9
Sierra Leone,Value,Percentage of population using safely managed sanitation services (percent),2012,%,9
Sierra Leone,Value,Percentage of population using safely managed sanitation services (percent),2013,%,10
Sierra Leone,Value,Percentage of population using safely managed sanitation services (percent),2014,%,10
Sierra Leone,Value,Percentage of population using safely managed sanitation services (percent),2015,%,11
Sierra Leone,Value,Percentage of population using safely managed sanitation services (percent),2016,%,11
Sierra Leone,Value,Percentage of population using safely managed sanitation services (percent),2017,%,12
Sierra Leone,Value,Percentage of population using safely managed sanitation services (percent),2018,%,13
Sierra Leone,Value,Percentage of population using safely managed sanitation services (percent),2019,%,13
Sierra Leone,Value,Percentage of population using safely managed sanitation services (percent),2020,%,14
Sierra Leone,Value,Percentage of population using safely managed sanitation services (percent),2021,%,15
Sierra Leone,Value,Percentage of population using safely managed sanitation services (percent),2022,%,15
Sierra Leone,Value,Percentage of population using at least basic sanitation services (percent),2001,%,8
Sierra Leone,Value,Percentage of population using at least basic sanitation services (percent),2002,%,8
Sierra Leone,Value,Percentage of population using at least basic sanitation services (percent),2003,%,8
Sierra Leone,Value,Percentage of population using at least basic sanitation services (percent),2004,%,9
Sierra Leone,Value,Percentage of population using at least basic sanitation services (percent),2005,%,10
Sierra Leone,Value,Percentage of population using at least basic sanitation services (percent),2006,%,10
Sierra Leone,Value,Percentage of population using at least basic sanitation services (percent),2007,%,11
Sierra Leone,Value,Percentage of population using at least basic sanitation services (percent),2008,%,12
Sierra Leone,Value,Percentage of population using at least basic sanitation services (percent),2009,%,12
Sierra Leone,Value,Percentage of population using at least basic sanitation services (percent),2010,%,13
Sierra Leone,Value,Percentage of population using at least basic sanitation services (percent),2011,%,14
Sierra Leone,Value,Percentage of population using at least basic sanitation services (percent),2012,%,14
Sierra Leone,Value,Percentage of population using at least basic sanitation services (percent),2013,%,15
Sierra Leone,Value,Percentage of population using at least basic sanitation services (percent),2014,%,16
Sierra Leone,Value,Percentage of population using at least basic sanitation services (percent),2015,%,17
Sierra Leone,Value,Percentage of population using at least basic sanitation services (percent),2016,%,18
Sierra Leone,Value,Percentage of population using at least basic sanitation services (percent),2017,%,18
Sierra Leone,Value,Percentage of population using at least basic sanitation services (percent),2018,%,19
Sierra Leone,Value,Percentage of population using at least basic sanitation services (percent),2019,%,20
Sierra Leone,Value,Percentage of population using at least basic sanitation services (percent),2020,%,21
Sierra Leone,Value,Percentage of population using at least basic sanitation services (percent),2021,%,22
Sierra Leone,Value,Percentage of population using at least basic sanitation services (percent),2022,%,23
Sierra Leone,Value,Percentage of children under 5 years affected by wasting (percent),2005,%,10.2
Sierra Leone,Value,Percentage of children under 5 years affected by wasting (percent),2010,%,7.5
Sierra Leone,Value,Percentage of children under 5 years affected by wasting (percent),2014,%,4.6
Sierra Leone,Value,Percentage of children under 5 years affected by wasting (percent),2017,%,5.1
Sierra Leone,Value,Percentage of children under 5 years affected by wasting (percent),2019,%,5.4
Sierra Leone,Value,Percentage of children under 5 years affected by wasting (percent),2021,%,6.3
Sierra Leone,Value,Number of children under 5 years affected by wasting (million),2005,million No,<0.1
Sierra Leone,Value,Number of children under 5 years affected by wasting (million),2010,million No,<0.1
Sierra Leone,Value,Number of children under 5 years affected by wasting (million),2014,million No,<0.1
Sierra Leone,Value,Number of children under 5 years affected by wasting (million),2017,million No,<0.1
Sierra Leone,Value,Number of children under 5 years affected by wasting (million),2019,million No,<0.1
Sierra Leone,Value,Number of children under 5 years affected by wasting (million),2021,million No,<0.1
Sierra Leone,Value,Percentage of children under 5 years of age who are stunted (modelled estimates) (percent),2001,%,38.8
Sierra Leone,Value,Percentage of children under 5 years of age who are stunted (modelled estimates) (percent),2002,%,38.8
Sierra Leone,Value,Percentage of children under 5 years of age who are stunted (modelled estimates) (percent),2003,%,38.6
Sierra Leone,Value,Percentage of children under 5 years of age who are stunted (modelled estimates) (percent),2004,%,38.4
Sierra Leone,Value,Percentage of children under 5 years of age who are stunted (modelled estimates) (percent),2005,%,38.1
Sierra Leone,Value,Percentage of children under 5 years of age who are stunted (modelled estimates) (percent),2006,%,37.8
Sierra Leone,Value,Percentage of children under 5 years of age who are stunted (modelled estimates) (percent),2007,%,37.3
Sierra Leone,Value,Percentage of children under 5 years of age who are stunted (modelled estimates) (percent),2008,%,36.7
Sierra Leone,Value,Percentage of children under 5 years of age who are stunted (modelled estimates) (percent),2009,%,35.9
Sierra Leone,Value,Percentage of children under 5 years of age who are stunted (modelled estimates) (percent),2010,%,35.1
Sierra Leone,Value,Percentage of children under 5 years of age who are stunted (modelled estimates) (percent),2011,%,34.3
Sierra Leone,Value,Percentage of children under 5 years of age who are stunted (modelled estimates) (percent),2012,%,33.3
Sierra Leone,Value,Percentage of children under 5 years of age who are stunted (modelled estimates) (percent),2013,%,32.4
Sierra Leone,Value,Percentage of children under 5 years of age who are stunted (modelled estimates) (percent),2014,%,31.5
Sierra Leone,Value,Percentage of children under 5 years of age who are stunted (modelled estimates) (percent),2015,%,30.9
Sierra Leone,Value,Percentage of children under 5 years of age who are stunted (modelled estimates) (percent),2016,%,30.2
Sierra Leone,Value,Percentage of children under 5 years of age who are stunted (modelled estimates) (percent),2017,%,29.4
Sierra Leone,Value,Percentage of children under 5 years of age who are stunted (modelled estimates) (percent),2018,%,28.5
Sierra Leone,Value,Percentage of children under 5 years of age who are stunted (modelled estimates) (percent),2019,%,27.4
Sierra Leone,Value,Percentage of children under 5 years of age who are stunted (modelled estimates) (percent),2020,%,26.5
Sierra Leone,Value,Percentage of children under 5 years of age who are stunted (modelled estimates) (percent),2021,%,25.7
Sierra Leone,Value,Percentage of children under 5 years of age who are stunted (modelled estimates) (percent),2022,%,25.4
Sierra Leone,Value,Percentage of children under 5 years of age who are stunted (modelled estimates) (percent),2023,%,25.1
Sierra Leone,Value,Number of children under 5 years of age who are stunted (modeled estimates) (million),2001,million No,0.3
Sierra Leone,Value,Number of children under 5 years of age who are stunted (modeled estimates) (million),2002,million No,0.3
Sierra Leone,Value,Number of children under 5 years of age who are stunted (modeled estimates) (million),2003,million No,0.3
Sierra Leone,Value,Number of children under 5 years of age who are stunted (modeled estimates) (million),2004,million No,0.4
Sierra Leone,Value,Number of children under 5 years of age who are stunted (modeled estimates) (million),2005,million No,0.4
Sierra Leone,Value,Number of children under 5 years of age who are stunted (modeled estimates) (million),2006,million No,0.4
Sierra Leone,Value,Number of children under 5 years of age who are stunted (modeled estimates) (million),2007,million No,0.4
Sierra Leone,Value,Number of children under 5 years of age who are stunted (modeled estimates) (million),2008,million No,0.4
Sierra Leone,Value,Number of children under 5 years of age who are stunted (modeled estimates) (million),2009,million No,0.4
Sierra Leone,Value,Number of children under 5 years of age who are stunted (modeled estimates) (million),2010,million No,0.4
Sierra Leone,Value,Number of children under 5 years of age who are stunted (modeled estimates) (million),2011,million No,0.4
Sierra Leone,Value,Number of children under 5 years of age who are stunted (modeled estimates) (million),2012,million No,0.4
Sierra Leone,Value,Number of children under 5 years of age who are stunted (modeled estimates) (million),2013,million No,0.3
Sierra Leone,Value,Number of children under 5 years of age who are stunted (modeled estimates) (million),2014,million No,0.3
Sierra Leone,Value,Number of children under 5 years of age who are stunted (modeled estimates) (million),2015,million No,0.3
Sierra Leone,Value,Number of children under 5 years of age who are stunted (modeled estimates) (million),2016,million No,0.3
Sierra Leone,Value,Number of children under 5 years of age who are stunted (modeled estimates) (million),2017,million No,0.3
Sierra Leone,Value,Number of children under 5 years of age who are stunted (modeled estimates) (million),2018,million No,0.3
Sierra Leone,Value,Number of children under 5 years of age who are stunted (modeled estimates) (million),2019,million No,0.3
Sierra Leone,Value,Number of children under 5 years of age who are stunted (modeled estimates) (million),2020,million No,0.3
Sierra Leone,Value,Number of children under 5 years of age who are stunted (modeled estimates) (million),2021,million No,0.3
Sierra Leone,Value,Number of children under 5 years of age who are stunted (modeled estimates) (million),2022,million No,0.3
Sierra Leone,Value,Number of children under 5 years of age who are stunted (modeled estimates) (million),2023,million No,0.3
Sierra Leone,Value,Percentage of children under 5 years of age who are overweight (modelled estimates) (percent),2001,%,4.6
Sierra Leone,Value,Percentage of children under 5 years of age who are overweight (modelled estimates) (percent),2002,%,4.4
Sierra Leone,Value,Percentage of children under 5 years of age who are overweight (modelled estimates) (percent),2003,%,4.1
Sierra Leone,Value,Percentage of children under 5 years of age who are overweight (modelled estimates) (percent),2004,%,3.9
Sierra Leone,Value,Percentage of children under 5 years of age who are overweight (modelled estimates) (percent),2005,%,3.7
Sierra Leone,Value,Percentage of children under 5 years of age who are overweight (modelled estimates) (percent),2006,%,3.4
Sierra Leone,Value,Percentage of children under 5 years of age who are overweight (modelled estimates) (percent),2007,%,3.2
Sierra Leone,Value,Percentage of children under 5 years of age who are overweight (modelled estimates) (percent),2008,%,3
Sierra Leone,Value,Percentage of children under 5 years of age who are overweight (modelled estimates) (percent),2009,%,2.9
Sierra Leone,Value,Percentage of children under 5 years of age who are overweight (modelled estimates) (percent),2010,%,2.7
Sierra Leone,Value,Percentage of children under 5 years of age who are overweight (modelled estimates) (percent),2011,%,2.6
Sierra Leone,Value,Percentage of children under 5 years of age who are overweight (modelled estimates) (percent),2012,%,2.6
Sierra Leone,Value,Percentage of children under 5 years of age who are overweight (modelled estimates) (percent),2013,%,2.5
Sierra Leone,Value,Percentage of children under 5 years of age who are overweight (modelled estimates) (percent),2014,%,2.5
Sierra Leone,Value,Percentage of children under 5 years of age who are overweight (modelled estimates) (percent),2015,%,2.5
Sierra Leone,Value,Percentage of children under 5 years of age who are overweight (modelled estimates) (percent),2016,%,2.5
Sierra Leone,Value,Percentage of children under 5 years of age who are overweight (modelled estimates) (percent),2017,%,2.6
Sierra Leone,Value,Percentage of children under 5 years of age who are overweight (modelled estimates) (percent),2018,%,2.7
Sierra Leone,Value,Percentage of children under 5 years of age who are overweight (modelled estimates) (percent),2019,%,2.9
Sierra Leone,Value,Percentage of children under 5 years of age who are overweight (modelled estimates) (percent),2020,%,3.2
Sierra Leone,Value,Percentage of children under 5 years of age who are overweight (modelled estimates) (percent),2021,%,3.5
Sierra Leone,Value,Percentage of children under 5 years of age who are overweight (modelled estimates) (percent),2022,%,4
Sierra Leone,Value,Percentage of children under 5 years of age who are overweight (modelled estimates) (percent),2023,%,4.6
Sierra Leone,Value,Number of children under 5 years of age who are overweight (modeled estimates) (million),2001,million No,<0.1
Sierra Leone,Value,Number of children under 5 years of age who are overweight (modeled estimates) (million),2002,million No,<0.1
Sierra Leone,Value,Number of children under 5 years of age who are overweight (modeled estimates) (million),2003,million No,<0.1
Sierra Leone,Value,Number of children under 5 years of age who are overweight (modeled estimates) (million),2004,million No,<0.1
Sierra Leone,Value,Number of children under 5 years of age who are overweight (modeled estimates) (million),2005,million No,<0.1
Sierra Leone,Value,Number of children under 5 years of age who are overweight (modeled estimates) (million),2006,million No,<0.1
Sierra Leone,Value,Number of children under 5 years of age who are overweight (modeled estimates) (million),2007,million No,<0.1
Sierra Leone,Value,Number of children under 5 years of age who are overweight (modeled estimates) (million),2008,million No,<0.1
Sierra Leone,Value,Number of children under 5 years of age who are overweight (modeled estimates) (million),2009,million No,<0.1
Sierra Leone,Value,Number of children under 5 years of age who are overweight (modeled estimates) (million),2010,million No,<0.1
Sierra Leone,Value,Number of children under 5 years of age who are overweight (modeled estimates) (million),2011,million No,<0.1
Sierra Leone,Value,Number of children under 5 years of age who are overweight (modeled estimates) (million),2012,million No,<0.1
Sierra Leone,Value,Number of children under 5 years of age who are overweight (modeled estimates) (million),2013,million No,<0.1
Sierra Leone,Value,Number of children under 5 years of age who are overweight (modeled estimates) (million),2014,million No,<0.1
Sierra Leone,Value,Number of children under 5 years of age who are overweight (modeled estimates) (million),2015,million No,<0.1
Sierra Leone,Value,Number of children under 5 years of age who are overweight (modeled estimates) (million),2016,million No,<0.1
Sierra Leone,Value,Number of children under 5 years of age who are overweight (modeled estimates) (million),2017,million No,<0.1
Sierra Leone,Value,Number of children under 5 years of age who are overweight (modeled estimates) (million),2018,million No,<0.1
Sierra Leone,Value,Number of children under 5 years of age who are overweight (modeled estimates) (million),2019,million No,<0.1
Sierra Leone,Value,Number of children under 5 years of age who are overweight (modeled estimates) (million),2020,million No,<0.1
Sierra Leone,Value,Number of children under 5 years of age who are overweight (modeled estimates) (million),2021,million No,<0.1
Sierra Leone,Value,Number of children under 5 years of age who are overweight (modeled estimates) (million),2022,million No,<0.1
Sierra Leone,Value,Number of children under 5 years of age who are overweight (modeled estimates) (million),2023,million No,<0.1
Sierra Leone,Value,Prevalence of obesity in the adult population (18 years and older) (percent),2001,%,3.9
Sierra Leone,Value,Prevalence of obesity in the adult population (18 years and older) (percent),2002,%,4.1
Sierra Leone,Value,Prevalence of obesity in the adult population (18 years and older) (percent),2003,%,4.4
Sierra Leone,Value,Prevalence of obesity in the adult population (18 years and older) (percent),2004,%,4.6
Sierra Leone,Value,Prevalence of obesity in the adult population (18 years and older) (percent),2005,%,4.9
Sierra Leone,Value,Prevalence of obesity in the adult population (18 years and older) (percent),2006,%,5.1
Sierra Leone,Value,Prevalence of obesity in the adult population (18 years and older) (percent),2007,%,5.3
Sierra Leone,Value,Prevalence of obesity in the adult population (18 years and older) (percent),2008,%,5.4
Sierra Leone,Value,Prevalence of obesity in the adult population (18 years and older) (percent),2009,%,5.6
Sierra Leone,Value,Prevalence of obesity in the adult population (18 years and older) (percent),2010,%,5.7
Sierra Leone,Value,Prevalence of obesity in the adult population (18 years and older) (percent),2011,%,5.8
Sierra Leone,Value,Prevalence of obesity in the adult population (18 years and older) (percent),2012,%,5.8
Sierra Leone,Value,Prevalence of obesity in the adult population (18 years and older) (percent),2013,%,5.9
Sierra Leone,Value,Prevalence of obesity in the adult population (18 years and older) (percent),2014,%,6
Sierra Leone,Value,Prevalence of obesity in the adult population (18 years and older) (percent),2015,%,6.1
Sierra Leone,Value,Prevalence of obesity in the adult population (18 years and older) (percent),2016,%,6.2
Sierra Leone,Value,Prevalence of obesity in the adult population (18 years and older) (percent),2017,%,6.3
Sierra Leone,Value,Prevalence of obesity in the adult population (18 years and older) (percent),2018,%,6.5
Sierra Leone,Value,Prevalence of obesity in the adult population (18 years and older) (percent),2019,%,6.6
Sierra Leone,Value,Prevalence of obesity in the adult population (18 years and older) (percent),2020,%,6.8
Sierra Leone,Value,Prevalence of obesity in the adult population (18 years and older) (percent),2021,%,6.9
Sierra Leone,Value,Prevalence of obesity in the adult population (18 years and older) (percent),2022,%,7.1
Sierra Leone,Value,Number of obese adults (18 years and older) (million),2001,million No,0.1
Sierra Leone,Value,Number of obese adults (18 years and older) (million),2002,million No,0.1
Sierra Leone,Value,Number of obese adults (18 years and older) (million),2003,million No,0.1
Sierra Leone,Value,Number of obese adults (18 years and older) (million),2004,million No,0.1
Sierra Leone,Value,Number of obese adults (18 years and older) (million),2005,million No,0.1
Sierra Leone,Value,Number of obese adults (18 years and older) (million),2006,million No,0.1
Sierra Leone,Value,Number of obese adults (18 years and older) (million),2007,million No,0.2
Sierra Leone,Value,Number of obese adults (18 years and older) (million),2008,million No,0.2
Sierra Leone,Value,Number of obese adults (18 years and older) (million),2009,million No,0.2
Sierra Leone,Value,Number of obese adults (18 years and older) (million),2010,million No,0.2
Sierra Leone,Value,Number of obese adults (18 years and older) (million),2011,million No,0.2
Sierra Leone,Value,Number of obese adults (18 years and older) (million),2012,million No,0.2
Sierra Leone,Value,Number of obese adults (18 years and older) (million),2013,million No,0.2
Sierra Leone,Value,Number of obese adults (18 years and older) (million),2014,million No,0.2
Sierra Leone,Value,Number of obese adults (18 years and older) (million),2015,million No,0.2
Sierra Leone,Value,Number of obese adults (18 years and older) (million),2016,million No,0.2
Sierra Leone,Value,Number of obese adults (18 years and older) (million),2017,million No,0.3
Sierra Leone,Value,Number of obese adults (18 years and older) (million),2018,million No,0.3
Sierra Leone,Value,Number of obese adults (18 years and older) (million),2019,million No,0.3
Sierra Leone,Value,Number of obese adults (18 years and older) (million),2020,million No,0.3
Sierra Leone,Value,Number of obese adults (18 years and older) (million),2021,million No,0.3
Sierra Leone,Value,Number of obese adults (18 years and older) (million),2022,million No,0.3
Sierra Leone,Value,Prevalence of anemia among women of reproductive age (15-49 years) (percent),2001,%,53.2
Sierra Leone,Value,Prevalence of anemia among women of reproductive age (15-49 years) (percent),2002,%,52.7
Sierra Leone,Value,Prevalence of anemia among women of reproductive age (15-49 years) (percent),2003,%,52.1
Sierra Leone,Value,Prevalence of anemia among women of reproductive age (15-49 years) (percent),2004,%,51.6
Sierra Leone,Value,Prevalence of anemia among women of reproductive age (15-49 years) (percent),2005,%,50.9
Sierra Leone,Value,Prevalence of anemia among women of reproductive age (15-49 years) (percent),2006,%,50.3
Sierra Leone,Value,Prevalence of anemia among women of reproductive age (15-49 years) (percent),2007,%,49.6
Sierra Leone,Value,Prevalence of anemia among women of reproductive age (15-49 years) (percent),2008,%,48.8
Sierra Leone,Value,Prevalence of anemia among women of reproductive age (15-49 years) (percent),2009,%,47.9
Sierra Leone,Value,Prevalence of anemia among women of reproductive age (15-49 years) (percent),2010,%,47.1
Sierra Leone,Value,Prevalence of anemia among women of reproductive age (15-49 years) (percent),2011,%,46.4
Sierra Leone,Value,Prevalence of anemia among women of reproductive age (15-49 years) (percent),2012,%,45.7
Sierra Leone,Value,Prevalence of anemia among women of reproductive age (15-49 years) (percent),2013,%,45.2
Sierra Leone,Value,Prevalence of anemia among women of reproductive age (15-49 years) (percent),2014,%,44.8
Sierra Leone,Value,Prevalence of anemia among women of reproductive age (15-49 years) (percent),2015,%,44.5
Sierra Leone,Value,Prevalence of anemia among women of reproductive age (15-49 years) (percent),2016,%,44.3
Sierra Leone,Value,Prevalence of anemia among women of reproductive age (15-49 years) (percent),2017,%,44.2
Sierra Leone,Value,Prevalence of anemia among women of reproductive age (15-49 years) (percent),2018,%,44
Sierra Leone,Value,Prevalence of anemia among women of reproductive age (15-49 years) (percent),2019,%,44
Sierra Leone,Value,Prevalence of anemia among women of reproductive age (15-49 years) (percent),2020,%,44
Sierra Leone,Value,Prevalence of anemia among women of reproductive age (15-49 years) (percent),2021,%,44
Sierra Leone,Value,Prevalence of anemia among women of reproductive age (15-49 years) (percent),2022,%,44.3
Sierra Leone,Value,Prevalence of anemia among women of reproductive age (15-49 years) (percent),2023,%,44.6
Sierra Leone,Value,Number of women of reproductive age (15-49 years) affected by anemia (million),2001,million No,0.6
Sierra Leone,Value,Number of women of reproductive age (15-49 years) affected by anemia (million),2002,million No,0.6
Sierra Leone,Value,Number of women of reproductive age (15-49 years) affected by anemia (million),2003,million No,0.6
Sierra Leone,Value,Number of women of reproductive age (15-49 years) affected by anemia (million),2004,million No,0.6
Sierra Leone,Value,Number of women of reproductive age (15-49 years) affected by anemia (million),2005,million No,0.6
Sierra Leone,Value,Number of women of reproductive age (15-49 years) affected by anemia (million),2006,million No,0.7
Sierra Leone,Value,Number of women of reproductive age (15-49 years) affected by anemia (million),2007,million No,0.7
Sierra Leone,Value,Number of women of reproductive age (15-49 years) affected by anemia (million),2008,million No,0.7
Sierra Leone,Value,Number of women of reproductive age (15-49 years) affected by anemia (million),2009,million No,0.7
Sierra Leone,Value,Number of women of reproductive age (15-49 years) affected by anemia (million),2010,million No,0.7
Sierra Leone,Value,Number of women of reproductive age (15-49 years) affected by anemia (million),2011,million No,0.7
Sierra Leone,Value,Number of women of reproductive age (15-49 years) affected by anemia (million),2012,million No,0.7
Sierra Leone,Value,Number of women of reproductive age (15-49 years) affected by anemia (million),2013,million No,0.7
Sierra Leone,Value,Number of women of reproductive age (15-49 years) affected by anemia (million),2014,million No,0.7
Sierra Leone,Value,Number of women of reproductive age (15-49 years) affected by anemia (million),2015,million No,0.8
Sierra Leone,Value,Number of women of reproductive age (15-49 years) affected by anemia (million),2016,million No,0.8
Sierra Leone,Value,Number of women of reproductive age (15-49 years) affected by anemia (million),2017,million No,0.8
Sierra Leone,Value,Number of women of reproductive age (15-49 years) affected by anemia (million),2018,million No,0.8
Sierra Leone,Value,Number of women of reproductive age (15-49 years) affected by anemia (million),2019,million No,0.8
Sierra Leone,Value,Number of women of reproductive age (15-49 years) affected by anemia (million),2020,million No,0.9
Sierra Leone,Value,Number of women of reproductive age (15-49 years) affected by anemia (million),2021,million No,0.9
Sierra Leone,Value,Number of women of reproductive age (15-49 years) affected by anemia (million),2022,million No,0.9
Sierra Leone,Value,Number of women of reproductive age (15-49 years) affected by anemia (million),2023,million No,1
Sierra Leone,Value,Prevalence of exclusive breastfeeding among infants 0-5 months of age (percent),2005,%,8.4
Sierra Leone,Value,Prevalence of exclusive breastfeeding among infants 0-5 months of age (percent),2008,%,10.4
Sierra Leone,Value,Prevalence of exclusive breastfeeding among infants 0-5 months of age (percent),2010,%,31.2
Sierra Leone,Value,Prevalence of exclusive breastfeeding among infants 0-5 months of age (percent),2013,%,31.4
Sierra Leone,Value,Prevalence of exclusive breastfeeding among infants 0-5 months of age (percent),2017,%,47.2
Sierra Leone,Value,Prevalence of exclusive breastfeeding among infants 0-5 months of age (percent),2019,%,54
Sierra Leone,Value,Prevalence of exclusive breastfeeding among infants 0-5 months of age (percent),2021,%,50.9
Sierra Leone,Value,Prevalence of low birthweight (percent),2001,%,13.7
Sierra Leone,Value,Prevalence of low birthweight (percent),2002,%,13.4
Sierra Leone,Value,Prevalence of low birthweight (percent),2003,%,13.2
Sierra Leone,Value,Prevalence of low birthweight (percent),2004,%,12.9
Sierra Leone,Value,Prevalence of low birthweight (percent),2005,%,12.7
Sierra Leone,Value,Prevalence of low birthweight (percent),2006,%,12.5
Sierra Leone,Value,Prevalence of low birthweight (percent),2007,%,12.3
Sierra Leone,Value,Prevalence of low birthweight (percent),2008,%,12.1
Sierra Leone,Value,Prevalence of low birthweight (percent),2009,%,11.9
Sierra Leone,Value,Prevalence of low birthweight (percent),2010,%,11.7
Sierra Leone,Value,Prevalence of low birthweight (percent),2011,%,11.5
Sierra Leone,Value,Prevalence of low birthweight (percent),2012,%,11.4
Sierra Leone,Value,Prevalence of low birthweight (percent),2013,%,11.2
Sierra Leone,Value,Prevalence of low birthweight (percent),2014,%,11.1
Sierra Leone,Value,Prevalence of low birthweight (percent),2015,%,11
Sierra Leone,Value,Prevalence of low birthweight (percent),2016,%,10.9
Sierra Leone,Value,Prevalence of low birthweight (percent),2017,%,10.8
Sierra Leone,Value,Prevalence of low birthweight (percent),2018,%,10.7
Sierra Leone,Value,Prevalence of low birthweight (percent),2019,%,10.5
Sierra Leone,Value,Prevalence of low birthweight (percent),2020,%,10.3
Sierra Leone,Value,Number of newborns with low birthweight (million),2001,million No,<0.1
Sierra Leone,Value,Number of newborns with low birthweight (million),2002,million No,<0.1
Sierra Leone,Value,Number of newborns with low birthweight (million),2003,million No,<0.1
Sierra Leone,Value,Number of newborns with low birthweight (million),2004,million No,<0.1
Sierra Leone,Value,Number of newborns with low birthweight (million),2005,million No,<0.1
Sierra Leone,Value,Number of newborns with low birthweight (million),2006,million No,<0.1
Sierra Leone,Value,Number of newborns with low birthweight (million),2007,million No,<0.1
Sierra Leone,Value,Number of newborns with low birthweight (million),2008,million No,<0.1
Sierra Leone,Value,Number of newborns with low birthweight (million),2009,million No,<0.1
Sierra Leone,Value,Number of newborns with low birthweight (million),2010,million No,<0.1
Sierra Leone,Value,Number of newborns with low birthweight (million),2011,million No,<0.1
Sierra Leone,Value,Number of newborns with low birthweight (million),2012,million No,<0.1
Sierra Leone,Value,Number of newborns with low birthweight (million),2013,million No,<0.1
Sierra Leone,Value,Number of newborns with low birthweight (million),2014,million No,<0.1
Sierra Leone,Value,Number of newborns with low birthweight (million),2015,million No,<0.1
Sierra Leone,Value,Number of newborns with low birthweight (million),2016,million No,<0.1
Sierra Leone,Value,Number of newborns with low birthweight (million),2017,million No,<0.1
Sierra Leone,Value,Number of newborns with low birthweight (million),2018,million No,<0.1
Sierra Leone,Value,Number of newborns with low birthweight (million),2019,million No,<0.1
Sierra Leone,Value,Number of newborns with low birthweight (million),2020,million No,<0.1
Sierra Leone,Value,Minimum dietary energy requirement (kcal/cap/day),2001,kcal/cap/d,1670
Sierra Leone,Value,Minimum dietary energy requirement (kcal/cap/day),2002,kcal/cap/d,1670
Sierra Leone,Value,Minimum dietary energy requirement (kcal/cap/day),2003,kcal/cap/d,1671
Sierra Leone,Value,Minimum dietary energy requirement (kcal/cap/day),2004,kcal/cap/d,1672
Sierra Leone,Value,Minimum dietary energy requirement (kcal/cap/day),2005,kcal/cap/d,1674
Sierra Leone,Value,Minimum dietary energy requirement (kcal/cap/day),2006,kcal/cap/d,1675
Sierra Leone,Value,Minimum dietary energy requirement (kcal/cap/day),2007,kcal/cap/d,1677
Sierra Leone,Value,Minimum dietary energy requirement (kcal/cap/day),2008,kcal/cap/d,1679
Sierra Leone,Value,Minimum dietary energy requirement (kcal/cap/day),2009,kcal/cap/d,1686
Sierra Leone,Value,Minimum dietary energy requirement (kcal/cap/day),2010,kcal/cap/d,1693
Sierra Leone,Value,Minimum dietary energy requirement (kcal/cap/day),2011,kcal/cap/d,1700
Sierra Leone,Value,Minimum dietary energy requirement (kcal/cap/day),2012,kcal/cap/d,1707
Sierra Leone,Value,Minimum dietary energy requirement (kcal/cap/day),2013,kcal/cap/d,1715
Sierra Leone,Value,Minimum dietary energy requirement (kcal/cap/day),2014,kcal/cap/d,1718
Sierra Leone,Value,Minimum dietary energy requirement (kcal/cap/day),2015,kcal/cap/d,1722
Sierra Leone,Value,Minimum dietary energy requirement (kcal/cap/day),2016,kcal/cap/d,1727
Sierra Leone,Value,Minimum dietary energy requirement (kcal/cap/day),2017,kcal/cap/d,1730
Sierra Leone,Value,Minimum dietary energy requirement (kcal/cap/day),2018,kcal/cap/d,1734
Sierra Leone,Value,Minimum dietary energy requirement (kcal/cap/day),2019,kcal/cap/d,1738
Sierra Leone,Value,Minimum dietary energy requirement (kcal/cap/day),2020,kcal/cap/d,1741
Sierra Leone,Value,Minimum dietary energy requirement (kcal/cap/day),2021,kcal/cap/d,1745
Sierra Leone,Value,Minimum dietary energy requirement (kcal/cap/day),2022,kcal/cap/d,1749
Sierra Leone,Value,Minimum dietary energy requirement (kcal/cap/day),2023,kcal/cap/d,1752
Sierra Leone,Value,Average dietary energy requirement (kcal/cap/day),2001,kcal/cap/d,2146
Sierra Leone,Value,Average dietary energy requirement (kcal/cap/day),2002,kcal/cap/d,2147
Sierra Leone,Value,Average dietary energy requirement (kcal/cap/day),2003,kcal/cap/d,2148
Sierra Leone,Value,Average dietary energy requirement (kcal/cap/day),2004,kcal/cap/d,2149
Sierra Leone,Value,Average dietary energy requirement (kcal/cap/day),2005,kcal/cap/d,2152
Sierra Leone,Value,Average dietary energy requirement (kcal/cap/day),2006,kcal/cap/d,2154
Sierra Leone,Value,Average dietary energy requirement (kcal/cap/day),2007,kcal/cap/d,2157
Sierra Leone,Value,Average dietary energy requirement (kcal/cap/day),2008,kcal/cap/d,2160
Sierra Leone,Value,Average dietary energy requirement (kcal/cap/day),2009,kcal/cap/d,2169
Sierra Leone,Value,Average dietary energy requirement (kcal/cap/day),2010,kcal/cap/d,2178
Sierra Leone,Value,Average dietary energy requirement (kcal/cap/day),2011,kcal/cap/d,2188
Sierra Leone,Value,Average dietary energy requirement (kcal/cap/day),2012,kcal/cap/d,2198
Sierra Leone,Value,Average dietary energy requirement (kcal/cap/day),2013,kcal/cap/d,2208
Sierra Leone,Value,Average dietary energy requirement (kcal/cap/day),2014,kcal/cap/d,2214
Sierra Leone,Value,Average dietary energy requirement (kcal/cap/day),2015,kcal/cap/d,2219
Sierra Leone,Value,Average dietary energy requirement (kcal/cap/day),2016,kcal/cap/d,2225
Sierra Leone,Value,Average dietary energy requirement (kcal/cap/day),2017,kcal/cap/d,2230
Sierra Leone,Value,Average dietary energy requirement (kcal/cap/day),2018,kcal/cap/d,2236
Sierra Leone,Value,Average dietary energy requirement (kcal/cap/day),2019,kcal/cap/d,2241
Sierra Leone,Value,Average dietary energy requirement (kcal/cap/day),2020,kcal/cap/d,2246
Sierra Leone,Value,Average dietary energy requirement (kcal/cap/day),2021,kcal/cap/d,2251
Sierra Leone,Value,Average dietary energy requirement (kcal/cap/day),2022,kcal/cap/d,2257
Sierra Leone,Value,Average dietary energy requirement (kcal/cap/day),2023,kcal/cap/d,2262
Sierra Leone,Value,Coefficient of variation of habitual caloric consumption distribution (real number),2001,No,0.35
Sierra Leone,Value,Coefficient of variation of habitual caloric consumption distribution (real number),2002,No,0.35
Sierra Leone,Value,Coefficient of variation of habitual caloric consumption distribution (real number),2003,No,0.35
Sierra Leone,Value,Coefficient of variation of habitual caloric consumption distribution (real number),2004,No,0.36
Sierra Leone,Value,Coefficient of variation of habitual caloric consumption distribution (real number),2005,No,0.36
Sierra Leone,Value,Coefficient of variation of habitual caloric consumption distribution (real number),2006,No,0.36
Sierra Leone,Value,Coefficient of variation of habitual caloric consumption distribution (real number),2007,No,0.35
Sierra Leone,Value,Coefficient of variation of habitual caloric consumption distribution (real number),2008,No,0.35
Sierra Leone,Value,Coefficient of variation of habitual caloric consumption distribution (real number),2009,No,0.34
Sierra Leone,Value,Coefficient of variation of habitual caloric consumption distribution (real number),2010,No,0.34
Sierra Leone,Value,Coefficient of variation of habitual caloric consumption distribution (real number),2011,No,0.33
Sierra Leone,Value,Coefficient of variation of habitual caloric consumption distribution (real number),2012,No,0.33
Sierra Leone,Value,Coefficient of variation of habitual caloric consumption distribution (real number),2013,No,0.33
Sierra Leone,Value,Coefficient of variation of habitual caloric consumption distribution (real number),2014,No,0.33
Sierra Leone,Value,Coefficient of variation of habitual caloric consumption distribution (real number),2015,No,0.33
Sierra Leone,Value,Coefficient of variation of habitual caloric consumption distribution (real number),2016,No,0.33
Sierra Leone,Value,Coefficient of variation of habitual caloric consumption distribution (real number),2017,No,0.35
Sierra Leone,Value,Coefficient of variation of habitual caloric consumption distribution (real number),2018,No,0.35
Sierra Leone,Value,Coefficient of variation of habitual caloric consumption distribution (real number),2019,No,0.35
Sierra Leone,Value,Coefficient of variation of habitual caloric consumption distribution (real number),2020,No,0.35
Sierra Leone,Value,Coefficient of variation of habitual caloric consumption distribution (real number),2021,No,0.34
Sierra Leone,Value,Coefficient of variation of habitual caloric consumption distribution (real number),2022,No,0.35
Sierra Leone,Value,Coefficient of variation of habitual caloric consumption distribution (real number),2023,No,0.36
Sierra Leone,Value,Incidence of caloric losses at retail distribution level (percent),2001,%,2.65
Sierra Leone,Value,Incidence of caloric losses at retail distribution level (percent),2002,%,2.67
Sierra Leone,Value,Incidence of caloric losses at retail distribution level (percent),2003,%,2.77
Sierra Leone,Value,Incidence of caloric losses at retail distribution level (percent),2004,%,2.87
Sierra Leone,Value,Incidence of caloric losses at retail distribution level (percent),2005,%,2.92
Sierra Leone,Value,Incidence of caloric losses at retail distribution level (percent),2006,%,2.87
Sierra Leone,Value,Incidence of caloric losses at retail distribution level (percent),2007,%,2.86
Sierra Leone,Value,Incidence of caloric losses at retail distribution level (percent),2008,%,2.96
Sierra Leone,Value,Incidence of caloric losses at retail distribution level (percent),2009,%,2.95
Sierra Leone,Value,Incidence of caloric losses at retail distribution level (percent),2010,%,3.34
Sierra Leone,Value,Incidence of caloric losses at retail distribution level (percent),2011,%,3.33
Sierra Leone,Value,Incidence of caloric losses at retail distribution level (percent),2012,%,3.34
Sierra Leone,Value,Incidence of caloric losses at retail distribution level (percent),2013,%,3.34
Sierra Leone,Value,Incidence of caloric losses at retail distribution level (percent),2014,%,3.41
Sierra Leone,Value,Incidence of caloric losses at retail distribution level (percent),2015,%,3.33
Sierra Leone,Value,Incidence of caloric losses at retail distribution level (percent),2016,%,3.38
Sierra Leone,Value,Incidence of caloric losses at retail distribution level (percent),2017,%,3.36
Sierra Leone,Value,Incidence of caloric losses at retail distribution level (percent),2018,%,3.34
Sierra Leone,Value,Incidence of caloric losses at retail distribution level (percent),2019,%,3.17
Sierra Leone,Value,Incidence of caloric losses at retail distribution level (percent),2020,%,3.37
Sierra Leone,Value,Incidence of caloric losses at retail distribution level (percent),2021,%,3.4
Sierra Leone,Value,Incidence of caloric losses at retail distribution level (percent),2022,%,3.4
Sierra Leone,Value,Incidence of caloric losses at retail distribution level (percent),2023,%,3.4
Togo,Value,Dietary energy supply used in the estimation of the prevalence of undernourishment (kcal/cap/day),2001,kcal/cap/d,2180
Togo,Value,Dietary energy supply used in the estimation of the prevalence of undernourishment (kcal/cap/day),2002,kcal/cap/d,2180
Togo,Value,Dietary energy supply used in the estimation of the prevalence of undernourishment (kcal/cap/day),2003,kcal/cap/d,2221
Togo,Value,Dietary energy supply used in the estimation of the prevalence of undernourishment (kcal/cap/day),2004,kcal/cap/d,2269
Togo,Value,Dietary energy supply used in the estimation of the prevalence of undernourishment (kcal/cap/day),2005,kcal/cap/d,2302
Togo,Value,Dietary energy supply used in the estimation of the prevalence of undernourishment (kcal/cap/day),2006,kcal/cap/d,2336
Togo,Value,Dietary energy supply used in the estimation of the prevalence of undernourishment (kcal/cap/day),2007,kcal/cap/d,2370
Togo,Value,Dietary energy supply used in the estimation of the prevalence of undernourishment (kcal/cap/day),2008,kcal/cap/d,2403
Togo,Value,Dietary energy supply used in the estimation of the prevalence of undernourishment (kcal/cap/day),2009,kcal/cap/d,2438
Togo,Value,Dietary energy supply used in the estimation of the prevalence of undernourishment (kcal/cap/day),2010,kcal/cap/d,2414
Togo,Value,Dietary energy supply used in the estimation of the prevalence of undernourishment (kcal/cap/day),2011,kcal/cap/d,2412
Togo,Value,Dietary energy supply used in the estimation of the prevalence of undernourishment (kcal/cap/day),2012,kcal/cap/d,2389
Togo,Value,Dietary energy supply used in the estimation of the prevalence of undernourishment (kcal/cap/day),2013,kcal/cap/d,2413
Togo,Value,Dietary energy supply used in the estimation of the prevalence of undernourishment (kcal/cap/day),2014,kcal/cap/d,2428
Togo,Value,Dietary energy supply used in the estimation of the prevalence of undernourishment (kcal/cap/day),2015,kcal/cap/d,2349
Togo,Value,Dietary energy supply used in the estimation of the prevalence of undernourishment (kcal/cap/day),2016,kcal/cap/d,2400
Togo,Value,Dietary energy supply used in the estimation of the prevalence of undernourishment (kcal/cap/day),2017,kcal/cap/d,2377
Togo,Value,Dietary energy supply used in the estimation of the prevalence of undernourishment (kcal/cap/day),2018,kcal/cap/d,2364
Togo,Value,Dietary energy supply used in the estimation of the prevalence of undernourishment (kcal/cap/day),2019,kcal/cap/d,2436
Togo,Value,Dietary energy supply used in the estimation of the prevalence of undernourishment (kcal/cap/day),2020,kcal/cap/d,2496
Togo,Value,Dietary energy supply used in the estimation of the prevalence of undernourishment (kcal/cap/day),2021,kcal/cap/d,2551
Togo,Value,Dietary energy supply used in the estimation of the prevalence of undernourishment (kcal/cap/day),2022,kcal/cap/d,2640
Togo,Value,Dietary energy supply used in the estimation of the prevalence of undernourishment (kcal/cap/day),2023,kcal/cap/d,2740
Togo,Value,"Gross domestic product per capita, PPP, (constant 2021 international $)",2001,Int$/cap,2059
Togo,Value,"Gross domestic product per capita, PPP, (constant 2021 international $)",2002,Int$/cap,2084
Togo,Value,"Gross domestic product per capita, PPP, (constant 2021 international $)",2003,Int$/cap,2169
Togo,Value,"Gross domestic product per capita, PPP, (constant 2021 international $)",2004,Int$/cap,2093
Togo,Value,"Gross domestic product per capita, PPP, (constant 2021 international $)",2005,Int$/cap,1945
Togo,Value,"Gross domestic product per capita, PPP, (constant 2021 international $)",2006,Int$/cap,1941
Togo,Value,"Gross domestic product per capita, PPP, (constant 2021 international $)",2007,Int$/cap,1863
Togo,Value,"Gross domestic product per capita, PPP, (constant 2021 international $)",2008,Int$/cap,1884
Togo,Value,"Gross domestic product per capita, PPP, (constant 2021 international $)",2009,Int$/cap,1931
Togo,Value,"Gross domestic product per capita, PPP, (constant 2021 international $)",2010,Int$/cap,1989
Togo,Value,"Gross domestic product per capita, PPP, (constant 2021 international $)",2011,Int$/cap,2049
Togo,Value,"Gross domestic product per capita, PPP, (constant 2021 international $)",2012,Int$/cap,2121
Togo,Value,"Gross domestic product per capita, PPP, (constant 2021 international $)",2013,Int$/cap,2188
Togo,Value,"Gross domestic product per capita, PPP, (constant 2021 international $)",2014,Int$/cap,2254
Togo,Value,"Gross domestic product per capita, PPP, (constant 2021 international $)",2015,Int$/cap,2318
Togo,Value,"Gross domestic product per capita, PPP, (constant 2021 international $)",2016,Int$/cap,2355
Togo,Value,"Gross domestic product per capita, PPP, (constant 2021 international $)",2017,Int$/cap,2389
Togo,Value,"Gross domestic product per capita, PPP, (constant 2021 international $)",2018,Int$/cap,2443
Togo,Value,"Gross domestic product per capita, PPP, (constant 2021 international $)",2019,Int$/cap,2501
Togo,Value,"Gross domestic product per capita, PPP, (constant 2021 international $)",2020,Int$/cap,2490
Togo,Value,"Gross domestic product per capita, PPP, (constant 2021 international $)",2021,Int$/cap,2577
Togo,Value,"Gross domestic product per capita, PPP, (constant 2021 international $)",2022,Int$/cap,2662
Togo,Value,"Gross domestic product per capita, PPP, (constant 2021 international $)",2023,Int$/cap,2768
Togo,Value,Political stability and absence of violence/terrorism (index),2002,,0.06
Togo,Value,Political stability and absence of violence/terrorism (index),2003,,-0.19
Togo,Value,Political stability and absence of violence/terrorism (index),2004,,-0.31
Togo,Value,Political stability and absence of violence/terrorism (index),2005,,-1.44
Togo,Value,Political stability and absence of violence/terrorism (index),2006,,-0.53
Togo,Value,Political stability and absence of violence/terrorism (index),2007,,-0.34
Togo,Value,Political stability and absence of violence/terrorism (index),2008,,-0.17
Togo,Value,Political stability and absence of violence/terrorism (index),2009,,-0.17
Togo,Value,Political stability and absence of violence/terrorism (index),2010,,-0.18
Togo,Value,Political stability and absence of violence/terrorism (index),2011,,-0.16
Togo,Value,Political stability and absence of violence/terrorism (index),2012,,-0.39
Togo,Value,Political stability and absence of violence/terrorism (index),2013,,-0.35
Togo,Value,Political stability and absence of violence/terrorism (index),2014,,-0.17
Togo,Value,Political stability and absence of violence/terrorism (index),2015,,-0.23
Togo,Value,Political stability and absence of violence/terrorism (index),2016,,-0.18
Togo,Value,Political stability and absence of violence/terrorism (index),2017,,-0.87
Togo,Value,Political stability and absence of violence/terrorism (index),2018,,-0.89
Togo,Value,Political stability and absence of violence/terrorism (index),2019,,-0.91
Togo,Value,Political stability and absence of violence/terrorism (index),2020,,-0.89
Togo,Value,Political stability and absence of violence/terrorism (index),2021,,-0.7
Togo,Value,Political stability and absence of violence/terrorism (index),2022,,-0.79
Togo,Value,Per capita food supply variability (kcal/cap/day),2001,kcal/cap/d,50
Togo,Value,Per capita food supply variability (kcal/cap/day),2002,kcal/cap/d,43
Togo,Value,Per capita food supply variability (kcal/cap/day),2003,kcal/cap/d,25
Togo,Value,Per capita food supply variability (kcal/cap/day),2004,kcal/cap/d,24
Togo,Value,Per capita food supply variability (kcal/cap/day),2005,kcal/cap/d,27
Togo,Value,Per capita food supply variability (kcal/cap/day),2006,kcal/cap/d,32
Togo,Value,Per capita food supply variability (kcal/cap/day),2007,kcal/cap/d,41
Togo,Value,Per capita food supply variability (kcal/cap/day),2008,kcal/cap/d,40
Togo,Value,Per capita food supply variability (kcal/cap/day),2009,kcal/cap/d,38
Togo,Value,Per capita food supply variability (kcal/cap/day),2010,kcal/cap/d,40
Togo,Value,Per capita food supply variability (kcal/cap/day),2011,kcal/cap/d,29
Togo,Value,Per capita food supply variability (kcal/cap/day),2012,kcal/cap/d,20
Togo,Value,Per capita food supply variability (kcal/cap/day),2013,kcal/cap/d,27
Togo,Value,Per capita food supply variability (kcal/cap/day),2014,kcal/cap/d,29
Togo,Value,Per capita food supply variability (kcal/cap/day),2015,kcal/cap/d,17
Togo,Value,Per capita food supply variability (kcal/cap/day),2016,kcal/cap/d,43
Togo,Value,Per capita food supply variability (kcal/cap/day),2017,kcal/cap/d,41
Togo,Value,Per capita food supply variability (kcal/cap/day),2018,kcal/cap/d,49
Togo,Value,Per capita food supply variability (kcal/cap/day),2019,kcal/cap/d,54
Togo,Value,Per capita food supply variability (kcal/cap/day),2020,kcal/cap/d,29
Togo,Value,Per capita food supply variability (kcal/cap/day),2021,kcal/cap/d,32
Togo,Value,Per capita food supply variability (kcal/cap/day),2022,kcal/cap/d,33
Togo,Value,Per capita food supply variability (kcal/cap/day),2023,kcal/cap/d,49
Togo,Value,Percentage of population using safely managed drinking water services (percent),2001,%,8
Togo,Value,Percentage of population using safely managed drinking water services (percent),2002,%,8
Togo,Value,Percentage of population using safely managed drinking water services (percent),2003,%,8
Togo,Value,Percentage of population using safely managed drinking water services (percent),2004,%,8
Togo,Value,Percentage of population using safely managed drinking water services (percent),2005,%,8
Togo,Value,Percentage of population using safely managed drinking water services (percent),2006,%,8
Togo,Value,Percentage of population using safely managed drinking water services (percent),2007,%,8
Togo,Value,Percentage of population using safely managed drinking water services (percent),2008,%,8
Togo,Value,Percentage of population using safely managed drinking water services (percent),2009,%,9
Togo,Value,Percentage of population using safely managed drinking water services (percent),2010,%,9
Togo,Value,Percentage of population using safely managed drinking water services (percent),2011,%,13
Togo,Value,Percentage of population using safely managed drinking water services (percent),2012,%,15
Togo,Value,Percentage of population using safely managed drinking water services (percent),2013,%,16
Togo,Value,Percentage of population using safely managed drinking water services (percent),2014,%,16
Togo,Value,Percentage of population using safely managed drinking water services (percent),2015,%,16
Togo,Value,Percentage of population using safely managed drinking water services (percent),2016,%,17
Togo,Value,Percentage of population using safely managed drinking water services (percent),2017,%,17
Togo,Value,Percentage of population using safely managed drinking water services (percent),2018,%,18
Togo,Value,Percentage of population using safely managed drinking water services (percent),2019,%,18
Togo,Value,Percentage of population using safely managed drinking water services (percent),2020,%,19
Togo,Value,Percentage of population using safely managed drinking water services (percent),2021,%,19
Togo,Value,Percentage of population using safely managed drinking water services (percent),2022,%,19
Togo,Value,Percentage of population using at least basic drinking water services (percent),2001,%,47
Togo,Value,Percentage of population using at least basic drinking water services (percent),2002,%,48
Togo,Value,Percentage of population using at least basic drinking water services (percent),2003,%,49
Togo,Value,Percentage of population using at least basic drinking water services (percent),2004,%,50
Togo,Value,Percentage of population using at least basic drinking water services (percent),2005,%,52
Togo,Value,Percentage of population using at least basic drinking water services (percent),2006,%,53
Togo,Value,Percentage of population using at least basic drinking water services (percent),2007,%,54
Togo,Value,Percentage of population using at least basic drinking water services (percent),2008,%,55
Togo,Value,Percentage of population using at least basic drinking water services (percent),2009,%,56
Togo,Value,Percentage of population using at least basic drinking water services (percent),2010,%,58
Togo,Value,Percentage of population using at least basic drinking water services (percent),2011,%,59
Togo,Value,Percentage of population using at least basic drinking water services (percent),2012,%,60
Togo,Value,Percentage of population using at least basic drinking water services (percent),2013,%,61
Togo,Value,Percentage of population using at least basic drinking water services (percent),2014,%,62
Togo,Value,Percentage of population using at least basic drinking water services (percent),2015,%,63
Togo,Value,Percentage of population using at least basic drinking water services (percent),2016,%,64
Togo,Value,Percentage of population using at least basic drinking water services (percent),2017,%,66
Togo,Value,Percentage of population using at least basic drinking water services (percent),2018,%,67
Togo,Value,Percentage of population using at least basic drinking water services (percent),2019,%,68
Togo,Value,Percentage of population using at least basic drinking water services (percent),2020,%,69
Togo,Value,Percentage of population using at least basic drinking water services (percent),2021,%,70
Togo,Value,Percentage of population using at least basic drinking water services (percent),2022,%,71
Togo,Value,Percentage of population using safely managed sanitation services (percent),2001,%,4
Togo,Value,Percentage of population using safely managed sanitation services (percent),2002,%,4
Togo,Value,Percentage of population using safely managed sanitation services (percent),2003,%,4
Togo,Value,Percentage of population using safely managed sanitation services (percent),2004,%,4
Togo,Value,Percentage of population using safely managed sanitation services (percent),2005,%,4
Togo,Value,Percentage of population using safely managed sanitation services (percent),2006,%,4
Togo,Value,Percentage of population using safely managed sanitation services (percent),2007,%,4
Togo,Value,Percentage of population using safely managed sanitation services (percent),2008,%,4
Togo,Value,Percentage of population using safely managed sanitation services (percent),2009,%,4
Togo,Value,Percentage of population using safely managed sanitation services (percent),2010,%,4
Togo,Value,Percentage of population using safely managed sanitation services (percent),2011,%,5
Togo,Value,Percentage of population using safely managed sanitation services (percent),2012,%,5
Togo,Value,Percentage of population using safely managed sanitation services (percent),2013,%,5
Togo,Value,Percentage of population using safely managed sanitation services (percent),2014,%,5
Togo,Value,Percentage of population using safely managed sanitation services (percent),2015,%,5
Togo,Value,Percentage of population using safely managed sanitation services (percent),2016,%,5
Togo,Value,Percentage of population using safely managed sanitation services (percent),2017,%,5
Togo,Value,Percentage of population using safely managed sanitation services (percent),2018,%,6
Togo,Value,Percentage of population using safely managed sanitation services (percent),2019,%,6
Togo,Value,Percentage of population using safely managed sanitation services (percent),2020,%,6
Togo,Value,Percentage of population using safely managed sanitation services (percent),2021,%,6
Togo,Value,Percentage of population using safely managed sanitation services (percent),2022,%,6
Togo,Value,Percentage of population using at least basic sanitation services (percent),2001,%,10
Togo,Value,Percentage of population using at least basic sanitation services (percent),2002,%,10
Togo,Value,Percentage of population using at least basic sanitation services (percent),2003,%,10
Togo,Value,Percentage of population using at least basic sanitation services (percent),2004,%,11
Togo,Value,Percentage of population using at least basic sanitation services (percent),2005,%,11
Togo,Value,Percentage of population using at least basic sanitation services (percent),2006,%,12
Togo,Value,Percentage of population using at least basic sanitation services (percent),2007,%,12
Togo,Value,Percentage of population using at least basic sanitation services (percent),2008,%,12
Togo,Value,Percentage of population using at least basic sanitation services (percent),2009,%,13
Togo,Value,Percentage of population using at least basic sanitation services (percent),2010,%,14
Togo,Value,Percentage of population using at least basic sanitation services (percent),2011,%,14
Togo,Value,Percentage of population using at least basic sanitation services (percent),2012,%,14
Togo,Value,Percentage of population using at least basic sanitation services (percent),2013,%,15
Togo,Value,Percentage of population using at least basic sanitation services (percent),2014,%,16
Togo,Value,Percentage of population using at least basic sanitation services (percent),2015,%,16
Togo,Value,Percentage of population using at least basic sanitation services (percent),2016,%,17
Togo,Value,Percentage of population using at least basic sanitation services (percent),2017,%,17
Togo,Value,Percentage of population using at least basic sanitation services (percent),2018,%,18
Togo,Value,Percentage of population using at least basic sanitation services (percent),2019,%,18
Togo,Value,Percentage of population using at least basic sanitation services (percent),2020,%,19
Togo,Value,Percentage of population using at least basic sanitation services (percent),2021,%,19
Togo,Value,Percentage of population using at least basic sanitation services (percent),2022,%,19
Togo,Value,Percentage of children under 5 years affected by wasting (percent),2008,%,6
Togo,Value,Percentage of children under 5 years affected by wasting (percent),2009,%,6.1
Togo,Value,Percentage of children under 5 years affected by wasting (percent),2010,%,4.7
Togo,Value,Percentage of children under 5 years affected by wasting (percent),2012,%,5.5
Togo,Value,Percentage of children under 5 years affected by wasting (percent),2014,%,6.6
Togo,Value,Percentage of children under 5 years affected by wasting (percent),2017,%,5.7
Togo,Value,Number of children under 5 years affected by wasting (million),2008,million No,<0.1
Togo,Value,Number of children under 5 years affected by wasting (million),2009,million No,<0.1
Togo,Value,Number of children under 5 years affected by wasting (million),2010,million No,<0.1
Togo,Value,Number of children under 5 years affected by wasting (million),2012,million No,<0.1
Togo,Value,Number of children under 5 years affected by wasting (million),2014,million No,<0.1
Togo,Value,Number of children under 5 years affected by wasting (million),2017,million No,<0.1
Togo,Value,Percentage of children under 5 years of age who are stunted (modelled estimates) (percent),2001,%,31.3
Togo,Value,Percentage of children under 5 years of age who are stunted (modelled estimates) (percent),2002,%,30.9
Togo,Value,Percentage of children under 5 years of age who are stunted (modelled estimates) (percent),2003,%,30.5
Togo,Value,Percentage of children under 5 years of age who are stunted (modelled estimates) (percent),2004,%,30.1
Togo,Value,Percentage of children under 5 years of age who are stunted (modelled estimates) (percent),2005,%,29.8
Togo,Value,Percentage of children under 5 years of age who are stunted (modelled estimates) (percent),2006,%,29.4
Togo,Value,Percentage of children under 5 years of age who are stunted (modelled estimates) (percent),2007,%,29
Togo,Value,Percentage of children under 5 years of age who are stunted (modelled estimates) (percent),2008,%,28.5
Togo,Value,Percentage of children under 5 years of age who are stunted (modelled estimates) (percent),2009,%,27.9
Togo,Value,Percentage of children under 5 years of age who are stunted (modelled estimates) (percent),2010,%,27.4
Togo,Value,Percentage of children under 5 years of age who are stunted (modelled estimates) (percent),2011,%,26.8
Togo,Value,Percentage of children under 5 years of age who are stunted (modelled estimates) (percent),2012,%,26.4
Togo,Value,Percentage of children under 5 years of age who are stunted (modelled estimates) (percent),2013,%,26
Togo,Value,Percentage of children under 5 years of age who are stunted (modelled estimates) (percent),2014,%,25.7
Togo,Value,Percentage of children under 5 years of age who are stunted (modelled estimates) (percent),2015,%,25.4
Togo,Value,Percentage of children under 5 years of age who are stunted (modelled estimates) (percent),2016,%,25.1
Togo,Value,Percentage of children under 5 years of age who are stunted (modelled estimates) (percent),2017,%,24.6
Togo,Value,Percentage of children under 5 years of age who are stunted (modelled estimates) (percent),2018,%,24.2
Togo,Value,Percentage of children under 5 years of age who are stunted (modelled estimates) (percent),2019,%,23.7
Togo,Value,Percentage of children under 5 years of age who are stunted (modelled estimates) (percent),2020,%,23.4
Togo,Value,Percentage of children under 5 years of age who are stunted (modelled estimates) (percent),2021,%,23.2
Togo,Value,Percentage of children under 5 years of age who are stunted (modelled estimates) (percent),2022,%,23.2
Togo,Value,Percentage of children under 5 years of age who are stunted (modelled estimates) (percent),2023,%,23.1
Togo,Value,Number of children under 5 years of age who are stunted (modeled estimates) (million),2001,million No,0.3
Togo,Value,Number of children under 5 years of age who are stunted (modeled estimates) (million),2002,million No,0.3
Togo,Value,Number of children under 5 years of age who are stunted (modeled estimates) (million),2003,million No,0.3
Togo,Value,Number of children under 5 years of age who are stunted (modeled estimates) (million),2004,million No,0.3
Togo,Value,Number of children under 5 years of age who are stunted (modeled estimates) (million),2005,million No,0.3
Togo,Value,Number of children under 5 years of age who are stunted (modeled estimates) (million),2006,million No,0.3
Togo,Value,Number of children under 5 years of age who are stunted (modeled estimates) (million),2007,million No,0.3
Togo,Value,Number of children under 5 years of age who are stunted (modeled estimates) (million),2008,million No,0.3
Togo,Value,Number of children under 5 years of age who are stunted (modeled estimates) (million),2009,million No,0.3
Togo,Value,Number of children under 5 years of age who are stunted (modeled estimates) (million),2010,million No,0.3
Togo,Value,Number of children under 5 years of age who are stunted (modeled estimates) (million),2011,million No,0.3
Togo,Value,Number of children under 5 years of age who are stunted (modeled estimates) (million),2012,million No,0.3
Togo,Value,Number of children under 5 years of age who are stunted (modeled estimates) (million),2013,million No,0.3
Togo,Value,Number of children under 5 years of age who are stunted (modeled estimates) (million),2014,million No,0.3
Togo,Value,Number of children under 5 years of age who are stunted (modeled estimates) (million),2015,million No,0.3
Togo,Value,Number of children under 5 years of age who are stunted (modeled estimates) (million),2016,million No,0.3
Togo,Value,Number of children under 5 years of age who are stunted (modeled estimates) (million),2017,million No,0.3
Togo,Value,Number of children under 5 years of age who are stunted (modeled estimates) (million),2018,million No,0.3
Togo,Value,Number of children under 5 years of age who are stunted (modeled estimates) (million),2019,million No,0.3
Togo,Value,Number of children under 5 years of age who are stunted (modeled estimates) (million),2020,million No,0.3
Togo,Value,Number of children under 5 years of age who are stunted (modeled estimates) (million),2021,million No,0.3
Togo,Value,Number of children under 5 years of age who are stunted (modeled estimates) (million),2022,million No,0.3
Togo,Value,Number of children under 5 years of age who are stunted (modeled estimates) (million),2023,million No,0.3
Togo,Value,Percentage of children under 5 years of age who are overweight (modelled estimates) (percent),2001,%,1.8
Togo,Value,Percentage of children under 5 years of age who are overweight (modelled estimates) (percent),2002,%,1.7
Togo,Value,Percentage of children under 5 years of age who are overweight (modelled estimates) (percent),2003,%,1.6
Togo,Value,Percentage of children under 5 years of age who are overweight (modelled estimates) (percent),2004,%,1.6
Togo,Value,Percentage of children under 5 years of age who are overweight (modelled estimates) (percent),2005,%,1.5
Togo,Value,Percentage of children under 5 years of age who are overweight (modelled estimates) (percent),2006,%,1.5
Togo,Value,Percentage of children under 5 years of age who are overweight (modelled estimates) (percent),2007,%,1.4
Togo,Value,Percentage of children under 5 years of age who are overweight (modelled estimates) (percent),2008,%,1.4
Togo,Value,Percentage of children under 5 years of age who are overweight (modelled estimates) (percent),2009,%,1.4
Togo,Value,Percentage of children under 5 years of age who are overweight (modelled estimates) (percent),2010,%,1.3
Togo,Value,Percentage of children under 5 years of age who are overweight (modelled estimates) (percent),2011,%,1.3
Togo,Value,Percentage of children under 5 years of age who are overweight (modelled estimates) (percent),2012,%,1.3
Togo,Value,Percentage of children under 5 years of age who are overweight (modelled estimates) (percent),2013,%,1.4
Togo,Value,Percentage of children under 5 years of age who are overweight (modelled estimates) (percent),2014,%,1.4
Togo,Value,Percentage of children under 5 years of age who are overweight (modelled estimates) (percent),2015,%,1.4
Togo,Value,Percentage of children under 5 years of age who are overweight (modelled estimates) (percent),2016,%,1.5
Togo,Value,Percentage of children under 5 years of age who are overweight (modelled estimates) (percent),2017,%,1.6
Togo,Value,Percentage of children under 5 years of age who are overweight (modelled estimates) (percent),2018,%,1.7
Togo,Value,Percentage of children under 5 years of age who are overweight (modelled estimates) (percent),2019,%,1.8
Togo,Value,Percentage of children under 5 years of age who are overweight (modelled estimates) (percent),2020,%,2
Togo,Value,Percentage of children under 5 years of age who are overweight (modelled estimates) (percent),2021,%,2.3
Togo,Value,Percentage of children under 5 years of age who are overweight (modelled estimates) (percent),2022,%,2.6
Togo,Value,Percentage of children under 5 years of age who are overweight (modelled estimates) (percent),2023,%,3
Togo,Value,Number of children under 5 years of age who are overweight (modeled estimates) (million),2001,million No,<0.1
Togo,Value,Number of children under 5 years of age who are overweight (modeled estimates) (million),2002,million No,<0.1
Togo,Value,Number of children under 5 years of age who are overweight (modeled estimates) (million),2003,million No,<0.1
Togo,Value,Number of children under 5 years of age who are overweight (modeled estimates) (million),2004,million No,<0.1
Togo,Value,Number of children under 5 years of age who are overweight (modeled estimates) (million),2005,million No,<0.1
Togo,Value,Number of children under 5 years of age who are overweight (modeled estimates) (million),2006,million No,<0.1
Togo,Value,Number of children under 5 years of age who are overweight (modeled estimates) (million),2007,million No,<0.1
Togo,Value,Number of children under 5 years of age who are overweight (modeled estimates) (million),2008,million No,<0.1
Togo,Value,Number of children under 5 years of age who are overweight (modeled estimates) (million),2009,million No,<0.1
Togo,Value,Number of children under 5 years of age who are overweight (modeled estimates) (million),2010,million No,<0.1
Togo,Value,Number of children under 5 years of age who are overweight (modeled estimates) (million),2011,million No,<0.1
Togo,Value,Number of children under 5 years of age who are overweight (modeled estimates) (million),2012,million No,<0.1
Togo,Value,Number of children under 5 years of age who are overweight (modeled estimates) (million),2013,million No,<0.1
Togo,Value,Number of children under 5 years of age who are overweight (modeled estimates) (million),2014,million No,<0.1
Togo,Value,Number of children under 5 years of age who are overweight (modeled estimates) (million),2015,million No,<0.1
Togo,Value,Number of children under 5 years of age who are overweight (modeled estimates) (million),2016,million No,<0.1
Togo,Value,Number of children under 5 years of age who are overweight (modeled estimates) (million),2017,million No,<0.1
Togo,Value,Number of children under 5 years of age who are overweight (modeled estimates) (million),2018,million No,<0.1
Togo,Value,Number of children under 5 years of age who are overweight (modeled estimates) (million),2019,million No,<0.1
Togo,Value,Number of children under 5 years of age who are overweight (modeled estimates) (million),2020,million No,<0.1
Togo,Value,Number of children under 5 years of age who are overweight (modeled estimates) (million),2021,million No,<0.1
Togo,Value,Number of children under 5 years of age who are overweight (modeled estimates) (million),2022,million No,<0.1
Togo,Value,Number of children under 5 years of age who are overweight (modeled estimates) (million),2023,million No,<0.1
Togo,Value,Prevalence of obesity in the adult population (18 years and older) (percent),2001,%,3.6
Togo,Value,Prevalence of obesity in the adult population (18 years and older) (percent),2002,%,3.9
Togo,Value,Prevalence of obesity in the adult population (18 years and older) (percent),2003,%,4.2
Togo,Value,Prevalence of obesity in the adult population (18 years and older) (percent),2004,%,4.6
Togo,Value,Prevalence of obesity in the adult population (18 years and older) (percent),2005,%,4.9
Togo,Value,Prevalence of obesity in the adult population (18 years and older) (percent),2006,%,5.2
Togo,Value,Prevalence of obesity in the adult population (18 years and older) (percent),2007,%,5.6
Togo,Value,Prevalence of obesity in the adult population (18 years and older) (percent),2008,%,5.9
Togo,Value,Prevalence of obesity in the adult population (18 years and older) (percent),2009,%,6.2
Togo,Value,Prevalence of obesity in the adult population (18 years and older) (percent),2010,%,6.5
Togo,Value,Prevalence of obesity in the adult population (18 years and older) (percent),2011,%,6.8
Togo,Value,Prevalence of obesity in the adult population (18 years and older) (percent),2012,%,7.1
Togo,Value,Prevalence of obesity in the adult population (18 years and older) (percent),2013,%,7.5
Togo,Value,Prevalence of obesity in the adult population (18 years and older) (percent),2014,%,7.8
Togo,Value,Prevalence of obesity in the adult population (18 years and older) (percent),2015,%,8.2
Togo,Value,Prevalence of obesity in the adult population (18 years and older) (percent),2016,%,8.6
Togo,Value,Prevalence of obesity in the adult population (18 years and older) (percent),2017,%,9
Togo,Value,Prevalence of obesity in the adult population (18 years and older) (percent),2018,%,9.5
Togo,Value,Prevalence of obesity in the adult population (18 years and older) (percent),2019,%,9.9
Togo,Value,Prevalence of obesity in the adult population (18 years and older) (percent),2020,%,10.5
Togo,Value,Prevalence of obesity in the adult population (18 years and older) (percent),2021,%,11
Togo,Value,Prevalence of obesity in the adult population (18 years and older) (percent),2022,%,11.6
Togo,Value,Number of obese adults (18 years and older) (million),2001,million No,0.1
Togo,Value,Number of obese adults (18 years and older) (million),2002,million No,0.1
Togo,Value,Number of obese adults (18 years and older) (million),2003,million No,0.1
Togo,Value,Number of obese adults (18 years and older) (million),2004,million No,0.1
Togo,Value,Number of obese adults (18 years and older) (million),2005,million No,0.1
Togo,Value,Number of obese adults (18 years and older) (million),2006,million No,0.2
Togo,Value,Number of obese adults (18 years and older) (million),2007,million No,0.2
Togo,Value,Number of obese adults (18 years and older) (million),2008,million No,0.2
Togo,Value,Number of obese adults (18 years and older) (million),2009,million No,0.2
Togo,Value,Number of obese adults (18 years and older) (million),2010,million No,0.2
Togo,Value,Number of obese adults (18 years and older) (million),2011,million No,0.2
Togo,Value,Number of obese adults (18 years and older) (million),2012,million No,0.3
Togo,Value,Number of obese adults (18 years and older) (million),2013,million No,0.3
Togo,Value,Number of obese adults (18 years and older) (million),2014,million No,0.3
Togo,Value,Number of obese adults (18 years and older) (million),2015,million No,0.3
Togo,Value,Number of obese adults (18 years and older) (million),2016,million No,0.3
Togo,Value,Number of obese adults (18 years and older) (million),2017,million No,0.4
Togo,Value,Number of obese adults (18 years and older) (million),2018,million No,0.4
Togo,Value,Number of obese adults (18 years and older) (million),2019,million No,0.4
Togo,Value,Number of obese adults (18 years and older) (million),2020,million No,0.5
Togo,Value,Number of obese adults (18 years and older) (million),2021,million No,0.5
Togo,Value,Number of obese adults (18 years and older) (million),2022,million No,0.5
Togo,Value,Prevalence of anemia among women of reproductive age (15-49 years) (percent),2001,%,47.4
Togo,Value,Prevalence of anemia among women of reproductive age (15-49 years) (percent),2002,%,47
Togo,Value,Prevalence of anemia among women of reproductive age (15-49 years) (percent),2003,%,46.6
Togo,Value,Prevalence of anemia among women of reproductive age (15-49 years) (percent),2004,%,46.2
Togo,Value,Prevalence of anemia among women of reproductive age (15-49 years) (percent),2005,%,45.8
Togo,Value,Prevalence of anemia among women of reproductive age (15-49 years) (percent),2006,%,45.3
Togo,Value,Prevalence of anemia among women of reproductive age (15-49 years) (percent),2007,%,44.8
Togo,Value,Prevalence of anemia among women of reproductive age (15-49 years) (percent),2008,%,44.2
Togo,Value,Prevalence of anemia among women of reproductive age (15-49 years) (percent),2009,%,43.6
Togo,Value,Prevalence of anemia among women of reproductive age (15-49 years) (percent),2010,%,43
Togo,Value,Prevalence of anemia among women of reproductive age (15-49 years) (percent),2011,%,42.5
Togo,Value,Prevalence of anemia among women of reproductive age (15-49 years) (percent),2012,%,42
Togo,Value,Prevalence of anemia among women of reproductive age (15-49 years) (percent),2013,%,41.6
Togo,Value,Prevalence of anemia among women of reproductive age (15-49 years) (percent),2014,%,41.3
Togo,Value,Prevalence of anemia among women of reproductive age (15-49 years) (percent),2015,%,41.1
Togo,Value,Prevalence of anemia among women of reproductive age (15-49 years) (percent),2016,%,40.9
Togo,Value,Prevalence of anemia among women of reproductive age (15-49 years) (percent),2017,%,40.8
Togo,Value,Prevalence of anemia among women of reproductive age (15-49 years) (percent),2018,%,40.7
Togo,Value,Prevalence of anemia among women of reproductive age (15-49 years) (percent),2019,%,40.7
Togo,Value,Prevalence of anemia among women of reproductive age (15-49 years) (percent),2020,%,40.7
Togo,Value,Prevalence of anemia among women of reproductive age (15-49 years) (percent),2021,%,40.8
Togo,Value,Prevalence of anemia among women of reproductive age (15-49 years) (percent),2022,%,41
Togo,Value,Prevalence of anemia among women of reproductive age (15-49 years) (percent),2023,%,41.5
Togo,Value,Number of women of reproductive age (15-49 years) affected by anemia (million),2001,million No,0.6
Togo,Value,Number of women of reproductive age (15-49 years) affected by anemia (million),2002,million No,0.6
Togo,Value,Number of women of reproductive age (15-49 years) affected by anemia (million),2003,million No,0.6
Togo,Value,Number of women of reproductive age (15-49 years) affected by anemia (million),2004,million No,0.6
Togo,Value,Number of women of reproductive age (15-49 years) affected by anemia (million),2005,million No,0.6
Togo,Value,Number of women of reproductive age (15-49 years) affected by anemia (million),2006,million No,0.7
Togo,Value,Number of women of reproductive age (15-49 years) affected by anemia (million),2007,million No,0.7
Togo,Value,Number of women of reproductive age (15-49 years) affected by anemia (million),2008,million No,0.7
Togo,Value,Number of women of reproductive age (15-49 years) affected by anemia (million),2009,million No,0.7
Togo,Value,Number of women of reproductive age (15-49 years) affected by anemia (million),2010,million No,0.7
Togo,Value,Number of women of reproductive age (15-49 years) affected by anemia (million),2011,million No,0.7
Togo,Value,Number of women of reproductive age (15-49 years) affected by anemia (million),2012,million No,0.7
Togo,Value,Number of women of reproductive age (15-49 years) affected by anemia (million),2013,million No,0.7
Togo,Value,Number of women of reproductive age (15-49 years) affected by anemia (million),2014,million No,0.7
Togo,Value,Number of women of reproductive age (15-49 years) affected by anemia (million),2015,million No,0.8
Togo,Value,Number of women of reproductive age (15-49 years) affected by anemia (million),2016,million No,0.8
Togo,Value,Number of women of reproductive age (15-49 years) affected by anemia (million),2017,million No,0.8
Togo,Value,Number of women of reproductive age (15-49 years) affected by anemia (million),2018,million No,0.8
Togo,Value,Number of women of reproductive age (15-49 years) affected by anemia (million),2019,million No,0.8
Togo,Value,Number of women of reproductive age (15-49 years) affected by anemia (million),2020,million No,0.8
Togo,Value,Number of women of reproductive age (15-49 years) affected by anemia (million),2021,million No,0.9
Togo,Value,Number of women of reproductive age (15-49 years) affected by anemia (million),2022,million No,0.9
Togo,Value,Number of women of reproductive age (15-49 years) affected by anemia (million),2023,million No,0.9
Togo,Value,Prevalence of exclusive breastfeeding among infants 0-5 months of age (percent),2006,%,28.6
Togo,Value,Prevalence of exclusive breastfeeding among infants 0-5 months of age (percent),2008,%,48.1
Togo,Value,Prevalence of exclusive breastfeeding among infants 0-5 months of age (percent),2010,%,62.1
Togo,Value,Prevalence of exclusive breastfeeding among infants 0-5 months of age (percent),2014,%,57.2
Togo,Value,Prevalence of exclusive breastfeeding among infants 0-5 months of age (percent),2017,%,64.3
Togo,Value,Prevalence of low birthweight (percent),2001,%,15.7
Togo,Value,Prevalence of low birthweight (percent),2002,%,15.7
Togo,Value,Prevalence of low birthweight (percent),2003,%,15.7
Togo,Value,Prevalence of low birthweight (percent),2004,%,15.6
Togo,Value,Prevalence of low birthweight (percent),2005,%,15.6
Togo,Value,Prevalence of low birthweight (percent),2006,%,15.6
Togo,Value,Prevalence of low birthweight (percent),2007,%,15.6
Togo,Value,Prevalence of low birthweight (percent),2008,%,15.5
Togo,Value,Prevalence of low birthweight (percent),2009,%,15.4
Togo,Value,Prevalence of low birthweight (percent),2010,%,15.3
Togo,Value,Prevalence of low birthweight (percent),2011,%,15.2
Togo,Value,Prevalence of low birthweight (percent),2012,%,15.1
Togo,Value,Prevalence of low birthweight (percent),2013,%,14.9
Togo,Value,Prevalence of low birthweight (percent),2014,%,14.8
Togo,Value,Prevalence of low birthweight (percent),2015,%,14.7
Togo,Value,Prevalence of low birthweight (percent),2016,%,14.6
Togo,Value,Prevalence of low birthweight (percent),2017,%,14.5
Togo,Value,Prevalence of low birthweight (percent),2018,%,14.4
Togo,Value,Prevalence of low birthweight (percent),2019,%,14.4
Togo,Value,Prevalence of low birthweight (percent),2020,%,14.3
Togo,Value,Number of newborns with low birthweight (million),2001,million No,<0.1
Togo,Value,Number of newborns with low birthweight (million),2002,million No,<0.1
Togo,Value,Number of newborns with low birthweight (million),2003,million No,<0.1
Togo,Value,Number of newborns with low birthweight (million),2004,million No,<0.1
Togo,Value,Number of newborns with low birthweight (million),2005,million No,<0.1
Togo,Value,Number of newborns with low birthweight (million),2006,million No,<0.1
Togo,Value,Number of newborns with low birthweight (million),2007,million No,<0.1
Togo,Value,Number of newborns with low birthweight (million),2008,million No,<0.1
Togo,Value,Number of newborns with low birthweight (million),2009,million No,<0.1
Togo,Value,Number of newborns with low birthweight (million),2010,million No,<0.1
Togo,Value,Number of newborns with low birthweight (million),2011,million No,<0.1
Togo,Value,Number of newborns with low birthweight (million),2012,million No,<0.1
Togo,Value,Number of newborns with low birthweight (million),2013,million No,<0.1
Togo,Value,Number of newborns with low birthweight (million),2014,million No,<0.1
Togo,Value,Number of newborns with low birthweight (million),2015,million No,<0.1
Togo,Value,Number of newborns with low birthweight (million),2016,million No,<0.1
Togo,Value,Number of newborns with low birthweight (million),2017,million No,<0.1
Togo,Value,Number of newborns with low birthweight (million),2018,million No,<0.1
Togo,Value,Number of newborns with low birthweight (million),2019,million No,<0.1
Togo,Value,Number of newborns with low birthweight (million),2020,million No,<0.1
Togo,Value,Minimum dietary energy requirement (kcal/cap/day),2001,kcal/cap/d,1714
Togo,Value,Minimum dietary energy requirement (kcal/cap/day),2002,kcal/cap/d,1717
Togo,Value,Minimum dietary energy requirement (kcal/cap/day),2003,kcal/cap/d,1720
Togo,Value,Minimum dietary energy requirement (kcal/cap/day),2004,kcal/cap/d,1722
Togo,Value,Minimum dietary energy requirement (kcal/cap/day),2005,kcal/cap/d,1722
Togo,Value,Minimum dietary energy requirement (kcal/cap/day),2006,kcal/cap/d,1718
Togo,Value,Minimum dietary energy requirement (kcal/cap/day),2007,kcal/cap/d,1711
Togo,Value,Minimum dietary energy requirement (kcal/cap/day),2008,kcal/cap/d,1706
Togo,Value,Minimum dietary energy requirement (kcal/cap/day),2009,kcal/cap/d,1701
Togo,Value,Minimum dietary energy requirement (kcal/cap/day),2010,kcal/cap/d,1699
Togo,Value,Minimum dietary energy requirement (kcal/cap/day),2011,kcal/cap/d,1701
Togo,Value,Minimum dietary energy requirement (kcal/cap/day),2012,kcal/cap/d,1706
Togo,Value,Minimum dietary energy requirement (kcal/cap/day),2013,kcal/cap/d,1713
Togo,Value,Minimum dietary energy requirement (kcal/cap/day),2014,kcal/cap/d,1720
Togo,Value,Minimum dietary energy requirement (kcal/cap/day),2015,kcal/cap/d,1728
Togo,Value,Minimum dietary energy requirement (kcal/cap/day),2016,kcal/cap/d,1735
Togo,Value,Minimum dietary energy requirement (kcal/cap/day),2017,kcal/cap/d,1743
Togo,Value,Minimum dietary energy requirement (kcal/cap/day),2018,kcal/cap/d,1746
Togo,Value,Minimum dietary energy requirement (kcal/cap/day),2019,kcal/cap/d,1741
Togo,Value,Minimum dietary energy requirement (kcal/cap/day),2020,kcal/cap/d,1735
Togo,Value,Minimum dietary energy requirement (kcal/cap/day),2021,kcal/cap/d,1734
Togo,Value,Minimum dietary energy requirement (kcal/cap/day),2022,kcal/cap/d,1737
Togo,Value,Minimum dietary energy requirement (kcal/cap/day),2023,kcal/cap/d,1740
Togo,Value,Average dietary energy requirement (kcal/cap/day),2001,kcal/cap/d,2208
Togo,Value,Average dietary energy requirement (kcal/cap/day),2002,kcal/cap/d,2213
Togo,Value,Average dietary energy requirement (kcal/cap/day),2003,kcal/cap/d,2217
Togo,Value,Average dietary energy requirement (kcal/cap/day),2004,kcal/cap/d,2220
Togo,Value,Average dietary energy requirement (kcal/cap/day),2005,kcal/cap/d,2220
Togo,Value,Average dietary energy requirement (kcal/cap/day),2006,kcal/cap/d,2214
Togo,Value,Average dietary energy requirement (kcal/cap/day),2007,kcal/cap/d,2204
Togo,Value,Average dietary energy requirement (kcal/cap/day),2008,kcal/cap/d,2194
Togo,Value,Average dietary energy requirement (kcal/cap/day),2009,kcal/cap/d,2187
Togo,Value,Average dietary energy requirement (kcal/cap/day),2010,kcal/cap/d,2183
Togo,Value,Average dietary energy requirement (kcal/cap/day),2011,kcal/cap/d,2185
Togo,Value,Average dietary energy requirement (kcal/cap/day),2012,kcal/cap/d,2192
Togo,Value,Average dietary energy requirement (kcal/cap/day),2013,kcal/cap/d,2202
Togo,Value,Average dietary energy requirement (kcal/cap/day),2014,kcal/cap/d,2213
Togo,Value,Average dietary energy requirement (kcal/cap/day),2015,kcal/cap/d,2225
Togo,Value,Average dietary energy requirement (kcal/cap/day),2016,kcal/cap/d,2236
Togo,Value,Average dietary energy requirement (kcal/cap/day),2017,kcal/cap/d,2248
Togo,Value,Average dietary energy requirement (kcal/cap/day),2018,kcal/cap/d,2252
Togo,Value,Average dietary energy requirement (kcal/cap/day),2019,kcal/cap/d,2245
Togo,Value,Average dietary energy requirement (kcal/cap/day),2020,kcal/cap/d,2235
Togo,Value,Average dietary energy requirement (kcal/cap/day),2021,kcal/cap/d,2232
Togo,Value,Average dietary energy requirement (kcal/cap/day),2022,kcal/cap/d,2236
Togo,Value,Average dietary energy requirement (kcal/cap/day),2023,kcal/cap/d,2241
Togo,Value,Coefficient of variation of habitual caloric consumption distribution (real number),2001,No,0.3
Togo,Value,Coefficient of variation of habitual caloric consumption distribution (real number),2002,No,0.31
Togo,Value,Coefficient of variation of habitual caloric consumption distribution (real number),2003,No,0.31
Togo,Value,Coefficient of variation of habitual caloric consumption distribution (real number),2004,No,0.31
Togo,Value,Coefficient of variation of habitual caloric consumption distribution (real number),2005,No,0.32
Togo,Value,Coefficient of variation of habitual caloric consumption distribution (real number),2006,No,0.32
Togo,Value,Coefficient of variation of habitual caloric consumption distribution (real number),2007,No,0.32
Togo,Value,Coefficient of variation of habitual caloric consumption distribution (real number),2008,No,0.32
Togo,Value,Coefficient of variation of habitual caloric consumption distribution (real number),2009,No,0.32
Togo,Value,Coefficient of variation of habitual caloric consumption distribution (real number),2010,No,0.31
Togo,Value,Coefficient of variation of habitual caloric consumption distribution (real number),2011,No,0.31
Togo,Value,Coefficient of variation of habitual caloric consumption distribution (real number),2012,No,0.31
Togo,Value,Coefficient of variation of habitual caloric consumption distribution (real number),2013,No,0.31
Togo,Value,Coefficient of variation of habitual caloric consumption distribution (real number),2014,No,0.31
Togo,Value,Coefficient of variation of habitual caloric consumption distribution (real number),2015,No,0.3
Togo,Value,Coefficient of variation of habitual caloric consumption distribution (real number),2016,No,0.3
Togo,Value,Coefficient of variation of habitual caloric consumption distribution (real number),2017,No,0.3
Togo,Value,Coefficient of variation of habitual caloric consumption distribution (real number),2018,No,0.3
Togo,Value,Coefficient of variation of habitual caloric consumption distribution (real number),2019,No,0.3
Togo,Value,Coefficient of variation of habitual caloric consumption distribution (real number),2020,No,0.3
Togo,Value,Coefficient of variation of habitual caloric consumption distribution (real number),2021,No,0.29
Togo,Value,Coefficient of variation of habitual caloric consumption distribution (real number),2022,No,0.29
Togo,Value,Coefficient of variation of habitual caloric consumption distribution (real number),2023,No,0.28
Togo,Value,Incidence of caloric losses at retail distribution level (percent),2001,%,3.01
Togo,Value,Incidence of caloric losses at retail distribution level (percent),2002,%,2.97
Togo,Value,Incidence of caloric losses at retail distribution level (percent),2003,%,2.99
Togo,Value,Incidence of caloric losses at retail distribution level (percent),2004,%,2.96
Togo,Value,Incidence of caloric losses at retail distribution level (percent),2005,%,2.92
Togo,Value,Incidence of caloric losses at retail distribution level (percent),2006,%,2.93
Togo,Value,Incidence of caloric losses at retail distribution level (percent),2007,%,2.91
Togo,Value,Incidence of caloric losses at retail distribution level (percent),2008,%,2.85
Togo,Value,Incidence of caloric losses at retail distribution level (percent),2009,%,2.86
Togo,Value,Incidence of caloric losses at retail distribution level (percent),2010,%,2.76
Togo,Value,Incidence of caloric losses at retail distribution level (percent),2011,%,2.86
Togo,Value,Incidence of caloric losses at retail distribution level (percent),2012,%,2.83
Togo,Value,Incidence of caloric losses at retail distribution level (percent),2013,%,2.79
Togo,Value,Incidence of caloric losses at retail distribution level (percent),2014,%,2.79
Togo,Value,Incidence of caloric losses at retail distribution level (percent),2015,%,2.85
Togo,Value,Incidence of caloric losses at retail distribution level (percent),2016,%,2.81
Togo,Value,Incidence of caloric losses at retail distribution level (percent),2017,%,2.84
Togo,Value,Incidence of caloric losses at retail distribution level (percent),2018,%,2.82
Togo,Value,Incidence of caloric losses at retail distribution level (percent),2019,%,2.58
Togo,Value,Incidence of caloric losses at retail distribution level (percent),2020,%,2.64
Togo,Value,Incidence of caloric losses at retail distribution level (percent),2021,%,2.68
Togo,Value,Incidence of caloric losses at retail distribution level (percent),2022,%,2.67
Togo,Value,Incidence of caloric losses at retail distribution level (percent),2023,%,2.67
