Pays,Code_Pays,Indicateur,Code_Indicateur,Annee,Valeur
Niger,NER,GDP (current US$),NY.GDP.MKTP.CD,2001,2448714703.96617
Niger,NER,GDP per capita (current US$),NY.GDP.PCAP.CD,2001,205.417936120931
Niger,NER,GDP growth (annual %),NY.GDP.MKTP.KD.ZG,2001,7.26813490213235
Niger,NER,"Inflation, consumer prices (annual %)",FP.CPI.TOTL.ZG,2001,4.00551428352678
Niger,NER,"Population, total",SP.POP.TOTL,2001,11920647.0
Niger,NER,Urban population (% of total population),SP.URB.TOTL.IN.ZS,2001,16.2687225341797
Niger,NER,Population growth (annual %),SP.POP.GROW,2001,3.50878624306039
Niger,NER,Poverty headcount ratio at $3.00 a day (2021 PPP) (% of population),SI.POV.DDAY,2001,
Niger,NER,Gini index,SI.POV.GINI,2001,
Niger,NER,"School enrollment, primary (% gross)",SE.PRM.ENRR,2001,35.0507202148438
Niger,NER,"School enrollment, secondary (% gross)",SE.SEC.ENRR,2001,6.231369972229
Niger,NER,"Literacy rate, adult total (% of people ages 15 and above)",SE.ADT.LITR.ZS,2001,14.3800001144409
Niger,NER,"Mortality rate, under-5 (per 1,000 live births)",SH.DYN.MORT,2001,217.4
Niger,NER,"Life expectancy at birth, total (years)",SP.DYN.LE00.IN,2001,49.872
Niger,NER,Current health expenditure (% of GDP),SH.XPD.CHEX.GD.ZS,2001,4.72659349
Niger,NER,People using at least basic drinking water services (% of population),SH.H2O.BASW.ZS,2001,37.358813438708
Niger,NER,Access to electricity (% of population),EG.ELC.ACCS.ZS,2001,8.4
Niger,NER,Individuals using the Internet (% of population),IT.NET.USER.ZS,2001,0.10518543139701
Nigeria,NGA,GDP (current US$),NY.GDP.MKTP.CD,2001,73557840064.489
Nigeria,NGA,GDP per capita (current US$),NY.GDP.PCAP.CD,2001,566.428231812933
Nigeria,NGA,GDP growth (annual %),NY.GDP.MKTP.KD.ZG,2001,5.91768464920371
Nigeria,NGA,"Inflation, consumer prices (annual %)",FP.CPI.TOTL.ZG,2001,18.8736462093863
Nigeria,NGA,"Population, total",SP.POP.TOTL,2001,129862595.0
Nigeria,NGA,Urban population (% of total population),SP.URB.TOTL.IN.ZS,2001,44.1262421418539
Nigeria,NGA,Population growth (annual %),SP.POP.GROW,2001,2.7163954653619
Nigeria,NGA,Poverty headcount ratio at $3.00 a day (2021 PPP) (% of population),SI.POV.DDAY,2001,
Nigeria,NGA,Gini index,SI.POV.GINI,2001,
Nigeria,NGA,"School enrollment, primary (% gross)",SE.PRM.ENRR,2001,92.52490234375
Nigeria,NGA,"School enrollment, secondary (% gross)",SE.SEC.ENRR,2001,26.3999805450439
Nigeria,NGA,"Literacy rate, adult total (% of people ages 15 and above)",SE.ADT.LITR.ZS,2001,
Nigeria,NGA,"Mortality rate, under-5 (per 1,000 live births)",SH.DYN.MORT,2001,170.5
Nigeria,NGA,"Life expectancy at birth, total (years)",SP.DYN.LE00.IN,2001,47.549
Nigeria,NGA,Current health expenditure (% of GDP),SH.XPD.CHEX.GD.ZS,2001,3.18946862
Nigeria,NGA,People using at least basic drinking water services (% of population),SH.H2O.BASW.ZS,2001,45.7654579242041
Nigeria,NGA,Access to electricity (% of population),EG.ELC.ACCS.ZS,2001,43.9
Nigeria,NGA,Individuals using the Internet (% of population),IT.NET.USER.ZS,2001,0.089901370457273
Senegal,SEN,GDP (current US$),NY.GDP.MKTP.CD,2001,6507824829.26254
Senegal,SEN,GDP per capita (current US$),NY.GDP.PCAP.CD,2001,637.213530563724
Senegal,SEN,GDP growth (annual %),NY.GDP.MKTP.KD.ZG,2001,4.31085146618369
Senegal,SEN,"Inflation, consumer prices (annual %)",FP.CPI.TOTL.ZG,2001,2.97450083919566
Senegal,SEN,"Population, total",SP.POP.TOTL,2001,10212942.0
Senegal,SEN,Urban population (% of total population),SP.URB.TOTL.IN.ZS,2001,40.8763420163126
Senegal,SEN,Population growth (annual %),SP.POP.GROW,2001,2.42496943712898
Senegal,SEN,Poverty headcount ratio at $3.00 a day (2021 PPP) (% of population),SI.POV.DDAY,2001,63.9
Senegal,SEN,Gini index,SI.POV.GINI,2001,41.2
Senegal,SEN,"School enrollment, primary (% gross)",SE.PRM.ENRR,2001,70.5668487548828
Senegal,SEN,"School enrollment, secondary (% gross)",SE.SEC.ENRR,2001,15.5517797470093
Senegal,SEN,"Literacy rate, adult total (% of people ages 15 and above)",SE.ADT.LITR.ZS,2001,
Senegal,SEN,"Mortality rate, under-5 (per 1,000 live births)",SH.DYN.MORT,2001,121.7
Senegal,SEN,"Life expectancy at birth, total (years)",SP.DYN.LE00.IN,2001,58.158
Senegal,SEN,Current health expenditure (% of GDP),SH.XPD.CHEX.GD.ZS,2001,3.68148756
Senegal,SEN,People using at least basic drinking water services (% of population),SH.H2O.BASW.ZS,2001,60.9066465806354
Senegal,SEN,Access to electricity (% of population),EG.ELC.ACCS.ZS,2001,38.9
Senegal,SEN,Individuals using the Internet (% of population),IT.NET.USER.ZS,2001,0.983794058848003
Cote d'Ivoire,CIV,GDP (current US$),NY.GDP.MKTP.CD,2001,16810537043.8407
Cote d'Ivoire,CIV,GDP per capita (current US$),NY.GDP.PCAP.CD,2001,924.727294962066
Cote d'Ivoire,CIV,GDP growth (annual %),NY.GDP.MKTP.KD.ZG,2001,-2.15401249077306
Cote d'Ivoire,CIV,"Inflation, consumer prices (annual %)",FP.CPI.TOTL.ZG,2001,4.36152914007256
Cote d'Ivoire,CIV,"Population, total",SP.POP.TOTL,2001,18178913.0
Cote d'Ivoire,CIV,Urban population (% of total population),SP.URB.TOTL.IN.ZS,2001,43.4670149035012
Cote d'Ivoire,CIV,Population growth (annual %),SP.POP.GROW,2001,2.67539291726228
Cote d'Ivoire,CIV,Poverty headcount ratio at $3.00 a day (2021 PPP) (% of population),SI.POV.DDAY,2001,
Cote d'Ivoire,CIV,Gini index,SI.POV.GINI,2001,
Cote d'Ivoire,CIV,"School enrollment, primary (% gross)",SE.PRM.ENRR,2001,66.3351211547852
Cote d'Ivoire,CIV,"School enrollment, secondary (% gross)",SE.SEC.ENRR,2001,
Cote d'Ivoire,CIV,"Literacy rate, adult total (% of people ages 15 and above)",SE.ADT.LITR.ZS,2001,
Cote d'Ivoire,CIV,"Mortality rate, under-5 (per 1,000 live births)",SH.DYN.MORT,2001,136.9
Cote d'Ivoire,CIV,"Life expectancy at birth, total (years)",SP.DYN.LE00.IN,2001,51.428
Cote d'Ivoire,CIV,Current health expenditure (% of GDP),SH.XPD.CHEX.GD.ZS,2001,3.59047151
Cote d'Ivoire,CIV,People using at least basic drinking water services (% of population),SH.H2O.BASW.ZS,2001,69.1799896467784
Cote d'Ivoire,CIV,Access to electricity (% of population),EG.ELC.ACCS.ZS,2001,49.7
Cote d'Ivoire,CIV,Individuals using the Internet (% of population),IT.NET.USER.ZS,2001,0.395747702246439
Ghana,GHA,GDP (current US$),NY.GDP.MKTP.CD,2001,5314872854.4405
Ghana,GHA,GDP per capita (current US$),NY.GDP.PCAP.CD,2001,263.542156494853
Ghana,GHA,GDP growth (annual %),NY.GDP.MKTP.KD.ZG,2001,4.00000012807919
Ghana,GHA,"Inflation, consumer prices (annual %)",FP.CPI.TOTL.ZG,2001,41.509496287803
Ghana,GHA,"Population, total",SP.POP.TOTL,2001,20167069.0
Ghana,GHA,Urban population (% of total population),SP.URB.TOTL.IN.ZS,2001,44.6410507317701
Ghana,GHA,Population growth (annual %),SP.POP.GROW,2001,2.6631054412646
Ghana,GHA,Poverty headcount ratio at $3.00 a day (2021 PPP) (% of population),SI.POV.DDAY,2001,
Ghana,GHA,Gini index,SI.POV.GINI,2001,
Ghana,GHA,"School enrollment, primary (% gross)",SE.PRM.ENRR,2001,75.4195938110352
Ghana,GHA,"School enrollment, secondary (% gross)",SE.SEC.ENRR,2001,30.9433898925781
Ghana,GHA,"Literacy rate, adult total (% of people ages 15 and above)",SE.ADT.LITR.ZS,2001,
Ghana,GHA,"Mortality rate, under-5 (per 1,000 live births)",SH.DYN.MORT,2001,95.8
Ghana,GHA,"Life expectancy at birth, total (years)",SP.DYN.LE00.IN,2001,58.403
Ghana,GHA,Current health expenditure (% of GDP),SH.XPD.CHEX.GD.ZS,2001,1.86866331
Ghana,GHA,People using at least basic drinking water services (% of population),SH.H2O.BASW.ZS,2001,66.2724810777251
Ghana,GHA,Access to electricity (% of population),EG.ELC.ACCS.ZS,2001,44.8
Ghana,GHA,Individuals using the Internet (% of population),IT.NET.USER.ZS,2001,0.200008060324831
Benin,BEN,GDP (current US$),NY.GDP.MKTP.CD,2001,3666222635.13875
Benin,BEN,GDP per capita (current US$),NY.GDP.PCAP.CD,2001,492.401499509072
Benin,BEN,GDP growth (annual %),NY.GDP.MKTP.KD.ZG,2001,5.33313570603937
Benin,BEN,"Inflation, consumer prices (annual %)",FP.CPI.TOTL.ZG,2001,3.98429547767893
Benin,BEN,"Population, total",SP.POP.TOTL,2001,7445596.0
Benin,BEN,Urban population (% of total population),SP.URB.TOTL.IN.ZS,2001,38.6186257669218
Benin,BEN,Population growth (annual %),SP.POP.GROW,2001,3.05435506649292
Benin,BEN,Poverty headcount ratio at $3.00 a day (2021 PPP) (% of population),SI.POV.DDAY,2001,
Benin,BEN,Gini index,SI.POV.GINI,2001,
Benin,BEN,"School enrollment, primary (% gross)",SE.PRM.ENRR,2001,84.4785537719727
Benin,BEN,"School enrollment, secondary (% gross)",SE.SEC.ENRR,2001,21.7104396820068
Benin,BEN,"Literacy rate, adult total (% of people ages 15 and above)",SE.ADT.LITR.ZS,2001,
Benin,BEN,"Mortality rate, under-5 (per 1,000 live births)",SH.DYN.MORT,2001,131.7
Benin,BEN,"Life expectancy at birth, total (years)",SP.DYN.LE00.IN,2001,56.654
Benin,BEN,Current health expenditure (% of GDP),SH.XPD.CHEX.GD.ZS,2001,3.30417323
Benin,BEN,People using at least basic drinking water services (% of population),SH.H2O.BASW.ZS,2001,61.4110451186381
Benin,BEN,Access to electricity (% of population),EG.ELC.ACCS.ZS,2001,21.9
Benin,BEN,Individuals using the Internet (% of population),IT.NET.USER.ZS,2001,0.363417890016082
Burkina Faso,BFA,GDP (current US$),NY.GDP.MKTP.CD,2001,3190371080.94768
Burkina Faso,BFA,GDP per capita (current US$),NY.GDP.PCAP.CD,2001,259.485223380436
Burkina Faso,BFA,GDP growth (annual %),NY.GDP.MKTP.KD.ZG,2001,6.61340574539679
Burkina Faso,BFA,"Inflation, consumer prices (annual %)",FP.CPI.TOTL.ZG,2001,5.00743290822373
Burkina Faso,BFA,"Population, total",SP.POP.TOTL,2001,12295001.0
Burkina Faso,BFA,Urban population (% of total population),SP.URB.TOTL.IN.ZS,2001,18.8591452143893
Burkina Faso,BFA,Population growth (annual %),SP.POP.GROW,2001,3.05099351122556
Burkina Faso,BFA,Poverty headcount ratio at $3.00 a day (2021 PPP) (% of population),SI.POV.DDAY,2001,
Burkina Faso,BFA,Gini index,SI.POV.GINI,2001,
Burkina Faso,BFA,"School enrollment, primary (% gross)",SE.PRM.ENRR,2001,44.3381385803223
Burkina Faso,BFA,"School enrollment, secondary (% gross)",SE.SEC.ENRR,2001,10.0396404266357
Burkina Faso,BFA,"Literacy rate, adult total (% of people ages 15 and above)",SE.ADT.LITR.ZS,2001,
Burkina Faso,BFA,"Mortality rate, under-5 (per 1,000 live births)",SH.DYN.MORT,2001,171.9
Burkina Faso,BFA,"Life expectancy at birth, total (years)",SP.DYN.LE00.IN,2001,51.188
Burkina Faso,BFA,Current health expenditure (% of GDP),SH.XPD.CHEX.GD.ZS,2001,3.95983911
Burkina Faso,BFA,People using at least basic drinking water services (% of population),SH.H2O.BASW.ZS,2001,55.8329037014079
Burkina Faso,BFA,Access to electricity (% of population),EG.ELC.ACCS.ZS,2001,9.5
Burkina Faso,BFA,Individuals using the Internet (% of population),IT.NET.USER.ZS,2001,0.157732464653607
Mali,MLI,GDP (current US$),NY.GDP.MKTP.CD,2001,4124281593.71774
Mali,MLI,GDP per capita (current US$),NY.GDP.PCAP.CD,2001,346.224554251022
Mali,MLI,GDP growth (annual %),NY.GDP.MKTP.KD.ZG,2001,15.8060317406145
Mali,MLI,"Inflation, consumer prices (annual %)",FP.CPI.TOTL.ZG,2001,5.18701191944068
Mali,MLI,"Population, total",SP.POP.TOTL,2001,11912158.0
Mali,MLI,Urban population (% of total population),SP.URB.TOTL.IN.ZS,2001,19.3181950112665
Mali,MLI,Population growth (annual %),SP.POP.GROW,2001,3.00701165563643
Mali,MLI,Poverty headcount ratio at $3.00 a day (2021 PPP) (% of population),SI.POV.DDAY,2001,68.6
Mali,MLI,Gini index,SI.POV.GINI,2001,39.9
Mali,MLI,"School enrollment, primary (% gross)",SE.PRM.ENRR,2001,57.4527702331543
Mali,MLI,"School enrollment, secondary (% gross)",SE.SEC.ENRR,2001,
Mali,MLI,"Literacy rate, adult total (% of people ages 15 and above)",SE.ADT.LITR.ZS,2001,
Mali,MLI,"Mortality rate, under-5 (per 1,000 live births)",SH.DYN.MORT,2001,183.9
Mali,MLI,"Life expectancy at birth, total (years)",SP.DYN.LE00.IN,2001,51.3
Mali,MLI,Current health expenditure (% of GDP),SH.XPD.CHEX.GD.ZS,2001,4.51952076
Mali,MLI,People using at least basic drinking water services (% of population),SH.H2O.BASW.ZS,2001,51.0043528727808
Mali,MLI,Access to electricity (% of population),EG.ELC.ACCS.ZS,2001,10.8
Mali,MLI,Individuals using the Internet (% of population),IT.NET.USER.ZS,2001,0.185897413256084
Mauritania,MRT,GDP (current US$),NY.GDP.MKTP.CD,2001,1746063557.61355
Mauritania,MRT,GDP per capita (current US$),NY.GDP.PCAP.CD,2001,651.817840199777
Mauritania,MRT,GDP growth (annual %),NY.GDP.MKTP.KD.ZG,2001,-0.799493830035985
Mauritania,MRT,"Inflation, consumer prices (annual %)",FP.CPI.TOTL.ZG,2001,4.7148963468961
Mauritania,MRT,"Population, total",SP.POP.TOTL,2001,2678760.0
Mauritania,MRT,Urban population (% of total population),SP.URB.TOTL.IN.ZS,2001,38.1070763150421
Mauritania,MRT,Population growth (annual %),SP.POP.GROW,2001,2.46862570579989
Mauritania,MRT,Poverty headcount ratio at $3.00 a day (2021 PPP) (% of population),SI.POV.DDAY,2001,
Mauritania,MRT,Gini index,SI.POV.GINI,2001,
Mauritania,MRT,"School enrollment, primary (% gross)",SE.PRM.ENRR,2001,80.3173294067383
Mauritania,MRT,"School enrollment, secondary (% gross)",SE.SEC.ENRR,2001,20.5369300842285
Mauritania,MRT,"Literacy rate, adult total (% of people ages 15 and above)",SE.ADT.LITR.ZS,2001,
Mauritania,MRT,"Mortality rate, under-5 (per 1,000 live births)",SH.DYN.MORT,2001,93.4
Mauritania,MRT,"Life expectancy at birth, total (years)",SP.DYN.LE00.IN,2001,61.662
Mauritania,MRT,Current health expenditure (% of GDP),SH.XPD.CHEX.GD.ZS,2001,3.5718379
Mauritania,MRT,People using at least basic drinking water services (% of population),SH.H2O.BASW.ZS,2001,42.3280271481034
Mauritania,MRT,Access to electricity (% of population),EG.ELC.ACCS.ZS,2001,22.2
Mauritania,MRT,Individuals using the Internet (% of population),IT.NET.USER.ZS,2001,0.261448551967195
Togo,TGO,GDP (current US$),NY.GDP.MKTP.CD,2001,2093498674.49678
Togo,TGO,GDP per capita (current US$),NY.GDP.PCAP.CD,2001,396.692654520135
Togo,TGO,GDP growth (annual %),NY.GDP.MKTP.KD.ZG,2001,0.823438752111855
Togo,TGO,"Inflation, consumer prices (annual %)",FP.CPI.TOTL.ZG,2001,3.91959133653146
Togo,TGO,"Population, total",SP.POP.TOTL,2001,5277382.0
Togo,TGO,Urban population (% of total population),SP.URB.TOTL.IN.ZS,2001,33.5503635916513
Togo,TGO,Population growth (annual %),SP.POP.GROW,2001,2.63698635340958
Togo,TGO,Poverty headcount ratio at $3.00 a day (2021 PPP) (% of population),SI.POV.DDAY,2001,
Togo,TGO,Gini index,SI.POV.GINI,2001,
Togo,TGO,"School enrollment, primary (% gross)",SE.PRM.ENRR,2001,112.105476379395
Togo,TGO,"School enrollment, secondary (% gross)",SE.SEC.ENRR,2001,34.4402694702148
Togo,TGO,"Literacy rate, adult total (% of people ages 15 and above)",SE.ADT.LITR.ZS,2001,
Togo,TGO,"Mortality rate, under-5 (per 1,000 live births)",SH.DYN.MORT,2001,115.7
Togo,TGO,"Life expectancy at birth, total (years)",SP.DYN.LE00.IN,2001,54.757
Togo,TGO,Current health expenditure (% of GDP),SH.XPD.CHEX.GD.ZS,2001,3.4422195
Togo,TGO,People using at least basic drinking water services (% of population),SH.H2O.BASW.ZS,2001,47.2066551581281
Togo,TGO,Access to electricity (% of population),EG.ELC.ACCS.ZS,2001,19.6
Togo,TGO,Individuals using the Internet (% of population),IT.NET.USER.ZS,2001,0.9
Guinea,GIN,GDP (current US$),NY.GDP.MKTP.CD,2001,4125527603.22908
Guinea,GIN,GDP per capita (current US$),NY.GDP.PCAP.CD,2001,483.085120214741
Guinea,GIN,GDP growth (annual %),NY.GDP.MKTP.KD.ZG,2001,3.65834646929586
Guinea,GIN,"Inflation, consumer prices (annual %)",FP.CPI.TOTL.ZG,2001,
Guinea,GIN,"Population, total",SP.POP.TOTL,2001,8539960.0
Guinea,GIN,Urban population (% of total population),SP.URB.TOTL.IN.ZS,2001,31.2176948406254
Guinea,GIN,Population growth (annual %),SP.POP.GROW,2001,1.3098114321983
Guinea,GIN,Poverty headcount ratio at $3.00 a day (2021 PPP) (% of population),SI.POV.DDAY,2001,
Guinea,GIN,Gini index,SI.POV.GINI,2001,
Guinea,GIN,"School enrollment, primary (% gross)",SE.PRM.ENRR,2001,61.1270217895508
Guinea,GIN,"School enrollment, secondary (% gross)",SE.SEC.ENRR,2001,18.4985904693604
Guinea,GIN,"Literacy rate, adult total (% of people ages 15 and above)",SE.ADT.LITR.ZS,2001,
Guinea,GIN,"Mortality rate, under-5 (per 1,000 live births)",SH.DYN.MORT,2001,159.0
Guinea,GIN,"Life expectancy at birth, total (years)",SP.DYN.LE00.IN,2001,52.669
Guinea,GIN,Current health expenditure (% of GDP),SH.XPD.CHEX.GD.ZS,2001,4.88433027
Guinea,GIN,People using at least basic drinking water services (% of population),SH.H2O.BASW.ZS,2001,50.503637310744
Guinea,GIN,Access to electricity (% of population),EG.ELC.ACCS.ZS,2001,16.4
Guinea,GIN,Individuals using the Internet (% of population),IT.NET.USER.ZS,2001,0.175541868491054
"Gambia, The",GMB,GDP (current US$),NY.GDP.MKTP.CD,2001,687410645.063943
"Gambia, The",GMB,GDP per capita (current US$),NY.GDP.PCAP.CD,2001,459.803068381399
"Gambia, The",GMB,GDP growth (annual %),NY.GDP.MKTP.KD.ZG,2001,5.80000024323377
"Gambia, The",GMB,"Inflation, consumer prices (annual %)",FP.CPI.TOTL.ZG,2001,4.49259609239754
"Gambia, The",GMB,"Population, total",SP.POP.TOTL,2001,1495011.0
"Gambia, The",GMB,Urban population (% of total population),SP.URB.TOTL.IN.ZS,2001,48.3491979765917
"Gambia, The",GMB,Population growth (annual %),SP.POP.GROW,2001,2.70699337593192
"Gambia, The",GMB,Poverty headcount ratio at $3.00 a day (2021 PPP) (% of population),SI.POV.DDAY,2001,
"Gambia, The",GMB,Gini index,SI.POV.GINI,2001,
"Gambia, The",GMB,"School enrollment, primary (% gross)",SE.PRM.ENRR,2001,71.4117431640625
"Gambia, The",GMB,"School enrollment, secondary (% gross)",SE.SEC.ENRR,2001,
"Gambia, The",GMB,"Literacy rate, adult total (% of people ages 15 and above)",SE.ADT.LITR.ZS,2001,
"Gambia, The",GMB,"Mortality rate, under-5 (per 1,000 live births)",SH.DYN.MORT,2001,108.1
"Gambia, The",GMB,"Life expectancy at birth, total (years)",SP.DYN.LE00.IN,2001,57.283
"Gambia, The",GMB,Current health expenditure (% of GDP),SH.XPD.CHEX.GD.ZS,2001,8.29925728
"Gambia, The",GMB,People using at least basic drinking water services (% of population),SH.H2O.BASW.ZS,2001,72.4709852394757
"Gambia, The",GMB,Access to electricity (% of population),EG.ELC.ACCS.ZS,2001,29.9
"Gambia, The",GMB,Individuals using the Internet (% of population),IT.NET.USER.ZS,2001,1.33679116648397
Sierra Leone,SLE,GDP (current US$),NY.GDP.MKTP.CD,2001,1681473893.76655
Sierra Leone,SLE,GDP per capita (current US$),NY.GDP.PCAP.CD,2001,358.315716051546
Sierra Leone,SLE,GDP growth (annual %),NY.GDP.MKTP.KD.ZG,2001,-6.34545563328469
Sierra Leone,SLE,"Inflation, consumer prices (annual %)",FP.CPI.TOTL.ZG,2001,
Sierra Leone,SLE,"Population, total",SP.POP.TOTL,2001,4692716.0
Sierra Leone,SLE,Urban population (% of total population),SP.URB.TOTL.IN.ZS,2001,35.763651295501
Sierra Leone,SLE,Population growth (annual %),SP.POP.GROW,2001,5.90551884410875
Sierra Leone,SLE,Poverty headcount ratio at $3.00 a day (2021 PPP) (% of population),SI.POV.DDAY,2001,
Sierra Leone,SLE,Gini index,SI.POV.GINI,2001,
Sierra Leone,SLE,"School enrollment, primary (% gross)",SE.PRM.ENRR,2001,75.623893737793
Sierra Leone,SLE,"School enrollment, secondary (% gross)",SE.SEC.ENRR,2001,25.5431499481201
Sierra Leone,SLE,"Literacy rate, adult total (% of people ages 15 and above)",SE.ADT.LITR.ZS,2001,
Sierra Leone,SLE,"Mortality rate, under-5 (per 1,000 live births)",SH.DYN.MORT,2001,217.3
Sierra Leone,SLE,"Life expectancy at birth, total (years)",SP.DYN.LE00.IN,2001,45.448
Sierra Leone,SLE,Current health expenditure (% of GDP),SH.XPD.CHEX.GD.ZS,2001,5.22183514
Sierra Leone,SLE,People using at least basic drinking water services (% of population),SH.H2O.BASW.ZS,2001,41.2237067367546
Sierra Leone,SLE,Access to electricity (% of population),EG.ELC.ACCS.ZS,2001,8.5
Sierra Leone,SLE,Individuals using the Internet (% of population),IT.NET.USER.ZS,2001,0.160264445493032
Liberia,LBR,GDP (current US$),NY.GDP.MKTP.CD,2001,906000000.0
Liberia,LBR,GDP per capita (current US$),NY.GDP.PCAP.CD,2001,300.463828598983
Liberia,LBR,GDP growth (annual %),NY.GDP.MKTP.KD.ZG,2001,2.92027476569781
Liberia,LBR,"Inflation, consumer prices (annual %)",FP.CPI.TOTL.ZG,2001,
Liberia,LBR,"Population, total",SP.POP.TOTL,2001,3015338.0
Liberia,LBR,Urban population (% of total population),SP.URB.TOTL.IN.ZS,2001,44.1509656015089
Liberia,LBR,Population growth (annual %),SP.POP.GROW,2001,2.9352375714594
Liberia,LBR,Poverty headcount ratio at $3.00 a day (2021 PPP) (% of population),SI.POV.DDAY,2001,
Liberia,LBR,Gini index,SI.POV.GINI,2001,
Liberia,LBR,"School enrollment, primary (% gross)",SE.PRM.ENRR,2001,
Liberia,LBR,"School enrollment, secondary (% gross)",SE.SEC.ENRR,2001,
Liberia,LBR,"Literacy rate, adult total (% of people ages 15 and above)",SE.ADT.LITR.ZS,2001,
Liberia,LBR,"Mortality rate, under-5 (per 1,000 live births)",SH.DYN.MORT,2001,181.7
Liberia,LBR,"Life expectancy at birth, total (years)",SP.DYN.LE00.IN,2001,53.109
Liberia,LBR,Current health expenditure (% of GDP),SH.XPD.CHEX.GD.ZS,2001,2.15581036
Liberia,LBR,People using at least basic drinking water services (% of population),SH.H2O.BASW.ZS,2001,61.9197046364816
Liberia,LBR,Access to electricity (% of population),EG.ELC.ACCS.ZS,2001,
Liberia,LBR,Individuals using the Internet (% of population),IT.NET.USER.ZS,2001,0.033812227177592
Guinea-Bissau,GNB,GDP (current US$),NY.GDP.MKTP.CD,2001,412610871.509121
Guinea-Bissau,GNB,GDP per capita (current US$),NY.GDP.PCAP.CD,2001,327.138431972397
Guinea-Bissau,GNB,GDP growth (annual %),NY.GDP.MKTP.KD.ZG,2001,4.7859716500482
Guinea-Bissau,GNB,"Inflation, consumer prices (annual %)",FP.CPI.TOTL.ZG,2001,3.34812265527108
Guinea-Bissau,GNB,"Population, total",SP.POP.TOTL,2001,1261273.0
Guinea-Bissau,GNB,Urban population (% of total population),SP.URB.TOTL.IN.ZS,2001,37.1627839410066
Guinea-Bissau,GNB,Population growth (annual %),SP.POP.GROW,2001,2.12602969093669
Guinea-Bissau,GNB,Poverty headcount ratio at $3.00 a day (2021 PPP) (% of population),SI.POV.DDAY,2001,
Guinea-Bissau,GNB,Gini index,SI.POV.GINI,2001,
Guinea-Bissau,GNB,"School enrollment, primary (% gross)",SE.PRM.ENRR,2001,89.7620162963867
Guinea-Bissau,GNB,"School enrollment, secondary (% gross)",SE.SEC.ENRR,2001,
Guinea-Bissau,GNB,"Literacy rate, adult total (% of people ages 15 and above)",SE.ADT.LITR.ZS,2001,
Guinea-Bissau,GNB,"Mortality rate, under-5 (per 1,000 live births)",SH.DYN.MORT,2001,169.3
Guinea-Bissau,GNB,"Life expectancy at birth, total (years)",SP.DYN.LE00.IN,2001,51.054
Guinea-Bissau,GNB,Current health expenditure (% of GDP),SH.XPD.CHEX.GD.ZS,2001,4.12891531
Guinea-Bissau,GNB,People using at least basic drinking water services (% of population),SH.H2O.BASW.ZS,2001,55.6355112802185
Guinea-Bissau,GNB,Access to electricity (% of population),EG.ELC.ACCS.ZS,2001,
Guinea-Bissau,GNB,Individuals using the Internet (% of population),IT.NET.USER.ZS,2001,0.299569144677667
Cabo Verde,CPV,GDP (current US$),NY.GDP.MKTP.CD,2001,563090490.377368
Cabo Verde,CPV,GDP per capita (current US$),NY.GDP.PCAP.CD,2001,1223.33055331575
Cabo Verde,CPV,GDP growth (annual %),NY.GDP.MKTP.KD.ZG,2001,2.23165454528898
Cabo Verde,CPV,"Inflation, consumer prices (annual %)",FP.CPI.TOTL.ZG,2001,3.34996472317894
Cabo Verde,CPV,"Population, total",SP.POP.TOTL,2001,460293.0
Cabo Verde,CPV,Urban population (% of total population),SP.URB.TOTL.IN.ZS,2001,54.7762172320995
Cabo Verde,CPV,Population growth (annual %),SP.POP.GROW,2001,1.52715832330257
Cabo Verde,CPV,Poverty headcount ratio at $3.00 a day (2021 PPP) (% of population),SI.POV.DDAY,2001,37.1
Cabo Verde,CPV,Gini index,SI.POV.GINI,2001,52.5
Cabo Verde,CPV,"School enrollment, primary (% gross)",SE.PRM.ENRR,2001,115.448791503906
Cabo Verde,CPV,"School enrollment, secondary (% gross)",SE.SEC.ENRR,2001,63.2078514099121
Cabo Verde,CPV,"Literacy rate, adult total (% of people ages 15 and above)",SE.ADT.LITR.ZS,2001,
Cabo Verde,CPV,"Mortality rate, under-5 (per 1,000 live births)",SH.DYN.MORT,2001,32.8
Cabo Verde,CPV,"Life expectancy at birth, total (years)",SP.DYN.LE00.IN,2001,68.707
Cabo Verde,CPV,Current health expenditure (% of GDP),SH.XPD.CHEX.GD.ZS,2001,3.69652915
Cabo Verde,CPV,People using at least basic drinking water services (% of population),SH.H2O.BASW.ZS,2001,79.6627777965322
Cabo Verde,CPV,Access to electricity (% of population),EG.ELC.ACCS.ZS,2001,60.3
Cabo Verde,CPV,Individuals using the Internet (% of population),IT.NET.USER.ZS,2001,2.68533271272311
Niger,NER,GDP (current US$),NY.GDP.MKTP.CD,2002,2782192878.67204
Niger,NER,GDP per capita (current US$),NY.GDP.PCAP.CD,2002,225.294391147438
Niger,NER,GDP growth (annual %),NY.GDP.MKTP.KD.ZG,2002,4.91847057594622
Niger,NER,"Inflation, consumer prices (annual %)",FP.CPI.TOTL.ZG,2002,2.62886597938136
Niger,NER,"Population, total",SP.POP.TOTL,2002,12349144.0
Niger,NER,Urban population (% of total population),SP.URB.TOTL.IN.ZS,2002,16.2687206268311
Niger,NER,Population growth (annual %),SP.POP.GROW,2002,3.53148102432579
Niger,NER,Poverty headcount ratio at $3.00 a day (2021 PPP) (% of population),SI.POV.DDAY,2002,
Niger,NER,Gini index,SI.POV.GINI,2002,
Niger,NER,"School enrollment, primary (% gross)",SE.PRM.ENRR,2002,39.0056304931641
Niger,NER,"School enrollment, secondary (% gross)",SE.SEC.ENRR,2002,6.28120994567871
Niger,NER,"Literacy rate, adult total (% of people ages 15 and above)",SE.ADT.LITR.ZS,2002,
Niger,NER,"Mortality rate, under-5 (per 1,000 live births)",SH.DYN.MORT,2002,205.9
Niger,NER,"Life expectancy at birth, total (years)",SP.DYN.LE00.IN,2002,50.645
Niger,NER,Current health expenditure (% of GDP),SH.XPD.CHEX.GD.ZS,2002,4.82717037
Niger,NER,People using at least basic drinking water services (% of population),SH.H2O.BASW.ZS,2002,38.1115370315666
Niger,NER,Access to electricity (% of population),EG.ELC.ACCS.ZS,2002,8.8
Niger,NER,Individuals using the Internet (% of population),IT.NET.USER.ZS,2002,0.127152468779619
Nigeria,NGA,GDP (current US$),NY.GDP.MKTP.CD,2002,95054059302.6995
Nigeria,NGA,GDP per capita (current US$),NY.GDP.PCAP.CD,2002,712.164852077686
Nigeria,NGA,GDP growth (annual %),NY.GDP.MKTP.KD.ZG,2002,15.3291557409559
Nigeria,NGA,"Inflation, consumer prices (annual %)",FP.CPI.TOTL.ZG,2002,12.8765792031099
Nigeria,NGA,"Population, total",SP.POP.TOTL,2002,133471989.0
Nigeria,NGA,Urban population (% of total population),SP.URB.TOTL.IN.ZS,2002,44.9793025536893
Nigeria,NGA,Population growth (annual %),SP.POP.GROW,2002,2.74147056608815
Nigeria,NGA,Poverty headcount ratio at $3.00 a day (2021 PPP) (% of population),SI.POV.DDAY,2002,
Nigeria,NGA,Gini index,SI.POV.GINI,2002,
Nigeria,NGA,"School enrollment, primary (% gross)",SE.PRM.ENRR,2002,93.6976165771484
Nigeria,NGA,"School enrollment, secondary (% gross)",SE.SEC.ENRR,2002,28.8738098144531
Nigeria,NGA,"Literacy rate, adult total (% of people ages 15 and above)",SE.ADT.LITR.ZS,2002,
Nigeria,NGA,"Mortality rate, under-5 (per 1,000 live births)",SH.DYN.MORT,2002,163.9
Nigeria,NGA,"Life expectancy at birth, total (years)",SP.DYN.LE00.IN,2002,48.02
Nigeria,NGA,Current health expenditure (% of GDP),SH.XPD.CHEX.GD.ZS,2002,2.49063969
Nigeria,NGA,People using at least basic drinking water services (% of population),SH.H2O.BASW.ZS,2002,47.3236744097303
Nigeria,NGA,Access to electricity (% of population),EG.ELC.ACCS.ZS,2002,44.6
Nigeria,NGA,Individuals using the Internet (% of population),IT.NET.USER.ZS,2002,0.320461975542327
Senegal,SEN,GDP (current US$),NY.GDP.MKTP.CD,2002,7006402319.75856
Senegal,SEN,GDP per capita (current US$),NY.GDP.PCAP.CD,2002,669.430447319209
Senegal,SEN,GDP growth (annual %),NY.GDP.MKTP.KD.ZG,2002,0.0686965747419066
Senegal,SEN,"Inflation, consumer prices (annual %)",FP.CPI.TOTL.ZG,2002,2.33730187454299
Senegal,SEN,"Population, total",SP.POP.TOTL,2002,10466214.0
Senegal,SEN,Urban population (% of total population),SP.URB.TOTL.IN.ZS,2002,41.1081471561292
Senegal,SEN,Population growth (annual %),SP.POP.GROW,2002,2.44966153599012
Senegal,SEN,Poverty headcount ratio at $3.00 a day (2021 PPP) (% of population),SI.POV.DDAY,2002,
Senegal,SEN,Gini index,SI.POV.GINI,2002,
Senegal,SEN,"School enrollment, primary (% gross)",SE.PRM.ENRR,2002,71.6134872436523
Senegal,SEN,"School enrollment, secondary (% gross)",SE.SEC.ENRR,2002,16.9281692504883
Senegal,SEN,"Literacy rate, adult total (% of people ages 15 and above)",SE.ADT.LITR.ZS,2002,39.2799987792969
Senegal,SEN,"Mortality rate, under-5 (per 1,000 live births)",SH.DYN.MORT,2002,113.2
Senegal,SEN,"Life expectancy at birth, total (years)",SP.DYN.LE00.IN,2002,58.912
Senegal,SEN,Current health expenditure (% of GDP),SH.XPD.CHEX.GD.ZS,2002,3.95294404
Senegal,SEN,People using at least basic drinking water services (% of population),SH.H2O.BASW.ZS,2002,62.0161291286122
Senegal,SEN,Access to electricity (% of population),EG.ELC.ACCS.ZS,2002,36.8
Senegal,SEN,Individuals using the Internet (% of population),IT.NET.USER.ZS,2002,1.00645453672323
Cote d'Ivoire,CIV,GDP (current US$),NY.GDP.MKTP.CD,2002,18054383320.8474
Cote d'Ivoire,CIV,GDP per capita (current US$),NY.GDP.PCAP.CD,2002,967.815864415991
Cote d'Ivoire,CIV,GDP growth (annual %),NY.GDP.MKTP.KD.ZG,2002,-2.73052647441901
Cote d'Ivoire,CIV,"Inflation, consumer prices (annual %)",FP.CPI.TOTL.ZG,2002,3.07726485157427
Cote d'Ivoire,CIV,"Population, total",SP.POP.TOTL,2002,18654771.0
Cote d'Ivoire,CIV,Urban population (% of total population),SP.URB.TOTL.IN.ZS,2002,43.859032147728
Cote d'Ivoire,CIV,Population growth (annual %),SP.POP.GROW,2002,2.58396350857445
Cote d'Ivoire,CIV,Poverty headcount ratio at $3.00 a day (2021 PPP) (% of population),SI.POV.DDAY,2002,43.9
Cote d'Ivoire,CIV,Gini index,SI.POV.GINI,2002,41.3
Cote d'Ivoire,CIV,"School enrollment, primary (% gross)",SE.PRM.ENRR,2002,66.8685913085938
Cote d'Ivoire,CIV,"School enrollment, secondary (% gross)",SE.SEC.ENRR,2002,
Cote d'Ivoire,CIV,"Literacy rate, adult total (% of people ages 15 and above)",SE.ADT.LITR.ZS,2002,
Cote d'Ivoire,CIV,"Mortality rate, under-5 (per 1,000 live births)",SH.DYN.MORT,2002,133.1
Cote d'Ivoire,CIV,"Life expectancy at birth, total (years)",SP.DYN.LE00.IN,2002,51.544
Cote d'Ivoire,CIV,Current health expenditure (% of GDP),SH.XPD.CHEX.GD.ZS,2002,3.54146051
Cote d'Ivoire,CIV,People using at least basic drinking water services (% of population),SH.H2O.BASW.ZS,2002,69.5630827839749
Cote d'Ivoire,CIV,Access to electricity (% of population),EG.ELC.ACCS.ZS,2002,51.4
Cote d'Ivoire,CIV,Individuals using the Internet (% of population),IT.NET.USER.ZS,2002,0.497929360753307
Ghana,GHA,GDP (current US$),NY.GDP.MKTP.CD,2002,6166197847.85031
Ghana,GHA,GDP per capita (current US$),NY.GDP.PCAP.CD,2002,297.46164468774
Ghana,GHA,GDP growth (annual %),NY.GDP.MKTP.KD.ZG,2002,4.49999955900331
Ghana,GHA,"Inflation, consumer prices (annual %)",FP.CPI.TOTL.ZG,2002,9.36093239560313
Ghana,GHA,"Population, total",SP.POP.TOTL,2002,20729388.0
Ghana,GHA,Urban population (% of total population),SP.URB.TOTL.IN.ZS,2002,45.3484692124806
Ghana,GHA,Population growth (annual %),SP.POP.GROW,2002,2.75013769977312
Ghana,GHA,Poverty headcount ratio at $3.00 a day (2021 PPP) (% of population),SI.POV.DDAY,2002,
Ghana,GHA,Gini index,SI.POV.GINI,2002,
Ghana,GHA,"School enrollment, primary (% gross)",SE.PRM.ENRR,2002,78.8475799560547
Ghana,GHA,"School enrollment, secondary (% gross)",SE.SEC.ENRR,2002,32.267578125
Ghana,GHA,"Literacy rate, adult total (% of people ages 15 and above)",SE.ADT.LITR.ZS,2002,
Ghana,GHA,"Mortality rate, under-5 (per 1,000 live births)",SH.DYN.MORT,2002,91.9
Ghana,GHA,"Life expectancy at birth, total (years)",SP.DYN.LE00.IN,2002,58.709
Ghana,GHA,Current health expenditure (% of GDP),SH.XPD.CHEX.GD.ZS,2002,1.94694591
Ghana,GHA,People using at least basic drinking water services (% of population),SH.H2O.BASW.ZS,2002,67.2870236576029
Ghana,GHA,Access to electricity (% of population),EG.ELC.ACCS.ZS,2002,46.8
Ghana,GHA,Individuals using the Internet (% of population),IT.NET.USER.ZS,2002,0.830284033818738
Benin,BEN,GDP (current US$),NY.GDP.MKTP.CD,2002,4194342686.2178
Benin,BEN,GDP per capita (current US$),NY.GDP.PCAP.CD,2002,546.463829658159
Benin,BEN,GDP growth (annual %),NY.GDP.MKTP.KD.ZG,2002,4.64303087074482
Benin,BEN,"Inflation, consumer prices (annual %)",FP.CPI.TOTL.ZG,2002,2.48916235491541
Benin,BEN,"Population, total",SP.POP.TOTL,2002,7675426.0
Benin,BEN,Urban population (% of total population),SP.URB.TOTL.IN.ZS,2002,39.0035069872981
Benin,BEN,Population growth (annual %),SP.POP.GROW,2002,3.04010801597376
Benin,BEN,Poverty headcount ratio at $3.00 a day (2021 PPP) (% of population),SI.POV.DDAY,2002,
Benin,BEN,Gini index,SI.POV.GINI,2002,
Benin,BEN,"School enrollment, primary (% gross)",SE.PRM.ENRR,2002,89.5929565429688
Benin,BEN,"School enrollment, secondary (% gross)",SE.SEC.ENRR,2002,23.5846691131592
Benin,BEN,"Literacy rate, adult total (% of people ages 15 and above)",SE.ADT.LITR.ZS,2002,34.6599998474121
Benin,BEN,"Mortality rate, under-5 (per 1,000 live births)",SH.DYN.MORT,2002,128.5
Benin,BEN,"Life expectancy at birth, total (years)",SP.DYN.LE00.IN,2002,56.851
Benin,BEN,Current health expenditure (% of GDP),SH.XPD.CHEX.GD.ZS,2002,3.09589195
Benin,BEN,People using at least basic drinking water services (% of population),SH.H2O.BASW.ZS,2002,61.7826864714812
Benin,BEN,Access to electricity (% of population),EG.ELC.ACCS.ZS,2002,23.4
Benin,BEN,Individuals using the Internet (% of population),IT.NET.USER.ZS,2002,0.7029455951039
Burkina Faso,BFA,GDP (current US$),NY.GDP.MKTP.CD,2002,3622350062.96053
Burkina Faso,BFA,GDP per capita (current US$),NY.GDP.PCAP.CD,2002,285.654087637533
Burkina Faso,BFA,GDP growth (annual %),NY.GDP.MKTP.KD.ZG,2002,4.35296382988099
Burkina Faso,BFA,"Inflation, consumer prices (annual %)",FP.CPI.TOTL.ZG,2002,2.17569480664608
Burkina Faso,BFA,"Population, total",SP.POP.TOTL,2002,12680897.0
Burkina Faso,BFA,Urban population (% of total population),SP.URB.TOTL.IN.ZS,2002,19.725053583448
Burkina Faso,BFA,Population growth (annual %),SP.POP.GROW,2002,3.09039308299234
Burkina Faso,BFA,Poverty headcount ratio at $3.00 a day (2021 PPP) (% of population),SI.POV.DDAY,2002,
Burkina Faso,BFA,Gini index,SI.POV.GINI,2002,
Burkina Faso,BFA,"School enrollment, primary (% gross)",SE.PRM.ENRR,2002,45.1330909729004
Burkina Faso,BFA,"School enrollment, secondary (% gross)",SE.SEC.ENRR,2002,
Burkina Faso,BFA,"Literacy rate, adult total (% of people ages 15 and above)",SE.ADT.LITR.ZS,2002,
Burkina Faso,BFA,"Mortality rate, under-5 (per 1,000 live births)",SH.DYN.MORT,2002,167.3
Burkina Faso,BFA,"Life expectancy at birth, total (years)",SP.DYN.LE00.IN,2002,51.447
Burkina Faso,BFA,Current health expenditure (% of GDP),SH.XPD.CHEX.GD.ZS,2002,4.17985535
Burkina Faso,BFA,People using at least basic drinking water services (% of population),SH.H2O.BASW.ZS,2002,55.6114304370044
Burkina Faso,BFA,Access to electricity (% of population),EG.ELC.ACCS.ZS,2002,9.9
Burkina Faso,BFA,Individuals using the Internet (% of population),IT.NET.USER.ZS,2002,0.200992597925001
Mali,MLI,GDP (current US$),NY.GDP.MKTP.CD,2002,4647238256.5683
Mali,MLI,GDP per capita (current US$),NY.GDP.PCAP.CD,2002,378.191678628285
Mali,MLI,GDP growth (annual %),NY.GDP.MKTP.KD.ZG,2002,3.03627540842406
Mali,MLI,"Inflation, consumer prices (annual %)",FP.CPI.TOTL.ZG,2002,5.03282275711194
Mali,MLI,"Population, total",SP.POP.TOTL,2002,12288050.0
Mali,MLI,Urban population (% of total population),SP.URB.TOTL.IN.ZS,2002,19.6792980362731
Mali,MLI,Population growth (annual %),SP.POP.GROW,2002,3.10676861781848
Mali,MLI,Poverty headcount ratio at $3.00 a day (2021 PPP) (% of population),SI.POV.DDAY,2002,
Mali,MLI,Gini index,SI.POV.GINI,2002,
Mali,MLI,"School enrollment, primary (% gross)",SE.PRM.ENRR,2002,61.1667289733887
Mali,MLI,"School enrollment, secondary (% gross)",SE.SEC.ENRR,2002,
Mali,MLI,"Literacy rate, adult total (% of people ages 15 and above)",SE.ADT.LITR.ZS,2002,
Mali,MLI,"Mortality rate, under-5 (per 1,000 live births)",SH.DYN.MORT,2002,177.7
Mali,MLI,"Life expectancy at birth, total (years)",SP.DYN.LE00.IN,2002,51.995
Mali,MLI,Current health expenditure (% of GDP),SH.XPD.CHEX.GD.ZS,2002,4.99775982
Mali,MLI,People using at least basic drinking water services (% of population),SH.H2O.BASW.ZS,2002,52.6652852945174
Mali,MLI,Access to electricity (% of population),EG.ELC.ACCS.ZS,2002,13.0
Mali,MLI,Individuals using the Internet (% of population),IT.NET.USER.ZS,2002,0.2270455784917
Mauritania,MRT,GDP (current US$),NY.GDP.MKTP.CD,2002,1777057481.26043
Mauritania,MRT,GDP per capita (current US$),NY.GDP.PCAP.CD,2002,648.879643934862
Mauritania,MRT,GDP growth (annual %),NY.GDP.MKTP.KD.ZG,2002,1.38148396045266
Mauritania,MRT,"Inflation, consumer prices (annual %)",FP.CPI.TOTL.ZG,2002,3.8957052575849
Mauritania,MRT,"Population, total",SP.POP.TOTL,2002,2738655.0
Mauritania,MRT,Urban population (% of total population),SP.URB.TOTL.IN.ZS,2002,38.3900378438208
Mauritania,MRT,Population growth (annual %),SP.POP.GROW,2002,2.2112923085405
Mauritania,MRT,Poverty headcount ratio at $3.00 a day (2021 PPP) (% of population),SI.POV.DDAY,2002,
Mauritania,MRT,Gini index,SI.POV.GINI,2002,
Mauritania,MRT,"School enrollment, primary (% gross)",SE.PRM.ENRR,2002,81.0384368896484
Mauritania,MRT,"School enrollment, secondary (% gross)",SE.SEC.ENRR,2002,20.5889301300049
Mauritania,MRT,"Literacy rate, adult total (% of people ages 15 and above)",SE.ADT.LITR.ZS,2002,
Mauritania,MRT,"Mortality rate, under-5 (per 1,000 live births)",SH.DYN.MORT,2002,88.2
Mauritania,MRT,"Life expectancy at birth, total (years)",SP.DYN.LE00.IN,2002,62.249
Mauritania,MRT,Current health expenditure (% of GDP),SH.XPD.CHEX.GD.ZS,2002,4.00224972
Mauritania,MRT,People using at least basic drinking water services (% of population),SH.H2O.BASW.ZS,2002,43.8234469336447
Mauritania,MRT,Access to electricity (% of population),EG.ELC.ACCS.ZS,2002,21.7
Mauritania,MRT,Individuals using the Internet (% of population),IT.NET.USER.ZS,2002,0.363229414608579
Togo,TGO,GDP (current US$),NY.GDP.MKTP.CD,2002,2410199032.43102
Togo,TGO,GDP per capita (current US$),NY.GDP.PCAP.CD,2002,445.238691488925
Togo,TGO,GDP growth (annual %),NY.GDP.MKTP.KD.ZG,2002,3.82662257675142
Togo,TGO,"Inflation, consumer prices (annual %)",FP.CPI.TOTL.ZG,2002,3.05981857535884
Togo,TGO,"Population, total",SP.POP.TOTL,2002,5413274.0
Togo,TGO,Urban population (% of total population),SP.URB.TOTL.IN.ZS,2002,34.0011370438307
Togo,TGO,Population growth (annual %),SP.POP.GROW,2002,2.54239439953807
Togo,TGO,Poverty headcount ratio at $3.00 a day (2021 PPP) (% of population),SI.POV.DDAY,2002,
Togo,TGO,Gini index,SI.POV.GINI,2002,
Togo,TGO,"School enrollment, primary (% gross)",SE.PRM.ENRR,2002,113.691993713379
Togo,TGO,"School enrollment, secondary (% gross)",SE.SEC.ENRR,2002,38.4870300292969
Togo,TGO,"Literacy rate, adult total (% of people ages 15 and above)",SE.ADT.LITR.ZS,2002,
Togo,TGO,"Mortality rate, under-5 (per 1,000 live births)",SH.DYN.MORT,2002,112.2
Togo,TGO,"Life expectancy at birth, total (years)",SP.DYN.LE00.IN,2002,55.044
Togo,TGO,Current health expenditure (% of GDP),SH.XPD.CHEX.GD.ZS,2002,3.44502354
Togo,TGO,People using at least basic drinking water services (% of population),SH.H2O.BASW.ZS,2002,48.548643782428
Togo,TGO,Access to electricity (% of population),EG.ELC.ACCS.ZS,2002,21.3
Togo,TGO,Individuals using the Internet (% of population),IT.NET.USER.ZS,2002,1.0
Guinea,GIN,GDP (current US$),NY.GDP.MKTP.CD,2002,4301608752.51396
Guinea,GIN,GDP per capita (current US$),NY.GDP.PCAP.CD,2002,495.916073559269
Guinea,GIN,GDP growth (annual %),NY.GDP.MKTP.KD.ZG,2002,5.16460946696631
Guinea,GIN,"Inflation, consumer prices (annual %)",FP.CPI.TOTL.ZG,2002,
Guinea,GIN,"Population, total",SP.POP.TOTL,2002,8674066.0
Guinea,GIN,Urban population (% of total population),SP.URB.TOTL.IN.ZS,2002,31.5131362085814
Guinea,GIN,Population growth (annual %),SP.POP.GROW,2002,1.55813303817429
Guinea,GIN,Poverty headcount ratio at $3.00 a day (2021 PPP) (% of population),SI.POV.DDAY,2002,50.3
Guinea,GIN,Gini index,SI.POV.GINI,2002,43.0
Guinea,GIN,"School enrollment, primary (% gross)",SE.PRM.ENRR,2002,69.4354019165039
Guinea,GIN,"School enrollment, secondary (% gross)",SE.SEC.ENRR,2002,21.2247695922852
Guinea,GIN,"Literacy rate, adult total (% of people ages 15 and above)",SE.ADT.LITR.ZS,2002,
Guinea,GIN,"Mortality rate, under-5 (per 1,000 live births)",SH.DYN.MORT,2002,152.7
Guinea,GIN,"Life expectancy at birth, total (years)",SP.DYN.LE00.IN,2002,53.2
Guinea,GIN,Current health expenditure (% of GDP),SH.XPD.CHEX.GD.ZS,2002,5.35653734
Guinea,GIN,People using at least basic drinking water services (% of population),SH.H2O.BASW.ZS,2002,51.2523026990112
Guinea,GIN,Access to electricity (% of population),EG.ELC.ACCS.ZS,2002,17.7
Guinea,GIN,Individuals using the Internet (% of population),IT.NET.USER.ZS,2002,0.402022748744397
"Gambia, The",GMB,GDP (current US$),NY.GDP.MKTP.CD,2002,578235309.327198
"Gambia, The",GMB,GDP per capita (current US$),NY.GDP.PCAP.CD,2002,376.531026962584
"Gambia, The",GMB,GDP growth (annual %),NY.GDP.MKTP.KD.ZG,2002,-3.25000014970206
"Gambia, The",GMB,"Inflation, consumer prices (annual %)",FP.CPI.TOTL.ZG,2002,8.60912474386327
"Gambia, The",GMB,"Population, total",SP.POP.TOTL,2002,1535691.0
"Gambia, The",GMB,Urban population (% of total population),SP.URB.TOTL.IN.ZS,2002,49.5731153377033
"Gambia, The",GMB,Population growth (annual %),SP.POP.GROW,2002,2.68468779375919
"Gambia, The",GMB,Poverty headcount ratio at $3.00 a day (2021 PPP) (% of population),SI.POV.DDAY,2002,
"Gambia, The",GMB,Gini index,SI.POV.GINI,2002,
"Gambia, The",GMB,"School enrollment, primary (% gross)",SE.PRM.ENRR,2002,69.3324279785156
"Gambia, The",GMB,"School enrollment, secondary (% gross)",SE.SEC.ENRR,2002,
"Gambia, The",GMB,"Literacy rate, adult total (% of people ages 15 and above)",SE.ADT.LITR.ZS,2002,
"Gambia, The",GMB,"Mortality rate, under-5 (per 1,000 live births)",SH.DYN.MORT,2002,103.6
"Gambia, The",GMB,"Life expectancy at birth, total (years)",SP.DYN.LE00.IN,2002,57.736
"Gambia, The",GMB,Current health expenditure (% of GDP),SH.XPD.CHEX.GD.ZS,2002,6.2326026
"Gambia, The",GMB,People using at least basic drinking water services (% of population),SH.H2O.BASW.ZS,2002,73.1874046745589
"Gambia, The",GMB,Access to electricity (% of population),EG.ELC.ACCS.ZS,2002,31.5
"Gambia, The",GMB,Individuals using the Internet (% of population),IT.NET.USER.ZS,2002,1.79677988296495
Sierra Leone,SLE,GDP (current US$),NY.GDP.MKTP.CD,2002,1933863910.73227
Sierra Leone,SLE,GDP per capita (current US$),NY.GDP.PCAP.CD,2002,388.995111216836
Sierra Leone,SLE,GDP growth (annual %),NY.GDP.MKTP.KD.ZG,2002,26.5241350674409
Sierra Leone,SLE,"Inflation, consumer prices (annual %)",FP.CPI.TOTL.ZG,2002,
Sierra Leone,SLE,"Population, total",SP.POP.TOTL,2002,4971435.0
Sierra Leone,SLE,Urban population (% of total population),SP.URB.TOTL.IN.ZS,2002,36.0082791496616
Sierra Leone,SLE,Population growth (annual %),SP.POP.GROW,2002,5.76970115082171
Sierra Leone,SLE,Poverty headcount ratio at $3.00 a day (2021 PPP) (% of population),SI.POV.DDAY,2002,
Sierra Leone,SLE,Gini index,SI.POV.GINI,2002,
Sierra Leone,SLE,"School enrollment, primary (% gross)",SE.PRM.ENRR,2002,
Sierra Leone,SLE,"School enrollment, secondary (% gross)",SE.SEC.ENRR,2002,
Sierra Leone,SLE,"Literacy rate, adult total (% of people ages 15 and above)",SE.ADT.LITR.ZS,2002,
Sierra Leone,SLE,"Mortality rate, under-5 (per 1,000 live births)",SH.DYN.MORT,2002,211.6
Sierra Leone,SLE,"Life expectancy at birth, total (years)",SP.DYN.LE00.IN,2002,46.174
Sierra Leone,SLE,Current health expenditure (% of GDP),SH.XPD.CHEX.GD.ZS,2002,5.55388832
Sierra Leone,SLE,People using at least basic drinking water services (% of population),SH.H2O.BASW.ZS,2002,42.3564018737387
Sierra Leone,SLE,Access to electricity (% of population),EG.ELC.ACCS.ZS,2002,9.2
Sierra Leone,SLE,Individuals using the Internet (% of population),IT.NET.USER.ZS,2002,0.176198956814076
Liberia,LBR,GDP (current US$),NY.GDP.MKTP.CD,2002,927000000.0
Liberia,LBR,GDP per capita (current US$),NY.GDP.PCAP.CD,2002,299.536445539621
Liberia,LBR,GDP growth (annual %),NY.GDP.MKTP.KD.ZG,2002,3.76301761700071
Liberia,LBR,"Inflation, consumer prices (annual %)",FP.CPI.TOTL.ZG,2002,14.1596470116325
Liberia,LBR,"Population, total",SP.POP.TOTL,2002,3094782.0
Liberia,LBR,Urban population (% of total population),SP.URB.TOTL.IN.ZS,2002,44.566701526991
Liberia,LBR,Population growth (annual %),SP.POP.GROW,2002,2.60055374367034
Liberia,LBR,Poverty headcount ratio at $3.00 a day (2021 PPP) (% of population),SI.POV.DDAY,2002,
Liberia,LBR,Gini index,SI.POV.GINI,2002,
Liberia,LBR,"School enrollment, primary (% gross)",SE.PRM.ENRR,2002,
Liberia,LBR,"School enrollment, secondary (% gross)",SE.SEC.ENRR,2002,
Liberia,LBR,"Literacy rate, adult total (% of people ages 15 and above)",SE.ADT.LITR.ZS,2002,
Liberia,LBR,"Mortality rate, under-5 (per 1,000 live births)",SH.DYN.MORT,2002,168.6
Liberia,LBR,"Life expectancy at birth, total (years)",SP.DYN.LE00.IN,2002,54.061
Liberia,LBR,Current health expenditure (% of GDP),SH.XPD.CHEX.GD.ZS,2002,2.16462922
Liberia,LBR,People using at least basic drinking water services (% of population),SH.H2O.BASW.ZS,2002,62.8078227070838
Liberia,LBR,Access to electricity (% of population),EG.ELC.ACCS.ZS,2002,
Liberia,LBR,Individuals using the Internet (% of population),IT.NET.USER.ZS,2002,0.0327133071190699
Guinea-Bissau,GNB,GDP (current US$),NY.GDP.MKTP.CD,2002,466773711.235579
Guinea-Bissau,GNB,GDP per capita (current US$),NY.GDP.PCAP.CD,2002,362.034574570354
Guinea-Bissau,GNB,GDP growth (annual %),NY.GDP.MKTP.KD.ZG,2002,3.65393603642713
Guinea-Bissau,GNB,"Inflation, consumer prices (annual %)",FP.CPI.TOTL.ZG,2002,3.30012175283752
Guinea-Bissau,GNB,"Population, total",SP.POP.TOTL,2002,1289307.0
Guinea-Bissau,GNB,Urban population (% of total population),SP.URB.TOTL.IN.ZS,2002,37.4734924367695
Guinea-Bissau,GNB,Population growth (annual %),SP.POP.GROW,2002,2.19833363261225
Guinea-Bissau,GNB,Poverty headcount ratio at $3.00 a day (2021 PPP) (% of population),SI.POV.DDAY,2002,68.2
Guinea-Bissau,GNB,Gini index,SI.POV.GINI,2002,35.6
Guinea-Bissau,GNB,"School enrollment, primary (% gross)",SE.PRM.ENRR,2002,
Guinea-Bissau,GNB,"School enrollment, secondary (% gross)",SE.SEC.ENRR,2002,
Guinea-Bissau,GNB,"Literacy rate, adult total (% of people ages 15 and above)",SE.ADT.LITR.ZS,2002,
Guinea-Bissau,GNB,"Mortality rate, under-5 (per 1,000 live births)",SH.DYN.MORT,2002,163.6
Guinea-Bissau,GNB,"Life expectancy at birth, total (years)",SP.DYN.LE00.IN,2002,51.608
Guinea-Bissau,GNB,Current health expenditure (% of GDP),SH.XPD.CHEX.GD.ZS,2002,3.87280011
Guinea-Bissau,GNB,People using at least basic drinking water services (% of population),SH.H2O.BASW.ZS,2002,56.0766781223188
Guinea-Bissau,GNB,Access to electricity (% of population),EG.ELC.ACCS.ZS,2002,1.3
Guinea-Bissau,GNB,Individuals using the Internet (% of population),IT.NET.USER.ZS,2002,1.02299323436117
Cabo Verde,CPV,GDP (current US$),NY.GDP.MKTP.CD,2002,620507387.466174
Cabo Verde,CPV,GDP per capita (current US$),NY.GDP.PCAP.CD,2002,1328.57874270666
Cabo Verde,CPV,GDP growth (annual %),NY.GDP.MKTP.KD.ZG,2002,5.25089116960211
Cabo Verde,CPV,"Inflation, consumer prices (annual %)",FP.CPI.TOTL.ZG,2002,1.88453410076764
Cabo Verde,CPV,"Population, total",SP.POP.TOTL,2002,467046.0
Cabo Verde,CPV,Urban population (% of total population),SP.URB.TOTL.IN.ZS,2002,55.5703407979481
Cabo Verde,CPV,Population growth (annual %),SP.POP.GROW,2002,1.45645106544752
Cabo Verde,CPV,Poverty headcount ratio at $3.00 a day (2021 PPP) (% of population),SI.POV.DDAY,2002,
Cabo Verde,CPV,Gini index,SI.POV.GINI,2002,
Cabo Verde,CPV,"School enrollment, primary (% gross)",SE.PRM.ENRR,2002,115.544151306152
Cabo Verde,CPV,"School enrollment, secondary (% gross)",SE.SEC.ENRR,2002,66.3999862670898
Cabo Verde,CPV,"Literacy rate, adult total (% of people ages 15 and above)",SE.ADT.LITR.ZS,2002,
Cabo Verde,CPV,"Mortality rate, under-5 (per 1,000 live births)",SH.DYN.MORT,2002,30.5
Cabo Verde,CPV,"Life expectancy at birth, total (years)",SP.DYN.LE00.IN,2002,69.447
Cabo Verde,CPV,Current health expenditure (% of GDP),SH.XPD.CHEX.GD.ZS,2002,3.72489762
Cabo Verde,CPV,People using at least basic drinking water services (% of population),SH.H2O.BASW.ZS,2002,79.9527732071617
Cabo Verde,CPV,Access to electricity (% of population),EG.ELC.ACCS.ZS,2002,58.6
Cabo Verde,CPV,Individuals using the Internet (% of population),IT.NET.USER.ZS,2002,3.5187571749658
Niger,NER,GDP (current US$),NY.GDP.MKTP.CD,2003,3394084732.49543
Niger,NER,GDP per capita (current US$),NY.GDP.PCAP.CD,2003,265.225363452469
Niger,NER,GDP growth (annual %),NY.GDP.MKTP.KD.ZG,2003,2.1706103837418
Niger,NER,"Inflation, consumer prices (annual %)",FP.CPI.TOTL.ZG,2003,-1.61440769175596
Niger,NER,"Population, total",SP.POP.TOTL,2003,12796984.0
Niger,NER,Urban population (% of total population),SP.URB.TOTL.IN.ZS,2003,16.2687225341797
Niger,NER,Population growth (annual %),SP.POP.GROW,2003,3.5622769230714
Niger,NER,Poverty headcount ratio at $3.00 a day (2021 PPP) (% of population),SI.POV.DDAY,2003,
Niger,NER,Gini index,SI.POV.GINI,2003,
Niger,NER,"School enrollment, primary (% gross)",SE.PRM.ENRR,2003,42.1091117858887
Niger,NER,"School enrollment, secondary (% gross)",SE.SEC.ENRR,2003,6.86678981781006
Niger,NER,"Literacy rate, adult total (% of people ages 15 and above)",SE.ADT.LITR.ZS,2003,
Niger,NER,"Mortality rate, under-5 (per 1,000 live births)",SH.DYN.MORT,2003,194.1
Niger,NER,"Life expectancy at birth, total (years)",SP.DYN.LE00.IN,2003,51.545
Niger,NER,Current health expenditure (% of GDP),SH.XPD.CHEX.GD.ZS,2003,4.74740648
Niger,NER,People using at least basic drinking water services (% of population),SH.H2O.BASW.ZS,2003,38.8582098965165
Niger,NER,Access to electricity (% of population),EG.ELC.ACCS.ZS,2003,9.3
Niger,NER,Individuals using the Internet (% of population),IT.NET.USER.ZS,2003,0.155698703668983
Nigeria,NGA,GDP (current US$),NY.GDP.MKTP.CD,2003,104738954264.226
Nigeria,NGA,GDP per capita (current US$),NY.GDP.PCAP.CD,2003,763.388745367223
Nigeria,NGA,GDP growth (annual %),NY.GDP.MKTP.KD.ZG,2003,7.34719496799492
Nigeria,NGA,"Inflation, consumer prices (annual %)",FP.CPI.TOTL.ZG,2003,14.0317836131437
Nigeria,NGA,"Population, total",SP.POP.TOTL,2003,137202644.0
Nigeria,NGA,Urban population (% of total population),SP.URB.TOTL.IN.ZS,2003,45.8372080921761
Nigeria,NGA,Population growth (annual %),SP.POP.GROW,2003,2.75673506428828
Nigeria,NGA,Poverty headcount ratio at $3.00 a day (2021 PPP) (% of population),SI.POV.DDAY,2003,51.1
Nigeria,NGA,Gini index,SI.POV.GINI,2003,40.1
Nigeria,NGA,"School enrollment, primary (% gross)",SE.PRM.ENRR,2003,94.8095932006836
Nigeria,NGA,"School enrollment, secondary (% gross)",SE.SEC.ENRR,2003,
Nigeria,NGA,"Literacy rate, adult total (% of people ages 15 and above)",SE.ADT.LITR.ZS,2003,54.7700004577637
Nigeria,NGA,"Mortality rate, under-5 (per 1,000 live births)",SH.DYN.MORT,2003,157.4
Nigeria,NGA,"Life expectancy at birth, total (years)",SP.DYN.LE00.IN,2003,48.618
Nigeria,NGA,Current health expenditure (% of GDP),SH.XPD.CHEX.GD.ZS,2003,5.05360985
Nigeria,NGA,People using at least basic drinking water services (% of population),SH.H2O.BASW.ZS,2003,48.8898791765237
Nigeria,NGA,Access to electricity (% of population),EG.ELC.ACCS.ZS,2003,52.2
Nigeria,NGA,Individuals using the Internet (% of population),IT.NET.USER.ZS,2003,0.558576244860521
Senegal,SEN,GDP (current US$),NY.GDP.MKTP.CD,2003,8768721563.18211
Senegal,SEN,GDP per capita (current US$),NY.GDP.PCAP.CD,2003,817.888034221442
Senegal,SEN,GDP growth (annual %),NY.GDP.MKTP.KD.ZG,2003,5.59395094456143
Senegal,SEN,"Inflation, consumer prices (annual %)",FP.CPI.TOTL.ZG,2003,-0.0519970242714495
Senegal,SEN,"Population, total",SP.POP.TOTL,2003,10721176.0
Senegal,SEN,Urban population (% of total population),SP.URB.TOTL.IN.ZS,2003,41.35893934855
Senegal,SEN,Population growth (annual %),SP.POP.GROW,2003,2.40684962152091
Senegal,SEN,Poverty headcount ratio at $3.00 a day (2021 PPP) (% of population),SI.POV.DDAY,2003,
Senegal,SEN,Gini index,SI.POV.GINI,2003,
Senegal,SEN,"School enrollment, primary (% gross)",SE.PRM.ENRR,2003,75.9179763793945
Senegal,SEN,"School enrollment, secondary (% gross)",SE.SEC.ENRR,2003,
Senegal,SEN,"Literacy rate, adult total (% of people ages 15 and above)",SE.ADT.LITR.ZS,2003,
Senegal,SEN,"Mortality rate, under-5 (per 1,000 live births)",SH.DYN.MORT,2003,104.2
Senegal,SEN,"Life expectancy at birth, total (years)",SP.DYN.LE00.IN,2003,59.474
Senegal,SEN,Current health expenditure (% of GDP),SH.XPD.CHEX.GD.ZS,2003,4.29703569
Senegal,SEN,People using at least basic drinking water services (% of population),SH.H2O.BASW.ZS,2003,63.1942453922298
Senegal,SEN,Access to electricity (% of population),EG.ELC.ACCS.ZS,2003,41.9
Senegal,SEN,Individuals using the Internet (% of population),IT.NET.USER.ZS,2003,2.10143642986685
Cote d'Ivoire,CIV,GDP (current US$),NY.GDP.MKTP.CD,2003,21251754340.4305
Cote d'Ivoire,CIV,GDP per capita (current US$),NY.GDP.PCAP.CD,2003,1111.17135087887
Cote d'Ivoire,CIV,GDP growth (annual %),NY.GDP.MKTP.KD.ZG,2003,-4.72586658630681
Cote d'Ivoire,CIV,"Inflation, consumer prices (annual %)",FP.CPI.TOTL.ZG,2003,3.29680746974208
Cote d'Ivoire,CIV,"Population, total",SP.POP.TOTL,2003,19125542.0
Cote d'Ivoire,CIV,Urban population (% of total population),SP.URB.TOTL.IN.ZS,2003,44.2593744150531
Cote d'Ivoire,CIV,Population growth (annual %),SP.POP.GROW,2003,2.49227881118865
Cote d'Ivoire,CIV,Poverty headcount ratio at $3.00 a day (2021 PPP) (% of population),SI.POV.DDAY,2003,
Cote d'Ivoire,CIV,Gini index,SI.POV.GINI,2003,
Cote d'Ivoire,CIV,"School enrollment, primary (% gross)",SE.PRM.ENRR,2003,63.0239181518555
Cote d'Ivoire,CIV,"School enrollment, secondary (% gross)",SE.SEC.ENRR,2003,
Cote d'Ivoire,CIV,"Literacy rate, adult total (% of people ages 15 and above)",SE.ADT.LITR.ZS,2003,
Cote d'Ivoire,CIV,"Mortality rate, under-5 (per 1,000 live births)",SH.DYN.MORT,2003,129.2
Cote d'Ivoire,CIV,"Life expectancy at birth, total (years)",SP.DYN.LE00.IN,2003,51.443
Cote d'Ivoire,CIV,Current health expenditure (% of GDP),SH.XPD.CHEX.GD.ZS,2003,3.95147705
Cote d'Ivoire,CIV,People using at least basic drinking water services (% of population),SH.H2O.BASW.ZS,2003,69.9435023946029
Cote d'Ivoire,CIV,Access to electricity (% of population),EG.ELC.ACCS.ZS,2003,51.5
Cote d'Ivoire,CIV,Individuals using the Internet (% of population),IT.NET.USER.ZS,2003,0.758669629452205
Ghana,GHA,GDP (current US$),NY.GDP.MKTP.CD,2003,7632723555.66221
Ghana,GHA,GDP per capita (current US$),NY.GDP.PCAP.CD,2003,358.39927142073
Ghana,GHA,GDP growth (annual %),NY.GDP.MKTP.KD.ZG,2003,5.200000133101
Ghana,GHA,"Inflation, consumer prices (annual %)",FP.CPI.TOTL.ZG,2003,29.7729797160384
Ghana,GHA,"Population, total",SP.POP.TOTL,2003,21296705.0
Ghana,GHA,Urban population (% of total population),SP.URB.TOTL.IN.ZS,2003,46.0547973581418
Ghana,GHA,Population growth (annual %),SP.POP.GROW,2003,2.69999623325849
Ghana,GHA,Poverty headcount ratio at $3.00 a day (2021 PPP) (% of population),SI.POV.DDAY,2003,
Ghana,GHA,Gini index,SI.POV.GINI,2003,
Ghana,GHA,"School enrollment, primary (% gross)",SE.PRM.ENRR,2003,76.3093490600586
Ghana,GHA,"School enrollment, secondary (% gross)",SE.SEC.ENRR,2003,33.6547889709473
Ghana,GHA,"Literacy rate, adult total (% of people ages 15 and above)",SE.ADT.LITR.ZS,2003,
Ghana,GHA,"Mortality rate, under-5 (per 1,000 live births)",SH.DYN.MORT,2003,88.2
Ghana,GHA,"Life expectancy at birth, total (years)",SP.DYN.LE00.IN,2003,59.014
Ghana,GHA,Current health expenditure (% of GDP),SH.XPD.CHEX.GD.ZS,2003,2.14935279
Ghana,GHA,People using at least basic drinking water services (% of population),SH.H2O.BASW.ZS,2003,68.3036435747065
Ghana,GHA,Access to electricity (% of population),EG.ELC.ACCS.ZS,2003,48.3
Ghana,GHA,Individuals using the Internet (% of population),IT.NET.USER.ZS,2003,1.19305791098328
Benin,BEN,GDP (current US$),NY.GDP.MKTP.CD,2003,5349258094.48239
Benin,BEN,GDP per capita (current US$),NY.GDP.PCAP.CD,2003,676.002878084282
Benin,BEN,GDP growth (annual %),NY.GDP.MKTP.KD.ZG,2003,3.44357677591658
Benin,BEN,"Inflation, consumer prices (annual %)",FP.CPI.TOTL.ZG,2003,1.48724246145441
Benin,BEN,"Population, total",SP.POP.TOTL,2003,7913070.0
Benin,BEN,Urban population (% of total population),SP.URB.TOTL.IN.ZS,2003,39.4169696013044
Benin,BEN,Population growth (annual %),SP.POP.GROW,2003,3.04920259714654
Benin,BEN,Poverty headcount ratio at $3.00 a day (2021 PPP) (% of population),SI.POV.DDAY,2003,70.5
Benin,BEN,Gini index,SI.POV.GINI,2003,38.6
Benin,BEN,"School enrollment, primary (% gross)",SE.PRM.ENRR,2003,93.1921081542969
Benin,BEN,"School enrollment, secondary (% gross)",SE.SEC.ENRR,2003,24.9001197814941
Benin,BEN,"Literacy rate, adult total (% of people ages 15 and above)",SE.ADT.LITR.ZS,2003,
Benin,BEN,"Mortality rate, under-5 (per 1,000 live births)",SH.DYN.MORT,2003,125.4
Benin,BEN,"Life expectancy at birth, total (years)",SP.DYN.LE00.IN,2003,57.092
Benin,BEN,Current health expenditure (% of GDP),SH.XPD.CHEX.GD.ZS,2003,3.11678505
Benin,BEN,People using at least basic drinking water services (% of population),SH.H2O.BASW.ZS,2003,62.177768242791
Benin,BEN,Access to electricity (% of population),EG.ELC.ACCS.ZS,2003,24.3
Benin,BEN,Individuals using the Internet (% of population),IT.NET.USER.ZS,2003,0.951327114915695
Burkina Faso,BFA,GDP (current US$),NY.GDP.MKTP.CD,2003,4740768142.67494
Burkina Faso,BFA,GDP per capita (current US$),NY.GDP.PCAP.CD,2003,362.373899996953
Burkina Faso,BFA,GDP growth (annual %),NY.GDP.MKTP.KD.ZG,2003,7.80249388870359
Burkina Faso,BFA,"Inflation, consumer prices (annual %)",FP.CPI.TOTL.ZG,2003,2.03456574053815
Burkina Faso,BFA,"Population, total",SP.POP.TOTL,2003,13082532.0
Burkina Faso,BFA,Urban population (% of total population),SP.URB.TOTL.IN.ZS,2003,20.563327262892
Burkina Faso,BFA,Population growth (annual %),SP.POP.GROW,2003,3.11812174449527
Burkina Faso,BFA,Poverty headcount ratio at $3.00 a day (2021 PPP) (% of population),SI.POV.DDAY,2003,69.6
Burkina Faso,BFA,Gini index,SI.POV.GINI,2003,43.3
Burkina Faso,BFA,"School enrollment, primary (% gross)",SE.PRM.ENRR,2003,47.5335502624512
Burkina Faso,BFA,"School enrollment, secondary (% gross)",SE.SEC.ENRR,2003,11.2848196029663
Burkina Faso,BFA,"Literacy rate, adult total (% of people ages 15 and above)",SE.ADT.LITR.ZS,2003,21.8199996948242
Burkina Faso,BFA,"Mortality rate, under-5 (per 1,000 live births)",SH.DYN.MORT,2003,162.3
Burkina Faso,BFA,"Life expectancy at birth, total (years)",SP.DYN.LE00.IN,2003,51.959
Burkina Faso,BFA,Current health expenditure (% of GDP),SH.XPD.CHEX.GD.ZS,2003,4.42266035
Burkina Faso,BFA,People using at least basic drinking water services (% of population),SH.H2O.BASW.ZS,2003,55.3903115715643
Burkina Faso,BFA,Access to electricity (% of population),EG.ELC.ACCS.ZS,2003,11.4
Burkina Faso,BFA,Individuals using the Internet (% of population),IT.NET.USER.ZS,2003,0.373440303233526
Mali,MLI,GDP (current US$),NY.GDP.MKTP.CD,2003,5605613011.29045
Mali,MLI,GDP per capita (current US$),NY.GDP.PCAP.CD,2003,441.910358475095
Mali,MLI,GDP growth (annual %),NY.GDP.MKTP.KD.ZG,2003,9.79712256129343
Mali,MLI,"Inflation, consumer prices (annual %)",FP.CPI.TOTL.ZG,2003,-1.34672619047621
Mali,MLI,"Population, total",SP.POP.TOTL,2003,12684955.0
Mali,MLI,Urban population (% of total population),SP.URB.TOTL.IN.ZS,2003,20.0594231247985
Mali,MLI,Population growth (annual %),SP.POP.GROW,2003,3.17894001404545
Mali,MLI,Poverty headcount ratio at $3.00 a day (2021 PPP) (% of population),SI.POV.DDAY,2003,
Mali,MLI,Gini index,SI.POV.GINI,2003,
Mali,MLI,"School enrollment, primary (% gross)",SE.PRM.ENRR,2003,63.1191711425781
Mali,MLI,"School enrollment, secondary (% gross)",SE.SEC.ENRR,2003,19.7679595947266
Mali,MLI,"Literacy rate, adult total (% of people ages 15 and above)",SE.ADT.LITR.ZS,2003,24.0
Mali,MLI,"Mortality rate, under-5 (per 1,000 live births)",SH.DYN.MORT,2003,171.7
Mali,MLI,"Life expectancy at birth, total (years)",SP.DYN.LE00.IN,2003,52.632
Mali,MLI,Current health expenditure (% of GDP),SH.XPD.CHEX.GD.ZS,2003,5.05061436
Mali,MLI,People using at least basic drinking water services (% of population),SH.H2O.BASW.ZS,2003,54.3201164982467
Mali,MLI,Access to electricity (% of population),EG.ELC.ACCS.ZS,2003,14.7
Mali,MLI,Individuals using the Internet (% of population),IT.NET.USER.ZS,2003,0.310364443230575
Mauritania,MRT,GDP (current US$),NY.GDP.MKTP.CD,2003,2051147606.73687
Mauritania,MRT,GDP per capita (current US$),NY.GDP.PCAP.CD,2003,732.017820812675
Mauritania,MRT,GDP growth (annual %),NY.GDP.MKTP.KD.ZG,2003,6.92826957568474
Mauritania,MRT,"Inflation, consumer prices (annual %)",FP.CPI.TOTL.ZG,2003,5.15190150769578
Mauritania,MRT,"Population, total",SP.POP.TOTL,2003,2802046.0
Mauritania,MRT,Urban population (% of total population),SP.URB.TOTL.IN.ZS,2003,38.8866922319919
Mauritania,MRT,Population growth (annual %),SP.POP.GROW,2003,2.28829406566231
Mauritania,MRT,Poverty headcount ratio at $3.00 a day (2021 PPP) (% of population),SI.POV.DDAY,2003,
Mauritania,MRT,Gini index,SI.POV.GINI,2003,
Mauritania,MRT,"School enrollment, primary (% gross)",SE.PRM.ENRR,2003,82.6807022094727
Mauritania,MRT,"School enrollment, secondary (% gross)",SE.SEC.ENRR,2003,21.539270401001
Mauritania,MRT,"Literacy rate, adult total (% of people ages 15 and above)",SE.ADT.LITR.ZS,2003,
Mauritania,MRT,"Mortality rate, under-5 (per 1,000 live births)",SH.DYN.MORT,2003,82.8
Mauritania,MRT,"Life expectancy at birth, total (years)",SP.DYN.LE00.IN,2003,62.805
Mauritania,MRT,Current health expenditure (% of GDP),SH.XPD.CHEX.GD.ZS,2003,4.03254652
Mauritania,MRT,People using at least basic drinking water services (% of population),SH.H2O.BASW.ZS,2003,45.328257924083
Mauritania,MRT,Access to electricity (% of population),EG.ELC.ACCS.ZS,2003,23.0
Mauritania,MRT,Individuals using the Internet (% of population),IT.NET.USER.ZS,2003,0.424004895843197
Togo,TGO,GDP (current US$),NY.GDP.MKTP.CD,2003,2987984050.99318
Togo,TGO,GDP per capita (current US$),NY.GDP.PCAP.CD,2003,538.16537776929
Togo,TGO,GDP growth (annual %),NY.GDP.MKTP.KD.ZG,2003,6.72017142336034
Togo,TGO,"Inflation, consumer prices (annual %)",FP.CPI.TOTL.ZG,2003,-0.930000884072214
Togo,TGO,"Population, total",SP.POP.TOTL,2003,5552167.0
Togo,TGO,Urban population (% of total population),SP.URB.TOTL.IN.ZS,2003,34.4513989657696
Togo,TGO,Population growth (annual %),SP.POP.GROW,2003,2.53342165886308
Togo,TGO,Poverty headcount ratio at $3.00 a day (2021 PPP) (% of population),SI.POV.DDAY,2003,
Togo,TGO,Gini index,SI.POV.GINI,2003,
Togo,TGO,"School enrollment, primary (% gross)",SE.PRM.ENRR,2003,111.294708251953
Togo,TGO,"School enrollment, secondary (% gross)",SE.SEC.ENRR,2003,40.5968894958496
Togo,TGO,"Literacy rate, adult total (% of people ages 15 and above)",SE.ADT.LITR.ZS,2003,
Togo,TGO,"Mortality rate, under-5 (per 1,000 live births)",SH.DYN.MORT,2003,108.8
Togo,TGO,"Life expectancy at birth, total (years)",SP.DYN.LE00.IN,2003,55.312
Togo,TGO,Current health expenditure (% of GDP),SH.XPD.CHEX.GD.ZS,2003,3.44513917
Togo,TGO,People using at least basic drinking water services (% of population),SH.H2O.BASW.ZS,2003,49.8657131320708
Togo,TGO,Access to electricity (% of population),EG.ELC.ACCS.ZS,2003,23.0
Togo,TGO,Individuals using the Internet (% of population),IT.NET.USER.ZS,2003,1.2
Guinea,GIN,GDP (current US$),NY.GDP.MKTP.CD,2003,5025167975.26363
Guinea,GIN,GDP per capita (current US$),NY.GDP.PCAP.CD,2003,566.48540588068
Guinea,GIN,GDP growth (annual %),NY.GDP.MKTP.KD.ZG,2003,1.24860125923698
Guinea,GIN,"Inflation, consumer prices (annual %)",FP.CPI.TOTL.ZG,2003,
Guinea,GIN,"Population, total",SP.POP.TOTL,2003,8870781.0
Guinea,GIN,Urban population (% of total population),SP.URB.TOTL.IN.ZS,2003,31.8086015036327
Guinea,GIN,Population growth (annual %),SP.POP.GROW,2003,2.24251877202579
Guinea,GIN,Poverty headcount ratio at $3.00 a day (2021 PPP) (% of population),SI.POV.DDAY,2003,
Guinea,GIN,Gini index,SI.POV.GINI,2003,
Guinea,GIN,"School enrollment, primary (% gross)",SE.PRM.ENRR,2003,72.6687164306641
Guinea,GIN,"School enrollment, secondary (% gross)",SE.SEC.ENRR,2003,22.6574001312256
Guinea,GIN,"Literacy rate, adult total (% of people ages 15 and above)",SE.ADT.LITR.ZS,2003,29.7000007629394
Guinea,GIN,"Mortality rate, under-5 (per 1,000 live births)",SH.DYN.MORT,2003,146.9
Guinea,GIN,"Life expectancy at birth, total (years)",SP.DYN.LE00.IN,2003,53.589
Guinea,GIN,Current health expenditure (% of GDP),SH.XPD.CHEX.GD.ZS,2003,4.77216482
Guinea,GIN,People using at least basic drinking water services (% of population),SH.H2O.BASW.ZS,2003,51.9996253196521
Guinea,GIN,Access to electricity (% of population),EG.ELC.ACCS.ZS,2003,18.9
Guinea,GIN,Individuals using the Internet (% of population),IT.NET.USER.ZS,2003,0.450960370842751
"Gambia, The",GMB,GDP (current US$),NY.GDP.MKTP.CD,2003,487038685.045496
"Gambia, The",GMB,GDP per capita (current US$),NY.GDP.PCAP.CD,2003,308.719123437587
"Gambia, The",GMB,GDP growth (annual %),NY.GDP.MKTP.KD.ZG,2003,6.86999962173842
"Gambia, The",GMB,"Inflation, consumer prices (annual %)",FP.CPI.TOTL.ZG,2003,17.0328665431988
"Gambia, The",GMB,"Population, total",SP.POP.TOTL,2003,1577611.0
"Gambia, The",GMB,Urban population (% of total population),SP.URB.TOTL.IN.ZS,2003,50.6010077995371
"Gambia, The",GMB,Population growth (annual %),SP.POP.GROW,2003,2.69312348458537
"Gambia, The",GMB,Poverty headcount ratio at $3.00 a day (2021 PPP) (% of population),SI.POV.DDAY,2003,55.2
"Gambia, The",GMB,Gini index,SI.POV.GINI,2003,47.3
"Gambia, The",GMB,"School enrollment, primary (% gross)",SE.PRM.ENRR,2003,72.404167175293
"Gambia, The",GMB,"School enrollment, secondary (% gross)",SE.SEC.ENRR,2003,
"Gambia, The",GMB,"Literacy rate, adult total (% of people ages 15 and above)",SE.ADT.LITR.ZS,2003,
"Gambia, The",GMB,"Mortality rate, under-5 (per 1,000 live births)",SH.DYN.MORT,2003,99.2
"Gambia, The",GMB,"Life expectancy at birth, total (years)",SP.DYN.LE00.IN,2003,58.223
"Gambia, The",GMB,Current health expenditure (% of GDP),SH.XPD.CHEX.GD.ZS,2003,5.29709053
"Gambia, The",GMB,People using at least basic drinking water services (% of population),SH.H2O.BASW.ZS,2003,73.894195620681
"Gambia, The",GMB,Access to electricity (% of population),EG.ELC.ACCS.ZS,2003,27.8
"Gambia, The",GMB,Individuals using the Internet (% of population),IT.NET.USER.ZS,2003,2.436781193062
Sierra Leone,SLE,GDP (current US$),NY.GDP.MKTP.CD,2003,2142618045.93129
Sierra Leone,SLE,GDP per capita (current US$),NY.GDP.PCAP.CD,2003,413.817607346927
Sierra Leone,SLE,GDP growth (annual %),NY.GDP.MKTP.KD.ZG,2003,9.48363126885343
Sierra Leone,SLE,"Inflation, consumer prices (annual %)",FP.CPI.TOTL.ZG,2003,
Sierra Leone,SLE,"Population, total",SP.POP.TOTL,2003,5177687.0
Sierra Leone,SLE,Urban population (% of total population),SP.URB.TOTL.IN.ZS,2003,36.2690511597053
Sierra Leone,SLE,Population growth (annual %),SP.POP.GROW,2003,4.06499006251213
Sierra Leone,SLE,Poverty headcount ratio at $3.00 a day (2021 PPP) (% of population),SI.POV.DDAY,2003,72.4
Sierra Leone,SLE,Gini index,SI.POV.GINI,2003,40.2
Sierra Leone,SLE,"School enrollment, primary (% gross)",SE.PRM.ENRR,2003,
Sierra Leone,SLE,"School enrollment, secondary (% gross)",SE.SEC.ENRR,2003,
Sierra Leone,SLE,"Literacy rate, adult total (% of people ages 15 and above)",SE.ADT.LITR.ZS,2003,
Sierra Leone,SLE,"Mortality rate, under-5 (per 1,000 live births)",SH.DYN.MORT,2003,205.7
Sierra Leone,SLE,"Life expectancy at birth, total (years)",SP.DYN.LE00.IN,2003,46.784
Sierra Leone,SLE,Current health expenditure (% of GDP),SH.XPD.CHEX.GD.ZS,2003,5.06219816
Sierra Leone,SLE,People using at least basic drinking water services (% of population),SH.H2O.BASW.ZS,2003,43.4895263720977
Sierra Leone,SLE,Access to electricity (% of population),EG.ELC.ACCS.ZS,2003,9.9
Sierra Leone,SLE,Individuals using the Internet (% of population),IT.NET.USER.ZS,2003,0.190173281668183
Liberia,LBR,GDP (current US$),NY.GDP.MKTP.CD,2003,748000000.0
Liberia,LBR,GDP per capita (current US$),NY.GDP.PCAP.CD,2003,239.779556677091
Liberia,LBR,GDP growth (annual %),NY.GDP.MKTP.KD.ZG,2003,-30.145132727942
Liberia,LBR,"Inflation, consumer prices (annual %)",FP.CPI.TOTL.ZG,2003,10.3302881236823
Liberia,LBR,"Population, total",SP.POP.TOTL,2003,3119532.0
Liberia,LBR,Urban population (% of total population),SP.URB.TOTL.IN.ZS,2003,45.0004573003041
Liberia,LBR,Population growth (annual %),SP.POP.GROW,2003,0.79655231018503
Liberia,LBR,Poverty headcount ratio at $3.00 a day (2021 PPP) (% of population),SI.POV.DDAY,2003,
Liberia,LBR,Gini index,SI.POV.GINI,2003,
Liberia,LBR,"School enrollment, primary (% gross)",SE.PRM.ENRR,2003,
Liberia,LBR,"School enrollment, secondary (% gross)",SE.SEC.ENRR,2003,
Liberia,LBR,"Literacy rate, adult total (% of people ages 15 and above)",SE.ADT.LITR.ZS,2003,
Liberia,LBR,"Mortality rate, under-5 (per 1,000 live births)",SH.DYN.MORT,2003,156.2
Liberia,LBR,"Life expectancy at birth, total (years)",SP.DYN.LE00.IN,2003,53.045
Liberia,LBR,Current health expenditure (% of GDP),SH.XPD.CHEX.GD.ZS,2003,2.51847482
Liberia,LBR,People using at least basic drinking water services (% of population),SH.H2O.BASW.ZS,2003,63.6915834211062
Liberia,LBR,Access to electricity (% of population),EG.ELC.ACCS.ZS,2003,
Liberia,LBR,Individuals using the Internet (% of population),IT.NET.USER.ZS,2003,0.0318689345450327
Guinea-Bissau,GNB,GDP (current US$),NY.GDP.MKTP.CD,2003,553614800.145707
Guinea-Bissau,GNB,GDP per capita (current US$),NY.GDP.PCAP.CD,2003,419.78486611807
Guinea-Bissau,GNB,GDP growth (annual %),NY.GDP.MKTP.KD.ZG,2003,-0.285931052286514
Guinea-Bissau,GNB,"Inflation, consumer prices (annual %)",FP.CPI.TOTL.ZG,2003,-3.50258551103421
Guinea-Bissau,GNB,"Population, total",SP.POP.TOTL,2003,1318806.0
Guinea-Bissau,GNB,Urban population (% of total population),SP.URB.TOTL.IN.ZS,2003,37.7773055741583
Guinea-Bissau,GNB,Population growth (annual %),SP.POP.GROW,2003,2.26219170729877
Guinea-Bissau,GNB,Poverty headcount ratio at $3.00 a day (2021 PPP) (% of population),SI.POV.DDAY,2003,
Guinea-Bissau,GNB,Gini index,SI.POV.GINI,2003,
Guinea-Bissau,GNB,"School enrollment, primary (% gross)",SE.PRM.ENRR,2003,
Guinea-Bissau,GNB,"School enrollment, secondary (% gross)",SE.SEC.ENRR,2003,
Guinea-Bissau,GNB,"Literacy rate, adult total (% of people ages 15 and above)",SE.ADT.LITR.ZS,2003,
Guinea-Bissau,GNB,"Mortality rate, under-5 (per 1,000 live births)",SH.DYN.MORT,2003,157.7
Guinea-Bissau,GNB,"Life expectancy at birth, total (years)",SP.DYN.LE00.IN,2003,52.186
Guinea-Bissau,GNB,Current health expenditure (% of GDP),SH.XPD.CHEX.GD.ZS,2003,3.50201416
Guinea-Bissau,GNB,People using at least basic drinking water services (% of population),SH.H2O.BASW.ZS,2003,56.5025111199122
Guinea-Bissau,GNB,Access to electricity (% of population),EG.ELC.ACCS.ZS,2003,2.6
Guinea-Bissau,GNB,Individuals using the Internet (% of population),IT.NET.USER.ZS,2003,1.35419747762901
Cabo Verde,CPV,GDP (current US$),NY.GDP.MKTP.CD,2003,813260468.873834
Cabo Verde,CPV,GDP per capita (current US$),NY.GDP.PCAP.CD,2003,1717.97565369655
Cabo Verde,CPV,GDP growth (annual %),NY.GDP.MKTP.KD.ZG,2003,4.17625932578332
Cabo Verde,CPV,"Inflation, consumer prices (annual %)",FP.CPI.TOTL.ZG,2003,1.18817038620528
Cabo Verde,CPV,"Population, total",SP.POP.TOTL,2003,473383.0
Cabo Verde,CPV,Urban population (% of total population),SP.URB.TOTL.IN.ZS,2003,56.3297071979641
Cabo Verde,CPV,Population growth (annual %),SP.POP.GROW,2003,1.34770321112892
Cabo Verde,CPV,Poverty headcount ratio at $3.00 a day (2021 PPP) (% of population),SI.POV.DDAY,2003,
Cabo Verde,CPV,Gini index,SI.POV.GINI,2003,
Cabo Verde,CPV,"School enrollment, primary (% gross)",SE.PRM.ENRR,2003,114.57283782959
Cabo Verde,CPV,"School enrollment, secondary (% gross)",SE.SEC.ENRR,2003,67.3274078369141
Cabo Verde,CPV,"Literacy rate, adult total (% of people ages 15 and above)",SE.ADT.LITR.ZS,2003,
Cabo Verde,CPV,"Mortality rate, under-5 (per 1,000 live births)",SH.DYN.MORT,2003,29.0
Cabo Verde,CPV,"Life expectancy at birth, total (years)",SP.DYN.LE00.IN,2003,70.006
Cabo Verde,CPV,Current health expenditure (% of GDP),SH.XPD.CHEX.GD.ZS,2003,3.6274426
Cabo Verde,CPV,People using at least basic drinking water services (% of population),SH.H2O.BASW.ZS,2003,80.2372000142623
Cabo Verde,CPV,Access to electricity (% of population),EG.ELC.ACCS.ZS,2003,63.7
Cabo Verde,CPV,Individuals using the Internet (% of population),IT.NET.USER.ZS,2003,4.32488539053715
Niger,NER,GDP (current US$),NY.GDP.MKTP.CD,2004,3760443737.53797
Niger,NER,GDP per capita (current US$),NY.GDP.PCAP.CD,2004,283.468281798296
Niger,NER,GDP growth (annual %),NY.GDP.MKTP.KD.ZG,2004,0.363801578722132
Niger,NER,"Inflation, consumer prices (annual %)",FP.CPI.TOTL.ZG,2004,0.262543757292838
Niger,NER,"Population, total",SP.POP.TOTL,2004,13265836.0
Niger,NER,Urban population (% of total population),SP.URB.TOTL.IN.ZS,2004,16.2687225341797
Niger,NER,Population growth (annual %),SP.POP.GROW,2004,3.59824904350361
Niger,NER,Poverty headcount ratio at $3.00 a day (2021 PPP) (% of population),SI.POV.DDAY,2004,
Niger,NER,Gini index,SI.POV.GINI,2004,
Niger,NER,"School enrollment, primary (% gross)",SE.PRM.ENRR,2004,46.0418281555176
Niger,NER,"School enrollment, secondary (% gross)",SE.SEC.ENRR,2004,8.35079956054688
Niger,NER,"Literacy rate, adult total (% of people ages 15 and above)",SE.ADT.LITR.ZS,2004,
Niger,NER,"Mortality rate, under-5 (per 1,000 live births)",SH.DYN.MORT,2004,182.4
Niger,NER,"Life expectancy at birth, total (years)",SP.DYN.LE00.IN,2004,52.402
Niger,NER,Current health expenditure (% of GDP),SH.XPD.CHEX.GD.ZS,2004,4.97818327
Niger,NER,People using at least basic drinking water services (% of population),SH.H2O.BASW.ZS,2004,39.5981949224788
Niger,NER,Access to electricity (% of population),EG.ELC.ACCS.ZS,2004,9.7
Niger,NER,Individuals using the Internet (% of population),IT.NET.USER.ZS,2004,0.189933733703092
Nigeria,NGA,GDP (current US$),NY.GDP.MKTP.CD,2004,135764731645.611
Nigeria,NGA,GDP per capita (current US$),NY.GDP.PCAP.CD,2004,962.48104194733
Nigeria,NGA,GDP growth (annual %),NY.GDP.MKTP.KD.ZG,2004,9.2505582291798
Nigeria,NGA,"Inflation, consumer prices (annual %)",FP.CPI.TOTL.ZG,2004,14.9980338183251
Nigeria,NGA,"Population, total",SP.POP.TOTL,2004,141057045.0
Nigeria,NGA,Urban population (% of total population),SP.URB.TOTL.IN.ZS,2004,46.6994804889599
Nigeria,NGA,Population growth (annual %),SP.POP.GROW,2004,2.77053967849452
Nigeria,NGA,Poverty headcount ratio at $3.00 a day (2021 PPP) (% of population),SI.POV.DDAY,2004,
Nigeria,NGA,Gini index,SI.POV.GINI,2004,
Nigeria,NGA,"School enrollment, primary (% gross)",SE.PRM.ENRR,2004,95.7809066772461
Nigeria,NGA,"School enrollment, secondary (% gross)",SE.SEC.ENRR,2004,33.9481201171875
Nigeria,NGA,"Literacy rate, adult total (% of people ages 15 and above)",SE.ADT.LITR.ZS,2004,
Nigeria,NGA,"Mortality rate, under-5 (per 1,000 live births)",SH.DYN.MORT,2004,151.4
Nigeria,NGA,"Life expectancy at birth, total (years)",SP.DYN.LE00.IN,2004,49.148
Nigeria,NGA,Current health expenditure (% of GDP),SH.XPD.CHEX.GD.ZS,2004,4.63368416
Nigeria,NGA,People using at least basic drinking water services (% of population),SH.H2O.BASW.ZS,2004,50.463557619145
Nigeria,NGA,Access to electricity (% of population),EG.ELC.ACCS.ZS,2004,46.1
Nigeria,NGA,Individuals using the Internet (% of population),IT.NET.USER.ZS,2004,1.28613764134527
Senegal,SEN,GDP (current US$),NY.GDP.MKTP.CD,2004,10076816666.6196
Senegal,SEN,GDP per capita (current US$),NY.GDP.PCAP.CD,2004,918.102079522155
Senegal,SEN,GDP growth (annual %),NY.GDP.MKTP.KD.ZG,2004,4.64329393683312
Senegal,SEN,"Inflation, consumer prices (annual %)",FP.CPI.TOTL.ZG,2004,0.514781781023016
Senegal,SEN,"Population, total",SP.POP.TOTL,2004,10975704.0
Senegal,SEN,Urban population (% of total population),SP.URB.TOTL.IN.ZS,2004,41.6248193895895
Senegal,SEN,Population growth (annual %),SP.POP.GROW,2004,2.34632515714346
Senegal,SEN,Poverty headcount ratio at $3.00 a day (2021 PPP) (% of population),SI.POV.DDAY,2004,
Senegal,SEN,Gini index,SI.POV.GINI,2004,
Senegal,SEN,"School enrollment, primary (% gross)",SE.PRM.ENRR,2004,78.7173461914062
Senegal,SEN,"School enrollment, secondary (% gross)",SE.SEC.ENRR,2004,19.9657497406006
Senegal,SEN,"Literacy rate, adult total (% of people ages 15 and above)",SE.ADT.LITR.ZS,2004,
Senegal,SEN,"Mortality rate, under-5 (per 1,000 live births)",SH.DYN.MORT,2004,95.5
Senegal,SEN,"Life expectancy at birth, total (years)",SP.DYN.LE00.IN,2004,60.308
Senegal,SEN,Current health expenditure (% of GDP),SH.XPD.CHEX.GD.ZS,2004,4.56856203
Senegal,SEN,People using at least basic drinking water services (% of population),SH.H2O.BASW.ZS,2004,64.4218461577163
Senegal,SEN,Access to electricity (% of population),EG.ELC.ACCS.ZS,2004,36.8
Senegal,SEN,Individuals using the Internet (% of population),IT.NET.USER.ZS,2004,4.38602398008563
Cote d'Ivoire,CIV,GDP (current US$),NY.GDP.MKTP.CD,2004,23510575681.3686
Cote d'Ivoire,CIV,GDP per capita (current US$),NY.GDP.PCAP.CD,2004,1199.82524528546
Cote d'Ivoire,CIV,GDP growth (annual %),NY.GDP.MKTP.KD.ZG,2004,3.18503822575397
Cote d'Ivoire,CIV,"Inflation, consumer prices (annual %)",FP.CPI.TOTL.ZG,2004,1.45798835600741
Cote d'Ivoire,CIV,"Population, total",SP.POP.TOTL,2004,19595000.0
Cote d'Ivoire,CIV,Urban population (% of total population),SP.URB.TOTL.IN.ZS,2004,44.667357886658
Cote d'Ivoire,CIV,Population growth (annual %),SP.POP.GROW,2004,2.42497124712807
Cote d'Ivoire,CIV,Poverty headcount ratio at $3.00 a day (2021 PPP) (% of population),SI.POV.DDAY,2004,
Cote d'Ivoire,CIV,Gini index,SI.POV.GINI,2004,
Cote d'Ivoire,CIV,"School enrollment, primary (% gross)",SE.PRM.ENRR,2004,
Cote d'Ivoire,CIV,"School enrollment, secondary (% gross)",SE.SEC.ENRR,2004,
Cote d'Ivoire,CIV,"Literacy rate, adult total (% of people ages 15 and above)",SE.ADT.LITR.ZS,2004,
Cote d'Ivoire,CIV,"Mortality rate, under-5 (per 1,000 live births)",SH.DYN.MORT,2004,125.3
Cote d'Ivoire,CIV,"Life expectancy at birth, total (years)",SP.DYN.LE00.IN,2004,51.939
Cote d'Ivoire,CIV,Current health expenditure (% of GDP),SH.XPD.CHEX.GD.ZS,2004,4.02148724
Cote d'Ivoire,CIV,People using at least basic drinking water services (% of population),SH.H2O.BASW.ZS,2004,70.3215551742465
Cote d'Ivoire,CIV,Access to electricity (% of population),EG.ELC.ACCS.ZS,2004,52.4
Cote d'Ivoire,CIV,Individuals using the Internet (% of population),IT.NET.USER.ZS,2004,0.849282414747704
Ghana,GHA,GDP (current US$),NY.GDP.MKTP.CD,2004,8881417906.71432
Ghana,GHA,GDP per capita (current US$),NY.GDP.PCAP.CD,2004,406.132105329565
Ghana,GHA,GDP growth (annual %),NY.GDP.MKTP.KD.ZG,2004,5.59999999077445
Ghana,GHA,"Inflation, consumer prices (annual %)",FP.CPI.TOTL.ZG,2004,18.0427388232565
Ghana,GHA,"Population, total",SP.POP.TOTL,2004,21868298.0
Ghana,GHA,Urban population (% of total population),SP.URB.TOTL.IN.ZS,2004,46.7572004525685
Ghana,GHA,Population growth (annual %),SP.POP.GROW,2004,2.64856422445373
Ghana,GHA,Poverty headcount ratio at $3.00 a day (2021 PPP) (% of population),SI.POV.DDAY,2004,
Ghana,GHA,Gini index,SI.POV.GINI,2004,
Ghana,GHA,"School enrollment, primary (% gross)",SE.PRM.ENRR,2004,80.2254409790039
Ghana,GHA,"School enrollment, secondary (% gross)",SE.SEC.ENRR,2004,36.1445503234863
Ghana,GHA,"Literacy rate, adult total (% of people ages 15 and above)",SE.ADT.LITR.ZS,2004,
Ghana,GHA,"Mortality rate, under-5 (per 1,000 live births)",SH.DYN.MORT,2004,85.0
Ghana,GHA,"Life expectancy at birth, total (years)",SP.DYN.LE00.IN,2004,59.316
Ghana,GHA,Current health expenditure (% of GDP),SH.XPD.CHEX.GD.ZS,2004,2.36955285
Ghana,GHA,People using at least basic drinking water services (% of population),SH.H2O.BASW.ZS,2004,69.3225909029972
Ghana,GHA,Access to electricity (% of population),EG.ELC.ACCS.ZS,2004,50.8
Ghana,GHA,Individuals using the Internet (% of population),IT.NET.USER.ZS,2004,1.71679770389504
Benin,BEN,GDP (current US$),NY.GDP.MKTP.CD,2004,6190270380.49856
Benin,BEN,GDP per capita (current US$),NY.GDP.PCAP.CD,2004,758.695803786371
Benin,BEN,GDP growth (annual %),NY.GDP.MKTP.KD.ZG,2004,4.42968455385082
Benin,BEN,"Inflation, consumer prices (annual %)",FP.CPI.TOTL.ZG,2004,0.873890830868499
Benin,BEN,"Population, total",SP.POP.TOTL,2004,8159094.0
Benin,BEN,Urban population (% of total population),SP.URB.TOTL.IN.ZS,2004,39.8525699078742
Benin,BEN,Population growth (annual %),SP.POP.GROW,2004,3.06173106096489
Benin,BEN,Poverty headcount ratio at $3.00 a day (2021 PPP) (% of population),SI.POV.DDAY,2004,
Benin,BEN,Gini index,SI.POV.GINI,2004,
Benin,BEN,"School enrollment, primary (% gross)",SE.PRM.ENRR,2004,96.9871597290039
Benin,BEN,"School enrollment, secondary (% gross)",SE.SEC.ENRR,2004,26.7041492462158
Benin,BEN,"Literacy rate, adult total (% of people ages 15 and above)",SE.ADT.LITR.ZS,2004,
Benin,BEN,"Mortality rate, under-5 (per 1,000 live births)",SH.DYN.MORT,2004,122.5
Benin,BEN,"Life expectancy at birth, total (years)",SP.DYN.LE00.IN,2004,57.346
Benin,BEN,Current health expenditure (% of GDP),SH.XPD.CHEX.GD.ZS,2004,3.23273873
Benin,BEN,People using at least basic drinking water services (% of population),SH.H2O.BASW.ZS,2004,62.5694755970266
Benin,BEN,Access to electricity (% of population),EG.ELC.ACCS.ZS,2004,25.2
Benin,BEN,Individuals using the Internet (% of population),IT.NET.USER.ZS,2004,1.18254096518994
Burkina Faso,BFA,GDP (current US$),NY.GDP.MKTP.CD,2004,5451688537.60959
Burkina Faso,BFA,GDP per capita (current US$),NY.GDP.PCAP.CD,2004,403.81283743461
Burkina Faso,BFA,GDP growth (annual %),NY.GDP.MKTP.KD.ZG,2004,4.47845213670386
Burkina Faso,BFA,"Inflation, consumer prices (annual %)",FP.CPI.TOTL.ZG,2004,-0.400228702115451
Burkina Faso,BFA,"Population, total",SP.POP.TOTL,2004,13500533.0
Burkina Faso,BFA,Urban population (% of total population),SP.URB.TOTL.IN.ZS,2004,21.3392180754924
Burkina Faso,BFA,Population growth (annual %),SP.POP.GROW,2004,3.14512608695879
Burkina Faso,BFA,Poverty headcount ratio at $3.00 a day (2021 PPP) (% of population),SI.POV.DDAY,2004,
Burkina Faso,BFA,Gini index,SI.POV.GINI,2004,
Burkina Faso,BFA,"School enrollment, primary (% gross)",SE.PRM.ENRR,2004,52.1790885925293
Burkina Faso,BFA,"School enrollment, secondary (% gross)",SE.SEC.ENRR,2004,12.3676996231079
Burkina Faso,BFA,"Literacy rate, adult total (% of people ages 15 and above)",SE.ADT.LITR.ZS,2004,
Burkina Faso,BFA,"Mortality rate, under-5 (per 1,000 live births)",SH.DYN.MORT,2004,156.8
Burkina Faso,BFA,"Life expectancy at birth, total (years)",SP.DYN.LE00.IN,2004,52.6
Burkina Faso,BFA,Current health expenditure (% of GDP),SH.XPD.CHEX.GD.ZS,2004,5.23083639
Burkina Faso,BFA,People using at least basic drinking water services (% of population),SH.H2O.BASW.ZS,2004,55.1712862578843
Burkina Faso,BFA,Access to electricity (% of population),EG.ELC.ACCS.ZS,2004,10.7
Burkina Faso,BFA,Individuals using the Internet (% of population),IT.NET.USER.ZS,2004,0.400295285492178
Mali,MLI,GDP (current US$),NY.GDP.MKTP.CD,2004,6485774930.48034
Mali,MLI,GDP per capita (current US$),NY.GDP.PCAP.CD,2004,495.006294680645
Mali,MLI,GDP growth (annual %),NY.GDP.MKTP.KD.ZG,2004,1.47732490222614
Mali,MLI,"Inflation, consumer prices (annual %)",FP.CPI.TOTL.ZG,2004,-3.09978128063957
Mali,MLI,"Population, total",SP.POP.TOTL,2004,13102409.0
Mali,MLI,Urban population (% of total population),SP.URB.TOTL.IN.ZS,2004,20.4570532892964
Mali,MLI,Population growth (annual %),SP.POP.GROW,2004,3.23794608826987
Mali,MLI,Poverty headcount ratio at $3.00 a day (2021 PPP) (% of population),SI.POV.DDAY,2004,
Mali,MLI,Gini index,SI.POV.GINI,2004,
Mali,MLI,"School enrollment, primary (% gross)",SE.PRM.ENRR,2004,66.4467468261719
Mali,MLI,"School enrollment, secondary (% gross)",SE.SEC.ENRR,2004,21.5015201568604
Mali,MLI,"Literacy rate, adult total (% of people ages 15 and above)",SE.ADT.LITR.ZS,2004,
Mali,MLI,"Mortality rate, under-5 (per 1,000 live births)",SH.DYN.MORT,2004,165.8
Mali,MLI,"Life expectancy at birth, total (years)",SP.DYN.LE00.IN,2004,53.253
Mali,MLI,Current health expenditure (% of GDP),SH.XPD.CHEX.GD.ZS,2004,5.21768713
Mali,MLI,People using at least basic drinking water services (% of population),SH.H2O.BASW.ZS,2004,55.9690552417302
Mali,MLI,Access to electricity (% of population),EG.ELC.ACCS.ZS,2004,16.4
Mali,MLI,Individuals using the Internet (% of population),IT.NET.USER.ZS,2004,0.432819639900985
Mauritania,MRT,GDP (current US$),NY.GDP.MKTP.CD,2004,2362501023.24249
Mauritania,MRT,GDP per capita (current US$),NY.GDP.PCAP.CD,2004,823.554457141893
Mauritania,MRT,GDP growth (annual %),NY.GDP.MKTP.KD.ZG,2004,4.73275787510946
Mauritania,MRT,"Inflation, consumer prices (annual %)",FP.CPI.TOTL.ZG,2004,10.3676233473073
Mauritania,MRT,"Population, total",SP.POP.TOTL,2004,2868664.0
Mauritania,MRT,Urban population (% of total population),SP.URB.TOTL.IN.ZS,2004,39.5685575664461
Mauritania,MRT,Population growth (annual %),SP.POP.GROW,2004,2.34965515386841
Mauritania,MRT,Poverty headcount ratio at $3.00 a day (2021 PPP) (% of population),SI.POV.DDAY,2004,28.5
Mauritania,MRT,Gini index,SI.POV.GINI,2004,40.2
Mauritania,MRT,"School enrollment, primary (% gross)",SE.PRM.ENRR,2004,88.9611282348633
Mauritania,MRT,"School enrollment, secondary (% gross)",SE.SEC.ENRR,2004,22.1136894226074
Mauritania,MRT,"Literacy rate, adult total (% of people ages 15 and above)",SE.ADT.LITR.ZS,2004,
Mauritania,MRT,"Mortality rate, under-5 (per 1,000 live births)",SH.DYN.MORT,2004,77.5
Mauritania,MRT,"Life expectancy at birth, total (years)",SP.DYN.LE00.IN,2004,63.369
Mauritania,MRT,Current health expenditure (% of GDP),SH.XPD.CHEX.GD.ZS,2004,3.70429492
Mauritania,MRT,People using at least basic drinking water services (% of population),SH.H2O.BASW.ZS,2004,46.8421748540114
Mauritania,MRT,Access to electricity (% of population),EG.ELC.ACCS.ZS,2004,24.3
Mauritania,MRT,Individuals using the Internet (% of population),IT.NET.USER.ZS,2004,0.481470438230954
Togo,TGO,GDP (current US$),NY.GDP.MKTP.CD,2004,3191561508.69088
Togo,TGO,GDP per capita (current US$),NY.GDP.PCAP.CD,2004,560.266308533382
Togo,TGO,GDP growth (annual %),NY.GDP.MKTP.KD.ZG,2004,-0.978665332738743
Togo,TGO,"Inflation, consumer prices (annual %)",FP.CPI.TOTL.ZG,2004,0.393078681031669
Togo,TGO,"Population, total",SP.POP.TOTL,2004,5696508.0
Togo,TGO,Urban population (% of total population),SP.URB.TOTL.IN.ZS,2004,34.9007435603688
Togo,TGO,Population growth (annual %),SP.POP.GROW,2004,2.56650535233
Togo,TGO,Poverty headcount ratio at $3.00 a day (2021 PPP) (% of population),SI.POV.DDAY,2004,
Togo,TGO,Gini index,SI.POV.GINI,2004,
Togo,TGO,"School enrollment, primary (% gross)",SE.PRM.ENRR,2004,110.338851928711
Togo,TGO,"School enrollment, secondary (% gross)",SE.SEC.ENRR,2004,41.9863700866699
Togo,TGO,"Literacy rate, adult total (% of people ages 15 and above)",SE.ADT.LITR.ZS,2004,
Togo,TGO,"Mortality rate, under-5 (per 1,000 live births)",SH.DYN.MORT,2004,105.5
Togo,TGO,"Life expectancy at birth, total (years)",SP.DYN.LE00.IN,2004,55.608
Togo,TGO,Current health expenditure (% of GDP),SH.XPD.CHEX.GD.ZS,2004,3.48131895
Togo,TGO,People using at least basic drinking water services (% of population),SH.H2O.BASW.ZS,2004,51.0022965045224
Togo,TGO,Access to electricity (% of population),EG.ELC.ACCS.ZS,2004,24.8
Togo,TGO,Individuals using the Internet (% of population),IT.NET.USER.ZS,2004,1.5
Guinea,GIN,GDP (current US$),NY.GDP.MKTP.CD,2004,5300767960.51572
Guinea,GIN,GDP per capita (current US$),NY.GDP.PCAP.CD,2004,584.897740538081
Guinea,GIN,GDP growth (annual %),NY.GDP.MKTP.KD.ZG,2004,2.34011731288737
Guinea,GIN,"Inflation, consumer prices (annual %)",FP.CPI.TOTL.ZG,2004,
Guinea,GIN,"Population, total",SP.POP.TOTL,2004,9062726.0
Guinea,GIN,Urban population (% of total population),SP.URB.TOTL.IN.ZS,2004,32.1032575610216
Guinea,GIN,Population growth (annual %),SP.POP.GROW,2004,2.14071157501219
Guinea,GIN,Poverty headcount ratio at $3.00 a day (2021 PPP) (% of population),SI.POV.DDAY,2004,
Guinea,GIN,Gini index,SI.POV.GINI,2004,
Guinea,GIN,"School enrollment, primary (% gross)",SE.PRM.ENRR,2004,75.5423583984375
Guinea,GIN,"School enrollment, secondary (% gross)",SE.SEC.ENRR,2004,24.6455307006836
Guinea,GIN,"Literacy rate, adult total (% of people ages 15 and above)",SE.ADT.LITR.ZS,2004,
Guinea,GIN,"Mortality rate, under-5 (per 1,000 live births)",SH.DYN.MORT,2004,141.6
Guinea,GIN,"Life expectancy at birth, total (years)",SP.DYN.LE00.IN,2004,53.975
Guinea,GIN,Current health expenditure (% of GDP),SH.XPD.CHEX.GD.ZS,2004,4.77632809
Guinea,GIN,People using at least basic drinking water services (% of population),SH.H2O.BASW.ZS,2004,52.7452281197482
Guinea,GIN,Access to electricity (% of population),EG.ELC.ACCS.ZS,2004,20.2
Guinea,GIN,Individuals using the Internet (% of population),IT.NET.USER.ZS,2004,0.508819332302937
"Gambia, The",GMB,GDP (current US$),NY.GDP.MKTP.CD,2004,961900651.423441
"Gambia, The",GMB,GDP per capita (current US$),NY.GDP.PCAP.CD,2004,593.285346326581
"Gambia, The",GMB,GDP growth (annual %),NY.GDP.MKTP.KD.ZG,2004,7.05000000064635
"Gambia, The",GMB,"Inflation, consumer prices (annual %)",FP.CPI.TOTL.ZG,2004,14.2067432845569
"Gambia, The",GMB,"Population, total",SP.POP.TOTL,2004,1621312.0
"Gambia, The",GMB,Urban population (% of total population),SP.URB.TOTL.IN.ZS,2004,51.5062022597801
"Gambia, The",GMB,Population growth (annual %),SP.POP.GROW,2004,2.73240205558954
"Gambia, The",GMB,Poverty headcount ratio at $3.00 a day (2021 PPP) (% of population),SI.POV.DDAY,2004,
"Gambia, The",GMB,Gini index,SI.POV.GINI,2004,
"Gambia, The",GMB,"School enrollment, primary (% gross)",SE.PRM.ENRR,2004,73.5793991088867
"Gambia, The",GMB,"School enrollment, secondary (% gross)",SE.SEC.ENRR,2004,
"Gambia, The",GMB,"Literacy rate, adult total (% of people ages 15 and above)",SE.ADT.LITR.ZS,2004,
"Gambia, The",GMB,"Mortality rate, under-5 (per 1,000 live births)",SH.DYN.MORT,2004,94.9
"Gambia, The",GMB,"Life expectancy at birth, total (years)",SP.DYN.LE00.IN,2004,58.749
"Gambia, The",GMB,Current health expenditure (% of GDP),SH.XPD.CHEX.GD.ZS,2004,5.42000151
"Gambia, The",GMB,People using at least basic drinking water services (% of population),SH.H2O.BASW.ZS,2004,74.5723410425054
"Gambia, The",GMB,Access to electricity (% of population),EG.ELC.ACCS.ZS,2004,34.8
"Gambia, The",GMB,Individuals using the Internet (% of population),IT.NET.USER.ZS,2004,3.30800347812937
Sierra Leone,SLE,GDP (current US$),NY.GDP.MKTP.CD,2004,2237350687.46606
Sierra Leone,SLE,GDP per capita (current US$),NY.GDP.PCAP.CD,2004,417.749983329227
Sierra Leone,SLE,GDP growth (annual %),NY.GDP.MKTP.KD.ZG,2004,6.47884588417347
Sierra Leone,SLE,"Inflation, consumer prices (annual %)",FP.CPI.TOTL.ZG,2004,
Sierra Leone,SLE,"Population, total",SP.POP.TOTL,2004,5355717.0
Sierra Leone,SLE,Urban population (% of total population),SP.URB.TOTL.IN.ZS,2004,36.5491283814755
Sierra Leone,SLE,Population growth (annual %),SP.POP.GROW,2004,3.38061570413438
Sierra Leone,SLE,Poverty headcount ratio at $3.00 a day (2021 PPP) (% of population),SI.POV.DDAY,2004,
Sierra Leone,SLE,Gini index,SI.POV.GINI,2004,
Sierra Leone,SLE,"School enrollment, primary (% gross)",SE.PRM.ENRR,2004,
Sierra Leone,SLE,"School enrollment, secondary (% gross)",SE.SEC.ENRR,2004,
Sierra Leone,SLE,"Literacy rate, adult total (% of people ages 15 and above)",SE.ADT.LITR.ZS,2004,34.8300018310547
Sierra Leone,SLE,"Mortality rate, under-5 (per 1,000 live births)",SH.DYN.MORT,2004,199.6
Sierra Leone,SLE,"Life expectancy at birth, total (years)",SP.DYN.LE00.IN,2004,47.485
Sierra Leone,SLE,Current health expenditure (% of GDP),SH.XPD.CHEX.GD.ZS,2004,5.23798943
Sierra Leone,SLE,People using at least basic drinking water services (% of population),SH.H2O.BASW.ZS,2004,44.6230449596338
Sierra Leone,SLE,Access to electricity (% of population),EG.ELC.ACCS.ZS,2004,16.8
Sierra Leone,SLE,Individuals using the Internet (% of population),IT.NET.USER.ZS,2004,0.203007680592588
Liberia,LBR,GDP (current US$),NY.GDP.MKTP.CD,2004,897000000.0
Liberia,LBR,GDP per capita (current US$),NY.GDP.PCAP.CD,2004,284.140223992458
Liberia,LBR,GDP growth (annual %),NY.GDP.MKTP.KD.ZG,2004,2.61984689477413
Liberia,LBR,"Inflation, consumer prices (annual %)",FP.CPI.TOTL.ZG,2004,7.82908704883235
Liberia,LBR,"Population, total",SP.POP.TOTL,2004,3156892.0
Liberia,LBR,Urban population (% of total population),SP.URB.TOTL.IN.ZS,2004,45.4344781497244
Liberia,LBR,Population growth (annual %),SP.POP.GROW,2004,1.19050087276777
Liberia,LBR,Poverty headcount ratio at $3.00 a day (2021 PPP) (% of population),SI.POV.DDAY,2004,
Liberia,LBR,Gini index,SI.POV.GINI,2004,
Liberia,LBR,"School enrollment, primary (% gross)",SE.PRM.ENRR,2004,
Liberia,LBR,"School enrollment, secondary (% gross)",SE.SEC.ENRR,2004,
Liberia,LBR,"Literacy rate, adult total (% of people ages 15 and above)",SE.ADT.LITR.ZS,2004,
Liberia,LBR,"Mortality rate, under-5 (per 1,000 live births)",SH.DYN.MORT,2004,144.8
Liberia,LBR,"Life expectancy at birth, total (years)",SP.DYN.LE00.IN,2004,55.949
Liberia,LBR,Current health expenditure (% of GDP),SH.XPD.CHEX.GD.ZS,2004,5.90509653
Liberia,LBR,People using at least basic drinking water services (% of population),SH.H2O.BASW.ZS,2004,64.5712728784184
Liberia,LBR,Access to electricity (% of population),EG.ELC.ACCS.ZS,2004,
Liberia,LBR,Individuals using the Internet (% of population),IT.NET.USER.ZS,2004,0.0310111848040233
Guinea-Bissau,GNB,GDP (current US$),NY.GDP.MKTP.CD,2004,582169841.298304
Guinea-Bissau,GNB,GDP per capita (current US$),NY.GDP.PCAP.CD,2004,431.376557669634
Guinea-Bissau,GNB,GDP growth (annual %),NY.GDP.MKTP.KD.ZG,2004,1.17189152277038
Guinea-Bissau,GNB,"Inflation, consumer prices (annual %)",FP.CPI.TOTL.ZG,2004,0.883302696930943
Guinea-Bissau,GNB,"Population, total",SP.POP.TOTL,2004,1349563.0
Guinea-Bissau,GNB,Urban population (% of total population),SP.URB.TOTL.IN.ZS,2004,38.0781980012196
Guinea-Bissau,GNB,Population growth (annual %),SP.POP.GROW,2004,2.30540545476551
Guinea-Bissau,GNB,Poverty headcount ratio at $3.00 a day (2021 PPP) (% of population),SI.POV.DDAY,2004,
Guinea-Bissau,GNB,Gini index,SI.POV.GINI,2004,
Guinea-Bissau,GNB,"School enrollment, primary (% gross)",SE.PRM.ENRR,2004,107.977500915527
Guinea-Bissau,GNB,"School enrollment, secondary (% gross)",SE.SEC.ENRR,2004,
Guinea-Bissau,GNB,"Literacy rate, adult total (% of people ages 15 and above)",SE.ADT.LITR.ZS,2004,
Guinea-Bissau,GNB,"Mortality rate, under-5 (per 1,000 live births)",SH.DYN.MORT,2004,151.6
Guinea-Bissau,GNB,"Life expectancy at birth, total (years)",SP.DYN.LE00.IN,2004,52.8
Guinea-Bissau,GNB,Current health expenditure (% of GDP),SH.XPD.CHEX.GD.ZS,2004,4.27070189
Guinea-Bissau,GNB,People using at least basic drinking water services (% of population),SH.H2O.BASW.ZS,2004,56.9133054099117
Guinea-Bissau,GNB,Access to electricity (% of population),EG.ELC.ACCS.ZS,2004,3.9
Guinea-Bissau,GNB,Individuals using the Internet (% of population),IT.NET.USER.ZS,2004,1.80814220342991
Cabo Verde,CPV,GDP (current US$),NY.GDP.MKTP.CD,2004,924940011.836897
Cabo Verde,CPV,GDP per capita (current US$),NY.GDP.PCAP.CD,2004,1929.49081468781
Cabo Verde,CPV,GDP growth (annual %),NY.GDP.MKTP.KD.ZG,2004,10.197072633926
Cabo Verde,CPV,"Inflation, consumer prices (annual %)",FP.CPI.TOTL.ZG,2004,-1.8908217230618
Cabo Verde,CPV,"Population, total",SP.POP.TOTL,2004,479370.0
Cabo Verde,CPV,Urban population (% of total population),SP.URB.TOTL.IN.ZS,2004,57.0677167011018
Cabo Verde,CPV,Population growth (annual %),SP.POP.GROW,2004,1.25679558194683
Cabo Verde,CPV,Poverty headcount ratio at $3.00 a day (2021 PPP) (% of population),SI.POV.DDAY,2004,
Cabo Verde,CPV,Gini index,SI.POV.GINI,2004,
Cabo Verde,CPV,"School enrollment, primary (% gross)",SE.PRM.ENRR,2004,112.934593200684
Cabo Verde,CPV,"School enrollment, secondary (% gross)",SE.SEC.ENRR,2004,66.9400405883789
Cabo Verde,CPV,"Literacy rate, adult total (% of people ages 15 and above)",SE.ADT.LITR.ZS,2004,
Cabo Verde,CPV,"Mortality rate, under-5 (per 1,000 live births)",SH.DYN.MORT,2004,28.2
Cabo Verde,CPV,"Life expectancy at birth, total (years)",SP.DYN.LE00.IN,2004,70.499
Cabo Verde,CPV,Current health expenditure (% of GDP),SH.XPD.CHEX.GD.ZS,2004,3.54616308
Cabo Verde,CPV,People using at least basic drinking water services (% of population),SH.H2O.BASW.ZS,2004,80.6602617486896
Cabo Verde,CPV,Access to electricity (% of population),EG.ELC.ACCS.ZS,2004,65.4
Cabo Verde,CPV,Individuals using the Internet (% of population),IT.NET.USER.ZS,2004,5.31883206957883
Niger,NER,GDP (current US$),NY.GDP.MKTP.CD,2005,4383315964.58718
Niger,NER,GDP per capita (current US$),NY.GDP.PCAP.CD,2005,318.643121918273
Niger,NER,GDP growth (annual %),NY.GDP.MKTP.KD.ZG,2005,7.33186884258517
Niger,NER,"Inflation, consumer prices (annual %)",FP.CPI.TOTL.ZG,2005,7.7974978178644
Niger,NER,"Population, total",SP.POP.TOTL,2005,13756192.0
Niger,NER,Urban population (% of total population),SP.URB.TOTL.IN.ZS,2005,16.2687225341797
Niger,NER,Population growth (annual %),SP.POP.GROW,2005,3.62970414217364
Niger,NER,Poverty headcount ratio at $3.00 a day (2021 PPP) (% of population),SI.POV.DDAY,2005,83.8
Niger,NER,Gini index,SI.POV.GINI,2005,44.4
Niger,NER,"School enrollment, primary (% gross)",SE.PRM.ENRR,2005,47.7686805725098
Niger,NER,"School enrollment, secondary (% gross)",SE.SEC.ENRR,2005,9.26323986053467
Niger,NER,"Literacy rate, adult total (% of people ages 15 and above)",SE.ADT.LITR.ZS,2005,28.6700000762939
Niger,NER,"Mortality rate, under-5 (per 1,000 live births)",SH.DYN.MORT,2005,171.4
Niger,NER,"Life expectancy at birth, total (years)",SP.DYN.LE00.IN,2005,53.32
Niger,NER,Current health expenditure (% of GDP),SH.XPD.CHEX.GD.ZS,2005,5.87749624
Niger,NER,People using at least basic drinking water services (% of population),SH.H2O.BASW.ZS,2005,40.3308901559153
Niger,NER,Access to electricity (% of population),EG.ELC.ACCS.ZS,2005,7.1
Niger,NER,Individuals using the Internet (% of population),IT.NET.USER.ZS,2005,0.221300006
Nigeria,NGA,GDP (current US$),NY.GDP.MKTP.CD,2005,175670569969.346
Nigeria,NGA,GDP per capita (current US$),NY.GDP.PCAP.CD,2005,1211.37703504386
Nigeria,NGA,GDP growth (annual %),NY.GDP.MKTP.KD.ZG,2005,6.43851652538348
Nigeria,NGA,"Inflation, consumer prices (annual %)",FP.CPI.TOTL.ZG,2005,17.8634933661605
Nigeria,NGA,"Population, total",SP.POP.TOTL,2005,145017253.0
Nigeria,NGA,Urban population (% of total population),SP.URB.TOTL.IN.ZS,2005,47.5656414756863
Nigeria,NGA,Population growth (annual %),SP.POP.GROW,2005,2.76883385211034
Nigeria,NGA,Poverty headcount ratio at $3.00 a day (2021 PPP) (% of population),SI.POV.DDAY,2005,
Nigeria,NGA,Gini index,SI.POV.GINI,2005,
Nigeria,NGA,"School enrollment, primary (% gross)",SE.PRM.ENRR,2005,96.3063507080078
Nigeria,NGA,"School enrollment, secondary (% gross)",SE.SEC.ENRR,2005,33.7729187011719
Nigeria,NGA,"Literacy rate, adult total (% of people ages 15 and above)",SE.ADT.LITR.ZS,2005,
Nigeria,NGA,"Mortality rate, under-5 (per 1,000 live births)",SH.DYN.MORT,2005,145.8
Nigeria,NGA,"Life expectancy at birth, total (years)",SP.DYN.LE00.IN,2005,49.538
Nigeria,NGA,Current health expenditure (% of GDP),SH.XPD.CHEX.GD.ZS,2005,4.46591949
Nigeria,NGA,People using at least basic drinking water services (% of population),SH.H2O.BASW.ZS,2005,52.0438578033599
Nigeria,NGA,Access to electricity (% of population),EG.ELC.ACCS.ZS,2005,46.8
Nigeria,NGA,Individuals using the Internet (% of population),IT.NET.USER.ZS,2005,3.54915571796492
Senegal,SEN,GDP (current US$),NY.GDP.MKTP.CD,2005,11009033437.939
Senegal,SEN,GDP per capita (current US$),NY.GDP.PCAP.CD,2005,979.846101520171
Senegal,SEN,GDP growth (annual %),NY.GDP.MKTP.KD.ZG,2005,4.31023852639633
Senegal,SEN,"Inflation, consumer prices (annual %)",FP.CPI.TOTL.ZG,2005,1.71133325855502
Senegal,SEN,"Population, total",SP.POP.TOTL,2005,11235472.0
Senegal,SEN,Urban population (% of total population),SP.URB.TOTL.IN.ZS,2005,41.9057599695838
Senegal,SEN,Population growth (annual %),SP.POP.GROW,2005,2.33918136359556
Senegal,SEN,Poverty headcount ratio at $3.00 a day (2021 PPP) (% of population),SI.POV.DDAY,2005,53.6
Senegal,SEN,Gini index,SI.POV.GINI,2005,39.2
Senegal,SEN,"School enrollment, primary (% gross)",SE.PRM.ENRR,2005,80.6679611206055
Senegal,SEN,"School enrollment, secondary (% gross)",SE.SEC.ENRR,2005,22.2482490539551
Senegal,SEN,"Literacy rate, adult total (% of people ages 15 and above)",SE.ADT.LITR.ZS,2005,
Senegal,SEN,"Mortality rate, under-5 (per 1,000 live births)",SH.DYN.MORT,2005,87.6
Senegal,SEN,"Life expectancy at birth, total (years)",SP.DYN.LE00.IN,2005,60.98
Senegal,SEN,Current health expenditure (% of GDP),SH.XPD.CHEX.GD.ZS,2005,3.67466521
Senegal,SEN,People using at least basic drinking water services (% of population),SH.H2O.BASW.ZS,2005,65.6454033379623
Senegal,SEN,Access to electricity (% of population),EG.ELC.ACCS.ZS,2005,47.1
Senegal,SEN,Individuals using the Internet (% of population),IT.NET.USER.ZS,2005,4.78668408310535
Cote d'Ivoire,CIV,GDP (current US$),NY.GDP.MKTP.CD,2005,24036918703.1747
Cote d'Ivoire,CIV,GDP per capita (current US$),NY.GDP.PCAP.CD,2005,1197.74616979415
Cote d'Ivoire,CIV,GDP growth (annual %),NY.GDP.MKTP.KD.ZG,2005,0.996065564854788
Cote d'Ivoire,CIV,"Inflation, consumer prices (annual %)",FP.CPI.TOTL.ZG,2005,3.88583039886481
Cote d'Ivoire,CIV,"Population, total",SP.POP.TOTL,2005,20068458.0
Cote d'Ivoire,CIV,Urban population (% of total population),SP.URB.TOTL.IN.ZS,2005,45.082298743724
Cote d'Ivoire,CIV,Population growth (annual %),SP.POP.GROW,2005,2.38748971138117
Cote d'Ivoire,CIV,Poverty headcount ratio at $3.00 a day (2021 PPP) (% of population),SI.POV.DDAY,2005,
Cote d'Ivoire,CIV,Gini index,SI.POV.GINI,2005,
Cote d'Ivoire,CIV,"School enrollment, primary (% gross)",SE.PRM.ENRR,2005,
Cote d'Ivoire,CIV,"School enrollment, secondary (% gross)",SE.SEC.ENRR,2005,
Cote d'Ivoire,CIV,"Literacy rate, adult total (% of people ages 15 and above)",SE.ADT.LITR.ZS,2005,
Cote d'Ivoire,CIV,"Mortality rate, under-5 (per 1,000 live births)",SH.DYN.MORT,2005,121.2
Cote d'Ivoire,CIV,"Life expectancy at birth, total (years)",SP.DYN.LE00.IN,2005,52.432
Cote d'Ivoire,CIV,Current health expenditure (% of GDP),SH.XPD.CHEX.GD.ZS,2005,3.96639085
Cote d'Ivoire,CIV,People using at least basic drinking water services (% of population),SH.H2O.BASW.ZS,2005,70.6961620276826
Cote d'Ivoire,CIV,Access to electricity (% of population),EG.ELC.ACCS.ZS,2005,58.9
Cote d'Ivoire,CIV,Individuals using the Internet (% of population),IT.NET.USER.ZS,2005,1.039199948
Ghana,GHA,GDP (current US$),NY.GDP.MKTP.CD,2005,10744568381.4456
Ghana,GHA,GDP per capita (current US$),NY.GDP.PCAP.CD,2005,478.611909191028
Ghana,GHA,GDP growth (annual %),NY.GDP.MKTP.KD.ZG,2005,5.90000381855104
Ghana,GHA,"Inflation, consumer prices (annual %)",FP.CPI.TOTL.ZG,2005,15.4389920155908
Ghana,GHA,"Population, total",SP.POP.TOTL,2005,22449438.0
Ghana,GHA,Urban population (% of total population),SP.URB.TOTL.IN.ZS,2005,47.4528437795757
Ghana,GHA,Population growth (annual %),SP.POP.GROW,2005,2.62275723095941
Ghana,GHA,Poverty headcount ratio at $3.00 a day (2021 PPP) (% of population),SI.POV.DDAY,2005,60.9
Ghana,GHA,Gini index,SI.POV.GINI,2005,42.8
Ghana,GHA,"School enrollment, primary (% gross)",SE.PRM.ENRR,2005,86.7024688720703
Ghana,GHA,"School enrollment, secondary (% gross)",SE.SEC.ENRR,2005,38.1276893615723
Ghana,GHA,"Literacy rate, adult total (% of people ages 15 and above)",SE.ADT.LITR.ZS,2005,
Ghana,GHA,"Mortality rate, under-5 (per 1,000 live births)",SH.DYN.MORT,2005,82.0
Ghana,GHA,"Life expectancy at birth, total (years)",SP.DYN.LE00.IN,2005,59.638
Ghana,GHA,Current health expenditure (% of GDP),SH.XPD.CHEX.GD.ZS,2005,3.27344108
Ghana,GHA,People using at least basic drinking water services (% of population),SH.H2O.BASW.ZS,2005,70.3428380680709
Ghana,GHA,Access to electricity (% of population),EG.ELC.ACCS.ZS,2005,41.3
Ghana,GHA,Individuals using the Internet (% of population),IT.NET.USER.ZS,2005,1.83119746104616
Benin,BEN,GDP (current US$),NY.GDP.MKTP.CD,2005,6567654954.38903
Benin,BEN,GDP per capita (current US$),NY.GDP.PCAP.CD,2005,779.437777753268
Benin,BEN,GDP growth (annual %),NY.GDP.MKTP.KD.ZG,2005,1.71316456361184
Benin,BEN,"Inflation, consumer prices (annual %)",FP.CPI.TOTL.ZG,2005,5.36452085832342
Benin,BEN,"Population, total",SP.POP.TOTL,2005,8426144.0
Benin,BEN,Urban population (% of total population),SP.URB.TOTL.IN.ZS,2005,40.3097749006517
Benin,BEN,Population growth (annual %),SP.POP.GROW,2005,3.22061199704122
Benin,BEN,Poverty headcount ratio at $3.00 a day (2021 PPP) (% of population),SI.POV.DDAY,2005,
Benin,BEN,Gini index,SI.POV.GINI,2005,
Benin,BEN,"School enrollment, primary (% gross)",SE.PRM.ENRR,2005,94.2145690917969
Benin,BEN,"School enrollment, secondary (% gross)",SE.SEC.ENRR,2005,
Benin,BEN,"Literacy rate, adult total (% of people ages 15 and above)",SE.ADT.LITR.ZS,2005,
Benin,BEN,"Mortality rate, under-5 (per 1,000 live births)",SH.DYN.MORT,2005,119.7
Benin,BEN,"Life expectancy at birth, total (years)",SP.DYN.LE00.IN,2005,57.738
Benin,BEN,Current health expenditure (% of GDP),SH.XPD.CHEX.GD.ZS,2005,3.22345805
Benin,BEN,People using at least basic drinking water services (% of population),SH.H2O.BASW.ZS,2005,62.9572986699117
Benin,BEN,Access to electricity (% of population),EG.ELC.ACCS.ZS,2005,26.1
Benin,BEN,Individuals using the Internet (% of population),IT.NET.USER.ZS,2005,1.271000028
Burkina Faso,BFA,GDP (current US$),NY.GDP.MKTP.CD,2005,6146353173.34929
Burkina Faso,BFA,GDP per capita (current US$),NY.GDP.PCAP.CD,2005,441.164148016012
Burkina Faso,BFA,GDP growth (annual %),NY.GDP.MKTP.KD.ZG,2005,8.66187322841225
Burkina Faso,BFA,"Inflation, consumer prices (annual %)",FP.CPI.TOTL.ZG,2005,6.41504018369684
Burkina Faso,BFA,"Population, total",SP.POP.TOTL,2005,13932123.0
Burkina Faso,BFA,Urban population (% of total population),SP.URB.TOTL.IN.ZS,2005,22.0179778440204
Burkina Faso,BFA,Population growth (annual %),SP.POP.GROW,2005,3.14680149143287
Burkina Faso,BFA,Poverty headcount ratio at $3.00 a day (2021 PPP) (% of population),SI.POV.DDAY,2005,
Burkina Faso,BFA,Gini index,SI.POV.GINI,2005,
Burkina Faso,BFA,"School enrollment, primary (% gross)",SE.PRM.ENRR,2005,56.6982612609863
Burkina Faso,BFA,"School enrollment, secondary (% gross)",SE.SEC.ENRR,2005,13.3723297119141
Burkina Faso,BFA,"Literacy rate, adult total (% of people ages 15 and above)",SE.ADT.LITR.ZS,2005,23.5200004577637
Burkina Faso,BFA,"Mortality rate, under-5 (per 1,000 live births)",SH.DYN.MORT,2005,150.8
Burkina Faso,BFA,"Life expectancy at birth, total (years)",SP.DYN.LE00.IN,2005,53.271
Burkina Faso,BFA,Current health expenditure (% of GDP),SH.XPD.CHEX.GD.ZS,2005,4.83784914
Burkina Faso,BFA,People using at least basic drinking water services (% of population),SH.H2O.BASW.ZS,2005,54.9540483069105
Burkina Faso,BFA,Access to electricity (% of population),EG.ELC.ACCS.ZS,2005,11.1
Burkina Faso,BFA,Individuals using the Internet (% of population),IT.NET.USER.ZS,2005,0.469900012
Mali,MLI,GDP (current US$),NY.GDP.MKTP.CD,2005,7429066951.48251
Mali,MLI,GDP per capita (current US$),NY.GDP.PCAP.CD,2005,548.730382842725
Mali,MLI,GDP growth (annual %),NY.GDP.MKTP.KD.ZG,2005,2.53837834867178
Mali,MLI,"Inflation, consumer prices (annual %)",FP.CPI.TOTL.ZG,2005,6.39788293897883
Mali,MLI,"Population, total",SP.POP.TOTL,2005,13538647.0
Mali,MLI,Urban population (% of total population),SP.URB.TOTL.IN.ZS,2005,20.8706715422205
Mali,MLI,Population growth (annual %),SP.POP.GROW,2005,3.27522299158149
Mali,MLI,Poverty headcount ratio at $3.00 a day (2021 PPP) (% of population),SI.POV.DDAY,2005,
Mali,MLI,Gini index,SI.POV.GINI,2005,
Mali,MLI,"School enrollment, primary (% gross)",SE.PRM.ENRR,2005,69.7963180541992
Mali,MLI,"School enrollment, secondary (% gross)",SE.SEC.ENRR,2005,23.2651901245117
Mali,MLI,"Literacy rate, adult total (% of people ages 15 and above)",SE.ADT.LITR.ZS,2005,
Mali,MLI,"Mortality rate, under-5 (per 1,000 live births)",SH.DYN.MORT,2005,160.1
Mali,MLI,"Life expectancy at birth, total (years)",SP.DYN.LE00.IN,2005,53.792
Mali,MLI,Current health expenditure (% of GDP),SH.XPD.CHEX.GD.ZS,2005,5.19517279
Mali,MLI,People using at least basic drinking water services (% of population),SH.H2O.BASW.ZS,2005,57.6096707559848
Mali,MLI,Access to electricity (% of population),EG.ELC.ACCS.ZS,2005,18.2
Mali,MLI,Individuals using the Internet (% of population),IT.NET.USER.ZS,2005,0.507099986
Mauritania,MRT,GDP (current US$),NY.GDP.MKTP.CD,2005,2936019525.60241
Mauritania,MRT,GDP per capita (current US$),NY.GDP.PCAP.CD,2005,998.96583416747
Mauritania,MRT,GDP growth (annual %),NY.GDP.MKTP.KD.ZG,2005,8.56628732009419
Mauritania,MRT,"Inflation, consumer prices (annual %)",FP.CPI.TOTL.ZG,2005,12.1256487185541
Mauritania,MRT,"Population, total",SP.POP.TOTL,2005,2939059.0
Mauritania,MRT,Urban population (% of total population),SP.URB.TOTL.IN.ZS,2005,40.407151934074
Mauritania,MRT,Population growth (annual %),SP.POP.GROW,2005,2.42430459268211
Mauritania,MRT,Poverty headcount ratio at $3.00 a day (2021 PPP) (% of population),SI.POV.DDAY,2005,
Mauritania,MRT,Gini index,SI.POV.GINI,2005,
Mauritania,MRT,"School enrollment, primary (% gross)",SE.PRM.ENRR,2005,89.0759201049805
Mauritania,MRT,"School enrollment, secondary (% gross)",SE.SEC.ENRR,2005,22.4629497528076
Mauritania,MRT,"Literacy rate, adult total (% of people ages 15 and above)",SE.ADT.LITR.ZS,2005,
Mauritania,MRT,"Mortality rate, under-5 (per 1,000 live births)",SH.DYN.MORT,2005,72.5
Mauritania,MRT,"Life expectancy at birth, total (years)",SP.DYN.LE00.IN,2005,63.92
Mauritania,MRT,Current health expenditure (% of GDP),SH.XPD.CHEX.GD.ZS,2005,3.40312648
Mauritania,MRT,People using at least basic drinking water services (% of population),SH.H2O.BASW.ZS,2005,48.3637496328725
Mauritania,MRT,Access to electricity (% of population),EG.ELC.ACCS.ZS,2005,18.2
Mauritania,MRT,Individuals using the Internet (% of population),IT.NET.USER.ZS,2005,0.670000017
Togo,TGO,GDP (current US$),NY.GDP.MKTP.CD,2005,3221910408.46516
Togo,TGO,GDP per capita (current US$),NY.GDP.PCAP.CD,2005,551.259850017077
Togo,TGO,GDP growth (annual %),NY.GDP.MKTP.KD.ZG,2005,-4.66629938413338
Togo,TGO,"Inflation, consumer prices (annual %)",FP.CPI.TOTL.ZG,2005,6.78292893028314
Togo,TGO,"Population, total",SP.POP.TOTL,2005,5844631.0
Togo,TGO,Urban population (% of total population),SP.URB.TOTL.IN.ZS,2005,35.3487650305291
Togo,TGO,Population growth (annual %),SP.POP.GROW,2005,2.56701065239466
Togo,TGO,Poverty headcount ratio at $3.00 a day (2021 PPP) (% of population),SI.POV.DDAY,2005,
Togo,TGO,Gini index,SI.POV.GINI,2005,
Togo,TGO,"School enrollment, primary (% gross)",SE.PRM.ENRR,2005,109.478187561035
Togo,TGO,"School enrollment, secondary (% gross)",SE.SEC.ENRR,2005,44.2280082702637
Togo,TGO,"Literacy rate, adult total (% of people ages 15 and above)",SE.ADT.LITR.ZS,2005,
Togo,TGO,"Mortality rate, under-5 (per 1,000 live births)",SH.DYN.MORT,2005,102.4
Togo,TGO,"Life expectancy at birth, total (years)",SP.DYN.LE00.IN,2005,55.931
Togo,TGO,Current health expenditure (% of GDP),SH.XPD.CHEX.GD.ZS,2005,3.98242044
Togo,TGO,People using at least basic drinking water services (% of population),SH.H2O.BASW.ZS,2005,51.9453319211915
Togo,TGO,Access to electricity (% of population),EG.ELC.ACCS.ZS,2005,26.5
Togo,TGO,Individuals using the Internet (% of population),IT.NET.USER.ZS,2005,1.799999952
Guinea,GIN,GDP (current US$),NY.GDP.MKTP.CD,2005,4282468636.90501
Guinea,GIN,GDP per capita (current US$),NY.GDP.PCAP.CD,2005,463.17768685098
Guinea,GIN,GDP growth (annual %),NY.GDP.MKTP.KD.ZG,2005,2.99727256275818
Guinea,GIN,"Inflation, consumer prices (annual %)",FP.CPI.TOTL.ZG,2005,31.3733025877534
Guinea,GIN,"Population, total",SP.POP.TOTL,2005,9245844.0
Guinea,GIN,Urban population (% of total population),SP.URB.TOTL.IN.ZS,2005,32.3962712159907
Guinea,GIN,Population growth (annual %),SP.POP.GROW,2005,2.00041954618802
Guinea,GIN,Poverty headcount ratio at $3.00 a day (2021 PPP) (% of population),SI.POV.DDAY,2005,
Guinea,GIN,Gini index,SI.POV.GINI,2005,
Guinea,GIN,"School enrollment, primary (% gross)",SE.PRM.ENRR,2005,77.486198425293
Guinea,GIN,"School enrollment, secondary (% gross)",SE.SEC.ENRR,2005,29.0273208618164
Guinea,GIN,"Literacy rate, adult total (% of people ages 15 and above)",SE.ADT.LITR.ZS,2005,
Guinea,GIN,"Mortality rate, under-5 (per 1,000 live births)",SH.DYN.MORT,2005,137.0
Guinea,GIN,"Life expectancy at birth, total (years)",SP.DYN.LE00.IN,2005,54.422
Guinea,GIN,Current health expenditure (% of GDP),SH.XPD.CHEX.GD.ZS,2005,4.03452682
Guinea,GIN,People using at least basic drinking water services (% of population),SH.H2O.BASW.ZS,2005,53.4890999882019
Guinea,GIN,Access to electricity (% of population),EG.ELC.ACCS.ZS,2005,20.2
Guinea,GIN,Individuals using the Internet (% of population),IT.NET.USER.ZS,2005,0.542299986
"Gambia, The",GMB,GDP (current US$),NY.GDP.MKTP.CD,2005,1027701067.55688
"Gambia, The",GMB,GDP per capita (current US$),NY.GDP.PCAP.CD,2005,616.483657865348
"Gambia, The",GMB,GDP growth (annual %),NY.GDP.MKTP.KD.ZG,2005,-2.35172936176019
"Gambia, The",GMB,"Inflation, consumer prices (annual %)",FP.CPI.TOTL.ZG,2005,4.83862177543157
"Gambia, The",GMB,"Population, total",SP.POP.TOTL,2005,1667037.0
"Gambia, The",GMB,Urban population (% of total population),SP.URB.TOTL.IN.ZS,2005,52.3582132660613
"Gambia, The",GMB,Population growth (annual %),SP.POP.GROW,2005,2.78121010687734
"Gambia, The",GMB,Poverty headcount ratio at $3.00 a day (2021 PPP) (% of population),SI.POV.DDAY,2005,
"Gambia, The",GMB,Gini index,SI.POV.GINI,2005,
"Gambia, The",GMB,"School enrollment, primary (% gross)",SE.PRM.ENRR,2005,72.1908874511719
"Gambia, The",GMB,"School enrollment, secondary (% gross)",SE.SEC.ENRR,2005,
"Gambia, The",GMB,"Literacy rate, adult total (% of people ages 15 and above)",SE.ADT.LITR.ZS,2005,
"Gambia, The",GMB,"Mortality rate, under-5 (per 1,000 live births)",SH.DYN.MORT,2005,90.7
"Gambia, The",GMB,"Life expectancy at birth, total (years)",SP.DYN.LE00.IN,2005,59.11
"Gambia, The",GMB,Current health expenditure (% of GDP),SH.XPD.CHEX.GD.ZS,2005,5.386024
"Gambia, The",GMB,People using at least basic drinking water services (% of population),SH.H2O.BASW.ZS,2005,75.2482865822258
"Gambia, The",GMB,Access to electricity (% of population),EG.ELC.ACCS.ZS,2005,30.5
"Gambia, The",GMB,Individuals using the Internet (% of population),IT.NET.USER.ZS,2005,3.799000025
Sierra Leone,SLE,GDP (current US$),NY.GDP.MKTP.CD,2005,2545275312.60512
Sierra Leone,SLE,GDP per capita (current US$),NY.GDP.PCAP.CD,2005,462.633324427945
Sierra Leone,SLE,GDP growth (annual %),NY.GDP.MKTP.KD.ZG,2005,4.3534998069981
Sierra Leone,SLE,"Inflation, consumer prices (annual %)",FP.CPI.TOTL.ZG,2005,
Sierra Leone,SLE,"Population, total",SP.POP.TOTL,2005,5501712.0
Sierra Leone,SLE,Urban population (% of total population),SP.URB.TOTL.IN.ZS,2005,36.8485519672439
Sierra Leone,SLE,Population growth (annual %),SP.POP.GROW,2005,2.68947280362006
Sierra Leone,SLE,Poverty headcount ratio at $3.00 a day (2021 PPP) (% of population),SI.POV.DDAY,2005,
Sierra Leone,SLE,Gini index,SI.POV.GINI,2005,
Sierra Leone,SLE,"School enrollment, primary (% gross)",SE.PRM.ENRR,2005,
Sierra Leone,SLE,"School enrollment, secondary (% gross)",SE.SEC.ENRR,2005,
Sierra Leone,SLE,"Literacy rate, adult total (% of people ages 15 and above)",SE.ADT.LITR.ZS,2005,
Sierra Leone,SLE,"Mortality rate, under-5 (per 1,000 live births)",SH.DYN.MORT,2005,193.2
Sierra Leone,SLE,"Life expectancy at birth, total (years)",SP.DYN.LE00.IN,2005,48.306
Sierra Leone,SLE,Current health expenditure (% of GDP),SH.XPD.CHEX.GD.ZS,2005,5.23005009
Sierra Leone,SLE,People using at least basic drinking water services (% of population),SH.H2O.BASW.ZS,2005,45.7867241537435
Sierra Leone,SLE,Access to electricity (% of population),EG.ELC.ACCS.ZS,2005,11.3
Sierra Leone,SLE,Individuals using the Internet (% of population),IT.NET.USER.ZS,2005,0.215399995
Liberia,LBR,GDP (current US$),NY.GDP.MKTP.CD,2005,949000000.0
Liberia,LBR,GDP per capita (current US$),NY.GDP.PCAP.CD,2005,287.487333441381
Liberia,LBR,GDP growth (annual %),NY.GDP.MKTP.KD.ZG,2005,5.28121245309295
Liberia,LBR,"Inflation, consumer prices (annual %)",FP.CPI.TOTL.ZG,2005,10.8343588481414
Liberia,LBR,"Population, total",SP.POP.TOTL,2005,3301015.0
Liberia,LBR,Urban population (% of total population),SP.URB.TOTL.IN.ZS,2005,45.8510093035277
Liberia,LBR,Population growth (annual %),SP.POP.GROW,2005,4.46419976403406
Liberia,LBR,Poverty headcount ratio at $3.00 a day (2021 PPP) (% of population),SI.POV.DDAY,2005,
Liberia,LBR,Gini index,SI.POV.GINI,2005,
Liberia,LBR,"School enrollment, primary (% gross)",SE.PRM.ENRR,2005,
Liberia,LBR,"School enrollment, secondary (% gross)",SE.SEC.ENRR,2005,
Liberia,LBR,"Literacy rate, adult total (% of people ages 15 and above)",SE.ADT.LITR.ZS,2005,
Liberia,LBR,"Mortality rate, under-5 (per 1,000 live births)",SH.DYN.MORT,2005,134.9
Liberia,LBR,"Life expectancy at birth, total (years)",SP.DYN.LE00.IN,2005,56.765
Liberia,LBR,Current health expenditure (% of GDP),SH.XPD.CHEX.GD.ZS,2005,6.69497347
Liberia,LBR,People using at least basic drinking water services (% of population),SH.H2O.BASW.ZS,2005,65.4465992759902
Liberia,LBR,Access to electricity (% of population),EG.ELC.ACCS.ZS,2005,
Liberia,LBR,Individuals using the Internet (% of population),IT.NET.USER.ZS,2005,0.551400006
Guinea-Bissau,GNB,GDP (current US$),NY.GDP.MKTP.CD,2005,639776040.688424
Guinea-Bissau,GNB,GDP per capita (current US$),NY.GDP.PCAP.CD,2005,463.073962650452
Guinea-Bissau,GNB,GDP growth (annual %),NY.GDP.MKTP.KD.ZG,2005,6.55977111846077
Guinea-Bissau,GNB,"Inflation, consumer prices (annual %)",FP.CPI.TOTL.ZG,2005,3.32919922802856
Guinea-Bissau,GNB,"Population, total",SP.POP.TOTL,2005,1381585.0
Guinea-Bissau,GNB,Urban population (% of total population),SP.URB.TOTL.IN.ZS,2005,38.3801443659997
Guinea-Bissau,GNB,Population growth (annual %),SP.POP.GROW,2005,2.34505544706955
Guinea-Bissau,GNB,Poverty headcount ratio at $3.00 a day (2021 PPP) (% of population),SI.POV.DDAY,2005,
Guinea-Bissau,GNB,Gini index,SI.POV.GINI,2005,
Guinea-Bissau,GNB,"School enrollment, primary (% gross)",SE.PRM.ENRR,2005,114.700538635254
Guinea-Bissau,GNB,"School enrollment, secondary (% gross)",SE.SEC.ENRR,2005,32.1273002624512
Guinea-Bissau,GNB,"Literacy rate, adult total (% of people ages 15 and above)",SE.ADT.LITR.ZS,2005,
Guinea-Bissau,GNB,"Mortality rate, under-5 (per 1,000 live births)",SH.DYN.MORT,2005,145.3
Guinea-Bissau,GNB,"Life expectancy at birth, total (years)",SP.DYN.LE00.IN,2005,52.949
Guinea-Bissau,GNB,Current health expenditure (% of GDP),SH.XPD.CHEX.GD.ZS,2005,4.53462505
Guinea-Bissau,GNB,People using at least basic drinking water services (% of population),SH.H2O.BASW.ZS,2005,57.3083913147458
Guinea-Bissau,GNB,Access to electricity (% of population),EG.ELC.ACCS.ZS,2005,5.2
Guinea-Bissau,GNB,Individuals using the Internet (% of population),IT.NET.USER.ZS,2005,1.90139997
Cabo Verde,CPV,GDP (current US$),NY.GDP.MKTP.CD,2005,972241676.907662
Cabo Verde,CPV,GDP per capita (current US$),NY.GDP.PCAP.CD,2005,2004.14680417563
Cabo Verde,CPV,GDP growth (annual %),NY.GDP.MKTP.KD.ZG,2005,6.91245795720201
Cabo Verde,CPV,"Inflation, consumer prices (annual %)",FP.CPI.TOTL.ZG,2005,0.41889161285517
Cabo Verde,CPV,"Population, total",SP.POP.TOTL,2005,485115.0
Cabo Verde,CPV,Urban population (% of total population),SP.URB.TOTL.IN.ZS,2005,57.7977695763157
Cabo Verde,CPV,Population growth (annual %),SP.POP.GROW,2005,1.19132344131983
Cabo Verde,CPV,Poverty headcount ratio at $3.00 a day (2021 PPP) (% of population),SI.POV.DDAY,2005,
Cabo Verde,CPV,Gini index,SI.POV.GINI,2005,
Cabo Verde,CPV,"School enrollment, primary (% gross)",SE.PRM.ENRR,2005,112.191917419434
Cabo Verde,CPV,"School enrollment, secondary (% gross)",SE.SEC.ENRR,2005,70.2636032104492
Cabo Verde,CPV,"Literacy rate, adult total (% of people ages 15 and above)",SE.ADT.LITR.ZS,2005,
Cabo Verde,CPV,"Mortality rate, under-5 (per 1,000 live births)",SH.DYN.MORT,2005,28.0
Cabo Verde,CPV,"Life expectancy at birth, total (years)",SP.DYN.LE00.IN,2005,70.936
Cabo Verde,CPV,Current health expenditure (% of GDP),SH.XPD.CHEX.GD.ZS,2005,3.34086585
Cabo Verde,CPV,People using at least basic drinking water services (% of population),SH.H2O.BASW.ZS,2005,81.0817210123183
Cabo Verde,CPV,Access to electricity (% of population),EG.ELC.ACCS.ZS,2005,67.0
Cabo Verde,CPV,Individuals using the Internet (% of population),IT.NET.USER.ZS,2005,6.07408710659813
Niger,NER,GDP (current US$),NY.GDP.MKTP.CD,2006,4756361252.37923
Niger,NER,GDP per capita (current US$),NY.GDP.PCAP.CD,2006,333.345078419447
Niger,NER,GDP growth (annual %),NY.GDP.MKTP.KD.ZG,2006,5.93104997350342
Niger,NER,"Inflation, consumer prices (annual %)",FP.CPI.TOTL.ZG,2006,0.0404858299595074
Niger,NER,"Population, total",SP.POP.TOTL,2006,14268581.0
Niger,NER,Urban population (% of total population),SP.URB.TOTL.IN.ZS,2006,16.2675724894628
Niger,NER,Population growth (annual %),SP.POP.GROW,2006,3.65709371425878
Niger,NER,Poverty headcount ratio at $3.00 a day (2021 PPP) (% of population),SI.POV.DDAY,2006,
Niger,NER,Gini index,SI.POV.GINI,2006,
Niger,NER,"School enrollment, primary (% gross)",SE.PRM.ENRR,2006,48.2523002624512
Niger,NER,"School enrollment, secondary (% gross)",SE.SEC.ENRR,2006,10.6787004470825
Niger,NER,"Literacy rate, adult total (% of people ages 15 and above)",SE.ADT.LITR.ZS,2006,
Niger,NER,"Mortality rate, under-5 (per 1,000 live births)",SH.DYN.MORT,2006,161.6
Niger,NER,"Life expectancy at birth, total (years)",SP.DYN.LE00.IN,2006,54.223
Niger,NER,Current health expenditure (% of GDP),SH.XPD.CHEX.GD.ZS,2006,5.99335575
Niger,NER,People using at least basic drinking water services (% of population),SH.H2O.BASW.ZS,2006,41.0575024887785
Niger,NER,Access to electricity (% of population),EG.ELC.ACCS.ZS,2006,9.3
Niger,NER,Individuals using the Internet (% of population),IT.NET.USER.ZS,2006,0.294
Nigeria,NGA,GDP (current US$),NY.GDP.MKTP.CD,2006,238454997161.48
Nigeria,NGA,GDP per capita (current US$),NY.GDP.PCAP.CD,2006,1599.53891556365
Nigeria,NGA,GDP growth (annual %),NY.GDP.MKTP.KD.ZG,2006,6.05942803202906
Nigeria,NGA,"Inflation, consumer prices (annual %)",FP.CPI.TOTL.ZG,2006,8.22522152017047
Nigeria,NGA,"Population, total",SP.POP.TOTL,2006,149077334.0
Nigeria,NGA,Urban population (% of total population),SP.URB.TOTL.IN.ZS,2006,48.424271994461
Nigeria,NGA,Population growth (annual %),SP.POP.GROW,2006,2.76124698861505
Nigeria,NGA,Poverty headcount ratio at $3.00 a day (2021 PPP) (% of population),SI.POV.DDAY,2006,
Nigeria,NGA,Gini index,SI.POV.GINI,2006,
Nigeria,NGA,"School enrollment, primary (% gross)",SE.PRM.ENRR,2006,96.6624374389648
Nigeria,NGA,"School enrollment, secondary (% gross)",SE.SEC.ENRR,2006,33.1262817382812
Nigeria,NGA,"Literacy rate, adult total (% of people ages 15 and above)",SE.ADT.LITR.ZS,2006,70.1999969482422
Nigeria,NGA,"Mortality rate, under-5 (per 1,000 live births)",SH.DYN.MORT,2006,140.9
Nigeria,NGA,"Life expectancy at birth, total (years)",SP.DYN.LE00.IN,2006,49.876
Nigeria,NGA,Current health expenditure (% of GDP),SH.XPD.CHEX.GD.ZS,2006,4.25775146
Nigeria,NGA,People using at least basic drinking water services (% of population),SH.H2O.BASW.ZS,2006,53.6309977200112
Nigeria,NGA,Access to electricity (% of population),EG.ELC.ACCS.ZS,2006,47.6
Nigeria,NGA,Individuals using the Internet (% of population),IT.NET.USER.ZS,2006,5.54503608300536
Senegal,SEN,GDP (current US$),NY.GDP.MKTP.CD,2006,11697918243.0035
Senegal,SEN,GDP per capita (current US$),NY.GDP.PCAP.CD,2006,1017.20196747987
Senegal,SEN,GDP growth (annual %),NY.GDP.MKTP.KD.ZG,2006,2.33077098330239
Senegal,SEN,"Inflation, consumer prices (annual %)",FP.CPI.TOTL.ZG,2006,2.11228583877117
Senegal,SEN,"Population, total",SP.POP.TOTL,2006,11500094.0
Senegal,SEN,Urban population (% of total population),SP.URB.TOTL.IN.ZS,2006,42.2046413043069
Senegal,SEN,Population growth (annual %),SP.POP.GROW,2006,2.32792929230269
Senegal,SEN,Poverty headcount ratio at $3.00 a day (2021 PPP) (% of population),SI.POV.DDAY,2006,
Senegal,SEN,Gini index,SI.POV.GINI,2006,
Senegal,SEN,"School enrollment, primary (% gross)",SE.PRM.ENRR,2006,80.4989929199219
Senegal,SEN,"School enrollment, secondary (% gross)",SE.SEC.ENRR,2006,24.2208805084229
Senegal,SEN,"Literacy rate, adult total (% of people ages 15 and above)",SE.ADT.LITR.ZS,2006,41.8899993896484
Senegal,SEN,"Mortality rate, under-5 (per 1,000 live births)",SH.DYN.MORT,2006,80.8
Senegal,SEN,"Life expectancy at birth, total (years)",SP.DYN.LE00.IN,2006,61.801
Senegal,SEN,Current health expenditure (% of GDP),SH.XPD.CHEX.GD.ZS,2006,3.76337624
Senegal,SEN,People using at least basic drinking water services (% of population),SH.H2O.BASW.ZS,2006,66.865607080287
Senegal,SEN,Access to electricity (% of population),EG.ELC.ACCS.ZS,2006,49.9
Senegal,SEN,Individuals using the Internet (% of population),IT.NET.USER.ZS,2006,5.61173865217952
Cote d'Ivoire,CIV,GDP (current US$),NY.GDP.MKTP.CD,2006,25281413263.3712
Cote d'Ivoire,CIV,GDP per capita (current US$),NY.GDP.PCAP.CD,2006,1230.43056838584
Cote d'Ivoire,CIV,GDP growth (annual %),NY.GDP.MKTP.KD.ZG,2006,2.81557859252327
Cote d'Ivoire,CIV,"Inflation, consumer prices (annual %)",FP.CPI.TOTL.ZG,2006,2.46719148596914
Cote d'Ivoire,CIV,"Population, total",SP.POP.TOTL,2006,20546802.0
Cote d'Ivoire,CIV,Urban population (% of total population),SP.URB.TOTL.IN.ZS,2006,45.5035131674326
Cote d'Ivoire,CIV,Population growth (annual %),SP.POP.GROW,2006,2.35559796287643
Cote d'Ivoire,CIV,Poverty headcount ratio at $3.00 a day (2021 PPP) (% of population),SI.POV.DDAY,2006,
Cote d'Ivoire,CIV,Gini index,SI.POV.GINI,2006,
Cote d'Ivoire,CIV,"School enrollment, primary (% gross)",SE.PRM.ENRR,2006,59.5550498962402
Cote d'Ivoire,CIV,"School enrollment, secondary (% gross)",SE.SEC.ENRR,2006,
Cote d'Ivoire,CIV,"Literacy rate, adult total (% of people ages 15 and above)",SE.ADT.LITR.ZS,2006,
Cote d'Ivoire,CIV,"Mortality rate, under-5 (per 1,000 live births)",SH.DYN.MORT,2006,117.4
Cote d'Ivoire,CIV,"Life expectancy at birth, total (years)",SP.DYN.LE00.IN,2006,52.885
Cote d'Ivoire,CIV,Current health expenditure (% of GDP),SH.XPD.CHEX.GD.ZS,2006,3.92861462
Cote d'Ivoire,CIV,People using at least basic drinking water services (% of population),SH.H2O.BASW.ZS,2006,71.0679891332651
Cote d'Ivoire,CIV,Access to electricity (% of population),EG.ELC.ACCS.ZS,2006,60.2
Cote d'Ivoire,CIV,Individuals using the Internet (% of population),IT.NET.USER.ZS,2006,1.52489996
Ghana,GHA,GDP (current US$),NY.GDP.MKTP.CD,2006,20885037596.6963
Ghana,GHA,GDP per capita (current US$),NY.GDP.PCAP.CD,2006,906.441027564887
Ghana,GHA,GDP growth (annual %),NY.GDP.MKTP.KD.ZG,2006,6.39991260618034
Ghana,GHA,"Inflation, consumer prices (annual %)",FP.CPI.TOTL.ZG,2006,11.6791839392492
Ghana,GHA,"Population, total",SP.POP.TOTL,2006,23040702.0
Ghana,GHA,Urban population (% of total population),SP.URB.TOTL.IN.ZS,2006,48.1388926229785
Ghana,GHA,Population growth (annual %),SP.POP.GROW,2006,2.59967236461776
Ghana,GHA,Poverty headcount ratio at $3.00 a day (2021 PPP) (% of population),SI.POV.DDAY,2006,
Ghana,GHA,Gini index,SI.POV.GINI,2006,
Ghana,GHA,"School enrollment, primary (% gross)",SE.PRM.ENRR,2006,91.2332763671875
Ghana,GHA,"School enrollment, secondary (% gross)",SE.SEC.ENRR,2006,39.8474884033203
Ghana,GHA,"Literacy rate, adult total (% of people ages 15 and above)",SE.ADT.LITR.ZS,2006,
Ghana,GHA,"Mortality rate, under-5 (per 1,000 live births)",SH.DYN.MORT,2006,79.1
Ghana,GHA,"Life expectancy at birth, total (years)",SP.DYN.LE00.IN,2006,59.975
Ghana,GHA,Current health expenditure (% of GDP),SH.XPD.CHEX.GD.ZS,2006,3.67208791
Ghana,GHA,People using at least basic drinking water services (% of population),SH.H2O.BASW.ZS,2006,71.3651562013802
Ghana,GHA,Access to electricity (% of population),EG.ELC.ACCS.ZS,2006,55.1
Ghana,GHA,Individuals using the Internet (% of population),IT.NET.USER.ZS,2006,2.72317597313987
Benin,BEN,GDP (current US$),NY.GDP.MKTP.CD,2006,7034111314.88812
Benin,BEN,GDP per capita (current US$),NY.GDP.PCAP.CD,2006,809.147072506221
Benin,BEN,GDP growth (annual %),NY.GDP.MKTP.KD.ZG,2006,3.94373882815798
Benin,BEN,"Inflation, consumer prices (annual %)",FP.CPI.TOTL.ZG,2006,3.78217696540374
Benin,BEN,"Population, total",SP.POP.TOTL,2006,8693242.0
Benin,BEN,Urban population (% of total population),SP.URB.TOTL.IN.ZS,2006,40.7877794072449
Benin,BEN,Population growth (annual %),SP.POP.GROW,2006,3.12066888297415
Benin,BEN,Poverty headcount ratio at $3.00 a day (2021 PPP) (% of population),SI.POV.DDAY,2006,
Benin,BEN,Gini index,SI.POV.GINI,2006,
Benin,BEN,"School enrollment, primary (% gross)",SE.PRM.ENRR,2006,94.3325424194336
Benin,BEN,"School enrollment, secondary (% gross)",SE.SEC.ENRR,2006,
Benin,BEN,"Literacy rate, adult total (% of people ages 15 and above)",SE.ADT.LITR.ZS,2006,
Benin,BEN,"Mortality rate, under-5 (per 1,000 live births)",SH.DYN.MORT,2006,117.0
Benin,BEN,"Life expectancy at birth, total (years)",SP.DYN.LE00.IN,2006,57.966
Benin,BEN,Current health expenditure (% of GDP),SH.XPD.CHEX.GD.ZS,2006,3.28773856
Benin,BEN,People using at least basic drinking water services (% of population),SH.H2O.BASW.ZS,2006,63.3414202893598
Benin,BEN,Access to electricity (% of population),EG.ELC.ACCS.ZS,2006,27.9
Benin,BEN,Individuals using the Internet (% of population),IT.NET.USER.ZS,2006,1.537899971
Burkina Faso,BFA,GDP (current US$),NY.GDP.MKTP.CD,2006,6547419820.38113
Burkina Faso,BFA,GDP per capita (current US$),NY.GDP.PCAP.CD,2006,455.513655620024
Burkina Faso,BFA,GDP growth (annual %),NY.GDP.MKTP.KD.ZG,2006,6.25316468817478
Burkina Faso,BFA,"Inflation, consumer prices (annual %)",FP.CPI.TOTL.ZG,2006,2.33310856372219
Burkina Faso,BFA,"Population, total",SP.POP.TOTL,2006,14373707.0
Burkina Faso,BFA,Urban population (% of total population),SP.URB.TOTL.IN.ZS,2006,22.5528306908743
Burkina Faso,BFA,Population growth (annual %),SP.POP.GROW,2006,3.12034537509581
Burkina Faso,BFA,Poverty headcount ratio at $3.00 a day (2021 PPP) (% of population),SI.POV.DDAY,2006,
Burkina Faso,BFA,Gini index,SI.POV.GINI,2006,
Burkina Faso,BFA,"School enrollment, primary (% gross)",SE.PRM.ENRR,2006,60.375
Burkina Faso,BFA,"School enrollment, secondary (% gross)",SE.SEC.ENRR,2006,14.1544599533081
Burkina Faso,BFA,"Literacy rate, adult total (% of people ages 15 and above)",SE.ADT.LITR.ZS,2006,22.4699993133545
Burkina Faso,BFA,"Mortality rate, under-5 (per 1,000 live births)",SH.DYN.MORT,2006,144.4
Burkina Faso,BFA,"Life expectancy at birth, total (years)",SP.DYN.LE00.IN,2006,53.784
Burkina Faso,BFA,Current health expenditure (% of GDP),SH.XPD.CHEX.GD.ZS,2006,5.17043304
Burkina Faso,BFA,People using at least basic drinking water services (% of population),SH.H2O.BASW.ZS,2006,54.7404102452083
Burkina Faso,BFA,Access to electricity (% of population),EG.ELC.ACCS.ZS,2006,11.6
Burkina Faso,BFA,Individuals using the Internet (% of population),IT.NET.USER.ZS,2006,0.632700026
Mali,MLI,GDP (current US$),NY.GDP.MKTP.CD,2006,8212007554.03129
Mali,MLI,GDP per capita (current US$),NY.GDP.PCAP.CD,2006,586.985415515264
Mali,MLI,GDP growth (annual %),NY.GDP.MKTP.KD.ZG,2006,3.6896026526873
Mali,MLI,"Inflation, consumer prices (annual %)",FP.CPI.TOTL.ZG,2006,1.54352596927582
Mali,MLI,"Population, total",SP.POP.TOTL,2006,13990139.0
Mali,MLI,Urban population (% of total population),SP.URB.TOTL.IN.ZS,2006,21.2987608960246
Mali,MLI,Population growth (annual %),SP.POP.GROW,2006,3.2804387949943
Mali,MLI,Poverty headcount ratio at $3.00 a day (2021 PPP) (% of population),SI.POV.DDAY,2006,64.0
Mali,MLI,Gini index,SI.POV.GINI,2006,38.9
Mali,MLI,"School enrollment, primary (% gross)",SE.PRM.ENRR,2006,72.4690475463867
Mali,MLI,"School enrollment, secondary (% gross)",SE.SEC.ENRR,2006,25.1828804016113
Mali,MLI,"Literacy rate, adult total (% of people ages 15 and above)",SE.ADT.LITR.ZS,2006,26.1800003051758
Mali,MLI,"Mortality rate, under-5 (per 1,000 live births)",SH.DYN.MORT,2006,154.6
Mali,MLI,"Life expectancy at birth, total (years)",SP.DYN.LE00.IN,2006,54.305
Mali,MLI,Current health expenditure (% of GDP),SH.XPD.CHEX.GD.ZS,2006,5.4559021
Mali,MLI,People using at least basic drinking water services (% of population),SH.H2O.BASW.ZS,2006,59.2432791544715
Mali,MLI,Access to electricity (% of population),EG.ELC.ACCS.ZS,2006,16.6
Mali,MLI,Individuals using the Internet (% of population),IT.NET.USER.ZS,2006,0.729600012
Mauritania,MRT,GDP (current US$),NY.GDP.MKTP.CD,2006,3919577285.92703
Mauritania,MRT,GDP per capita (current US$),NY.GDP.PCAP.CD,2006,1300.60367988659
Mauritania,MRT,GDP growth (annual %),NY.GDP.MKTP.KD.ZG,2006,18.3331986932345
Mauritania,MRT,"Inflation, consumer prices (annual %)",FP.CPI.TOTL.ZG,2006,6.2410332814282
Mauritania,MRT,"Population, total",SP.POP.TOTL,2006,3013660.0
Mauritania,MRT,Urban population (% of total population),SP.URB.TOTL.IN.ZS,2006,41.3739934217664
Mauritania,MRT,Population growth (annual %),SP.POP.GROW,2006,2.50658248493226
Mauritania,MRT,Poverty headcount ratio at $3.00 a day (2021 PPP) (% of population),SI.POV.DDAY,2006,
Mauritania,MRT,Gini index,SI.POV.GINI,2006,
Mauritania,MRT,"School enrollment, primary (% gross)",SE.PRM.ENRR,2006,92.2504577636719
Mauritania,MRT,"School enrollment, secondary (% gross)",SE.SEC.ENRR,2006,23.1758899688721
Mauritania,MRT,"Literacy rate, adult total (% of people ages 15 and above)",SE.ADT.LITR.ZS,2006,
Mauritania,MRT,"Mortality rate, under-5 (per 1,000 live births)",SH.DYN.MORT,2006,68.1
Mauritania,MRT,"Life expectancy at birth, total (years)",SP.DYN.LE00.IN,2006,64.493
Mauritania,MRT,Current health expenditure (% of GDP),SH.XPD.CHEX.GD.ZS,2006,2.70252752
Mauritania,MRT,People using at least basic drinking water services (% of population),SH.H2O.BASW.ZS,2006,49.8930914741819
Mauritania,MRT,Access to electricity (% of population),EG.ELC.ACCS.ZS,2006,27.0
Mauritania,MRT,Individuals using the Internet (% of population),IT.NET.USER.ZS,2006,0.979700029
Togo,TGO,GDP (current US$),NY.GDP.MKTP.CD,2006,3320907721.74508
Togo,TGO,GDP per capita (current US$),NY.GDP.PCAP.CD,2006,552.50227125256
Togo,TGO,GDP growth (annual %),NY.GDP.MKTP.KD.ZG,2006,2.65013209943473
Togo,TGO,"Inflation, consumer prices (annual %)",FP.CPI.TOTL.ZG,2006,2.22897779414027
Togo,TGO,"Population, total",SP.POP.TOTL,2006,6010668.0
Togo,TGO,Urban population (% of total population),SP.URB.TOTL.IN.ZS,2006,35.795057579151
Togo,TGO,Population growth (annual %),SP.POP.GROW,2006,2.80124284070489
Togo,TGO,Poverty headcount ratio at $3.00 a day (2021 PPP) (% of population),SI.POV.DDAY,2006,67.6
Togo,TGO,Gini index,SI.POV.GINI,2006,42.2
Togo,TGO,"School enrollment, primary (% gross)",SE.PRM.ENRR,2006,113.06999206543
Togo,TGO,"School enrollment, secondary (% gross)",SE.SEC.ENRR,2006,46.0299682617188
Togo,TGO,"Literacy rate, adult total (% of people ages 15 and above)",SE.ADT.LITR.ZS,2006,56.8899993896484
Togo,TGO,"Mortality rate, under-5 (per 1,000 live births)",SH.DYN.MORT,2006,99.3
Togo,TGO,"Life expectancy at birth, total (years)",SP.DYN.LE00.IN,2006,56.154
Togo,TGO,Current health expenditure (% of GDP),SH.XPD.CHEX.GD.ZS,2006,4.30967808
Togo,TGO,People using at least basic drinking water services (% of population),SH.H2O.BASW.ZS,2006,52.8533718752421
Togo,TGO,Access to electricity (% of population),EG.ELC.ACCS.ZS,2006,27.9
Togo,TGO,Individuals using the Internet (% of population),IT.NET.USER.ZS,2006,2.0
Guinea,GIN,GDP (current US$),NY.GDP.MKTP.CD,2006,4220019845.26341
Guinea,GIN,GDP per capita (current US$),NY.GDP.PCAP.CD,2006,446.980554135013
Guinea,GIN,GDP growth (annual %),NY.GDP.MKTP.KD.ZG,2006,1.18960211693242
Guinea,GIN,"Inflation, consumer prices (annual %)",FP.CPI.TOTL.ZG,2006,34.6952705997072
Guinea,GIN,"Population, total",SP.POP.TOTL,2006,9441171.0
Guinea,GIN,Urban population (% of total population),SP.URB.TOTL.IN.ZS,2006,32.6868093037822
Guinea,GIN,Population growth (annual %),SP.POP.GROW,2006,2.09058658116716
Guinea,GIN,Poverty headcount ratio at $3.00 a day (2021 PPP) (% of population),SI.POV.DDAY,2006,
Guinea,GIN,Gini index,SI.POV.GINI,2006,
Guinea,GIN,"School enrollment, primary (% gross)",SE.PRM.ENRR,2006,79.18359375
Guinea,GIN,"School enrollment, secondary (% gross)",SE.SEC.ENRR,2006,32.2970886230469
Guinea,GIN,"Literacy rate, adult total (% of people ages 15 and above)",SE.ADT.LITR.ZS,2006,
Guinea,GIN,"Mortality rate, under-5 (per 1,000 live births)",SH.DYN.MORT,2006,133.1
Guinea,GIN,"Life expectancy at birth, total (years)",SP.DYN.LE00.IN,2006,54.875
Guinea,GIN,Current health expenditure (% of GDP),SH.XPD.CHEX.GD.ZS,2006,3.61526895
Guinea,GIN,People using at least basic drinking water services (% of population),SH.H2O.BASW.ZS,2006,54.2315783654935
Guinea,GIN,Access to electricity (% of population),EG.ELC.ACCS.ZS,2006,22.8
Guinea,GIN,Individuals using the Internet (% of population),IT.NET.USER.ZS,2006,0.637499988
"Gambia, The",GMB,GDP (current US$),NY.GDP.MKTP.CD,2006,1054112487.74083
"Gambia, The",GMB,GDP per capita (current US$),NY.GDP.PCAP.CD,2006,614.544307904464
"Gambia, The",GMB,GDP growth (annual %),NY.GDP.MKTP.KD.ZG,2006,-0.555580977246521
"Gambia, The",GMB,"Inflation, consumer prices (annual %)",FP.CPI.TOTL.ZG,2006,2.0565034236599
"Gambia, The",GMB,"Population, total",SP.POP.TOTL,2006,1715275.0
"Gambia, The",GMB,Urban population (% of total population),SP.URB.TOTL.IN.ZS,2006,53.1603285370566
"Gambia, The",GMB,Population growth (annual %),SP.POP.GROW,2006,2.852561853424
"Gambia, The",GMB,Poverty headcount ratio at $3.00 a day (2021 PPP) (% of population),SI.POV.DDAY,2006,
"Gambia, The",GMB,Gini index,SI.POV.GINI,2006,
"Gambia, The",GMB,"School enrollment, primary (% gross)",SE.PRM.ENRR,2006,71.4759674072266
"Gambia, The",GMB,"School enrollment, secondary (% gross)",SE.SEC.ENRR,2006,
"Gambia, The",GMB,"Literacy rate, adult total (% of people ages 15 and above)",SE.ADT.LITR.ZS,2006,
"Gambia, The",GMB,"Mortality rate, under-5 (per 1,000 live births)",SH.DYN.MORT,2006,86.8
"Gambia, The",GMB,"Life expectancy at birth, total (years)",SP.DYN.LE00.IN,2006,59.667
"Gambia, The",GMB,Current health expenditure (% of GDP),SH.XPD.CHEX.GD.ZS,2006,5.43720818
"Gambia, The",GMB,People using at least basic drinking water services (% of population),SH.H2O.BASW.ZS,2006,75.9220098738399
"Gambia, The",GMB,Access to electricity (% of population),EG.ELC.ACCS.ZS,2006,38.1
"Gambia, The",GMB,Individuals using the Internet (% of population),IT.NET.USER.ZS,2006,5.23769115841218
Sierra Leone,SLE,GDP (current US$),NY.GDP.MKTP.CD,2006,3263697466.73514
Sierra Leone,SLE,GDP per capita (current US$),NY.GDP.PCAP.CD,2006,580.26796974773
Sierra Leone,SLE,GDP growth (annual %),NY.GDP.MKTP.KD.ZG,2006,4.28311062264335
Sierra Leone,SLE,"Inflation, consumer prices (annual %)",FP.CPI.TOTL.ZG,2006,
Sierra Leone,SLE,"Population, total",SP.POP.TOTL,2006,5624466.0
Sierra Leone,SLE,Urban population (% of total population),SP.URB.TOTL.IN.ZS,2006,37.1703805343647
Sierra Leone,SLE,Population growth (annual %),SP.POP.GROW,2006,2.2066693720303
Sierra Leone,SLE,Poverty headcount ratio at $3.00 a day (2021 PPP) (% of population),SI.POV.DDAY,2006,
Sierra Leone,SLE,Gini index,SI.POV.GINI,2006,
Sierra Leone,SLE,"School enrollment, primary (% gross)",SE.PRM.ENRR,2006,
Sierra Leone,SLE,"School enrollment, secondary (% gross)",SE.SEC.ENRR,2006,
Sierra Leone,SLE,"Literacy rate, adult total (% of people ages 15 and above)",SE.ADT.LITR.ZS,2006,
Sierra Leone,SLE,"Mortality rate, under-5 (per 1,000 live births)",SH.DYN.MORT,2006,186.5
Sierra Leone,SLE,"Life expectancy at birth, total (years)",SP.DYN.LE00.IN,2006,49.547
Sierra Leone,SLE,Current health expenditure (% of GDP),SH.XPD.CHEX.GD.ZS,2006,5.29913139
Sierra Leone,SLE,People using at least basic drinking water services (% of population),SH.H2O.BASW.ZS,2006,46.9721511803673
Sierra Leone,SLE,Access to electricity (% of population),EG.ELC.ACCS.ZS,2006,12.2
Sierra Leone,SLE,Individuals using the Internet (% of population),IT.NET.USER.ZS,2006,0.227699995
Liberia,LBR,GDP (current US$),NY.GDP.MKTP.CD,2006,1119000000.0
Liberia,LBR,GDP per capita (current US$),NY.GDP.PCAP.CD,2006,320.55808618515
Liberia,LBR,GDP growth (annual %),NY.GDP.MKTP.KD.ZG,2006,8.04390997190059
Liberia,LBR,"Inflation, consumer prices (annual %)",FP.CPI.TOTL.ZG,2006,7.34144608278558
Liberia,LBR,"Population, total",SP.POP.TOTL,2006,3490787.0
Liberia,LBR,Urban population (% of total population),SP.URB.TOTL.IN.ZS,2006,46.2322959899902
Liberia,LBR,Population growth (annual %),SP.POP.GROW,2006,5.58972152870902
Liberia,LBR,Poverty headcount ratio at $3.00 a day (2021 PPP) (% of population),SI.POV.DDAY,2006,
Liberia,LBR,Gini index,SI.POV.GINI,2006,
Liberia,LBR,"School enrollment, primary (% gross)",SE.PRM.ENRR,2006,89.2062301635742
Liberia,LBR,"School enrollment, secondary (% gross)",SE.SEC.ENRR,2006,
Liberia,LBR,"Literacy rate, adult total (% of people ages 15 and above)",SE.ADT.LITR.ZS,2006,
Liberia,LBR,"Mortality rate, under-5 (per 1,000 live births)",SH.DYN.MORT,2006,126.5
Liberia,LBR,"Life expectancy at birth, total (years)",SP.DYN.LE00.IN,2006,57.495
Liberia,LBR,Current health expenditure (% of GDP),SH.XPD.CHEX.GD.ZS,2006,5.77426577
Liberia,LBR,People using at least basic drinking water services (% of population),SH.H2O.BASW.ZS,2006,66.2032069100531
Liberia,LBR,Access to electricity (% of population),EG.ELC.ACCS.ZS,2006,
Liberia,LBR,Individuals using the Internet (% of population),IT.NET.USER.ZS,2006,0.529999971
Guinea-Bissau,GNB,GDP (current US$),NY.GDP.MKTP.CD,2006,634781901.251494
Guinea-Bissau,GNB,GDP per capita (current US$),NY.GDP.PCAP.CD,2006,448.513075469701
Guinea-Bissau,GNB,GDP growth (annual %),NY.GDP.MKTP.KD.ZG,2006,2.66650493269572
Guinea-Bissau,GNB,"Inflation, consumer prices (annual %)",FP.CPI.TOTL.ZG,2006,1.95473717628916
Guinea-Bissau,GNB,"Population, total",SP.POP.TOTL,2006,1415303.0
Guinea-Bissau,GNB,Urban population (% of total population),SP.URB.TOTL.IN.ZS,2006,38.6871193165452
Guinea-Bissau,GNB,Population growth (annual %),SP.POP.GROW,2006,2.41122516333709
Guinea-Bissau,GNB,Poverty headcount ratio at $3.00 a day (2021 PPP) (% of population),SI.POV.DDAY,2006,
Guinea-Bissau,GNB,Gini index,SI.POV.GINI,2006,
Guinea-Bissau,GNB,"School enrollment, primary (% gross)",SE.PRM.ENRR,2006,119.655990600586
Guinea-Bissau,GNB,"School enrollment, secondary (% gross)",SE.SEC.ENRR,2006,34.3966407775879
Guinea-Bissau,GNB,"Literacy rate, adult total (% of people ages 15 and above)",SE.ADT.LITR.ZS,2006,
Guinea-Bissau,GNB,"Mortality rate, under-5 (per 1,000 live births)",SH.DYN.MORT,2006,139.1
Guinea-Bissau,GNB,"Life expectancy at birth, total (years)",SP.DYN.LE00.IN,2006,54.089
Guinea-Bissau,GNB,Current health expenditure (% of GDP),SH.XPD.CHEX.GD.ZS,2006,5.07826185
Guinea-Bissau,GNB,People using at least basic drinking water services (% of population),SH.H2O.BASW.ZS,2006,57.6886837795946
Guinea-Bissau,GNB,Access to electricity (% of population),EG.ELC.ACCS.ZS,2006,14.5
Guinea-Bissau,GNB,Individuals using the Internet (% of population),IT.NET.USER.ZS,2006,2.057199955
Cabo Verde,CPV,GDP (current US$),NY.GDP.MKTP.CD,2006,1107571457.90614
Cabo Verde,CPV,GDP per capita (current US$),NY.GDP.PCAP.CD,2006,2256.99666191075
Cabo Verde,CPV,GDP growth (annual %),NY.GDP.MKTP.KD.ZG,2006,7.98375044795048
Cabo Verde,CPV,"Inflation, consumer prices (annual %)",FP.CPI.TOTL.ZG,2006,5.36907687065548
Cabo Verde,CPV,"Population, total",SP.POP.TOTL,2006,490728.0
Cabo Verde,CPV,Urban population (% of total population),SP.URB.TOTL.IN.ZS,2006,58.5332660925599
Cabo Verde,CPV,Population growth (annual %),SP.POP.GROW,2006,1.15040265762577
Cabo Verde,CPV,Poverty headcount ratio at $3.00 a day (2021 PPP) (% of population),SI.POV.DDAY,2006,
Cabo Verde,CPV,Gini index,SI.POV.GINI,2006,
Cabo Verde,CPV,"School enrollment, primary (% gross)",SE.PRM.ENRR,2006,112.301071166992
Cabo Verde,CPV,"School enrollment, secondary (% gross)",SE.SEC.ENRR,2006,81.5834884643555
Cabo Verde,CPV,"Literacy rate, adult total (% of people ages 15 and above)",SE.ADT.LITR.ZS,2006,
Cabo Verde,CPV,"Mortality rate, under-5 (per 1,000 live births)",SH.DYN.MORT,2006,28.0
Cabo Verde,CPV,"Life expectancy at birth, total (years)",SP.DYN.LE00.IN,2006,71.341
Cabo Verde,CPV,Current health expenditure (% of GDP),SH.XPD.CHEX.GD.ZS,2006,3.82406759
Cabo Verde,CPV,People using at least basic drinking water services (% of population),SH.H2O.BASW.ZS,2006,81.5021226151102
Cabo Verde,CPV,Access to electricity (% of population),EG.ELC.ACCS.ZS,2006,68.8
Cabo Verde,CPV,Individuals using the Internet (% of population),IT.NET.USER.ZS,2006,6.80891100753313
Niger,NER,GDP (current US$),NY.GDP.MKTP.CD,2007,5731485051.79069
Niger,NER,GDP per capita (current US$),NY.GDP.PCAP.CD,2007,387.168065883301
Niger,NER,GDP growth (annual %),NY.GDP.MKTP.KD.ZG,2007,3.14272408386731
Niger,NER,"Inflation, consumer prices (annual %)",FP.CPI.TOTL.ZG,2007,0.0539592607581562
Niger,NER,"Population, total",SP.POP.TOTL,2007,14803610.0
Niger,NER,Urban population (% of total population),SP.URB.TOTL.IN.ZS,2007,16.2641887037781
Niger,NER,Population growth (annual %),SP.POP.GROW,2007,3.68110827846052
Niger,NER,Poverty headcount ratio at $3.00 a day (2021 PPP) (% of population),SI.POV.DDAY,2007,82.9
Niger,NER,Gini index,SI.POV.GINI,2007,37.3
Niger,NER,"School enrollment, primary (% gross)",SE.PRM.ENRR,2007,50.5029983520508
Niger,NER,"School enrollment, secondary (% gross)",SE.SEC.ENRR,2007,10.3014001846313
Niger,NER,"Literacy rate, adult total (% of people ages 15 and above)",SE.ADT.LITR.ZS,2007,
Niger,NER,"Mortality rate, under-5 (per 1,000 live births)",SH.DYN.MORT,2007,153.1
Niger,NER,"Life expectancy at birth, total (years)",SP.DYN.LE00.IN,2007,55.063
Niger,NER,Current health expenditure (% of GDP),SH.XPD.CHEX.GD.ZS,2007,5.43105888
Niger,NER,People using at least basic drinking water services (% of population),SH.H2O.BASW.ZS,2007,41.7774242131502
Niger,NER,Access to electricity (% of population),EG.ELC.ACCS.ZS,2007,11.2
Niger,NER,Individuals using the Internet (% of population),IT.NET.USER.ZS,2007,0.390399992
Nigeria,NGA,GDP (current US$),NY.GDP.MKTP.CD,2007,278260846800.103
Nigeria,NGA,GDP per capita (current US$),NY.GDP.PCAP.CD,2007,1815.52697545827
Nigeria,NGA,GDP growth (annual %),NY.GDP.MKTP.KD.ZG,2007,6.59113036068679
Nigeria,NGA,"Inflation, consumer prices (annual %)",FP.CPI.TOTL.ZG,2007,5.38800796858626
Nigeria,NGA,"Population, total",SP.POP.TOTL,2007,153267261.0
Nigeria,NGA,Urban population (% of total population),SP.URB.TOTL.IN.ZS,2007,49.2357987173198
Nigeria,NGA,Population growth (annual %),SP.POP.GROW,2007,2.77180099910734
Nigeria,NGA,Poverty headcount ratio at $3.00 a day (2021 PPP) (% of population),SI.POV.DDAY,2007,
Nigeria,NGA,Gini index,SI.POV.GINI,2007,
Nigeria,NGA,"School enrollment, primary (% gross)",SE.PRM.ENRR,2007,88.06884765625
Nigeria,NGA,"School enrollment, secondary (% gross)",SE.SEC.ENRR,2007,30.4232006072998
Nigeria,NGA,"Literacy rate, adult total (% of people ages 15 and above)",SE.ADT.LITR.ZS,2007,
Nigeria,NGA,"Mortality rate, under-5 (per 1,000 live births)",SH.DYN.MORT,2007,136.5
Nigeria,NGA,"Life expectancy at birth, total (years)",SP.DYN.LE00.IN,2007,50.381
Nigeria,NGA,Current health expenditure (% of GDP),SH.XPD.CHEX.GD.ZS,2007,3.90997243
Nigeria,NGA,People using at least basic drinking water services (% of population),SH.H2O.BASW.ZS,2007,55.2248334433962
Nigeria,NGA,Access to electricity (% of population),EG.ELC.ACCS.ZS,2007,50.1
Nigeria,NGA,Individuals using the Internet (% of population),IT.NET.USER.ZS,2007,6.769999981
Senegal,SEN,GDP (current US$),NY.GDP.MKTP.CD,2007,13994218412.9619
Senegal,SEN,GDP per capita (current US$),NY.GDP.PCAP.CD,2007,1188.93877808175
Senegal,SEN,GDP growth (annual %),NY.GDP.MKTP.KD.ZG,2007,2.82711920133374
Senegal,SEN,"Inflation, consumer prices (annual %)",FP.CPI.TOTL.ZG,2007,5.85330428467681
Senegal,SEN,"Population, total",SP.POP.TOTL,2007,11770344.0
Senegal,SEN,Urban population (% of total population),SP.URB.TOTL.IN.ZS,2007,42.524343609533
Senegal,SEN,Population growth (annual %),SP.POP.GROW,2007,2.32279384441662
Senegal,SEN,Poverty headcount ratio at $3.00 a day (2021 PPP) (% of population),SI.POV.DDAY,2007,
Senegal,SEN,Gini index,SI.POV.GINI,2007,
Senegal,SEN,"School enrollment, primary (% gross)",SE.PRM.ENRR,2007,83.9038162231445
Senegal,SEN,"School enrollment, secondary (% gross)",SE.SEC.ENRR,2007,
Senegal,SEN,"Literacy rate, adult total (% of people ages 15 and above)",SE.ADT.LITR.ZS,2007,
Senegal,SEN,"Mortality rate, under-5 (per 1,000 live births)",SH.DYN.MORT,2007,75.0
Senegal,SEN,"Life expectancy at birth, total (years)",SP.DYN.LE00.IN,2007,62.653
Senegal,SEN,Current health expenditure (% of GDP),SH.XPD.CHEX.GD.ZS,2007,3.41496587
Senegal,SEN,People using at least basic drinking water services (% of population),SH.H2O.BASW.ZS,2007,68.0818461765574
Senegal,SEN,Access to electricity (% of population),EG.ELC.ACCS.ZS,2007,48.1
Senegal,SEN,Individuals using the Internet (% of population),IT.NET.USER.ZS,2007,6.889999866
Cote d'Ivoire,CIV,GDP (current US$),NY.GDP.MKTP.CD,2007,28760090953.3081
Cote d'Ivoire,CIV,GDP per capita (current US$),NY.GDP.PCAP.CD,2007,1367.53817722326
Cote d'Ivoire,CIV,GDP growth (annual %),NY.GDP.MKTP.KD.ZG,2007,1.10142976793477
Cote d'Ivoire,CIV,"Inflation, consumer prices (annual %)",FP.CPI.TOTL.ZG,2007,1.89200629349597
Cote d'Ivoire,CIV,"Population, total",SP.POP.TOTL,2007,21030558.0
Cote d'Ivoire,CIV,Urban population (% of total population),SP.URB.TOTL.IN.ZS,2007,45.930317338965
Cote d'Ivoire,CIV,Population growth (annual %),SP.POP.GROW,2007,2.3271214491968
Cote d'Ivoire,CIV,Poverty headcount ratio at $3.00 a day (2021 PPP) (% of population),SI.POV.DDAY,2007,
Cote d'Ivoire,CIV,Gini index,SI.POV.GINI,2007,
Cote d'Ivoire,CIV,"School enrollment, primary (% gross)",SE.PRM.ENRR,2007,59.4631118774414
Cote d'Ivoire,CIV,"School enrollment, secondary (% gross)",SE.SEC.ENRR,2007,
Cote d'Ivoire,CIV,"Literacy rate, adult total (% of people ages 15 and above)",SE.ADT.LITR.ZS,2007,
Cote d'Ivoire,CIV,"Mortality rate, under-5 (per 1,000 live births)",SH.DYN.MORT,2007,113.5
Cote d'Ivoire,CIV,"Life expectancy at birth, total (years)",SP.DYN.LE00.IN,2007,53.452
Cote d'Ivoire,CIV,Current health expenditure (% of GDP),SH.XPD.CHEX.GD.ZS,2007,4.19379663
Cote d'Ivoire,CIV,People using at least basic drinking water services (% of population),SH.H2O.BASW.ZS,2007,71.4370073419778
Cote d'Ivoire,CIV,Access to electricity (% of population),EG.ELC.ACCS.ZS,2007,55.3
Cote d'Ivoire,CIV,Individuals using the Internet (% of population),IT.NET.USER.ZS,2007,1.799999952
Ghana,GHA,GDP (current US$),NY.GDP.MKTP.CD,2007,24827339138.4906
Ghana,GHA,GDP per capita (current US$),NY.GDP.PCAP.CD,2007,1050.12461524926
Ghana,GHA,GDP growth (annual %),NY.GDP.MKTP.KD.ZG,2007,4.34681910440079
Ghana,GHA,"Inflation, consumer prices (annual %)",FP.CPI.TOTL.ZG,2007,10.7342665456292
Ghana,GHA,"Population, total",SP.POP.TOTL,2007,23642279.0
Ghana,GHA,Urban population (% of total population),SP.URB.TOTL.IN.ZS,2007,48.8125122665918
Ghana,GHA,Population growth (annual %),SP.POP.GROW,2007,2.57742881770877
Ghana,GHA,Poverty headcount ratio at $3.00 a day (2021 PPP) (% of population),SI.POV.DDAY,2007,
Ghana,GHA,Gini index,SI.POV.GINI,2007,
Ghana,GHA,"School enrollment, primary (% gross)",SE.PRM.ENRR,2007,95.9956512451172
Ghana,GHA,"School enrollment, secondary (% gross)",SE.SEC.ENRR,2007,43.759521484375
Ghana,GHA,"Literacy rate, adult total (% of people ages 15 and above)",SE.ADT.LITR.ZS,2007,
Ghana,GHA,"Mortality rate, under-5 (per 1,000 live births)",SH.DYN.MORT,2007,76.2
Ghana,GHA,"Life expectancy at birth, total (years)",SP.DYN.LE00.IN,2007,60.282
Ghana,GHA,Current health expenditure (% of GDP),SH.XPD.CHEX.GD.ZS,2007,3.70900321
Ghana,GHA,People using at least basic drinking water services (% of population),SH.H2O.BASW.ZS,2007,72.3892820833539
Ghana,GHA,Access to electricity (% of population),EG.ELC.ACCS.ZS,2007,56.9
Ghana,GHA,Individuals using the Internet (% of population),IT.NET.USER.ZS,2007,3.85
Benin,BEN,GDP (current US$),NY.GDP.MKTP.CD,2007,8169048382.83875
Benin,BEN,GDP per capita (current US$),NY.GDP.PCAP.CD,2007,912.338247188342
Benin,BEN,GDP growth (annual %),NY.GDP.MKTP.KD.ZG,2007,5.98634932177609
Benin,BEN,"Inflation, consumer prices (annual %)",FP.CPI.TOTL.ZG,2007,1.29806813334152
Benin,BEN,"Population, total",SP.POP.TOTL,2007,8953969.0
Benin,BEN,Urban population (% of total population),SP.URB.TOTL.IN.ZS,2007,41.2857782552618
Benin,BEN,Population growth (annual %),SP.POP.GROW,2007,2.95509554727715
Benin,BEN,Poverty headcount ratio at $3.00 a day (2021 PPP) (% of population),SI.POV.DDAY,2007,
Benin,BEN,Gini index,SI.POV.GINI,2007,
Benin,BEN,"School enrollment, primary (% gross)",SE.PRM.ENRR,2007,
Benin,BEN,"School enrollment, secondary (% gross)",SE.SEC.ENRR,2007,
Benin,BEN,"Literacy rate, adult total (% of people ages 15 and above)",SE.ADT.LITR.ZS,2007,
Benin,BEN,"Mortality rate, under-5 (per 1,000 live births)",SH.DYN.MORT,2007,114.4
Benin,BEN,"Life expectancy at birth, total (years)",SP.DYN.LE00.IN,2007,58.249
Benin,BEN,Current health expenditure (% of GDP),SH.XPD.CHEX.GD.ZS,2007,2.93715644
Benin,BEN,People using at least basic drinking water services (% of population),SH.H2O.BASW.ZS,2007,63.722003378885
Benin,BEN,Access to electricity (% of population),EG.ELC.ACCS.ZS,2007,28.0
Benin,BEN,Individuals using the Internet (% of population),IT.NET.USER.ZS,2007,1.79
Burkina Faso,BFA,GDP (current US$),NY.GDP.MKTP.CD,2007,7625722836.76847
Burkina Faso,BFA,GDP per capita (current US$),NY.GDP.PCAP.CD,2007,514.684451177238
Burkina Faso,BFA,GDP growth (annual %),NY.GDP.MKTP.KD.ZG,2007,4.11137901761516
Burkina Faso,BFA,"Inflation, consumer prices (annual %)",FP.CPI.TOTL.ZG,2007,-0.230627306273049
Burkina Faso,BFA,"Population, total",SP.POP.TOTL,2007,14816307.0
Burkina Faso,BFA,Urban population (% of total population),SP.URB.TOTL.IN.ZS,2007,22.9741760828193
Burkina Faso,BFA,Population growth (annual %),SP.POP.GROW,2007,3.03277637197036
Burkina Faso,BFA,Poverty headcount ratio at $3.00 a day (2021 PPP) (% of population),SI.POV.DDAY,2007,
Burkina Faso,BFA,Gini index,SI.POV.GINI,2007,
Burkina Faso,BFA,"School enrollment, primary (% gross)",SE.PRM.ENRR,2007,65.8891830444336
Burkina Faso,BFA,"School enrollment, secondary (% gross)",SE.SEC.ENRR,2007,15.2793703079224
Burkina Faso,BFA,"Literacy rate, adult total (% of people ages 15 and above)",SE.ADT.LITR.ZS,2007,27.8799991607666
Burkina Faso,BFA,"Mortality rate, under-5 (per 1,000 live births)",SH.DYN.MORT,2007,138.1
Burkina Faso,BFA,"Life expectancy at birth, total (years)",SP.DYN.LE00.IN,2007,54.377
Burkina Faso,BFA,Current health expenditure (% of GDP),SH.XPD.CHEX.GD.ZS,2007,5.77535009
Burkina Faso,BFA,People using at least basic drinking water services (% of population),SH.H2O.BASW.ZS,2007,54.4775122533974
Burkina Faso,BFA,Access to electricity (% of population),EG.ELC.ACCS.ZS,2007,12.0
Burkina Faso,BFA,Individuals using the Internet (% of population),IT.NET.USER.ZS,2007,0.75
Mali,MLI,GDP (current US$),NY.GDP.MKTP.CD,2007,9699047442.51269
Mali,MLI,GDP per capita (current US$),NY.GDP.PCAP.CD,2007,670.853394973479
Mali,MLI,GDP growth (annual %),NY.GDP.MKTP.KD.ZG,2007,1.76004607889122
Mali,MLI,"Inflation, consumer prices (annual %)",FP.CPI.TOTL.ZG,2007,1.41200201714577
Mali,MLI,"Population, total",SP.POP.TOTL,2007,14457775.0
Mali,MLI,Urban population (% of total population),SP.URB.TOTL.IN.ZS,2007,21.7398043631622
Mali,MLI,Population growth (annual %),SP.POP.GROW,2007,3.28796078422057
Mali,MLI,Poverty headcount ratio at $3.00 a day (2021 PPP) (% of population),SI.POV.DDAY,2007,
Mali,MLI,Gini index,SI.POV.GINI,2007,
Mali,MLI,"School enrollment, primary (% gross)",SE.PRM.ENRR,2007,74.726676940918
Mali,MLI,"School enrollment, secondary (% gross)",SE.SEC.ENRR,2007,27.6904392242432
Mali,MLI,"Literacy rate, adult total (% of people ages 15 and above)",SE.ADT.LITR.ZS,2007,
Mali,MLI,"Mortality rate, under-5 (per 1,000 live births)",SH.DYN.MORT,2007,149.2
Mali,MLI,"Life expectancy at birth, total (years)",SP.DYN.LE00.IN,2007,54.756
Mali,MLI,Current health expenditure (% of GDP),SH.XPD.CHEX.GD.ZS,2007,5.2530427
Mali,MLI,People using at least basic drinking water services (% of population),SH.H2O.BASW.ZS,2007,60.8678932754337
Mali,MLI,Access to electricity (% of population),EG.ELC.ACCS.ZS,2007,21.7
Mali,MLI,Individuals using the Internet (% of population),IT.NET.USER.ZS,2007,0.81
Mauritania,MRT,GDP (current US$),NY.GDP.MKTP.CD,2007,4346212355.02975
Mauritania,MRT,GDP per capita (current US$),NY.GDP.PCAP.CD,2007,1405.15016203368
Mauritania,MRT,GDP growth (annual %),NY.GDP.MKTP.KD.ZG,2007,-1.96942274988409
Mauritania,MRT,"Inflation, consumer prices (annual %)",FP.CPI.TOTL.ZG,2007,7.25410841304887
Mauritania,MRT,"Population, total",SP.POP.TOTL,2007,3093059.0
Mauritania,MRT,Urban population (% of total population),SP.URB.TOTL.IN.ZS,2007,42.4406001164139
Mauritania,MRT,Population growth (annual %),SP.POP.GROW,2007,2.60052819123955
Mauritania,MRT,Poverty headcount ratio at $3.00 a day (2021 PPP) (% of population),SI.POV.DDAY,2007,
Mauritania,MRT,Gini index,SI.POV.GINI,2007,
Mauritania,MRT,"School enrollment, primary (% gross)",SE.PRM.ENRR,2007,94.5087280273438
Mauritania,MRT,"School enrollment, secondary (% gross)",SE.SEC.ENRR,2007,
Mauritania,MRT,"Literacy rate, adult total (% of people ages 15 and above)",SE.ADT.LITR.ZS,2007,
Mauritania,MRT,"Mortality rate, under-5 (per 1,000 live births)",SH.DYN.MORT,2007,64.3
Mauritania,MRT,"Life expectancy at birth, total (years)",SP.DYN.LE00.IN,2007,64.885
Mauritania,MRT,Current health expenditure (% of GDP),SH.XPD.CHEX.GD.ZS,2007,2.87644005
Mauritania,MRT,People using at least basic drinking water services (% of population),SH.H2O.BASW.ZS,2007,51.4299037180572
Mauritania,MRT,Access to electricity (% of population),EG.ELC.ACCS.ZS,2007,33.0
Mauritania,MRT,Individuals using the Internet (% of population),IT.NET.USER.ZS,2007,1.433599949
Togo,TGO,GDP (current US$),NY.GDP.MKTP.CD,2007,3759962853.26476
Togo,TGO,GDP per capita (current US$),NY.GDP.PCAP.CD,2007,607.587886721352
Togo,TGO,GDP growth (annual %),NY.GDP.MKTP.KD.ZG,2007,-1.1751368996605
Togo,TGO,"Inflation, consumer prices (annual %)",FP.CPI.TOTL.ZG,2007,0.945673271705214
Togo,TGO,"Population, total",SP.POP.TOTL,2007,6188344.0
Togo,TGO,Urban population (% of total population),SP.URB.TOTL.IN.ZS,2007,36.2392154091353
Togo,TGO,Population growth (annual %),SP.POP.GROW,2007,2.91316321758797
Togo,TGO,Poverty headcount ratio at $3.00 a day (2021 PPP) (% of population),SI.POV.DDAY,2007,
Togo,TGO,Gini index,SI.POV.GINI,2007,
Togo,TGO,"School enrollment, primary (% gross)",SE.PRM.ENRR,2007,107.236228942871
Togo,TGO,"School enrollment, secondary (% gross)",SE.SEC.ENRR,2007,42.7597885131836
Togo,TGO,"Literacy rate, adult total (% of people ages 15 and above)",SE.ADT.LITR.ZS,2007,
Togo,TGO,"Mortality rate, under-5 (per 1,000 live births)",SH.DYN.MORT,2007,96.5
Togo,TGO,"Life expectancy at birth, total (years)",SP.DYN.LE00.IN,2007,56.395
Togo,TGO,Current health expenditure (% of GDP),SH.XPD.CHEX.GD.ZS,2007,3.67734432
Togo,TGO,People using at least basic drinking water services (% of population),SH.H2O.BASW.ZS,2007,53.7264798079458
Togo,TGO,Access to electricity (% of population),EG.ELC.ACCS.ZS,2007,30.0
Togo,TGO,Individuals using the Internet (% of population),IT.NET.USER.ZS,2007,2.200000048
Guinea,GIN,GDP (current US$),NY.GDP.MKTP.CD,2007,6281918226.34408
Guinea,GIN,GDP per capita (current US$),NY.GDP.PCAP.CD,2007,650.148575304743
Guinea,GIN,GDP growth (annual %),NY.GDP.MKTP.KD.ZG,2007,6.81747111070281
Guinea,GIN,"Inflation, consumer prices (annual %)",FP.CPI.TOTL.ZG,2007,18.1755656108597
Guinea,GIN,"Population, total",SP.POP.TOTL,2007,9662281.0
Guinea,GIN,Urban population (% of total population),SP.URB.TOTL.IN.ZS,2007,32.9740386596386
Guinea,GIN,Population growth (annual %),SP.POP.GROW,2007,2.31497296404672
Guinea,GIN,Poverty headcount ratio at $3.00 a day (2021 PPP) (% of population),SI.POV.DDAY,2007,44.0
Guinea,GIN,Gini index,SI.POV.GINI,2007,39.4
Guinea,GIN,"School enrollment, primary (% gross)",SE.PRM.ENRR,2007,81.362548828125
Guinea,GIN,"School enrollment, secondary (% gross)",SE.SEC.ENRR,2007,
Guinea,GIN,"Literacy rate, adult total (% of people ages 15 and above)",SE.ADT.LITR.ZS,2007,
Guinea,GIN,"Mortality rate, under-5 (per 1,000 live births)",SH.DYN.MORT,2007,129.7
Guinea,GIN,"Life expectancy at birth, total (years)",SP.DYN.LE00.IN,2007,55.233
Guinea,GIN,Current health expenditure (% of GDP),SH.XPD.CHEX.GD.ZS,2007,3.48262477
Guinea,GIN,People using at least basic drinking water services (% of population),SH.H2O.BASW.ZS,2007,54.972295205421
Guinea,GIN,Access to electricity (% of population),EG.ELC.ACCS.ZS,2007,24.1
Guinea,GIN,Individuals using the Internet (% of population),IT.NET.USER.ZS,2007,0.780025279059244
"Gambia, The",GMB,GDP (current US$),NY.GDP.MKTP.CD,2007,1279703047.0221
"Gambia, The",GMB,GDP per capita (current US$),NY.GDP.PCAP.CD,2007,724.726407242432
"Gambia, The",GMB,GDP growth (annual %),NY.GDP.MKTP.KD.ZG,2007,3.04324950829739
"Gambia, The",GMB,"Inflation, consumer prices (annual %)",FP.CPI.TOTL.ZG,2007,5.36913473801957
"Gambia, The",GMB,"Population, total",SP.POP.TOTL,2007,1765774.0
"Gambia, The",GMB,Urban population (% of total population),SP.URB.TOTL.IN.ZS,2007,53.9196109423854
"Gambia, The",GMB,Population growth (annual %),SP.POP.GROW,2007,2.90157035551494
"Gambia, The",GMB,Poverty headcount ratio at $3.00 a day (2021 PPP) (% of population),SI.POV.DDAY,2007,
"Gambia, The",GMB,Gini index,SI.POV.GINI,2007,
"Gambia, The",GMB,"School enrollment, primary (% gross)",SE.PRM.ENRR,2007,73.9508819580078
"Gambia, The",GMB,"School enrollment, secondary (% gross)",SE.SEC.ENRR,2007,
"Gambia, The",GMB,"Literacy rate, adult total (% of people ages 15 and above)",SE.ADT.LITR.ZS,2007,
"Gambia, The",GMB,"Mortality rate, under-5 (per 1,000 live births)",SH.DYN.MORT,2007,83.0
"Gambia, The",GMB,"Life expectancy at birth, total (years)",SP.DYN.LE00.IN,2007,60.001
"Gambia, The",GMB,Current health expenditure (% of GDP),SH.XPD.CHEX.GD.ZS,2007,4.95501947
"Gambia, The",GMB,People using at least basic drinking water services (% of population),SH.H2O.BASW.ZS,2007,76.5934928458813
"Gambia, The",GMB,Access to electricity (% of population),EG.ELC.ACCS.ZS,2007,39.8
"Gambia, The",GMB,Individuals using the Internet (% of population),IT.NET.USER.ZS,2007,6.20503741852418
Sierra Leone,SLE,GDP (current US$),NY.GDP.MKTP.CD,2007,3632957611.35152
Sierra Leone,SLE,GDP per capita (current US$),NY.GDP.PCAP.CD,2007,631.889926264998
Sierra Leone,SLE,GDP growth (annual %),NY.GDP.MKTP.KD.ZG,2007,3.74975804751641
Sierra Leone,SLE,"Inflation, consumer prices (annual %)",FP.CPI.TOTL.ZG,2007,11.6499744518106
Sierra Leone,SLE,"Population, total",SP.POP.TOTL,2007,5749352.0
Sierra Leone,SLE,Urban population (% of total population),SP.URB.TOTL.IN.ZS,2007,37.5122859420526
Sierra Leone,SLE,Population growth (annual %),SP.POP.GROW,2007,2.19611425557566
Sierra Leone,SLE,Poverty headcount ratio at $3.00 a day (2021 PPP) (% of population),SI.POV.DDAY,2007,
Sierra Leone,SLE,Gini index,SI.POV.GINI,2007,
Sierra Leone,SLE,"School enrollment, primary (% gross)",SE.PRM.ENRR,2007,
Sierra Leone,SLE,"School enrollment, secondary (% gross)",SE.SEC.ENRR,2007,
Sierra Leone,SLE,"Literacy rate, adult total (% of people ages 15 and above)",SE.ADT.LITR.ZS,2007,
Sierra Leone,SLE,"Mortality rate, under-5 (per 1,000 live births)",SH.DYN.MORT,2007,179.6
Sierra Leone,SLE,"Life expectancy at birth, total (years)",SP.DYN.LE00.IN,2007,50.024
Sierra Leone,SLE,Current health expenditure (% of GDP),SH.XPD.CHEX.GD.ZS,2007,5.31662989
Sierra Leone,SLE,People using at least basic drinking water services (% of population),SH.H2O.BASW.ZS,2007,48.1563137689467
Sierra Leone,SLE,Access to electricity (% of population),EG.ELC.ACCS.ZS,2007,13.0
Sierra Leone,SLE,Individuals using the Internet (% of population),IT.NET.USER.ZS,2007,0.239800006
Liberia,LBR,GDP (current US$),NY.GDP.MKTP.CD,2007,1373000000.0
Liberia,LBR,GDP per capita (current US$),NY.GDP.PCAP.CD,2007,374.211308104278
Liberia,LBR,GDP growth (annual %),NY.GDP.MKTP.KD.ZG,2007,9.53527536282282
Liberia,LBR,"Inflation, consumer prices (annual %)",FP.CPI.TOTL.ZG,2007,11.3918966807102
Liberia,LBR,"Population, total",SP.POP.TOTL,2007,3669050.0
Liberia,LBR,Urban population (% of total population),SP.URB.TOTL.IN.ZS,2007,46.6104850769043
Liberia,LBR,Population growth (annual %),SP.POP.GROW,2007,4.98055607463838
Liberia,LBR,Poverty headcount ratio at $3.00 a day (2021 PPP) (% of population),SI.POV.DDAY,2007,61.1
Liberia,LBR,Gini index,SI.POV.GINI,2007,36.4
Liberia,LBR,"School enrollment, primary (% gross)",SE.PRM.ENRR,2007,
Liberia,LBR,"School enrollment, secondary (% gross)",SE.SEC.ENRR,2007,
Liberia,LBR,"Literacy rate, adult total (% of people ages 15 and above)",SE.ADT.LITR.ZS,2007,
Liberia,LBR,"Mortality rate, under-5 (per 1,000 live births)",SH.DYN.MORT,2007,119.6
Liberia,LBR,"Life expectancy at birth, total (years)",SP.DYN.LE00.IN,2007,58.147
Liberia,LBR,Current health expenditure (% of GDP),SH.XPD.CHEX.GD.ZS,2007,4.32884932
Liberia,LBR,People using at least basic drinking water services (% of population),SH.H2O.BASW.ZS,2007,66.9527157246347
Liberia,LBR,Access to electricity (% of population),EG.ELC.ACCS.ZS,2007,3.0
Liberia,LBR,Individuals using the Internet (% of population),IT.NET.USER.ZS,2007,0.551400006
Guinea-Bissau,GNB,GDP (current US$),NY.GDP.MKTP.CD,2007,753162998.015113
Guinea-Bissau,GNB,GDP per capita (current US$),NY.GDP.PCAP.CD,2007,519.069789794741
Guinea-Bissau,GNB,GDP growth (annual %),NY.GDP.MKTP.KD.ZG,2007,2.55982647078751
Guinea-Bissau,GNB,"Inflation, consumer prices (annual %)",FP.CPI.TOTL.ZG,2007,4.61743772241997
Guinea-Bissau,GNB,"Population, total",SP.POP.TOTL,2007,1450986.0
Guinea-Bissau,GNB,Urban population (% of total population),SP.URB.TOTL.IN.ZS,2007,39.0030975009025
Guinea-Bissau,GNB,Population growth (annual %),SP.POP.GROW,2007,2.48996828898925
Guinea-Bissau,GNB,Poverty headcount ratio at $3.00 a day (2021 PPP) (% of population),SI.POV.DDAY,2007,
Guinea-Bissau,GNB,Gini index,SI.POV.GINI,2007,
Guinea-Bissau,GNB,"School enrollment, primary (% gross)",SE.PRM.ENRR,2007,
Guinea-Bissau,GNB,"School enrollment, secondary (% gross)",SE.SEC.ENRR,2007,
Guinea-Bissau,GNB,"Literacy rate, adult total (% of people ages 15 and above)",SE.ADT.LITR.ZS,2007,
Guinea-Bissau,GNB,"Mortality rate, under-5 (per 1,000 live births)",SH.DYN.MORT,2007,132.8
Guinea-Bissau,GNB,"Life expectancy at birth, total (years)",SP.DYN.LE00.IN,2007,54.87
Guinea-Bissau,GNB,Current health expenditure (% of GDP),SH.XPD.CHEX.GD.ZS,2007,4.92573404
Guinea-Bissau,GNB,People using at least basic drinking water services (% of population),SH.H2O.BASW.ZS,2007,58.0535126816811
Guinea-Bissau,GNB,Access to electricity (% of population),EG.ELC.ACCS.ZS,2007,7.9
Guinea-Bissau,GNB,Individuals using the Internet (% of population),IT.NET.USER.ZS,2007,2.20630002
Cabo Verde,CPV,GDP (current US$),NY.GDP.MKTP.CD,2007,1649621738.63689
Cabo Verde,CPV,GDP per capita (current US$),NY.GDP.PCAP.CD,2007,3324.57675212498
Cabo Verde,CPV,GDP growth (annual %),NY.GDP.MKTP.KD.ZG,2007,15.1706879735517
Cabo Verde,CPV,"Inflation, consumer prices (annual %)",FP.CPI.TOTL.ZG,2007,4.41099704193488
Cabo Verde,CPV,"Population, total",SP.POP.TOTL,2007,496190.0
Cabo Verde,CPV,Urban population (% of total population),SP.URB.TOTL.IN.ZS,2007,59.287606518789
Cabo Verde,CPV,Population growth (annual %),SP.POP.GROW,2007,1.10689150817132
Cabo Verde,CPV,Poverty headcount ratio at $3.00 a day (2021 PPP) (% of population),SI.POV.DDAY,2007,26.2
Cabo Verde,CPV,Gini index,SI.POV.GINI,2007,47.2
Cabo Verde,CPV,"School enrollment, primary (% gross)",SE.PRM.ENRR,2007,110.927947998047
Cabo Verde,CPV,"School enrollment, secondary (% gross)",SE.SEC.ENRR,2007,80.4710464477539
Cabo Verde,CPV,"Literacy rate, adult total (% of people ages 15 and above)",SE.ADT.LITR.ZS,2007,
Cabo Verde,CPV,"Mortality rate, under-5 (per 1,000 live births)",SH.DYN.MORT,2007,28.1
Cabo Verde,CPV,"Life expectancy at birth, total (years)",SP.DYN.LE00.IN,2007,71.487
Cabo Verde,CPV,Current health expenditure (% of GDP),SH.XPD.CHEX.GD.ZS,2007,3.84218621
Cabo Verde,CPV,People using at least basic drinking water services (% of population),SH.H2O.BASW.ZS,2007,81.920929167246
Cabo Verde,CPV,Access to electricity (% of population),EG.ELC.ACCS.ZS,2007,70.5
Cabo Verde,CPV,Individuals using the Internet (% of population),IT.NET.USER.ZS,2007,8.28321981953034
Niger,NER,GDP (current US$),NY.GDP.MKTP.CD,2008,7297600226.00536
Niger,NER,GDP per capita (current US$),NY.GDP.PCAP.CD,2008,475.044955398162
Niger,NER,GDP growth (annual %),NY.GDP.MKTP.KD.ZG,2008,7.73141422777337
Niger,NER,"Inflation, consumer prices (annual %)",FP.CPI.TOTL.ZG,2008,11.3051098827019
Niger,NER,"Population, total",SP.POP.TOTL,2008,15361915.0
Niger,NER,Urban population (% of total population),SP.URB.TOTL.IN.ZS,2008,16.2586706998252
Niger,NER,Population growth (annual %),SP.POP.GROW,2008,3.70203244818704
Niger,NER,Poverty headcount ratio at $3.00 a day (2021 PPP) (% of population),SI.POV.DDAY,2008,
Niger,NER,Gini index,SI.POV.GINI,2008,
Niger,NER,"School enrollment, primary (% gross)",SE.PRM.ENRR,2008,54.2272987365723
Niger,NER,"School enrollment, secondary (% gross)",SE.SEC.ENRR,2008,10.6592998504639
Niger,NER,"Literacy rate, adult total (% of people ages 15 and above)",SE.ADT.LITR.ZS,2008,
Niger,NER,"Mortality rate, under-5 (per 1,000 live births)",SH.DYN.MORT,2008,146.0
Niger,NER,"Life expectancy at birth, total (years)",SP.DYN.LE00.IN,2008,55.852
Niger,NER,Current health expenditure (% of GDP),SH.XPD.CHEX.GD.ZS,2008,5.24640608
Niger,NER,People using at least basic drinking water services (% of population),SH.H2O.BASW.ZS,2008,42.4900876989759
Niger,NER,Access to electricity (% of population),EG.ELC.ACCS.ZS,2008,11.8
Niger,NER,Individuals using the Internet (% of population),IT.NET.USER.ZS,2008,0.7
Nigeria,NGA,GDP (current US$),NY.GDP.MKTP.CD,2008,339476276257.793
Nigeria,NGA,GDP per capita (current US$),NY.GDP.PCAP.CD,2008,2154.10543545364
Nigeria,NGA,GDP growth (annual %),NY.GDP.MKTP.KD.ZG,2008,6.76447277780228
Nigeria,NGA,"Inflation, consumer prices (annual %)",FP.CPI.TOTL.ZG,2008,11.5810751748252
Nigeria,NGA,"Population, total",SP.POP.TOTL,2008,157595014.0
Nigeria,NGA,Urban population (% of total population),SP.URB.TOTL.IN.ZS,2008,50.0505212312351
Nigeria,NGA,Population growth (annual %),SP.POP.GROW,2008,2.78453384410814
Nigeria,NGA,Poverty headcount ratio at $3.00 a day (2021 PPP) (% of population),SI.POV.DDAY,2008,
Nigeria,NGA,Gini index,SI.POV.GINI,2008,
Nigeria,NGA,"School enrollment, primary (% gross)",SE.PRM.ENRR,2008,79.2687530517578
Nigeria,NGA,"School enrollment, secondary (% gross)",SE.SEC.ENRR,2008,33.6112785339355
Nigeria,NGA,"Literacy rate, adult total (% of people ages 15 and above)",SE.ADT.LITR.ZS,2008,
Nigeria,NGA,"Mortality rate, under-5 (per 1,000 live births)",SH.DYN.MORT,2008,132.5
Nigeria,NGA,"Life expectancy at birth, total (years)",SP.DYN.LE00.IN,2008,50.748
Nigeria,NGA,Current health expenditure (% of GDP),SH.XPD.CHEX.GD.ZS,2008,3.69581532
Nigeria,NGA,People using at least basic drinking water services (% of population),SH.H2O.BASW.ZS,2008,56.8252264251632
Nigeria,NGA,Access to electricity (% of population),EG.ELC.ACCS.ZS,2008,50.3
Nigeria,NGA,Individuals using the Internet (% of population),IT.NET.USER.ZS,2008,8.0
Senegal,SEN,GDP (current US$),NY.GDP.MKTP.CD,2008,16853989627.548
Senegal,SEN,GDP per capita (current US$),NY.GDP.PCAP.CD,2008,1398.79218010021
Senegal,SEN,GDP growth (annual %),NY.GDP.MKTP.KD.ZG,2008,3.70316906391386
Senegal,SEN,"Inflation, consumer prices (annual %)",FP.CPI.TOTL.ZG,2008,7.34720236578406
Senegal,SEN,"Population, total",SP.POP.TOTL,2008,12048959.0
Senegal,SEN,Urban population (% of total population),SP.URB.TOTL.IN.ZS,2008,42.867747101036
Senegal,SEN,Population growth (annual %),SP.POP.GROW,2008,2.3395118470328
Senegal,SEN,Poverty headcount ratio at $3.00 a day (2021 PPP) (% of population),SI.POV.DDAY,2008,
Senegal,SEN,Gini index,SI.POV.GINI,2008,
Senegal,SEN,"School enrollment, primary (% gross)",SE.PRM.ENRR,2008,84.4092330932617
Senegal,SEN,"School enrollment, secondary (% gross)",SE.SEC.ENRR,2008,30.7020606994629
Senegal,SEN,"Literacy rate, adult total (% of people ages 15 and above)",SE.ADT.LITR.ZS,2008,
Senegal,SEN,"Mortality rate, under-5 (per 1,000 live births)",SH.DYN.MORT,2008,70.1
Senegal,SEN,"Life expectancy at birth, total (years)",SP.DYN.LE00.IN,2008,63.201
Senegal,SEN,Current health expenditure (% of GDP),SH.XPD.CHEX.GD.ZS,2008,3.50687575
Senegal,SEN,People using at least basic drinking water services (% of population),SH.H2O.BASW.ZS,2008,69.2939508159691
Senegal,SEN,Access to electricity (% of population),EG.ELC.ACCS.ZS,2008,49.7
Senegal,SEN,Individuals using the Internet (% of population),IT.NET.USER.ZS,2008,7.119999886
Cote d'Ivoire,CIV,GDP (current US$),NY.GDP.MKTP.CD,2008,34078240293.2559
Cote d'Ivoire,CIV,GDP per capita (current US$),NY.GDP.PCAP.CD,2008,1583.97066701372
Cote d'Ivoire,CIV,GDP growth (annual %),NY.GDP.MKTP.KD.ZG,2008,4.7826659787672
Cote d'Ivoire,CIV,"Inflation, consumer prices (annual %)",FP.CPI.TOTL.ZG,2008,6.30852769152578
Cote d'Ivoire,CIV,"Population, total",SP.POP.TOTL,2008,21514439.0
Cote d'Ivoire,CIV,Urban population (% of total population),SP.URB.TOTL.IN.ZS,2008,46.3620274395029
Cote d'Ivoire,CIV,Population growth (annual %),SP.POP.GROW,2008,2.27477682329573
Cote d'Ivoire,CIV,Poverty headcount ratio at $3.00 a day (2021 PPP) (% of population),SI.POV.DDAY,2008,47.0
Cote d'Ivoire,CIV,Gini index,SI.POV.GINI,2008,43.2
Cote d'Ivoire,CIV,"School enrollment, primary (% gross)",SE.PRM.ENRR,2008,62.3004684448242
Cote d'Ivoire,CIV,"School enrollment, secondary (% gross)",SE.SEC.ENRR,2008,
Cote d'Ivoire,CIV,"Literacy rate, adult total (% of people ages 15 and above)",SE.ADT.LITR.ZS,2008,
Cote d'Ivoire,CIV,"Mortality rate, under-5 (per 1,000 live births)",SH.DYN.MORT,2008,109.0
Cote d'Ivoire,CIV,"Life expectancy at birth, total (years)",SP.DYN.LE00.IN,2008,54.179
Cote d'Ivoire,CIV,Current health expenditure (% of GDP),SH.XPD.CHEX.GD.ZS,2008,4.1387105
Cote d'Ivoire,CIV,People using at least basic drinking water services (% of population),SH.H2O.BASW.ZS,2008,71.8031717766337
Cote d'Ivoire,CIV,Access to electricity (% of population),EG.ELC.ACCS.ZS,2008,60.3
Cote d'Ivoire,CIV,Individuals using the Internet (% of population),IT.NET.USER.ZS,2008,1.899999976
Ghana,GHA,GDP (current US$),NY.GDP.MKTP.CD,2008,28679383241.0729
Ghana,GHA,GDP per capita (current US$),NY.GDP.PCAP.CD,2008,1182.65761256016
Ghana,GHA,GDP growth (annual %),NY.GDP.MKTP.KD.ZG,2008,9.14979893831817
Ghana,GHA,"Inflation, consumer prices (annual %)",FP.CPI.TOTL.ZG,2008,16.494639613412
Ghana,GHA,"Population, total",SP.POP.TOTL,2008,24249946.0
Ghana,GHA,Urban population (% of total population),SP.URB.TOTL.IN.ZS,2008,49.4708679942306
Ghana,GHA,Population growth (annual %),SP.POP.GROW,2008,2.5377798286274
Ghana,GHA,Poverty headcount ratio at $3.00 a day (2021 PPP) (% of population),SI.POV.DDAY,2008,
Ghana,GHA,Gini index,SI.POV.GINI,2008,
Ghana,GHA,"School enrollment, primary (% gross)",SE.PRM.ENRR,2008,100.841491699219
Ghana,GHA,"School enrollment, secondary (% gross)",SE.SEC.ENRR,2008,46.0595817565918
Ghana,GHA,"Literacy rate, adult total (% of people ages 15 and above)",SE.ADT.LITR.ZS,2008,
Ghana,GHA,"Mortality rate, under-5 (per 1,000 live births)",SH.DYN.MORT,2008,73.1
Ghana,GHA,"Life expectancy at birth, total (years)",SP.DYN.LE00.IN,2008,60.578
Ghana,GHA,Current health expenditure (% of GDP),SH.XPD.CHEX.GD.ZS,2008,3.72533512
Ghana,GHA,People using at least basic drinking water services (% of population),SH.H2O.BASW.ZS,2008,73.4152138090769
Ghana,GHA,Access to electricity (% of population),EG.ELC.ACCS.ZS,2008,60.5
Ghana,GHA,Individuals using the Internet (% of population),IT.NET.USER.ZS,2008,4.27
Benin,BEN,GDP (current US$),NY.GDP.MKTP.CD,2008,9787734526.23965
Benin,BEN,GDP per capita (current US$),NY.GDP.PCAP.CD,2008,1060.60254502099
Benin,BEN,GDP growth (annual %),NY.GDP.MKTP.KD.ZG,2008,4.89657708429647
Benin,BEN,"Inflation, consumer prices (annual %)",FP.CPI.TOTL.ZG,2008,7.94729876067854
Benin,BEN,"Population, total",SP.POP.TOTL,2008,9228466.0
Benin,BEN,Urban population (% of total population),SP.URB.TOTL.IN.ZS,2008,41.8029662723105
Benin,BEN,Population growth (annual %),SP.POP.GROW,2008,3.01959398464251
Benin,BEN,Poverty headcount ratio at $3.00 a day (2021 PPP) (% of population),SI.POV.DDAY,2008,
Benin,BEN,Gini index,SI.POV.GINI,2008,
Benin,BEN,"School enrollment, primary (% gross)",SE.PRM.ENRR,2008,106.483963012695
Benin,BEN,"School enrollment, secondary (% gross)",SE.SEC.ENRR,2008,
Benin,BEN,"Literacy rate, adult total (% of people ages 15 and above)",SE.ADT.LITR.ZS,2008,
Benin,BEN,"Mortality rate, under-5 (per 1,000 live births)",SH.DYN.MORT,2008,112.0
Benin,BEN,"Life expectancy at birth, total (years)",SP.DYN.LE00.IN,2008,58.099
Benin,BEN,Current health expenditure (% of GDP),SH.XPD.CHEX.GD.ZS,2008,2.65178108
Benin,BEN,People using at least basic drinking water services (% of population),SH.H2O.BASW.ZS,2008,64.0987736405784
Benin,BEN,Access to electricity (% of population),EG.ELC.ACCS.ZS,2008,29.0
Benin,BEN,Individuals using the Internet (% of population),IT.NET.USER.ZS,2008,1.85
Burkina Faso,BFA,GDP (current US$),NY.GDP.MKTP.CD,2008,9451435490.11467
Burkina Faso,BFA,GDP per capita (current US$),NY.GDP.PCAP.CD,2008,619.437533256264
Burkina Faso,BFA,GDP growth (annual %),NY.GDP.MKTP.KD.ZG,2008,5.79999174105387
Burkina Faso,BFA,"Inflation, consumer prices (annual %)",FP.CPI.TOTL.ZG,2008,10.6597978997424
Burkina Faso,BFA,"Population, total",SP.POP.TOTL,2008,15258093.0
Burkina Faso,BFA,Urban population (% of total population),SP.URB.TOTL.IN.ZS,2008,23.3633747838557
Burkina Faso,BFA,Population growth (annual %),SP.POP.GROW,2008,2.93816522811728
Burkina Faso,BFA,Poverty headcount ratio at $3.00 a day (2021 PPP) (% of population),SI.POV.DDAY,2008,
Burkina Faso,BFA,Gini index,SI.POV.GINI,2008,
Burkina Faso,BFA,"School enrollment, primary (% gross)",SE.PRM.ENRR,2008,71.3662185668945
Burkina Faso,BFA,"School enrollment, secondary (% gross)",SE.SEC.ENRR,2008,17.9947395324707
Burkina Faso,BFA,"Literacy rate, adult total (% of people ages 15 and above)",SE.ADT.LITR.ZS,2008,
Burkina Faso,BFA,"Mortality rate, under-5 (per 1,000 live births)",SH.DYN.MORT,2008,132.1
Burkina Faso,BFA,"Life expectancy at birth, total (years)",SP.DYN.LE00.IN,2008,55.199
Burkina Faso,BFA,Current health expenditure (% of GDP),SH.XPD.CHEX.GD.ZS,2008,4.96721601
Burkina Faso,BFA,People using at least basic drinking water services (% of population),SH.H2O.BASW.ZS,2008,54.1709291046909
Burkina Faso,BFA,Access to electricity (% of population),EG.ELC.ACCS.ZS,2008,12.5
Burkina Faso,BFA,Individuals using the Internet (% of population),IT.NET.USER.ZS,2008,0.920000017
Mali,MLI,GDP (current US$),NY.GDP.MKTP.CD,2008,11462490840.2784
Mali,MLI,GDP per capita (current US$),NY.GDP.PCAP.CD,2008,767.19483895009
Mali,MLI,GDP growth (annual %),NY.GDP.MKTP.KD.ZG,2008,3.63871070955426
Mali,MLI,"Inflation, consumer prices (annual %)",FP.CPI.TOTL.ZG,2008,9.17098813667678
Mali,MLI,"Population, total",SP.POP.TOTL,2008,14940782.0
Mali,MLI,Urban population (% of total population),SP.URB.TOTL.IN.ZS,2008,22.1922849560871
Mali,MLI,Population growth (annual %),SP.POP.GROW,2008,3.2862188900418
Mali,MLI,Poverty headcount ratio at $3.00 a day (2021 PPP) (% of population),SI.POV.DDAY,2008,
Mali,MLI,Gini index,SI.POV.GINI,2008,
Mali,MLI,"School enrollment, primary (% gross)",SE.PRM.ENRR,2008,76.5747985839844
Mali,MLI,"School enrollment, secondary (% gross)",SE.SEC.ENRR,2008,31.0381298065186
Mali,MLI,"Literacy rate, adult total (% of people ages 15 and above)",SE.ADT.LITR.ZS,2008,
Mali,MLI,"Mortality rate, under-5 (per 1,000 live births)",SH.DYN.MORT,2008,144.0
Mali,MLI,"Life expectancy at birth, total (years)",SP.DYN.LE00.IN,2008,55.187
Mali,MLI,Current health expenditure (% of GDP),SH.XPD.CHEX.GD.ZS,2008,5.02688074
Mali,MLI,People using at least basic drinking water services (% of population),SH.H2O.BASW.ZS,2008,62.4840069987377
Mali,MLI,Access to electricity (% of population),EG.ELC.ACCS.ZS,2008,23.4
Mali,MLI,Individuals using the Internet (% of population),IT.NET.USER.ZS,2008,1.57
Mauritania,MRT,GDP (current US$),NY.GDP.MKTP.CD,2008,5206437193.80413
Mauritania,MRT,GDP per capita (current US$),NY.GDP.PCAP.CD,2008,1635.5630623124
Mauritania,MRT,GDP growth (annual %),NY.GDP.MKTP.KD.ZG,2008,-0.331079223430805
Mauritania,MRT,"Inflation, consumer prices (annual %)",FP.CPI.TOTL.ZG,2008,7.34663541249786
Mauritania,MRT,"Population, total",SP.POP.TOTL,2008,3183269.0
Mauritania,MRT,Urban population (% of total population),SP.URB.TOTL.IN.ZS,2008,43.5784901049073
Mauritania,MRT,Population growth (annual %),SP.POP.GROW,2008,2.87480873438379
Mauritania,MRT,Poverty headcount ratio at $3.00 a day (2021 PPP) (% of population),SI.POV.DDAY,2008,19.2
Mauritania,MRT,Gini index,SI.POV.GINI,2008,35.7
Mauritania,MRT,"School enrollment, primary (% gross)",SE.PRM.ENRR,2008,91.1832809448242
Mauritania,MRT,"School enrollment, secondary (% gross)",SE.SEC.ENRR,2008,18.5803203582764
Mauritania,MRT,"Literacy rate, adult total (% of people ages 15 and above)",SE.ADT.LITR.ZS,2008,
Mauritania,MRT,"Mortality rate, under-5 (per 1,000 live births)",SH.DYN.MORT,2008,61.3
Mauritania,MRT,"Life expectancy at birth, total (years)",SP.DYN.LE00.IN,2008,65.233
Mauritania,MRT,Current health expenditure (% of GDP),SH.XPD.CHEX.GD.ZS,2008,3.01338983
Mauritania,MRT,People using at least basic drinking water services (% of population),SH.H2O.BASW.ZS,2008,52.9742769831922
Mauritania,MRT,Access to electricity (% of population),EG.ELC.ACCS.ZS,2008,30.0
Mauritania,MRT,Individuals using the Internet (% of population),IT.NET.USER.ZS,2008,1.870000005
Togo,TGO,GDP (current US$),NY.GDP.MKTP.CD,2008,4578847112.70688
Togo,TGO,GDP per capita (current US$),NY.GDP.PCAP.CD,2008,718.948386717473
Togo,TGO,GDP growth (annual %),NY.GDP.MKTP.KD.ZG,2008,4.03561315398862
Togo,TGO,"Inflation, consumer prices (annual %)",FP.CPI.TOTL.ZG,2008,8.69482814363902
Togo,TGO,"Population, total",SP.POP.TOTL,2008,6368812.0
Togo,TGO,Urban population (% of total population),SP.URB.TOTL.IN.ZS,2008,36.6808327233827
Togo,TGO,Population growth (annual %),SP.POP.GROW,2008,2.87454303428326
Togo,TGO,Poverty headcount ratio at $3.00 a day (2021 PPP) (% of population),SI.POV.DDAY,2008,
Togo,TGO,Gini index,SI.POV.GINI,2008,
Togo,TGO,"School enrollment, primary (% gross)",SE.PRM.ENRR,2008,107.988212585449
Togo,TGO,"School enrollment, secondary (% gross)",SE.SEC.ENRR,2008,
Togo,TGO,"Literacy rate, adult total (% of people ages 15 and above)",SE.ADT.LITR.ZS,2008,
Togo,TGO,"Mortality rate, under-5 (per 1,000 live births)",SH.DYN.MORT,2008,93.7
Togo,TGO,"Life expectancy at birth, total (years)",SP.DYN.LE00.IN,2008,56.663
Togo,TGO,Current health expenditure (% of GDP),SH.XPD.CHEX.GD.ZS,2008,3.74071932
Togo,TGO,People using at least basic drinking water services (% of population),SH.H2O.BASW.ZS,2008,54.5651625096366
Togo,TGO,Access to electricity (% of population),EG.ELC.ACCS.ZS,2008,31.8
Togo,TGO,Individuals using the Internet (% of population),IT.NET.USER.ZS,2008,2.400000095
Guinea,GIN,GDP (current US$),NY.GDP.MKTP.CD,2008,6964179983.17212
Guinea,GIN,GDP per capita (current US$),NY.GDP.PCAP.CD,2008,703.532825784369
Guinea,GIN,GDP growth (annual %),NY.GDP.MKTP.KD.ZG,2008,4.13301615965833
Guinea,GIN,"Inflation, consumer prices (annual %)",FP.CPI.TOTL.ZG,2008,23.065612938798
Guinea,GIN,"Population, total",SP.POP.TOTL,2008,9898870.0
Guinea,GIN,Urban population (% of total population),SP.URB.TOTL.IN.ZS,2008,33.2571261188022
Guinea,GIN,Population growth (annual %),SP.POP.GROW,2008,2.41908604968745
Guinea,GIN,Poverty headcount ratio at $3.00 a day (2021 PPP) (% of population),SI.POV.DDAY,2008,
Guinea,GIN,Gini index,SI.POV.GINI,2008,
Guinea,GIN,"School enrollment, primary (% gross)",SE.PRM.ENRR,2008,82.7527465820312
Guinea,GIN,"School enrollment, secondary (% gross)",SE.SEC.ENRR,2008,33.2380905151367
Guinea,GIN,"Literacy rate, adult total (% of people ages 15 and above)",SE.ADT.LITR.ZS,2008,
Guinea,GIN,"Mortality rate, under-5 (per 1,000 live births)",SH.DYN.MORT,2008,126.9
Guinea,GIN,"Life expectancy at birth, total (years)",SP.DYN.LE00.IN,2008,55.703
Guinea,GIN,Current health expenditure (% of GDP),SH.XPD.CHEX.GD.ZS,2008,3.26561713
Guinea,GIN,People using at least basic drinking water services (% of population),SH.H2O.BASW.ZS,2008,55.7112370863101
Guinea,GIN,Access to electricity (% of population),EG.ELC.ACCS.ZS,2008,25.4
Guinea,GIN,Individuals using the Internet (% of population),IT.NET.USER.ZS,2008,0.92
"Gambia, The",GMB,GDP (current US$),NY.GDP.MKTP.CD,2008,1561766955.73024
"Gambia, The",GMB,GDP per capita (current US$),NY.GDP.PCAP.CD,2008,859.127671411226
"Gambia, The",GMB,GDP growth (annual %),NY.GDP.MKTP.KD.ZG,2008,6.25590553394287
"Gambia, The",GMB,"Inflation, consumer prices (annual %)",FP.CPI.TOTL.ZG,2008,4.4436549094501
"Gambia, The",GMB,"Population, total",SP.POP.TOTL,2008,1817852.0
"Gambia, The",GMB,Urban population (% of total population),SP.URB.TOTL.IN.ZS,2008,54.6431233516671
"Gambia, The",GMB,Population growth (annual %),SP.POP.GROW,2008,2.90664631280342
"Gambia, The",GMB,Poverty headcount ratio at $3.00 a day (2021 PPP) (% of population),SI.POV.DDAY,2008,
"Gambia, The",GMB,Gini index,SI.POV.GINI,2008,
"Gambia, The",GMB,"School enrollment, primary (% gross)",SE.PRM.ENRR,2008,73.5566177368164
"Gambia, The",GMB,"School enrollment, secondary (% gross)",SE.SEC.ENRR,2008,45.2912902832031
"Gambia, The",GMB,"Literacy rate, adult total (% of people ages 15 and above)",SE.ADT.LITR.ZS,2008,
"Gambia, The",GMB,"Mortality rate, under-5 (per 1,000 live births)",SH.DYN.MORT,2008,79.4
"Gambia, The",GMB,"Life expectancy at birth, total (years)",SP.DYN.LE00.IN,2008,60.473
"Gambia, The",GMB,Current health expenditure (% of GDP),SH.XPD.CHEX.GD.ZS,2008,4.65938759
"Gambia, The",GMB,People using at least basic drinking water services (% of population),SH.H2O.BASW.ZS,2008,77.2629006181607
"Gambia, The",GMB,Access to electricity (% of population),EG.ELC.ACCS.ZS,2008,41.5
"Gambia, The",GMB,Individuals using the Internet (% of population),IT.NET.USER.ZS,2008,6.880000114
Sierra Leone,SLE,GDP (current US$),NY.GDP.MKTP.CD,2008,4157895298.19572
Sierra Leone,SLE,GDP per capita (current US$),NY.GDP.PCAP.CD,2008,705.359014080005
Sierra Leone,SLE,GDP growth (annual %),NY.GDP.MKTP.KD.ZG,2008,3.68605969932123
Sierra Leone,SLE,"Inflation, consumer prices (annual %)",FP.CPI.TOTL.ZG,2008,8.21112432289608
Sierra Leone,SLE,"Population, total",SP.POP.TOTL,2008,5894722.0
Sierra Leone,SLE,Urban population (% of total population),SP.URB.TOTL.IN.ZS,2008,37.8725951588418
Sierra Leone,SLE,Population growth (annual %),SP.POP.GROW,2008,2.49702214618885
Sierra Leone,SLE,Poverty headcount ratio at $3.00 a day (2021 PPP) (% of population),SI.POV.DDAY,2008,
Sierra Leone,SLE,Gini index,SI.POV.GINI,2008,
Sierra Leone,SLE,"School enrollment, primary (% gross)",SE.PRM.ENRR,2008,
Sierra Leone,SLE,"School enrollment, secondary (% gross)",SE.SEC.ENRR,2008,
Sierra Leone,SLE,"Literacy rate, adult total (% of people ages 15 and above)",SE.ADT.LITR.ZS,2008,
Sierra Leone,SLE,"Mortality rate, under-5 (per 1,000 live births)",SH.DYN.MORT,2008,172.4
Sierra Leone,SLE,"Life expectancy at birth, total (years)",SP.DYN.LE00.IN,2008,50.693
Sierra Leone,SLE,Current health expenditure (% of GDP),SH.XPD.CHEX.GD.ZS,2008,5.60332584
Sierra Leone,SLE,People using at least basic drinking water services (% of population),SH.H2O.BASW.ZS,2008,49.3391346809252
Sierra Leone,SLE,Access to electricity (% of population),EG.ELC.ACCS.ZS,2008,12.1
Sierra Leone,SLE,Individuals using the Internet (% of population),IT.NET.USER.ZS,2008,0.25
Liberia,LBR,GDP (current US$),NY.GDP.MKTP.CD,2008,1726000000.0
Liberia,LBR,GDP per capita (current US$),NY.GDP.PCAP.CD,2008,451.713856283285
Liberia,LBR,GDP growth (annual %),NY.GDP.MKTP.KD.ZG,2008,7.14569112811476
Liberia,LBR,"Inflation, consumer prices (annual %)",FP.CPI.TOTL.ZG,2008,17.489448642993
Liberia,LBR,"Population, total",SP.POP.TOTL,2008,3821003.0
Liberia,LBR,Urban population (% of total population),SP.URB.TOTL.IN.ZS,2008,47.1080497871025
Liberia,LBR,Population growth (annual %),SP.POP.GROW,2008,4.05801806274783
Liberia,LBR,Poverty headcount ratio at $3.00 a day (2021 PPP) (% of population),SI.POV.DDAY,2008,
Liberia,LBR,Gini index,SI.POV.GINI,2008,
Liberia,LBR,"School enrollment, primary (% gross)",SE.PRM.ENRR,2008,88.4250335693359
Liberia,LBR,"School enrollment, secondary (% gross)",SE.SEC.ENRR,2008,
Liberia,LBR,"Literacy rate, adult total (% of people ages 15 and above)",SE.ADT.LITR.ZS,2008,
Liberia,LBR,"Mortality rate, under-5 (per 1,000 live births)",SH.DYN.MORT,2008,114.0
Liberia,LBR,"Life expectancy at birth, total (years)",SP.DYN.LE00.IN,2008,58.675
Liberia,LBR,Current health expenditure (% of GDP),SH.XPD.CHEX.GD.ZS,2008,5.99615717
Liberia,LBR,People using at least basic drinking water services (% of population),SH.H2O.BASW.ZS,2008,67.6948813001936
Liberia,LBR,Access to electricity (% of population),EG.ELC.ACCS.ZS,2008,1.3
Liberia,LBR,Individuals using the Internet (% of population),IT.NET.USER.ZS,2008,0.529999971
Guinea-Bissau,GNB,GDP (current US$),NY.GDP.MKTP.CD,2008,952667544.037289
Guinea-Bissau,GNB,GDP per capita (current US$),NY.GDP.PCAP.CD,2008,640.210331101753
Guinea-Bissau,GNB,GDP growth (annual %),NY.GDP.MKTP.KD.ZG,2008,4.52457514610252
Guinea-Bissau,GNB,"Inflation, consumer prices (annual %)",FP.CPI.TOTL.ZG,2008,10.4600731354706
Guinea-Bissau,GNB,"Population, total",SP.POP.TOTL,2008,1488054.0
Guinea-Bissau,GNB,Urban population (% of total population),SP.URB.TOTL.IN.ZS,2008,39.3320535671181
Guinea-Bissau,GNB,Population growth (annual %),SP.POP.GROW,2008,2.52259007377628
Guinea-Bissau,GNB,Poverty headcount ratio at $3.00 a day (2021 PPP) (% of population),SI.POV.DDAY,2008,
Guinea-Bissau,GNB,Gini index,SI.POV.GINI,2008,
Guinea-Bissau,GNB,"School enrollment, primary (% gross)",SE.PRM.ENRR,2008,
Guinea-Bissau,GNB,"School enrollment, secondary (% gross)",SE.SEC.ENRR,2008,
Guinea-Bissau,GNB,"Literacy rate, adult total (% of people ages 15 and above)",SE.ADT.LITR.ZS,2008,
Guinea-Bissau,GNB,"Mortality rate, under-5 (per 1,000 live births)",SH.DYN.MORT,2008,126.5
Guinea-Bissau,GNB,"Life expectancy at birth, total (years)",SP.DYN.LE00.IN,2008,55.3
Guinea-Bissau,GNB,Current health expenditure (% of GDP),SH.XPD.CHEX.GD.ZS,2008,5.35239792
Guinea-Bissau,GNB,People using at least basic drinking water services (% of population),SH.H2O.BASW.ZS,2008,58.4031554952598
Guinea-Bissau,GNB,Access to electricity (% of population),EG.ELC.ACCS.ZS,2008,9.3
Guinea-Bissau,GNB,Individuals using the Internet (% of population),IT.NET.USER.ZS,2008,2.35488871087933
Cabo Verde,CPV,GDP (current US$),NY.GDP.MKTP.CD,2008,1959620648.31578
Cabo Verde,CPV,GDP per capita (current US$),NY.GDP.PCAP.CD,2008,3908.64885822576
Cabo Verde,CPV,GDP growth (annual %),NY.GDP.MKTP.KD.ZG,2008,7.03901129565128
Cabo Verde,CPV,"Inflation, consumer prices (annual %)",FP.CPI.TOTL.ZG,2008,6.77443546371142
Cabo Verde,CPV,"Population, total",SP.POP.TOTL,2008,501355.0
Cabo Verde,CPV,Urban population (% of total population),SP.URB.TOTL.IN.ZS,2008,60.0741911239572
Cabo Verde,CPV,Population growth (annual %),SP.POP.GROW,2008,1.03555151023311
Cabo Verde,CPV,Poverty headcount ratio at $3.00 a day (2021 PPP) (% of population),SI.POV.DDAY,2008,
Cabo Verde,CPV,Gini index,SI.POV.GINI,2008,
Cabo Verde,CPV,"School enrollment, primary (% gross)",SE.PRM.ENRR,2008,109.969436645508
Cabo Verde,CPV,"School enrollment, secondary (% gross)",SE.SEC.ENRR,2008,82.10888671875
Cabo Verde,CPV,"Literacy rate, adult total (% of people ages 15 and above)",SE.ADT.LITR.ZS,2008,
Cabo Verde,CPV,"Mortality rate, under-5 (per 1,000 live births)",SH.DYN.MORT,2008,27.9
Cabo Verde,CPV,"Life expectancy at birth, total (years)",SP.DYN.LE00.IN,2008,71.888
Cabo Verde,CPV,Current health expenditure (% of GDP),SH.XPD.CHEX.GD.ZS,2008,3.26951575
Cabo Verde,CPV,People using at least basic drinking water services (% of population),SH.H2O.BASW.ZS,2008,82.3386902741848
Cabo Verde,CPV,Access to electricity (% of population),EG.ELC.ACCS.ZS,2008,72.3
Cabo Verde,CPV,Individuals using the Internet (% of population),IT.NET.USER.ZS,2008,14.0
Niger,NER,GDP (current US$),NY.GDP.MKTP.CD,2009,7352131309.73341
Niger,NER,GDP per capita (current US$),NY.GDP.PCAP.CD,2009,461.131533961487
Niger,NER,GDP growth (annual %),NY.GDP.MKTP.KD.ZG,2009,1.96260090694645
Niger,NER,"Inflation, consumer prices (annual %)",FP.CPI.TOTL.ZG,2009,0.582906590801122
Niger,NER,"Population, total",SP.POP.TOTL,2009,15943675.0
Niger,NER,Urban population (% of total population),SP.URB.TOTL.IN.ZS,2009,16.2511180003032
Niger,NER,Population growth (annual %),SP.POP.GROW,2009,3.71708044318123
Niger,NER,Poverty headcount ratio at $3.00 a day (2021 PPP) (% of population),SI.POV.DDAY,2009,
Niger,NER,Gini index,SI.POV.GINI,2009,
Niger,NER,"School enrollment, primary (% gross)",SE.PRM.ENRR,2009,57.9658889770508
Niger,NER,"School enrollment, secondary (% gross)",SE.SEC.ENRR,2009,11.1999397277832
Niger,NER,"Literacy rate, adult total (% of people ages 15 and above)",SE.ADT.LITR.ZS,2009,
Niger,NER,"Mortality rate, under-5 (per 1,000 live births)",SH.DYN.MORT,2009,140.3
Niger,NER,"Life expectancy at birth, total (years)",SP.DYN.LE00.IN,2009,56.487
Niger,NER,Current health expenditure (% of GDP),SH.XPD.CHEX.GD.ZS,2009,5.33850145
Niger,NER,People using at least basic drinking water services (% of population),SH.H2O.BASW.ZS,2009,43.1966321655043
Niger,NER,Access to electricity (% of population),EG.ELC.ACCS.ZS,2009,12.3
Niger,NER,Individuals using the Internet (% of population),IT.NET.USER.ZS,2009,0.76
Nigeria,NGA,GDP (current US$),NY.GDP.MKTP.CD,2009,295008835380.997
Nigeria,NGA,GDP per capita (current US$),NY.GDP.PCAP.CD,2009,1820.48633854782
Nigeria,NGA,GDP growth (annual %),NY.GDP.MKTP.KD.ZG,2009,8.03692510099023
Nigeria,NGA,"Inflation, consumer prices (annual %)",FP.CPI.TOTL.ZG,2009,12.5378277304689
Nigeria,NGA,"Population, total",SP.POP.TOTL,2009,162049464.0
Nigeria,NGA,Urban population (% of total population),SP.URB.TOTL.IN.ZS,2009,50.86453484762
Nigeria,NGA,Population growth (annual %),SP.POP.GROW,2009,2.78730820935027
Nigeria,NGA,Poverty headcount ratio at $3.00 a day (2021 PPP) (% of population),SI.POV.DDAY,2009,
Nigeria,NGA,Gini index,SI.POV.GINI,2009,
Nigeria,NGA,"School enrollment, primary (% gross)",SE.PRM.ENRR,2009,80.3091735839844
Nigeria,NGA,"School enrollment, secondary (% gross)",SE.SEC.ENRR,2009,37.1381416320801
Nigeria,NGA,"Literacy rate, adult total (% of people ages 15 and above)",SE.ADT.LITR.ZS,2009,
Nigeria,NGA,"Mortality rate, under-5 (per 1,000 live births)",SH.DYN.MORT,2009,129.2
Nigeria,NGA,"Life expectancy at birth, total (years)",SP.DYN.LE00.IN,2009,51.08
Nigeria,NGA,Current health expenditure (% of GDP),SH.XPD.CHEX.GD.ZS,2009,3.5801971
Nigeria,NGA,People using at least basic drinking water services (% of population),SH.H2O.BASW.ZS,2009,58.4306651834765
Nigeria,NGA,Access to electricity (% of population),EG.ELC.ACCS.ZS,2009,50.0
Nigeria,NGA,Individuals using the Internet (% of population),IT.NET.USER.ZS,2009,9.300000191
Senegal,SEN,GDP (current US$),NY.GDP.MKTP.CD,2009,16145867494.9405
Senegal,SEN,GDP per capita (current US$),NY.GDP.PCAP.CD,2009,1308.69404336205
Senegal,SEN,GDP growth (annual %),NY.GDP.MKTP.KD.ZG,2009,2.75210448455053
Senegal,SEN,"Inflation, consumer prices (annual %)",FP.CPI.TOTL.ZG,2009,-2.2480214785534
Senegal,SEN,"Population, total",SP.POP.TOTL,2009,12337389.0
Senegal,SEN,Urban population (% of total population),SP.URB.TOTL.IN.ZS,2009,43.23773199459
Senegal,SEN,Population growth (annual %),SP.POP.GROW,2009,2.36561415953051
Senegal,SEN,Poverty headcount ratio at $3.00 a day (2021 PPP) (% of population),SI.POV.DDAY,2009,
Senegal,SEN,Gini index,SI.POV.GINI,2009,
Senegal,SEN,"School enrollment, primary (% gross)",SE.PRM.ENRR,2009,84.0063171386719
Senegal,SEN,"School enrollment, secondary (% gross)",SE.SEC.ENRR,2009,
Senegal,SEN,"Literacy rate, adult total (% of people ages 15 and above)",SE.ADT.LITR.ZS,2009,48.0400009155273
Senegal,SEN,"Mortality rate, under-5 (per 1,000 live births)",SH.DYN.MORT,2009,66.1
Senegal,SEN,"Life expectancy at birth, total (years)",SP.DYN.LE00.IN,2009,63.751
Senegal,SEN,Current health expenditure (% of GDP),SH.XPD.CHEX.GD.ZS,2009,3.841573
Senegal,SEN,People using at least basic drinking water services (% of population),SH.H2O.BASW.ZS,2009,70.5013902121975
Senegal,SEN,Access to electricity (% of population),EG.ELC.ACCS.ZS,2009,53.5
Senegal,SEN,Individuals using the Internet (% of population),IT.NET.USER.ZS,2009,7.5
Cote d'Ivoire,CIV,GDP (current US$),NY.GDP.MKTP.CD,2009,33886813250.2036
Cote d'Ivoire,CIV,GDP per capita (current US$),NY.GDP.PCAP.CD,2009,1540.45393569596
Cote d'Ivoire,CIV,GDP growth (annual %),NY.GDP.MKTP.KD.ZG,2009,3.60332156667053
Cote d'Ivoire,CIV,"Inflation, consumer prices (annual %)",FP.CPI.TOTL.ZG,2009,1.01950457731137
Cote d'Ivoire,CIV,"Population, total",SP.POP.TOTL,2009,21997940.0
Cote d'Ivoire,CIV,Urban population (% of total population),SP.URB.TOTL.IN.ZS,2009,46.7979596502274
Cote d'Ivoire,CIV,Population growth (annual %),SP.POP.GROW,2009,2.22245214914258
Cote d'Ivoire,CIV,Poverty headcount ratio at $3.00 a day (2021 PPP) (% of population),SI.POV.DDAY,2009,
Cote d'Ivoire,CIV,Gini index,SI.POV.GINI,2009,
Cote d'Ivoire,CIV,"School enrollment, primary (% gross)",SE.PRM.ENRR,2009,63.0792808532715
Cote d'Ivoire,CIV,"School enrollment, secondary (% gross)",SE.SEC.ENRR,2009,
Cote d'Ivoire,CIV,"Literacy rate, adult total (% of people ages 15 and above)",SE.ADT.LITR.ZS,2009,
Cote d'Ivoire,CIV,"Mortality rate, under-5 (per 1,000 live births)",SH.DYN.MORT,2009,105.2
Cote d'Ivoire,CIV,"Life expectancy at birth, total (years)",SP.DYN.LE00.IN,2009,54.744
Cote d'Ivoire,CIV,Current health expenditure (% of GDP),SH.XPD.CHEX.GD.ZS,2009,4.63971424
Cote d'Ivoire,CIV,People using at least basic drinking water services (% of population),SH.H2O.BASW.ZS,2009,72.1658002425728
Cote d'Ivoire,CIV,Access to electricity (% of population),EG.ELC.ACCS.ZS,2009,57.3
Cote d'Ivoire,CIV,Individuals using the Internet (% of population),IT.NET.USER.ZS,2009,2.0
Ghana,GHA,GDP (current US$),NY.GDP.MKTP.CD,2009,26048720005.5233
Ghana,GHA,GDP per capita (current US$),NY.GDP.PCAP.CD,2009,1047.70430093586
Ghana,GHA,GDP growth (annual %),NY.GDP.MKTP.KD.ZG,2009,4.84448705175076
Ghana,GHA,"Inflation, consumer prices (annual %)",FP.CPI.TOTL.ZG,2009,19.2469482220857
Ghana,GHA,"Population, total",SP.POP.TOTL,2009,24862664.0
Ghana,GHA,Urban population (% of total population),SP.URB.TOTL.IN.ZS,2009,50.1111250897099
Ghana,GHA,Population growth (annual %),SP.POP.GROW,2009,2.49528498609835
Ghana,GHA,Poverty headcount ratio at $3.00 a day (2021 PPP) (% of population),SI.POV.DDAY,2009,
Ghana,GHA,Gini index,SI.POV.GINI,2009,
Ghana,GHA,"School enrollment, primary (% gross)",SE.PRM.ENRR,2009,99.0773620605469
Ghana,GHA,"School enrollment, secondary (% gross)",SE.SEC.ENRR,2009,47.9277191162109
Ghana,GHA,"Literacy rate, adult total (% of people ages 15 and above)",SE.ADT.LITR.ZS,2009,
Ghana,GHA,"Mortality rate, under-5 (per 1,000 live births)",SH.DYN.MORT,2009,69.8
Ghana,GHA,"Life expectancy at birth, total (years)",SP.DYN.LE00.IN,2009,60.928
Ghana,GHA,Current health expenditure (% of GDP),SH.XPD.CHEX.GD.ZS,2009,4.17717743
Ghana,GHA,People using at least basic drinking water services (% of population),SH.H2O.BASW.ZS,2009,74.4422077321147
Ghana,GHA,Access to electricity (% of population),EG.ELC.ACCS.ZS,2009,61.1
Ghana,GHA,Individuals using the Internet (% of population),IT.NET.USER.ZS,2009,5.44
Benin,BEN,GDP (current US$),NY.GDP.MKTP.CD,2009,9738626517.00319
Benin,BEN,GDP per capita (current US$),NY.GDP.PCAP.CD,2009,1024.10277858112
Benin,BEN,GDP growth (annual %),NY.GDP.MKTP.KD.ZG,2009,2.31929213912838
Benin,BEN,"Inflation, consumer prices (annual %)",FP.CPI.TOTL.ZG,2009,0.896072355749069
Benin,BEN,"Population, total",SP.POP.TOTL,2009,9509423.0
Benin,BEN,Urban population (% of total population),SP.URB.TOTL.IN.ZS,2009,42.338538285999
Benin,BEN,Population growth (annual %),SP.POP.GROW,2009,2.99903642214246
Benin,BEN,Poverty headcount ratio at $3.00 a day (2021 PPP) (% of population),SI.POV.DDAY,2009,
Benin,BEN,Gini index,SI.POV.GINI,2009,
Benin,BEN,"School enrollment, primary (% gross)",SE.PRM.ENRR,2009,111.44181060791
Benin,BEN,"School enrollment, secondary (% gross)",SE.SEC.ENRR,2009,
Benin,BEN,"Literacy rate, adult total (% of people ages 15 and above)",SE.ADT.LITR.ZS,2009,
Benin,BEN,"Mortality rate, under-5 (per 1,000 live births)",SH.DYN.MORT,2009,109.7
Benin,BEN,"Life expectancy at birth, total (years)",SP.DYN.LE00.IN,2009,58.258
Benin,BEN,Current health expenditure (% of GDP),SH.XPD.CHEX.GD.ZS,2009,2.89953876
Benin,BEN,People using at least basic drinking water services (% of population),SH.H2O.BASW.ZS,2009,64.471280030876
Benin,BEN,Access to electricity (% of population),EG.ELC.ACCS.ZS,2009,30.0
Benin,BEN,Individuals using the Internet (% of population),IT.NET.USER.ZS,2009,2.24
Burkina Faso,BFA,GDP (current US$),NY.GDP.MKTP.CD,2009,9450696873.34326
Burkina Faso,BFA,GDP per capita (current US$),NY.GDP.PCAP.CD,2009,601.569520671859
Burkina Faso,BFA,GDP growth (annual %),NY.GDP.MKTP.KD.ZG,2009,2.96195085866692
Burkina Faso,BFA,"Inflation, consumer prices (annual %)",FP.CPI.TOTL.ZG,2009,2.60817666368314
Burkina Faso,BFA,"Population, total",SP.POP.TOTL,2009,15710066.0
Burkina Faso,BFA,Urban population (% of total population),SP.URB.TOTL.IN.ZS,2009,23.7452325601116
Burkina Faso,BFA,Population growth (annual %),SP.POP.GROW,2009,2.91916025918168
Burkina Faso,BFA,Poverty headcount ratio at $3.00 a day (2021 PPP) (% of population),SI.POV.DDAY,2009,67.2
Burkina Faso,BFA,Gini index,SI.POV.GINI,2009,39.8
Burkina Faso,BFA,"School enrollment, primary (% gross)",SE.PRM.ENRR,2009,75.7858963012695
Burkina Faso,BFA,"School enrollment, secondary (% gross)",SE.SEC.ENRR,2009,19.4353504180908
Burkina Faso,BFA,"Literacy rate, adult total (% of people ages 15 and above)",SE.ADT.LITR.ZS,2009,
Burkina Faso,BFA,"Mortality rate, under-5 (per 1,000 live births)",SH.DYN.MORT,2009,126.5
Burkina Faso,BFA,"Life expectancy at birth, total (years)",SP.DYN.LE00.IN,2009,55.791
Burkina Faso,BFA,Current health expenditure (% of GDP),SH.XPD.CHEX.GD.ZS,2009,5.19683933
Burkina Faso,BFA,People using at least basic drinking water services (% of population),SH.H2O.BASW.ZS,2009,53.8607620569165
Burkina Faso,BFA,Access to electricity (% of population),EG.ELC.ACCS.ZS,2009,12.6
Burkina Faso,BFA,Individuals using the Internet (% of population),IT.NET.USER.ZS,2009,1.129999995
Mali,MLI,GDP (current US$),NY.GDP.MKTP.CD,2009,12155217832.8781
Mali,MLI,GDP per capita (current US$),NY.GDP.PCAP.CD,2009,787.482564287398
Mali,MLI,GDP growth (annual %),NY.GDP.MKTP.KD.ZG,2009,5.45473562577585
Mali,MLI,"Inflation, consumer prices (annual %)",FP.CPI.TOTL.ZG,2009,2.46375188572299
Mali,MLI,"Population, total",SP.POP.TOTL,2009,15435539.0
Mali,MLI,Urban population (% of total population),SP.URB.TOTL.IN.ZS,2009,22.6557955217884
Mali,MLI,Population growth (annual %),SP.POP.GROW,2009,3.25780569403424
Mali,MLI,Poverty headcount ratio at $3.00 a day (2021 PPP) (% of population),SI.POV.DDAY,2009,63.3
Mali,MLI,Gini index,SI.POV.GINI,2009,33.0
Mali,MLI,"School enrollment, primary (% gross)",SE.PRM.ENRR,2009,77.8208770751953
Mali,MLI,"School enrollment, secondary (% gross)",SE.SEC.ENRR,2009,34.0355415344238
Mali,MLI,"Literacy rate, adult total (% of people ages 15 and above)",SE.ADT.LITR.ZS,2009,
Mali,MLI,"Mortality rate, under-5 (per 1,000 live births)",SH.DYN.MORT,2009,138.9
Mali,MLI,"Life expectancy at birth, total (years)",SP.DYN.LE00.IN,2009,55.588
Mali,MLI,Current health expenditure (% of GDP),SH.XPD.CHEX.GD.ZS,2009,5.21225691
Mali,MLI,People using at least basic drinking water services (% of population),SH.H2O.BASW.ZS,2009,64.0894295059223
Mali,MLI,Access to electricity (% of population),EG.ELC.ACCS.ZS,2009,24.0
Mali,MLI,Individuals using the Internet (% of population),IT.NET.USER.ZS,2009,1.799999952
Mauritania,MRT,GDP (current US$),NY.GDP.MKTP.CD,2009,4714595547.75102
Mauritania,MRT,GDP per capita (current US$),NY.GDP.PCAP.CD,2009,1435.43010811893
Mauritania,MRT,GDP growth (annual %),NY.GDP.MKTP.KD.ZG,2009,0.0978759143320076
Mauritania,MRT,"Inflation, consumer prices (annual %)",FP.CPI.TOTL.ZG,2009,2.22092032381779
Mauritania,MRT,"Population, total",SP.POP.TOTL,2009,3284448.0
Mauritania,MRT,Urban population (% of total population),SP.URB.TOTL.IN.ZS,2009,44.7591814741371
Mauritania,MRT,Population growth (annual %),SP.POP.GROW,2009,3.12899450909418
Mauritania,MRT,Poverty headcount ratio at $3.00 a day (2021 PPP) (% of population),SI.POV.DDAY,2009,
Mauritania,MRT,Gini index,SI.POV.GINI,2009,
Mauritania,MRT,"School enrollment, primary (% gross)",SE.PRM.ENRR,2009,97.033561706543
Mauritania,MRT,"School enrollment, secondary (% gross)",SE.SEC.ENRR,2009,20.0069904327393
Mauritania,MRT,"Literacy rate, adult total (% of people ages 15 and above)",SE.ADT.LITR.ZS,2009,
Mauritania,MRT,"Mortality rate, under-5 (per 1,000 live births)",SH.DYN.MORT,2009,58.8
Mauritania,MRT,"Life expectancy at birth, total (years)",SP.DYN.LE00.IN,2009,65.485
Mauritania,MRT,Current health expenditure (% of GDP),SH.XPD.CHEX.GD.ZS,2009,3.11034036
Mauritania,MRT,People using at least basic drinking water services (% of population),SH.H2O.BASW.ZS,2009,54.5236725907371
Mauritania,MRT,Access to electricity (% of population),EG.ELC.ACCS.ZS,2009,31.1
Mauritania,MRT,Individuals using the Internet (% of population),IT.NET.USER.ZS,2009,2.279999971
Togo,TGO,GDP (current US$),NY.GDP.MKTP.CD,2009,4721888275.26937
Togo,TGO,GDP per capita (current US$),NY.GDP.PCAP.CD,2009,720.693768151415
Togo,TGO,GDP growth (annual %),NY.GDP.MKTP.KD.ZG,2009,5.45381096920332
Togo,TGO,"Inflation, consumer prices (annual %)",FP.CPI.TOTL.ZG,2009,3.71360592035809
Togo,TGO,"Population, total",SP.POP.TOTL,2009,6551865.0
Togo,TGO,Urban population (% of total population),SP.URB.TOTL.IN.ZS,2009,37.1195037247939
Togo,TGO,Population growth (annual %),SP.POP.GROW,2009,2.83367889670304
Togo,TGO,Poverty headcount ratio at $3.00 a day (2021 PPP) (% of population),SI.POV.DDAY,2009,
Togo,TGO,Gini index,SI.POV.GINI,2009,
Togo,TGO,"School enrollment, primary (% gross)",SE.PRM.ENRR,2009,121.990951538086
Togo,TGO,"School enrollment, secondary (% gross)",SE.SEC.ENRR,2009,
Togo,TGO,"Literacy rate, adult total (% of people ages 15 and above)",SE.ADT.LITR.ZS,2009,57.0900001525879
Togo,TGO,"Mortality rate, under-5 (per 1,000 live births)",SH.DYN.MORT,2009,90.9
Togo,TGO,"Life expectancy at birth, total (years)",SP.DYN.LE00.IN,2009,56.94
Togo,TGO,Current health expenditure (% of GDP),SH.XPD.CHEX.GD.ZS,2009,3.92726755
Togo,TGO,People using at least basic drinking water services (% of population),SH.H2O.BASW.ZS,2009,55.3677359070846
Togo,TGO,Access to electricity (% of population),EG.ELC.ACCS.ZS,2009,33.7
Togo,TGO,Individuals using the Internet (% of population),IT.NET.USER.ZS,2009,2.599999905
Guinea,GIN,GDP (current US$),NY.GDP.MKTP.CD,2009,6716905339.73136
Guinea,GIN,GDP per capita (current US$),NY.GDP.PCAP.CD,2009,662.185914665575
Guinea,GIN,GDP growth (annual %),NY.GDP.MKTP.KD.ZG,2009,-1.12264204848687
Guinea,GIN,"Inflation, consumer prices (annual %)",FP.CPI.TOTL.ZG,2009,4.68438868976504
Guinea,GIN,"Population, total",SP.POP.TOTL,2009,10143534.0
Guinea,GIN,Urban population (% of total population),SP.URB.TOTL.IN.ZS,2009,33.5352385165154
Guinea,GIN,Population growth (annual %),SP.POP.GROW,2009,2.44158489420853
Guinea,GIN,Poverty headcount ratio at $3.00 a day (2021 PPP) (% of population),SI.POV.DDAY,2009,
Guinea,GIN,Gini index,SI.POV.GINI,2009,
Guinea,GIN,"School enrollment, primary (% gross)",SE.PRM.ENRR,2009,82.9110794067383
Guinea,GIN,"School enrollment, secondary (% gross)",SE.SEC.ENRR,2009,
Guinea,GIN,"Literacy rate, adult total (% of people ages 15 and above)",SE.ADT.LITR.ZS,2009,
Guinea,GIN,"Mortality rate, under-5 (per 1,000 live births)",SH.DYN.MORT,2009,124.4
Guinea,GIN,"Life expectancy at birth, total (years)",SP.DYN.LE00.IN,2009,56.052
Guinea,GIN,Current health expenditure (% of GDP),SH.XPD.CHEX.GD.ZS,2009,3.58146644
Guinea,GIN,People using at least basic drinking water services (% of population),SH.H2O.BASW.ZS,2009,56.4483990709895
Guinea,GIN,Access to electricity (% of population),EG.ELC.ACCS.ZS,2009,26.7
Guinea,GIN,Individuals using the Internet (% of population),IT.NET.USER.ZS,2009,0.94
"Gambia, The",GMB,GDP (current US$),NY.GDP.MKTP.CD,2009,1450142508.57808
"Gambia, The",GMB,GDP per capita (current US$),NY.GDP.PCAP.CD,2009,774.888030908091
"Gambia, The",GMB,GDP growth (annual %),NY.GDP.MKTP.KD.ZG,2009,6.6657243078367
"Gambia, The",GMB,"Inflation, consumer prices (annual %)",FP.CPI.TOTL.ZG,2009,4.56150687670983
"Gambia, The",GMB,"Population, total",SP.POP.TOTL,2009,1871422.0
"Gambia, The",GMB,Urban population (% of total population),SP.URB.TOTL.IN.ZS,2009,55.3379286345209
"Gambia, The",GMB,Population growth (annual %),SP.POP.GROW,2009,2.90429853945953
"Gambia, The",GMB,Poverty headcount ratio at $3.00 a day (2021 PPP) (% of population),SI.POV.DDAY,2009,
"Gambia, The",GMB,Gini index,SI.POV.GINI,2009,
"Gambia, The",GMB,"School enrollment, primary (% gross)",SE.PRM.ENRR,2009,73.4096527099609
"Gambia, The",GMB,"School enrollment, secondary (% gross)",SE.SEC.ENRR,2009,46.214469909668
"Gambia, The",GMB,"Literacy rate, adult total (% of people ages 15 and above)",SE.ADT.LITR.ZS,2009,
"Gambia, The",GMB,"Mortality rate, under-5 (per 1,000 live births)",SH.DYN.MORT,2009,76.0
"Gambia, The",GMB,"Life expectancy at birth, total (years)",SP.DYN.LE00.IN,2009,60.735
"Gambia, The",GMB,Current health expenditure (% of GDP),SH.XPD.CHEX.GD.ZS,2009,4.46430635
"Gambia, The",GMB,People using at least basic drinking water services (% of population),SH.H2O.BASW.ZS,2009,77.9295055109151
"Gambia, The",GMB,Access to electricity (% of population),EG.ELC.ACCS.ZS,2009,43.2
"Gambia, The",GMB,Individuals using the Internet (% of population),IT.NET.USER.ZS,2009,7.630000114
Sierra Leone,SLE,GDP (current US$),NY.GDP.MKTP.CD,2009,3953403098.37107
Sierra Leone,SLE,GDP per capita (current US$),NY.GDP.PCAP.CD,2009,652.845806767943
Sierra Leone,SLE,GDP growth (annual %),NY.GDP.MKTP.KD.ZG,2009,1.53080323958716
Sierra Leone,SLE,"Inflation, consumer prices (annual %)",FP.CPI.TOTL.ZG,2009,7.46901898540982
Sierra Leone,SLE,"Population, total",SP.POP.TOTL,2009,6055646.0
Sierra Leone,SLE,Urban population (% of total population),SP.URB.TOTL.IN.ZS,2009,38.2496351532666
Sierra Leone,SLE,Population growth (annual %),SP.POP.GROW,2009,2.69336857329164
Sierra Leone,SLE,Poverty headcount ratio at $3.00 a day (2021 PPP) (% of population),SI.POV.DDAY,2009,
Sierra Leone,SLE,Gini index,SI.POV.GINI,2009,
Sierra Leone,SLE,"School enrollment, primary (% gross)",SE.PRM.ENRR,2009,
Sierra Leone,SLE,"School enrollment, secondary (% gross)",SE.SEC.ENRR,2009,
Sierra Leone,SLE,"Literacy rate, adult total (% of people ages 15 and above)",SE.ADT.LITR.ZS,2009,
Sierra Leone,SLE,"Mortality rate, under-5 (per 1,000 live births)",SH.DYN.MORT,2009,165.2
Sierra Leone,SLE,"Life expectancy at birth, total (years)",SP.DYN.LE00.IN,2009,51.312
Sierra Leone,SLE,Current health expenditure (% of GDP),SH.XPD.CHEX.GD.ZS,2009,6.27075481
Sierra Leone,SLE,People using at least basic drinking water services (% of population),SH.H2O.BASW.ZS,2009,50.520195051474
Sierra Leone,SLE,Access to electricity (% of population),EG.ELC.ACCS.ZS,2009,14.6
Sierra Leone,SLE,Individuals using the Internet (% of population),IT.NET.USER.ZS,2009,0.25999999
Liberia,LBR,GDP (current US$),NY.GDP.MKTP.CD,2009,1768000000.0
Liberia,LBR,GDP per capita (current US$),NY.GDP.PCAP.CD,2009,448.386367025545
Liberia,LBR,GDP growth (annual %),NY.GDP.MKTP.KD.ZG,2009,5.30054050291531
Liberia,LBR,"Inflation, consumer prices (annual %)",FP.CPI.TOTL.ZG,2009,7.42764305914919
Liberia,LBR,"Population, total",SP.POP.TOTL,2009,3943028.0
Liberia,LBR,Urban population (% of total population),SP.URB.TOTL.IN.ZS,2009,47.6245255922562
Liberia,LBR,Population growth (annual %),SP.POP.GROW,2009,3.14360024630264
Liberia,LBR,Poverty headcount ratio at $3.00 a day (2021 PPP) (% of population),SI.POV.DDAY,2009,
Liberia,LBR,Gini index,SI.POV.GINI,2009,
Liberia,LBR,"School enrollment, primary (% gross)",SE.PRM.ENRR,2009,95.9832763671875
Liberia,LBR,"School enrollment, secondary (% gross)",SE.SEC.ENRR,2009,
Liberia,LBR,"Literacy rate, adult total (% of people ages 15 and above)",SE.ADT.LITR.ZS,2009,
Liberia,LBR,"Mortality rate, under-5 (per 1,000 live births)",SH.DYN.MORT,2009,109.5
Liberia,LBR,"Life expectancy at birth, total (years)",SP.DYN.LE00.IN,2009,59.106
Liberia,LBR,Current health expenditure (% of GDP),SH.XPD.CHEX.GD.ZS,2009,8.98514843
Liberia,LBR,People using at least basic drinking water services (% of population),SH.H2O.BASW.ZS,2009,68.4324549886399
Liberia,LBR,Access to electricity (% of population),EG.ELC.ACCS.ZS,2009,1.9
Liberia,LBR,Individuals using the Internet (% of population),IT.NET.USER.ZS,2009,2.0
Guinea-Bissau,GNB,GDP (current US$),NY.GDP.MKTP.CD,2009,890167833.369849
Guinea-Bissau,GNB,GDP per capita (current US$),NY.GDP.PCAP.CD,2009,583.190020139094
Guinea-Bissau,GNB,GDP growth (annual %),NY.GDP.MKTP.KD.ZG,2009,2.44795106098685
Guinea-Bissau,GNB,"Inflation, consumer prices (annual %)",FP.CPI.TOTL.ZG,2009,-1.65139733620775
Guinea-Bissau,GNB,"Population, total",SP.POP.TOTL,2009,1526377.0
Guinea-Bissau,GNB,Urban population (% of total population),SP.URB.TOTL.IN.ZS,2009,39.6716434222135
Guinea-Bissau,GNB,Population growth (annual %),SP.POP.GROW,2009,2.54277273891846
Guinea-Bissau,GNB,Poverty headcount ratio at $3.00 a day (2021 PPP) (% of population),SI.POV.DDAY,2009,
Guinea-Bissau,GNB,Gini index,SI.POV.GINI,2009,
Guinea-Bissau,GNB,"School enrollment, primary (% gross)",SE.PRM.ENRR,2009,
Guinea-Bissau,GNB,"School enrollment, secondary (% gross)",SE.SEC.ENRR,2009,
Guinea-Bissau,GNB,"Literacy rate, adult total (% of people ages 15 and above)",SE.ADT.LITR.ZS,2009,
Guinea-Bissau,GNB,"Mortality rate, under-5 (per 1,000 live births)",SH.DYN.MORT,2009,120.2
Guinea-Bissau,GNB,"Life expectancy at birth, total (years)",SP.DYN.LE00.IN,2009,56.297
Guinea-Bissau,GNB,Current health expenditure (% of GDP),SH.XPD.CHEX.GD.ZS,2009,4.61063194
Guinea-Bissau,GNB,People using at least basic drinking water services (% of population),SH.H2O.BASW.ZS,2009,58.7369930495235
Guinea-Bissau,GNB,Access to electricity (% of population),EG.ELC.ACCS.ZS,2009,4.7
Guinea-Bissau,GNB,Individuals using the Internet (% of population),IT.NET.USER.ZS,2009,2.30328059172582
Cabo Verde,CPV,GDP (current US$),NY.GDP.MKTP.CD,2009,1852334575.17521
Cabo Verde,CPV,GDP per capita (current US$),NY.GDP.PCAP.CD,2009,3659.72046361628
Cabo Verde,CPV,GDP growth (annual %),NY.GDP.MKTP.KD.ZG,2009,-1.50358672385678
Cabo Verde,CPV,"Inflation, consumer prices (annual %)",FP.CPI.TOTL.ZG,2009,0.991103480568084
Cabo Verde,CPV,"Population, total",SP.POP.TOTL,2009,506141.0
Cabo Verde,CPV,Urban population (% of total population),SP.URB.TOTL.IN.ZS,2009,60.906420177019
Cabo Verde,CPV,Population growth (annual %),SP.POP.GROW,2009,0.950085360363308
Cabo Verde,CPV,Poverty headcount ratio at $3.00 a day (2021 PPP) (% of population),SI.POV.DDAY,2009,
Cabo Verde,CPV,Gini index,SI.POV.GINI,2009,
Cabo Verde,CPV,"School enrollment, primary (% gross)",SE.PRM.ENRR,2009,108.620460510254
Cabo Verde,CPV,"School enrollment, secondary (% gross)",SE.SEC.ENRR,2009,81.2256927490234
Cabo Verde,CPV,"Literacy rate, adult total (% of people ages 15 and above)",SE.ADT.LITR.ZS,2009,82.2189574366152
Cabo Verde,CPV,"Mortality rate, under-5 (per 1,000 live births)",SH.DYN.MORT,2009,27.5
Cabo Verde,CPV,"Life expectancy at birth, total (years)",SP.DYN.LE00.IN,2009,72.142
Cabo Verde,CPV,Current health expenditure (% of GDP),SH.XPD.CHEX.GD.ZS,2009,3.55867004
Cabo Verde,CPV,People using at least basic drinking water services (% of population),SH.H2O.BASW.ZS,2009,82.754314077093
Cabo Verde,CPV,Access to electricity (% of population),EG.ELC.ACCS.ZS,2009,74.1
Cabo Verde,CPV,Individuals using the Internet (% of population),IT.NET.USER.ZS,2009,21.0
Niger,NER,GDP (current US$),NY.GDP.MKTP.CD,2010,7851192502.30917
Niger,NER,GDP per capita (current US$),NY.GDP.PCAP.CD,2010,474.425692340831
Niger,NER,GDP growth (annual %),NY.GDP.MKTP.KD.ZG,2010,8.57816674262253
Niger,NER,"Inflation, consumer prices (annual %)",FP.CPI.TOTL.ZG,2010,0.804073080882659
Niger,NER,"Population, total",SP.POP.TOTL,2010,16548835.0
Niger,NER,Urban population (% of total population),SP.URB.TOTL.IN.ZS,2010,16.2416301279116
Niger,NER,Population growth (annual %),SP.POP.GROW,2010,3.72535077368531
Niger,NER,Poverty headcount ratio at $3.00 a day (2021 PPP) (% of population),SI.POV.DDAY,2010,
Niger,NER,Gini index,SI.POV.GINI,2010,
Niger,NER,"School enrollment, primary (% gross)",SE.PRM.ENRR,2010,61.5986113613618
Niger,NER,"School enrollment, secondary (% gross)",SE.SEC.ENRR,2010,12.8063202484136
Niger,NER,"Literacy rate, adult total (% of people ages 15 and above)",SE.ADT.LITR.ZS,2010,
Niger,NER,"Mortality rate, under-5 (per 1,000 live births)",SH.DYN.MORT,2010,136.0
Niger,NER,"Life expectancy at birth, total (years)",SP.DYN.LE00.IN,2010,57.08
Niger,NER,Current health expenditure (% of GDP),SH.XPD.CHEX.GD.ZS,2010,4.96100473
Niger,NER,People using at least basic drinking water services (% of population),SH.H2O.BASW.ZS,2010,43.8964824399921
Niger,NER,Access to electricity (% of population),EG.ELC.ACCS.ZS,2010,13.6
Niger,NER,Individuals using the Internet (% of population),IT.NET.USER.ZS,2010,0.829999983
Nigeria,NGA,GDP (current US$),NY.GDP.MKTP.CD,2010,366990417129.04
Nigeria,NGA,GDP per capita (current US$),NY.GDP.PCAP.CD,2010,2202.25672957344
Nigeria,NGA,GDP growth (annual %),NY.GDP.MKTP.KD.ZG,2010,8.00565591628701
Nigeria,NGA,"Inflation, consumer prices (annual %)",FP.CPI.TOTL.ZG,2010,13.7400521363694
Nigeria,NGA,"Population, total",SP.POP.TOTL,2010,166642886.0
Nigeria,NGA,Urban population (% of total population),SP.URB.TOTL.IN.ZS,2010,51.6778188255446
Nigeria,NGA,Population growth (annual %),SP.POP.GROW,2010,2.795149361277
Nigeria,NGA,Poverty headcount ratio at $3.00 a day (2021 PPP) (% of population),SI.POV.DDAY,2010,38.5
Nigeria,NGA,Gini index,SI.POV.GINI,2010,35.7
Nigeria,NGA,"School enrollment, primary (% gross)",SE.PRM.ENRR,2010,79.8300399780273
Nigeria,NGA,"School enrollment, secondary (% gross)",SE.SEC.ENRR,2010,41.7837982177734
Nigeria,NGA,"Literacy rate, adult total (% of people ages 15 and above)",SE.ADT.LITR.ZS,2010,
Nigeria,NGA,"Mortality rate, under-5 (per 1,000 live births)",SH.DYN.MORT,2010,126.3
Nigeria,NGA,"Life expectancy at birth, total (years)",SP.DYN.LE00.IN,2010,51.315
Nigeria,NGA,Current health expenditure (% of GDP),SH.XPD.CHEX.GD.ZS,2010,3.29653287
Nigeria,NGA,People using at least basic drinking water services (% of population),SH.H2O.BASW.ZS,2010,60.04206159591
Nigeria,NGA,Access to electricity (% of population),EG.ELC.ACCS.ZS,2010,48.0
Nigeria,NGA,Individuals using the Internet (% of population),IT.NET.USER.ZS,2010,11.5
Senegal,SEN,GDP (current US$),NY.GDP.MKTP.CD,2010,16121315909.0758
Senegal,SEN,GDP per capita (current US$),NY.GDP.PCAP.CD,2010,1275.88357492357
Senegal,SEN,GDP growth (annual %),NY.GDP.MKTP.KD.ZG,2010,3.39088925336209
Senegal,SEN,"Inflation, consumer prices (annual %)",FP.CPI.TOTL.ZG,2010,1.22868119673344
Senegal,SEN,"Population, total",SP.POP.TOTL,2010,12635413.0
Senegal,SEN,Urban population (% of total population),SP.URB.TOTL.IN.ZS,2010,43.6371785059692
Senegal,SEN,Population growth (annual %),SP.POP.GROW,2010,2.38690195279185
Senegal,SEN,Poverty headcount ratio at $3.00 a day (2021 PPP) (% of population),SI.POV.DDAY,2010,
Senegal,SEN,Gini index,SI.POV.GINI,2010,
Senegal,SEN,"School enrollment, primary (% gross)",SE.PRM.ENRR,2010,83.8549053927634
Senegal,SEN,"School enrollment, secondary (% gross)",SE.SEC.ENRR,2010,37.1267013549805
Senegal,SEN,"Literacy rate, adult total (% of people ages 15 and above)",SE.ADT.LITR.ZS,2010,
Senegal,SEN,"Mortality rate, under-5 (per 1,000 live births)",SH.DYN.MORT,2010,62.8
Senegal,SEN,"Life expectancy at birth, total (years)",SP.DYN.LE00.IN,2010,64.221
Senegal,SEN,Current health expenditure (% of GDP),SH.XPD.CHEX.GD.ZS,2010,4.02764368
Senegal,SEN,People using at least basic drinking water services (% of population),SH.H2O.BASW.ZS,2010,71.7047289784237
Senegal,SEN,Access to electricity (% of population),EG.ELC.ACCS.ZS,2010,56.5
Senegal,SEN,Individuals using the Internet (% of population),IT.NET.USER.ZS,2010,8.0
Cote d'Ivoire,CIV,GDP (current US$),NY.GDP.MKTP.CD,2010,34936307980.063
Cote d'Ivoire,CIV,GDP per capita (current US$),NY.GDP.PCAP.CD,2010,1553.54887048143
Cote d'Ivoire,CIV,GDP growth (annual %),NY.GDP.MKTP.KD.ZG,2010,6.84804939907013
Cote d'Ivoire,CIV,"Inflation, consumer prices (annual %)",FP.CPI.TOTL.ZG,2010,1.22645612135479
Cote d'Ivoire,CIV,"Population, total",SP.POP.TOTL,2010,22488065.0
Cote d'Ivoire,CIV,Urban population (% of total population),SP.URB.TOTL.IN.ZS,2010,47.2374301523201
Cote d'Ivoire,CIV,Population growth (annual %),SP.POP.GROW,2010,2.20359114199838
Cote d'Ivoire,CIV,Poverty headcount ratio at $3.00 a day (2021 PPP) (% of population),SI.POV.DDAY,2010,
Cote d'Ivoire,CIV,Gini index,SI.POV.GINI,2010,
Cote d'Ivoire,CIV,"School enrollment, primary (% gross)",SE.PRM.ENRR,2010,
Cote d'Ivoire,CIV,"School enrollment, secondary (% gross)",SE.SEC.ENRR,2010,
Cote d'Ivoire,CIV,"Literacy rate, adult total (% of people ages 15 and above)",SE.ADT.LITR.ZS,2010,
Cote d'Ivoire,CIV,"Mortality rate, under-5 (per 1,000 live births)",SH.DYN.MORT,2010,101.6
Cote d'Ivoire,CIV,"Life expectancy at birth, total (years)",SP.DYN.LE00.IN,2010,55.282
Cote d'Ivoire,CIV,Current health expenditure (% of GDP),SH.XPD.CHEX.GD.ZS,2010,4.57494831
Cote d'Ivoire,CIV,People using at least basic drinking water services (% of population),SH.H2O.BASW.ZS,2010,72.5255308385242
Cote d'Ivoire,CIV,Access to electricity (% of population),EG.ELC.ACCS.ZS,2010,58.4
Cote d'Ivoire,CIV,Individuals using the Internet (% of population),IT.NET.USER.ZS,2010,2.700000048
Ghana,GHA,GDP (current US$),NY.GDP.MKTP.CD,2010,32197655566.5347
Ghana,GHA,GDP per capita (current US$),NY.GDP.PCAP.CD,2010,1263.89251760539
Ghana,GHA,GDP growth (annual %),NY.GDP.MKTP.KD.ZG,2010,7.89971194051621
Ghana,GHA,"Inflation, consumer prices (annual %)",FP.CPI.TOTL.ZG,2010,10.7333898354915
Ghana,GHA,"Population, total",SP.POP.TOTL,2010,25474995.0
Ghana,GHA,Urban population (% of total population),SP.URB.TOTL.IN.ZS,2010,50.7296926788704
Ghana,GHA,Population growth (annual %),SP.POP.GROW,2010,2.43301424000427
Ghana,GHA,Poverty headcount ratio at $3.00 a day (2021 PPP) (% of population),SI.POV.DDAY,2010,
Ghana,GHA,Gini index,SI.POV.GINI,2010,
Ghana,GHA,"School enrollment, primary (% gross)",SE.PRM.ENRR,2010,
Ghana,GHA,"School enrollment, secondary (% gross)",SE.SEC.ENRR,2010,
Ghana,GHA,"Literacy rate, adult total (% of people ages 15 and above)",SE.ADT.LITR.ZS,2010,71.5
Ghana,GHA,"Mortality rate, under-5 (per 1,000 live births)",SH.DYN.MORT,2010,66.5
Ghana,GHA,"Life expectancy at birth, total (years)",SP.DYN.LE00.IN,2010,61.297
Ghana,GHA,Current health expenditure (% of GDP),SH.XPD.CHEX.GD.ZS,2010,4.52302933
Ghana,GHA,People using at least basic drinking water services (% of population),SH.H2O.BASW.ZS,2010,75.471267939183
Ghana,GHA,Access to electricity (% of population),EG.ELC.ACCS.ZS,2010,64.2
Ghana,GHA,Individuals using the Internet (% of population),IT.NET.USER.ZS,2010,7.8
Benin,BEN,GDP (current US$),NY.GDP.MKTP.CD,2010,9535345015.78355
Benin,BEN,GDP per capita (current US$),NY.GDP.PCAP.CD,2010,973.244254931526
Benin,BEN,GDP growth (annual %),NY.GDP.MKTP.KD.ZG,2010,2.11406472648392
Benin,BEN,"Inflation, consumer prices (annual %)",FP.CPI.TOTL.ZG,2010,2.20783532536523
Benin,BEN,"Population, total",SP.POP.TOTL,2010,9797484.0
Benin,BEN,Urban population (% of total population),SP.URB.TOTL.IN.ZS,2010,42.8916891239353
Benin,BEN,Population growth (annual %),SP.POP.GROW,2010,2.98424162798508
Benin,BEN,Poverty headcount ratio at $3.00 a day (2021 PPP) (% of population),SI.POV.DDAY,2010,
Benin,BEN,Gini index,SI.POV.GINI,2010,
Benin,BEN,"School enrollment, primary (% gross)",SE.PRM.ENRR,2010,112.795959472656
Benin,BEN,"School enrollment, secondary (% gross)",SE.SEC.ENRR,2010,
Benin,BEN,"Literacy rate, adult total (% of people ages 15 and above)",SE.ADT.LITR.ZS,2010,
Benin,BEN,"Mortality rate, under-5 (per 1,000 live births)",SH.DYN.MORT,2010,107.4
Benin,BEN,"Life expectancy at birth, total (years)",SP.DYN.LE00.IN,2010,58.387
Benin,BEN,Current health expenditure (% of GDP),SH.XPD.CHEX.GD.ZS,2010,3.01848245
Benin,BEN,People using at least basic drinking water services (% of population),SH.H2O.BASW.ZS,2010,64.8398943690565
Benin,BEN,Access to electricity (% of population),EG.ELC.ACCS.ZS,2010,34.2
Benin,BEN,Individuals using the Internet (% of population),IT.NET.USER.ZS,2010,3.13
Burkina Faso,BFA,GDP (current US$),NY.GDP.MKTP.CD,2010,10109619740.6994
Burkina Faso,BFA,GDP per capita (current US$),NY.GDP.PCAP.CD,2010,624.957252224766
Burkina Faso,BFA,GDP growth (annual %),NY.GDP.MKTP.KD.ZG,2010,8.44628157707625
Burkina Faso,BFA,"Inflation, consumer prices (annual %)",FP.CPI.TOTL.ZG,2010,-0.764230734676768
Burkina Faso,BFA,"Population, total",SP.POP.TOTL,2010,16176498.0
Burkina Faso,BFA,Urban population (% of total population),SP.URB.TOTL.IN.ZS,2010,24.115092498158
Burkina Faso,BFA,Population growth (annual %),SP.POP.GROW,2010,2.92577947499021
Burkina Faso,BFA,Poverty headcount ratio at $3.00 a day (2021 PPP) (% of population),SI.POV.DDAY,2010,
Burkina Faso,BFA,Gini index,SI.POV.GINI,2010,
Burkina Faso,BFA,"School enrollment, primary (% gross)",SE.PRM.ENRR,2010,76.4055299539171
Burkina Faso,BFA,"School enrollment, secondary (% gross)",SE.SEC.ENRR,2010,21.1780201888507
Burkina Faso,BFA,"Literacy rate, adult total (% of people ages 15 and above)",SE.ADT.LITR.ZS,2010,
Burkina Faso,BFA,"Mortality rate, under-5 (per 1,000 live births)",SH.DYN.MORT,2010,121.3
Burkina Faso,BFA,"Life expectancy at birth, total (years)",SP.DYN.LE00.IN,2010,56.343
Burkina Faso,BFA,Current health expenditure (% of GDP),SH.XPD.CHEX.GD.ZS,2010,5.28967237
Burkina Faso,BFA,People using at least basic drinking water services (% of population),SH.H2O.BASW.ZS,2010,53.5481792484168
Burkina Faso,BFA,Access to electricity (% of population),EG.ELC.ACCS.ZS,2010,13.1
Burkina Faso,BFA,Individuals using the Internet (% of population),IT.NET.USER.ZS,2010,2.400000095
Mali,MLI,GDP (current US$),NY.GDP.MKTP.CD,2010,12710739159.4045
Mali,MLI,GDP per capita (current US$),NY.GDP.PCAP.CD,2010,797.151541135109
Mali,MLI,GDP growth (annual %),NY.GDP.MKTP.KD.ZG,2010,5.57678859838062
Mali,MLI,"Inflation, consumer prices (annual %)",FP.CPI.TOTL.ZG,2010,1.10892690670186
Mali,MLI,"Population, total",SP.POP.TOTL,2010,15945198.0
Mali,MLI,Urban population (% of total population),SP.URB.TOTL.IN.ZS,2010,23.1359461824894
Mali,MLI,Population growth (annual %),SP.POP.GROW,2010,3.2485140091385
Mali,MLI,Poverty headcount ratio at $3.00 a day (2021 PPP) (% of population),SI.POV.DDAY,2010,
Mali,MLI,Gini index,SI.POV.GINI,2010,
Mali,MLI,"School enrollment, primary (% gross)",SE.PRM.ENRR,2010,78.2843194478002
Mali,MLI,"School enrollment, secondary (% gross)",SE.SEC.ENRR,2010,36.7189206176726
Mali,MLI,"Literacy rate, adult total (% of people ages 15 and above)",SE.ADT.LITR.ZS,2010,31.1000003814697
Mali,MLI,"Mortality rate, under-5 (per 1,000 live births)",SH.DYN.MORT,2010,133.8
Mali,MLI,"Life expectancy at birth, total (years)",SP.DYN.LE00.IN,2010,55.993
Mali,MLI,Current health expenditure (% of GDP),SH.XPD.CHEX.GD.ZS,2010,4.67867136
Mali,MLI,People using at least basic drinking water services (% of population),SH.H2O.BASW.ZS,2010,65.6825064344256
Mali,MLI,Access to electricity (% of population),EG.ELC.ACCS.ZS,2010,27.0
Mali,MLI,Individuals using the Internet (% of population),IT.NET.USER.ZS,2010,2.0
Mauritania,MRT,GDP (current US$),NY.GDP.MKTP.CD,2010,5628878797.98257
Mauritania,MRT,GDP per capita (current US$),NY.GDP.PCAP.CD,2010,1659.96369705455
Mauritania,MRT,GDP growth (annual %),NY.GDP.MKTP.KD.ZG,2010,2.62022948104543
Mauritania,MRT,"Inflation, consumer prices (annual %)",FP.CPI.TOTL.ZG,2010,6.28354087427704
Mauritania,MRT,"Population, total",SP.POP.TOTL,2010,3390965.0
Mauritania,MRT,Urban population (% of total population),SP.URB.TOTL.IN.ZS,2010,45.9541923109942
Mauritania,MRT,Population growth (annual %),SP.POP.GROW,2010,3.19159403639576
Mauritania,MRT,Poverty headcount ratio at $3.00 a day (2021 PPP) (% of population),SI.POV.DDAY,2010,
Mauritania,MRT,Gini index,SI.POV.GINI,2010,
Mauritania,MRT,"School enrollment, primary (% gross)",SE.PRM.ENRR,2010,97.8571652188966
Mauritania,MRT,"School enrollment, secondary (% gross)",SE.SEC.ENRR,2010,20.4244003295898
Mauritania,MRT,"Literacy rate, adult total (% of people ages 15 and above)",SE.ADT.LITR.ZS,2010,
Mauritania,MRT,"Mortality rate, under-5 (per 1,000 live births)",SH.DYN.MORT,2010,56.8
Mauritania,MRT,"Life expectancy at birth, total (years)",SP.DYN.LE00.IN,2010,65.661
Mauritania,MRT,Current health expenditure (% of GDP),SH.XPD.CHEX.GD.ZS,2010,2.63618922
Mauritania,MRT,People using at least basic drinking water services (% of population),SH.H2O.BASW.ZS,2010,56.0793137596393
Mauritania,MRT,Access to electricity (% of population),EG.ELC.ACCS.ZS,2010,34.2
Mauritania,MRT,Individuals using the Internet (% of population),IT.NET.USER.ZS,2010,4.0
Togo,TGO,GDP (current US$),NY.GDP.MKTP.CD,2010,4746386893.22553
Togo,TGO,GDP per capita (current US$),NY.GDP.PCAP.CD,2010,704.986772286079
Togo,TGO,GDP growth (annual %),NY.GDP.MKTP.KD.ZG,2010,5.85433399076879
Togo,TGO,"Inflation, consumer prices (annual %)",FP.CPI.TOTL.ZG,2010,1.44594517430864
Togo,TGO,"Population, total",SP.POP.TOTL,2010,6732590.0
Togo,TGO,Urban population (% of total population),SP.URB.TOTL.IN.ZS,2010,37.5545882975638
Togo,TGO,Population growth (annual %),SP.POP.GROW,2010,2.72101716624637
Togo,TGO,Poverty headcount ratio at $3.00 a day (2021 PPP) (% of population),SI.POV.DDAY,2010,
Togo,TGO,Gini index,SI.POV.GINI,2010,
Togo,TGO,"School enrollment, primary (% gross)",SE.PRM.ENRR,2010,124.709514209282
Togo,TGO,"School enrollment, secondary (% gross)",SE.SEC.ENRR,2010,
Togo,TGO,"Literacy rate, adult total (% of people ages 15 and above)",SE.ADT.LITR.ZS,2010,57.2000007629395
Togo,TGO,"Mortality rate, under-5 (per 1,000 live births)",SH.DYN.MORT,2010,88.3
Togo,TGO,"Life expectancy at birth, total (years)",SP.DYN.LE00.IN,2010,57.24
Togo,TGO,Current health expenditure (% of GDP),SH.XPD.CHEX.GD.ZS,2010,4.33284378
Togo,TGO,People using at least basic drinking water services (% of population),SH.H2O.BASW.ZS,2010,56.1360720615008
Togo,TGO,Access to electricity (% of population),EG.ELC.ACCS.ZS,2010,30.8
Togo,TGO,Individuals using the Internet (% of population),IT.NET.USER.ZS,2010,3.0
Guinea,GIN,GDP (current US$),NY.GDP.MKTP.CD,2010,6853467145.53089
Guinea,GIN,GDP per capita (current US$),NY.GDP.PCAP.CD,2010,659.235326211315
Guinea,GIN,GDP growth (annual %),NY.GDP.MKTP.KD.ZG,2010,4.81336016967553
Guinea,GIN,"Inflation, consumer prices (annual %)",FP.CPI.TOTL.ZG,2010,15.0502688559001
Guinea,GIN,"Population, total",SP.POP.TOTL,2010,10396086.0
Guinea,GIN,Urban population (% of total population),SP.URB.TOTL.IN.ZS,2010,33.8075426880206
Guinea,GIN,Population growth (annual %),SP.POP.GROW,2010,2.45929310036327
Guinea,GIN,Poverty headcount ratio at $3.00 a day (2021 PPP) (% of population),SI.POV.DDAY,2010,
Guinea,GIN,Gini index,SI.POV.GINI,2010,
Guinea,GIN,"School enrollment, primary (% gross)",SE.PRM.ENRR,2010,85.6168670654297
Guinea,GIN,"School enrollment, secondary (% gross)",SE.SEC.ENRR,2010,
Guinea,GIN,"Literacy rate, adult total (% of people ages 15 and above)",SE.ADT.LITR.ZS,2010,25.3099994659424
Guinea,GIN,"Mortality rate, under-5 (per 1,000 live births)",SH.DYN.MORT,2010,122.2
Guinea,GIN,"Life expectancy at birth, total (years)",SP.DYN.LE00.IN,2010,56.431
Guinea,GIN,Current health expenditure (% of GDP),SH.XPD.CHEX.GD.ZS,2010,3.42781734
Guinea,GIN,People using at least basic drinking water services (% of population),SH.H2O.BASW.ZS,2010,57.184097462228
Guinea,GIN,Access to electricity (% of population),EG.ELC.ACCS.ZS,2010,28.1
Guinea,GIN,Individuals using the Internet (% of population),IT.NET.USER.ZS,2010,1.0
"Gambia, The",GMB,GDP (current US$),NY.GDP.MKTP.CD,2010,1543294926.87301
"Gambia, The",GMB,GDP per capita (current US$),NY.GDP.PCAP.CD,2010,801.033372714536
"Gambia, The",GMB,GDP growth (annual %),NY.GDP.MKTP.KD.ZG,2010,5.90833580968288
"Gambia, The",GMB,"Inflation, consumer prices (annual %)",FP.CPI.TOTL.ZG,2010,5.04968075857402
"Gambia, The",GMB,"Population, total",SP.POP.TOTL,2010,1926630.0
"Gambia, The",GMB,Urban population (% of total population),SP.URB.TOTL.IN.ZS,2010,56.0110896605662
"Gambia, The",GMB,Population growth (annual %),SP.POP.GROW,2010,2.90737929979677
"Gambia, The",GMB,Poverty headcount ratio at $3.00 a day (2021 PPP) (% of population),SI.POV.DDAY,2010,34.2
"Gambia, The",GMB,Gini index,SI.POV.GINI,2010,43.6
"Gambia, The",GMB,"School enrollment, primary (% gross)",SE.PRM.ENRR,2010,73.4599827384096
"Gambia, The",GMB,"School enrollment, secondary (% gross)",SE.SEC.ENRR,2010,45.5351409912109
"Gambia, The",GMB,"Literacy rate, adult total (% of people ages 15 and above)",SE.ADT.LITR.ZS,2010,
"Gambia, The",GMB,"Mortality rate, under-5 (per 1,000 live births)",SH.DYN.MORT,2010,72.7
"Gambia, The",GMB,"Life expectancy at birth, total (years)",SP.DYN.LE00.IN,2010,61.167
"Gambia, The",GMB,Current health expenditure (% of GDP),SH.XPD.CHEX.GD.ZS,2010,4.11944056
"Gambia, The",GMB,People using at least basic drinking water services (% of population),SH.H2O.BASW.ZS,2010,78.5938369652341
"Gambia, The",GMB,Access to electricity (% of population),EG.ELC.ACCS.ZS,2010,46.8
"Gambia, The",GMB,Individuals using the Internet (% of population),IT.NET.USER.ZS,2010,9.2
Sierra Leone,SLE,GDP (current US$),NY.GDP.MKTP.CD,2010,4262805966.78755
Sierra Leone,SLE,GDP per capita (current US$),NY.GDP.PCAP.CD,2010,685.039673490948
Sierra Leone,SLE,GDP growth (annual %),NY.GDP.MKTP.KD.ZG,2010,6.35566595800495
Sierra Leone,SLE,"Inflation, consumer prices (annual %)",FP.CPI.TOTL.ZG,2010,7.18566275668163
Sierra Leone,SLE,"Population, total",SP.POP.TOTL,2010,6222714.0
Sierra Leone,SLE,Urban population (% of total population),SP.URB.TOTL.IN.ZS,2010,38.6417328938613
Sierra Leone,SLE,Population growth (annual %),SP.POP.GROW,2010,2.72150859888002
Sierra Leone,SLE,Poverty headcount ratio at $3.00 a day (2021 PPP) (% of population),SI.POV.DDAY,2010,
Sierra Leone,SLE,Gini index,SI.POV.GINI,2010,
Sierra Leone,SLE,"School enrollment, primary (% gross)",SE.PRM.ENRR,2010,
Sierra Leone,SLE,"School enrollment, secondary (% gross)",SE.SEC.ENRR,2010,
Sierra Leone,SLE,"Literacy rate, adult total (% of people ages 15 and above)",SE.ADT.LITR.ZS,2010,
Sierra Leone,SLE,"Mortality rate, under-5 (per 1,000 live births)",SH.DYN.MORT,2010,157.9
Sierra Leone,SLE,"Life expectancy at birth, total (years)",SP.DYN.LE00.IN,2010,51.927
Sierra Leone,SLE,Current health expenditure (% of GDP),SH.XPD.CHEX.GD.ZS,2010,5.64204741
Sierra Leone,SLE,People using at least basic drinking water services (% of population),SH.H2O.BASW.ZS,2010,51.6994418329327
Sierra Leone,SLE,Access to electricity (% of population),EG.ELC.ACCS.ZS,2010,11.5
Sierra Leone,SLE,Individuals using the Internet (% of population),IT.NET.USER.ZS,2010,0.579999983
Liberia,LBR,GDP (current US$),NY.GDP.MKTP.CD,2010,1998000000.0
Liberia,LBR,GDP per capita (current US$),NY.GDP.PCAP.CD,2010,492.252808033724
Liberia,LBR,GDP growth (annual %),NY.GDP.MKTP.KD.ZG,2010,6.09982524004147
Liberia,LBR,"Inflation, consumer prices (annual %)",FP.CPI.TOTL.ZG,2010,7.28992796890218
Liberia,LBR,"Population, total",SP.POP.TOTL,2010,4058890.0
Liberia,LBR,Urban population (% of total population),SP.URB.TOTL.IN.ZS,2010,48.1407517057907
Liberia,LBR,Population growth (annual %),SP.POP.GROW,2010,2.89605811562763
Liberia,LBR,Poverty headcount ratio at $3.00 a day (2021 PPP) (% of population),SI.POV.DDAY,2010,
Liberia,LBR,Gini index,SI.POV.GINI,2010,
Liberia,LBR,"School enrollment, primary (% gross)",SE.PRM.ENRR,2010,
Liberia,LBR,"School enrollment, secondary (% gross)",SE.SEC.ENRR,2010,
Liberia,LBR,"Literacy rate, adult total (% of people ages 15 and above)",SE.ADT.LITR.ZS,2010,59.4030316392756
Liberia,LBR,"Mortality rate, under-5 (per 1,000 live births)",SH.DYN.MORT,2010,105.7
Liberia,LBR,"Life expectancy at birth, total (years)",SP.DYN.LE00.IN,2010,59.358
Liberia,LBR,Current health expenditure (% of GDP),SH.XPD.CHEX.GD.ZS,2010,8.43860245
Liberia,LBR,People using at least basic drinking water services (% of population),SH.H2O.BASW.ZS,2010,69.1652648922475
Liberia,LBR,Access to electricity (% of population),EG.ELC.ACCS.ZS,2010,5.3
Liberia,LBR,Individuals using the Internet (% of population),IT.NET.USER.ZS,2010,2.3
Guinea-Bissau,GNB,GDP (current US$),NY.GDP.MKTP.CD,2010,940112538.936436
Guinea-Bissau,GNB,GDP per capita (current US$),NY.GDP.PCAP.CD,2010,600.194298540768
Guinea-Bissau,GNB,GDP growth (annual %),NY.GDP.MKTP.KD.ZG,2010,5.60536311358261
Guinea-Bissau,GNB,"Inflation, consumer prices (annual %)",FP.CPI.TOTL.ZG,2010,2.51785140171701
Guinea-Bissau,GNB,"Population, total",SP.POP.TOTL,2010,1566347.0
Guinea-Bissau,GNB,Urban population (% of total population),SP.URB.TOTL.IN.ZS,2010,40.0095596313477
Guinea-Bissau,GNB,Population growth (annual %),SP.POP.GROW,2010,2.58492032110101
Guinea-Bissau,GNB,Poverty headcount ratio at $3.00 a day (2021 PPP) (% of population),SI.POV.DDAY,2010,75.7
Guinea-Bissau,GNB,Gini index,SI.POV.GINI,2010,50.6
Guinea-Bissau,GNB,"School enrollment, primary (% gross)",SE.PRM.ENRR,2010,113.436782836914
Guinea-Bissau,GNB,"School enrollment, secondary (% gross)",SE.SEC.ENRR,2010,
Guinea-Bissau,GNB,"Literacy rate, adult total (% of people ages 15 and above)",SE.ADT.LITR.ZS,2010,
Guinea-Bissau,GNB,"Mortality rate, under-5 (per 1,000 live births)",SH.DYN.MORT,2010,114.3
Guinea-Bissau,GNB,"Life expectancy at birth, total (years)",SP.DYN.LE00.IN,2010,56.999
Guinea-Bissau,GNB,Current health expenditure (% of GDP),SH.XPD.CHEX.GD.ZS,2010,4.87133694
Guinea-Bissau,GNB,People using at least basic drinking water services (% of population),SH.H2O.BASW.ZS,2010,59.0561288356576
Guinea-Bissau,GNB,Access to electricity (% of population),EG.ELC.ACCS.ZS,2010,6.0
Guinea-Bissau,GNB,Individuals using the Internet (% of population),IT.NET.USER.ZS,2010,2.450000048
Cabo Verde,CPV,GDP (current US$),NY.GDP.MKTP.CD,2010,1824751467.92957
Cabo Verde,CPV,GDP per capita (current US$),NY.GDP.PCAP.CD,2010,3579.46006137809
Cabo Verde,CPV,GDP growth (annual %),NY.GDP.MKTP.KD.ZG,2010,1.83641914989978
Cabo Verde,CPV,"Inflation, consumer prices (annual %)",FP.CPI.TOTL.ZG,2010,2.07866470906423
Cabo Verde,CPV,"Population, total",SP.POP.TOTL,2010,509784.0
Cabo Verde,CPV,Urban population (% of total population),SP.URB.TOTL.IN.ZS,2010,61.7974262732302
Cabo Verde,CPV,Population growth (annual %),SP.POP.GROW,2010,0.717181999615317
Cabo Verde,CPV,Poverty headcount ratio at $3.00 a day (2021 PPP) (% of population),SI.POV.DDAY,2010,
Cabo Verde,CPV,Gini index,SI.POV.GINI,2010,
Cabo Verde,CPV,"School enrollment, primary (% gross)",SE.PRM.ENRR,2010,107.555528675325
Cabo Verde,CPV,"School enrollment, secondary (% gross)",SE.SEC.ENRR,2010,83.5471330073283
Cabo Verde,CPV,"Literacy rate, adult total (% of people ages 15 and above)",SE.ADT.LITR.ZS,2010,
Cabo Verde,CPV,"Mortality rate, under-5 (per 1,000 live births)",SH.DYN.MORT,2010,26.7
Cabo Verde,CPV,"Life expectancy at birth, total (years)",SP.DYN.LE00.IN,2010,72.507
Cabo Verde,CPV,Current health expenditure (% of GDP),SH.XPD.CHEX.GD.ZS,2010,4.08085394
Cabo Verde,CPV,People using at least basic drinking water services (% of population),SH.H2O.BASW.ZS,2010,83.1663318440796
Cabo Verde,CPV,Access to electricity (% of population),EG.ELC.ACCS.ZS,2010,81.1
Cabo Verde,CPV,Individuals using the Internet (% of population),IT.NET.USER.ZS,2010,30.0
Niger,NER,GDP (current US$),NY.GDP.MKTP.CD,2011,8772950777.79176
Niger,NER,GDP per capita (current US$),NY.GDP.PCAP.CD,2011,510.75956176268
Niger,NER,GDP growth (annual %),NY.GDP.MKTP.KD.ZG,2011,2.35775693603874
Niger,NER,"Inflation, consumer prices (annual %)",FP.CPI.TOTL.ZG,2011,2.9423851401332
Niger,NER,"Population, total",SP.POP.TOTL,2011,17176283.0
Niger,NER,Urban population (% of total population),SP.URB.TOTL.IN.ZS,2011,16.2303066053496
Niger,NER,Population growth (annual %),SP.POP.GROW,2011,3.72138303234104
Niger,NER,Poverty headcount ratio at $3.00 a day (2021 PPP) (% of population),SI.POV.DDAY,2011,68.8
Niger,NER,Gini index,SI.POV.GINI,2011,31.5
Niger,NER,"School enrollment, primary (% gross)",SE.PRM.ENRR,2011,65.2535100604653
Niger,NER,"School enrollment, secondary (% gross)",SE.SEC.ENRR,2011,13.6643213754076
Niger,NER,"Literacy rate, adult total (% of people ages 15 and above)",SE.ADT.LITR.ZS,2011,
Niger,NER,"Mortality rate, under-5 (per 1,000 live births)",SH.DYN.MORT,2011,132.7
Niger,NER,"Life expectancy at birth, total (years)",SP.DYN.LE00.IN,2011,57.6
Niger,NER,Current health expenditure (% of GDP),SH.XPD.CHEX.GD.ZS,2011,4.87323856
Niger,NER,People using at least basic drinking water services (% of population),SH.H2O.BASW.ZS,2011,44.5891012347432
Niger,NER,Access to electricity (% of population),EG.ELC.ACCS.ZS,2011,14.3
Niger,NER,Individuals using the Internet (% of population),IT.NET.USER.ZS,2011,0.9
Nigeria,NGA,GDP (current US$),NY.GDP.MKTP.CD,2011,414466676831.16
Nigeria,NGA,GDP per capita (current US$),NY.GDP.PCAP.CD,2011,2418.41316975875
Nigeria,NGA,GDP growth (annual %),NY.GDP.MKTP.KD.ZG,2011,5.30792420289453
Nigeria,NGA,"Inflation, consumer prices (annual %)",FP.CPI.TOTL.ZG,2011,10.8261371880017
Nigeria,NGA,"Population, total",SP.POP.TOTL,2011,171379598.0
Nigeria,NGA,Urban population (% of total population),SP.URB.TOTL.IN.ZS,2011,52.490352424079
Nigeria,NGA,Population growth (annual %),SP.POP.GROW,2011,2.80278519998649
Nigeria,NGA,Poverty headcount ratio at $3.00 a day (2021 PPP) (% of population),SI.POV.DDAY,2011,
Nigeria,NGA,Gini index,SI.POV.GINI,2011,
Nigeria,NGA,"School enrollment, primary (% gross)",SE.PRM.ENRR,2011,84.6805572509766
Nigeria,NGA,"School enrollment, secondary (% gross)",SE.SEC.ENRR,2011,43.0239906311035
Nigeria,NGA,"Literacy rate, adult total (% of people ages 15 and above)",SE.ADT.LITR.ZS,2011,
Nigeria,NGA,"Mortality rate, under-5 (per 1,000 live births)",SH.DYN.MORT,2011,123.8
Nigeria,NGA,"Life expectancy at birth, total (years)",SP.DYN.LE00.IN,2011,51.49
Nigeria,NGA,Current health expenditure (% of GDP),SH.XPD.CHEX.GD.ZS,2011,3.32077932
Nigeria,NGA,People using at least basic drinking water services (% of population),SH.H2O.BASW.ZS,2011,61.6552661645974
Nigeria,NGA,Access to electricity (% of population),EG.ELC.ACCS.ZS,2011,55.9
Nigeria,NGA,Individuals using the Internet (% of population),IT.NET.USER.ZS,2011,13.80000019
Senegal,SEN,GDP (current US$),NY.GDP.MKTP.CD,2011,17814283639.3119
Senegal,SEN,GDP per capita (current US$),NY.GDP.PCAP.CD,2011,1374.67591873844
Senegal,SEN,GDP growth (annual %),NY.GDP.MKTP.KD.ZG,2011,1.33409107961258
Senegal,SEN,"Inflation, consumer prices (annual %)",FP.CPI.TOTL.ZG,2011,3.40322829786971
Senegal,SEN,"Population, total",SP.POP.TOTL,2011,12958897.0
Senegal,SEN,Urban population (% of total population),SP.URB.TOTL.IN.ZS,2011,44.0689668509475
Senegal,SEN,Population growth (annual %),SP.POP.GROW,2011,2.52791519909846
Senegal,SEN,Poverty headcount ratio at $3.00 a day (2021 PPP) (% of population),SI.POV.DDAY,2011,53.3
Senegal,SEN,Gini index,SI.POV.GINI,2011,40.3
Senegal,SEN,"School enrollment, primary (% gross)",SE.PRM.ENRR,2011,86.5724487304688
Senegal,SEN,"School enrollment, secondary (% gross)",SE.SEC.ENRR,2011,42.6368983156004
Senegal,SEN,"Literacy rate, adult total (% of people ages 15 and above)",SE.ADT.LITR.ZS,2011,51.810001373291
Senegal,SEN,"Mortality rate, under-5 (per 1,000 live births)",SH.DYN.MORT,2011,60.0
Senegal,SEN,"Life expectancy at birth, total (years)",SP.DYN.LE00.IN,2011,64.799
Senegal,SEN,Current health expenditure (% of GDP),SH.XPD.CHEX.GD.ZS,2011,4.21416712
Senegal,SEN,People using at least basic drinking water services (% of population),SH.H2O.BASW.ZS,2011,72.9034178534763
Senegal,SEN,Access to electricity (% of population),EG.ELC.ACCS.ZS,2011,56.5
Senegal,SEN,Individuals using the Internet (% of population),IT.NET.USER.ZS,2011,9.800000191
Cote d'Ivoire,CIV,GDP (current US$),NY.GDP.MKTP.CD,2011,36693710801.3976
Cote d'Ivoire,CIV,GDP per capita (current US$),NY.GDP.PCAP.CD,2011,1596.62826565998
Cote d'Ivoire,CIV,GDP growth (annual %),NY.GDP.MKTP.KD.ZG,2011,-5.37044724000579
Cote d'Ivoire,CIV,"Inflation, consumer prices (annual %)",FP.CPI.TOTL.ZG,2011,4.9124339505245
Cote d'Ivoire,CIV,"Population, total",SP.POP.TOTL,2011,22982000.0
Cote d'Ivoire,CIV,Urban population (% of total population),SP.URB.TOTL.IN.ZS,2011,47.6797551269623
Cote d'Ivoire,CIV,Population growth (annual %),SP.POP.GROW,2011,2.17265768049368
Cote d'Ivoire,CIV,Poverty headcount ratio at $3.00 a day (2021 PPP) (% of population),SI.POV.DDAY,2011,
Cote d'Ivoire,CIV,Gini index,SI.POV.GINI,2011,
Cote d'Ivoire,CIV,"School enrollment, primary (% gross)",SE.PRM.ENRR,2011,73.5641637291114
Cote d'Ivoire,CIV,"School enrollment, secondary (% gross)",SE.SEC.ENRR,2011,
Cote d'Ivoire,CIV,"Literacy rate, adult total (% of people ages 15 and above)",SE.ADT.LITR.ZS,2011,
Cote d'Ivoire,CIV,"Mortality rate, under-5 (per 1,000 live births)",SH.DYN.MORT,2011,98.4
Cote d'Ivoire,CIV,"Life expectancy at birth, total (years)",SP.DYN.LE00.IN,2011,55.972
Cote d'Ivoire,CIV,Current health expenditure (% of GDP),SH.XPD.CHEX.GD.ZS,2011,4.39700699
Cote d'Ivoire,CIV,People using at least basic drinking water services (% of population),SH.H2O.BASW.ZS,2011,72.8823142494903
Cote d'Ivoire,CIV,Access to electricity (% of population),EG.ELC.ACCS.ZS,2011,55.8
Cote d'Ivoire,CIV,Individuals using the Internet (% of population),IT.NET.USER.ZS,2011,2.900000095
Ghana,GHA,GDP (current US$),NY.GDP.MKTP.CD,2011,39336668080.559
Ghana,GHA,GDP per capita (current US$),NY.GDP.PCAP.CD,2011,1507.43573198753
Ghana,GHA,GDP growth (annual %),NY.GDP.MKTP.KD.ZG,2011,14.0471235803149
Ghana,GHA,"Inflation, consumer prices (annual %)",FP.CPI.TOTL.ZG,2011,8.7284593709302
Ghana,GHA,"Population, total",SP.POP.TOTL,2011,26095088.0
Ghana,GHA,Urban population (% of total population),SP.URB.TOTL.IN.ZS,2011,51.3304086646488
Ghana,GHA,Population growth (annual %),SP.POP.GROW,2011,2.40497145453178
Ghana,GHA,Poverty headcount ratio at $3.00 a day (2021 PPP) (% of population),SI.POV.DDAY,2011,
Ghana,GHA,Gini index,SI.POV.GINI,2011,
Ghana,GHA,"School enrollment, primary (% gross)",SE.PRM.ENRR,2011,99.4130783081055
Ghana,GHA,"School enrollment, secondary (% gross)",SE.SEC.ENRR,2011,55.6069297790527
Ghana,GHA,"Literacy rate, adult total (% of people ages 15 and above)",SE.ADT.LITR.ZS,2011,
Ghana,GHA,"Mortality rate, under-5 (per 1,000 live births)",SH.DYN.MORT,2011,63.3
Ghana,GHA,"Life expectancy at birth, total (years)",SP.DYN.LE00.IN,2011,61.617
Ghana,GHA,Current health expenditure (% of GDP),SH.XPD.CHEX.GD.ZS,2011,4.46374655
Ghana,GHA,People using at least basic drinking water services (% of population),SH.H2O.BASW.ZS,2011,76.5016404793149
Ghana,GHA,Access to electricity (% of population),EG.ELC.ACCS.ZS,2011,64.1
Ghana,GHA,Individuals using the Internet (% of population),IT.NET.USER.ZS,2011,9.0
Benin,BEN,GDP (current US$),NY.GDP.MKTP.CD,2011,10693321363.6574
Benin,BEN,GDP per capita (current US$),NY.GDP.PCAP.CD,2011,1059.41358852588
Benin,BEN,GDP growth (annual %),NY.GDP.MKTP.KD.ZG,2011,2.96375291904201
Benin,BEN,"Inflation, consumer prices (annual %)",FP.CPI.TOTL.ZG,2011,2.7042390774728
Benin,BEN,"Population, total",SP.POP.TOTL,2011,10093623.0
Benin,BEN,Urban population (% of total population),SP.URB.TOTL.IN.ZS,2011,43.4616136137276
Benin,BEN,Population growth (annual %),SP.POP.GROW,2011,2.97782202797765
Benin,BEN,Poverty headcount ratio at $3.00 a day (2021 PPP) (% of population),SI.POV.DDAY,2011,68.4
Benin,BEN,Gini index,SI.POV.GINI,2011,43.4
Benin,BEN,"School enrollment, primary (% gross)",SE.PRM.ENRR,2011,114.723129272461
Benin,BEN,"School enrollment, secondary (% gross)",SE.SEC.ENRR,2011,45.7294692993164
Benin,BEN,"Literacy rate, adult total (% of people ages 15 and above)",SE.ADT.LITR.ZS,2011,44.6881229256471
Benin,BEN,"Mortality rate, under-5 (per 1,000 live births)",SH.DYN.MORT,2011,105.1
Benin,BEN,"Life expectancy at birth, total (years)",SP.DYN.LE00.IN,2011,58.462
Benin,BEN,Current health expenditure (% of GDP),SH.XPD.CHEX.GD.ZS,2011,2.99865556
Benin,BEN,People using at least basic drinking water services (% of population),SH.H2O.BASW.ZS,2011,65.2045676976255
Benin,BEN,Access to electricity (% of population),EG.ELC.ACCS.ZS,2011,36.9
Benin,BEN,Individuals using the Internet (% of population),IT.NET.USER.ZS,2011,4.14832306562512
Burkina Faso,BFA,GDP (current US$),NY.GDP.MKTP.CD,2011,12080295977.5632
Burkina Faso,BFA,GDP per capita (current US$),NY.GDP.PCAP.CD,2011,725.024767725475
Burkina Faso,BFA,GDP growth (annual %),NY.GDP.MKTP.KD.ZG,2011,6.62256261306693
Burkina Faso,BFA,"Inflation, consumer prices (annual %)",FP.CPI.TOTL.ZG,2011,2.75976724854534
Burkina Faso,BFA,"Population, total",SP.POP.TOTL,2011,16661908.0
Burkina Faso,BFA,Urban population (% of total population),SP.URB.TOTL.IN.ZS,2011,24.4682976845657
Burkina Faso,BFA,Population growth (annual %),SP.POP.GROW,2011,2.95657078370668
Burkina Faso,BFA,Poverty headcount ratio at $3.00 a day (2021 PPP) (% of population),SI.POV.DDAY,2011,
Burkina Faso,BFA,Gini index,SI.POV.GINI,2011,
Burkina Faso,BFA,"School enrollment, primary (% gross)",SE.PRM.ENRR,2011,79.7322151346571
Burkina Faso,BFA,"School enrollment, secondary (% gross)",SE.SEC.ENRR,2011,23.1764371916742
Burkina Faso,BFA,"Literacy rate, adult total (% of people ages 15 and above)",SE.ADT.LITR.ZS,2011,
Burkina Faso,BFA,"Mortality rate, under-5 (per 1,000 live births)",SH.DYN.MORT,2011,116.6
Burkina Faso,BFA,"Life expectancy at birth, total (years)",SP.DYN.LE00.IN,2011,57.001
Burkina Faso,BFA,Current health expenditure (% of GDP),SH.XPD.CHEX.GD.ZS,2011,4.64868164
Burkina Faso,BFA,People using at least basic drinking water services (% of population),SH.H2O.BASW.ZS,2011,53.2337210751368
Burkina Faso,BFA,Access to electricity (% of population),EG.ELC.ACCS.ZS,2011,14.8
Burkina Faso,BFA,Individuals using the Internet (% of population),IT.NET.USER.ZS,2011,3.0
Mali,MLI,GDP (current US$),NY.GDP.MKTP.CD,2011,15452791789.0031
Mali,MLI,GDP per capita (current US$),NY.GDP.PCAP.CD,2011,938.292902583696
Mali,MLI,GDP growth (annual %),NY.GDP.MKTP.KD.ZG,2011,2.93537897086446
Mali,MLI,"Inflation, consumer prices (annual %)",FP.CPI.TOTL.ZG,2011,2.95564395229392
Mali,MLI,"Population, total",SP.POP.TOTL,2011,16469049.0
Mali,MLI,Urban population (% of total population),SP.URB.TOTL.IN.ZS,2011,23.6379674039304
Mali,MLI,Population growth (annual %),SP.POP.GROW,2011,3.23250831038309
Mali,MLI,Poverty headcount ratio at $3.00 a day (2021 PPP) (% of population),SI.POV.DDAY,2011,
Mali,MLI,Gini index,SI.POV.GINI,2011,
Mali,MLI,"School enrollment, primary (% gross)",SE.PRM.ENRR,2011,78.6656430079497
Mali,MLI,"School enrollment, secondary (% gross)",SE.SEC.ENRR,2011,38.7492137225876
Mali,MLI,"Literacy rate, adult total (% of people ages 15 and above)",SE.ADT.LITR.ZS,2011,30.6200008392334
Mali,MLI,"Mortality rate, under-5 (per 1,000 live births)",SH.DYN.MORT,2011,128.8
Mali,MLI,"Life expectancy at birth, total (years)",SP.DYN.LE00.IN,2011,56.367
Mali,MLI,Current health expenditure (% of GDP),SH.XPD.CHEX.GD.ZS,2011,4.01485014
Mali,MLI,People using at least basic drinking water services (% of population),SH.H2O.BASW.ZS,2011,67.2626511406481
Mali,MLI,Access to electricity (% of population),EG.ELC.ACCS.ZS,2011,28.8
Mali,MLI,Individuals using the Internet (% of population),IT.NET.USER.ZS,2011,2.2
Mauritania,MRT,GDP (current US$),NY.GDP.MKTP.CD,2011,6764627745.9033
Mauritania,MRT,GDP per capita (current US$),NY.GDP.PCAP.CD,2011,1931.19975525465
Mauritania,MRT,GDP growth (annual %),NY.GDP.MKTP.KD.ZG,2011,4.17278327815399
Mauritania,MRT,"Inflation, consumer prices (annual %)",FP.CPI.TOTL.ZG,2011,5.68631959575954
Mauritania,MRT,"Population, total",SP.POP.TOTL,2011,3502811.0
Mauritania,MRT,Urban population (% of total population),SP.URB.TOTL.IN.ZS,2011,47.1350407023691
Mauritania,MRT,Population growth (annual %),SP.POP.GROW,2011,3.24512473547367
Mauritania,MRT,Poverty headcount ratio at $3.00 a day (2021 PPP) (% of population),SI.POV.DDAY,2011,
Mauritania,MRT,Gini index,SI.POV.GINI,2011,
Mauritania,MRT,"School enrollment, primary (% gross)",SE.PRM.ENRR,2011,95.4359624506773
Mauritania,MRT,"School enrollment, secondary (% gross)",SE.SEC.ENRR,2011,22.7523097991943
Mauritania,MRT,"Literacy rate, adult total (% of people ages 15 and above)",SE.ADT.LITR.ZS,2011,
Mauritania,MRT,"Mortality rate, under-5 (per 1,000 live births)",SH.DYN.MORT,2011,55.1
Mauritania,MRT,"Life expectancy at birth, total (years)",SP.DYN.LE00.IN,2011,65.754
Mauritania,MRT,Current health expenditure (% of GDP),SH.XPD.CHEX.GD.ZS,2011,2.47383666
Mauritania,MRT,People using at least basic drinking water services (% of population),SH.H2O.BASW.ZS,2011,57.6405391140785
Mauritania,MRT,Access to electricity (% of population),EG.ELC.ACCS.ZS,2011,35.3
Mauritania,MRT,Individuals using the Internet (% of population),IT.NET.USER.ZS,2011,4.5
Togo,TGO,GDP (current US$),NY.GDP.MKTP.CD,2011,5422439152.10906
Togo,TGO,GDP per capita (current US$),NY.GDP.PCAP.CD,2011,783.988944671672
Togo,TGO,GDP growth (annual %),NY.GDP.MKTP.KD.ZG,2011,5.82325622135289
Togo,TGO,"Inflation, consumer prices (annual %)",FP.CPI.TOTL.ZG,2011,3.5635147290396
Togo,TGO,"Population, total",SP.POP.TOTL,2011,6916474.0
Togo,TGO,Urban population (% of total population),SP.URB.TOTL.IN.ZS,2011,37.9872305648732
Togo,TGO,Population growth (annual %),SP.POP.GROW,2011,2.69461885935872
Togo,TGO,Poverty headcount ratio at $3.00 a day (2021 PPP) (% of population),SI.POV.DDAY,2011,65.5
Togo,TGO,Gini index,SI.POV.GINI,2011,46.0
Togo,TGO,"School enrollment, primary (% gross)",SE.PRM.ENRR,2011,122.784071157596
Togo,TGO,"School enrollment, secondary (% gross)",SE.SEC.ENRR,2011,52.7706298828125
Togo,TGO,"Literacy rate, adult total (% of people ages 15 and above)",SE.ADT.LITR.ZS,2011,60.4099998474121
Togo,TGO,"Mortality rate, under-5 (per 1,000 live births)",SH.DYN.MORT,2011,85.6
Togo,TGO,"Life expectancy at birth, total (years)",SP.DYN.LE00.IN,2011,57.624
Togo,TGO,Current health expenditure (% of GDP),SH.XPD.CHEX.GD.ZS,2011,4.38927078
Togo,TGO,People using at least basic drinking water services (% of population),SH.H2O.BASW.ZS,2011,56.877895720393
Togo,TGO,Access to electricity (% of population),EG.ELC.ACCS.ZS,2011,39.7
Togo,TGO,Individuals using the Internet (% of population),IT.NET.USER.ZS,2011,3.5
Guinea,GIN,GDP (current US$),NY.GDP.MKTP.CD,2011,6785137203.33153
Guinea,GIN,GDP per capita (current US$),NY.GDP.PCAP.CD,2011,636.694958747648
Guinea,GIN,GDP growth (annual %),NY.GDP.MKTP.KD.ZG,2011,5.61211177430975
Guinea,GIN,"Inflation, consumer prices (annual %)",FP.CPI.TOTL.ZG,2011,21.3169268542577
Guinea,GIN,"Population, total",SP.POP.TOTL,2011,10656810.0
Guinea,GIN,Urban population (% of total population),SP.URB.TOTL.IN.ZS,2011,34.0732054685603
Guinea,GIN,Population growth (annual %),SP.POP.GROW,2011,2.47697352651722
Guinea,GIN,Poverty headcount ratio at $3.00 a day (2021 PPP) (% of population),SI.POV.DDAY,2011,
Guinea,GIN,Gini index,SI.POV.GINI,2011,
Guinea,GIN,"School enrollment, primary (% gross)",SE.PRM.ENRR,2011,89.3744888305664
Guinea,GIN,"School enrollment, secondary (% gross)",SE.SEC.ENRR,2011,36.7464790344238
Guinea,GIN,"Literacy rate, adult total (% of people ages 15 and above)",SE.ADT.LITR.ZS,2011,
Guinea,GIN,"Mortality rate, under-5 (per 1,000 live births)",SH.DYN.MORT,2011,120.3
Guinea,GIN,"Life expectancy at birth, total (years)",SP.DYN.LE00.IN,2011,56.778
Guinea,GIN,Current health expenditure (% of GDP),SH.XPD.CHEX.GD.ZS,2011,3.78955102
Guinea,GIN,People using at least basic drinking water services (% of population),SH.H2O.BASW.ZS,2011,58.360314361898
Guinea,GIN,Access to electricity (% of population),EG.ELC.ACCS.ZS,2011,29.5
Guinea,GIN,Individuals using the Internet (% of population),IT.NET.USER.ZS,2011,2.0
"Gambia, The",GMB,GDP (current US$),NY.GDP.MKTP.CD,2011,1409693596.93594
"Gambia, The",GMB,GDP per capita (current US$),NY.GDP.PCAP.CD,2011,710.608411468152
"Gambia, The",GMB,GDP growth (annual %),NY.GDP.MKTP.KD.ZG,2011,-8.13044422315659
"Gambia, The",GMB,"Inflation, consumer prices (annual %)",FP.CPI.TOTL.ZG,2011,4.7958826618311
"Gambia, The",GMB,"Population, total",SP.POP.TOTL,2011,1983784.0
"Gambia, The",GMB,Urban population (% of total population),SP.URB.TOTL.IN.ZS,2011,56.6696692994225
"Gambia, The",GMB,Population growth (annual %),SP.POP.GROW,2011,2.92337692748517
"Gambia, The",GMB,Poverty headcount ratio at $3.00 a day (2021 PPP) (% of population),SI.POV.DDAY,2011,
"Gambia, The",GMB,Gini index,SI.POV.GINI,2011,
"Gambia, The",GMB,"School enrollment, primary (% gross)",SE.PRM.ENRR,2011,72.1906633471926
"Gambia, The",GMB,"School enrollment, secondary (% gross)",SE.SEC.ENRR,2011,
"Gambia, The",GMB,"Literacy rate, adult total (% of people ages 15 and above)",SE.ADT.LITR.ZS,2011,
"Gambia, The",GMB,"Mortality rate, under-5 (per 1,000 live births)",SH.DYN.MORT,2011,69.7
"Gambia, The",GMB,"Life expectancy at birth, total (years)",SP.DYN.LE00.IN,2011,61.561
"Gambia, The",GMB,Current health expenditure (% of GDP),SH.XPD.CHEX.GD.ZS,2011,4.36967373
"Gambia, The",GMB,People using at least basic drinking water services (% of population),SH.H2O.BASW.ZS,2011,79.2555392487377
"Gambia, The",GMB,Access to electricity (% of population),EG.ELC.ACCS.ZS,2011,48.3
"Gambia, The",GMB,Individuals using the Internet (% of population),IT.NET.USER.ZS,2011,10.87030029
Sierra Leone,SLE,GDP (current US$),NY.GDP.MKTP.CD,2011,4861632884.67985
Sierra Leone,SLE,GDP per capita (current US$),NY.GDP.PCAP.CD,2011,761.146365577281
Sierra Leone,SLE,GDP growth (annual %),NY.GDP.MKTP.KD.ZG,2011,8.10065518714917
Sierra Leone,SLE,"Inflation, consumer prices (annual %)",FP.CPI.TOTL.ZG,2011,6.79138291952621
Sierra Leone,SLE,"Population, total",SP.POP.TOTL,2011,6387251.0
Sierra Leone,SLE,Urban population (% of total population),SP.URB.TOTL.IN.ZS,2011,39.0472153491602
Sierra Leone,SLE,Population growth (annual %),SP.POP.GROW,2011,2.60978263924562
Sierra Leone,SLE,Poverty headcount ratio at $3.00 a day (2021 PPP) (% of population),SI.POV.DDAY,2011,53.7
Sierra Leone,SLE,Gini index,SI.POV.GINI,2011,34.0
Sierra Leone,SLE,"School enrollment, primary (% gross)",SE.PRM.ENRR,2011,114.580513591833
Sierra Leone,SLE,"School enrollment, secondary (% gross)",SE.SEC.ENRR,2011,40.4235687255859
Sierra Leone,SLE,"Literacy rate, adult total (% of people ages 15 and above)",SE.ADT.LITR.ZS,2011,
Sierra Leone,SLE,"Mortality rate, under-5 (per 1,000 live births)",SH.DYN.MORT,2011,150.8
Sierra Leone,SLE,"Life expectancy at birth, total (years)",SP.DYN.LE00.IN,2011,52.594
Sierra Leone,SLE,Current health expenditure (% of GDP),SH.XPD.CHEX.GD.ZS,2011,6.60636759
Sierra Leone,SLE,People using at least basic drinking water services (% of population),SH.H2O.BASW.ZS,2011,52.8771685676355
Sierra Leone,SLE,Access to electricity (% of population),EG.ELC.ACCS.ZS,2011,14.2
Sierra Leone,SLE,Individuals using the Internet (% of population),IT.NET.USER.ZS,2011,0.899999976
Liberia,LBR,GDP (current US$),NY.GDP.MKTP.CD,2011,2398000000.0
Liberia,LBR,GDP per capita (current US$),NY.GDP.PCAP.CD,2011,568.087865520004
Liberia,LBR,GDP growth (annual %),NY.GDP.MKTP.KD.ZG,2011,8.20076822497064
Liberia,LBR,"Inflation, consumer prices (annual %)",FP.CPI.TOTL.ZG,2011,8.488167518494
Liberia,LBR,"Population, total",SP.POP.TOTL,2011,4221178.0
Liberia,LBR,Urban population (% of total population),SP.URB.TOTL.IN.ZS,2011,48.6583302770849
Liberia,LBR,Population growth (annual %),SP.POP.GROW,2011,3.92046987945605
Liberia,LBR,Poverty headcount ratio at $3.00 a day (2021 PPP) (% of population),SI.POV.DDAY,2011,
Liberia,LBR,Gini index,SI.POV.GINI,2011,
Liberia,LBR,"School enrollment, primary (% gross)",SE.PRM.ENRR,2011,100.745734764563
Liberia,LBR,"School enrollment, secondary (% gross)",SE.SEC.ENRR,2011,43.64794921875
Liberia,LBR,"Literacy rate, adult total (% of people ages 15 and above)",SE.ADT.LITR.ZS,2011,
Liberia,LBR,"Mortality rate, under-5 (per 1,000 live births)",SH.DYN.MORT,2011,102.4
Liberia,LBR,"Life expectancy at birth, total (years)",SP.DYN.LE00.IN,2011,59.486
Liberia,LBR,Current health expenditure (% of GDP),SH.XPD.CHEX.GD.ZS,2011,8.58399582
Liberia,LBR,People using at least basic drinking water services (% of population),SH.H2O.BASW.ZS,2011,69.8933749749855
Liberia,LBR,Access to electricity (% of population),EG.ELC.ACCS.ZS,2011,4.1
Liberia,LBR,Individuals using the Internet (% of population),IT.NET.USER.ZS,2011,2.5
Guinea-Bissau,GNB,GDP (current US$),NY.GDP.MKTP.CD,2011,1157074319.19388
Guinea-Bissau,GNB,GDP per capita (current US$),NY.GDP.PCAP.CD,2011,719.539573498937
Guinea-Bissau,GNB,GDP growth (annual %),NY.GDP.MKTP.KD.ZG,2011,8.08504167173554
Guinea-Bissau,GNB,"Inflation, consumer prices (annual %)",FP.CPI.TOTL.ZG,2011,5.046102263202
Guinea-Bissau,GNB,"Population, total",SP.POP.TOTL,2011,1608076.0
Guinea-Bissau,GNB,Urban population (% of total population),SP.URB.TOTL.IN.ZS,2011,40.4391136169434
Guinea-Bissau,GNB,Population growth (annual %),SP.POP.GROW,2011,2.62922766462762
Guinea-Bissau,GNB,Poverty headcount ratio at $3.00 a day (2021 PPP) (% of population),SI.POV.DDAY,2011,
Guinea-Bissau,GNB,Gini index,SI.POV.GINI,2011,
Guinea-Bissau,GNB,"School enrollment, primary (% gross)",SE.PRM.ENRR,2011,
Guinea-Bissau,GNB,"School enrollment, secondary (% gross)",SE.SEC.ENRR,2011,
Guinea-Bissau,GNB,"Literacy rate, adult total (% of people ages 15 and above)",SE.ADT.LITR.ZS,2011,
Guinea-Bissau,GNB,"Mortality rate, under-5 (per 1,000 live births)",SH.DYN.MORT,2011,108.6
Guinea-Bissau,GNB,"Life expectancy at birth, total (years)",SP.DYN.LE00.IN,2011,57.663
Guinea-Bissau,GNB,Current health expenditure (% of GDP),SH.XPD.CHEX.GD.ZS,2011,6.21634817
Guinea-Bissau,GNB,People using at least basic drinking water services (% of population),SH.H2O.BASW.ZS,2011,59.3599409743787
Guinea-Bissau,GNB,Access to electricity (% of population),EG.ELC.ACCS.ZS,2011,13.5
Guinea-Bissau,GNB,Individuals using the Internet (% of population),IT.NET.USER.ZS,2011,2.671999931
Cabo Verde,CPV,GDP (current US$),NY.GDP.MKTP.CD,2011,2046817987.20109
Cabo Verde,CPV,GDP per capita (current US$),NY.GDP.PCAP.CD,2011,4002.01386888785
Cabo Verde,CPV,GDP growth (annual %),NY.GDP.MKTP.KD.ZG,2011,3.92471821338283
Cabo Verde,CPV,"Inflation, consumer prices (annual %)",FP.CPI.TOTL.ZG,2011,4.47388342165023
Cabo Verde,CPV,"Population, total",SP.POP.TOTL,2011,511447.0
Cabo Verde,CPV,Urban population (% of total population),SP.URB.TOTL.IN.ZS,2011,62.7419929036884
Cabo Verde,CPV,Population growth (annual %),SP.POP.GROW,2011,0.325685661710053
Cabo Verde,CPV,Poverty headcount ratio at $3.00 a day (2021 PPP) (% of population),SI.POV.DDAY,2011,
Cabo Verde,CPV,Gini index,SI.POV.GINI,2011,
Cabo Verde,CPV,"School enrollment, primary (% gross)",SE.PRM.ENRR,2011,107.478306845395
Cabo Verde,CPV,"School enrollment, secondary (% gross)",SE.SEC.ENRR,2011,86.7000153273789
Cabo Verde,CPV,"Literacy rate, adult total (% of people ages 15 and above)",SE.ADT.LITR.ZS,2011,
Cabo Verde,CPV,"Mortality rate, under-5 (per 1,000 live births)",SH.DYN.MORT,2011,25.6
Cabo Verde,CPV,"Life expectancy at birth, total (years)",SP.DYN.LE00.IN,2011,72.913
Cabo Verde,CPV,Current health expenditure (% of GDP),SH.XPD.CHEX.GD.ZS,2011,3.92527819
Cabo Verde,CPV,People using at least basic drinking water services (% of population),SH.H2O.BASW.ZS,2011,83.522244248535
Cabo Verde,CPV,Access to electricity (% of population),EG.ELC.ACCS.ZS,2011,82.3
Cabo Verde,CPV,Individuals using the Internet (% of population),IT.NET.USER.ZS,2011,32.0
Niger,NER,GDP (current US$),NY.GDP.MKTP.CD,2012,9426912647.59111
Niger,NER,GDP per capita (current US$),NY.GDP.PCAP.CD,2012,528.510104469655
Niger,NER,GDP growth (annual %),NY.GDP.MKTP.KD.ZG,2012,10.5489445763446
Niger,NER,"Inflation, consumer prices (annual %)",FP.CPI.TOTL.ZG,2012,0.455089820359289
Niger,NER,"Population, total",SP.POP.TOTL,2012,17836769.0
Niger,NER,Urban population (% of total population),SP.URB.TOTL.IN.ZS,2012,16.2141284004355
Niger,NER,Population growth (annual %),SP.POP.GROW,2012,3.77324639644684
Niger,NER,Poverty headcount ratio at $3.00 a day (2021 PPP) (% of population),SI.POV.DDAY,2012,
Niger,NER,Gini index,SI.POV.GINI,2012,
Niger,NER,"School enrollment, primary (% gross)",SE.PRM.ENRR,2012,67.1548957778323
Niger,NER,"School enrollment, secondary (% gross)",SE.SEC.ENRR,2012,14.8037867184503
Niger,NER,"Literacy rate, adult total (% of people ages 15 and above)",SE.ADT.LITR.ZS,2012,30.5599994659424
Niger,NER,"Mortality rate, under-5 (per 1,000 live births)",SH.DYN.MORT,2012,130.3
Niger,NER,"Life expectancy at birth, total (years)",SP.DYN.LE00.IN,2012,57.987
Niger,NER,Current health expenditure (% of GDP),SH.XPD.CHEX.GD.ZS,2012,4.30732679
Niger,NER,People using at least basic drinking water services (% of population),SH.H2O.BASW.ZS,2012,45.2755729615711
Niger,NER,Access to electricity (% of population),EG.ELC.ACCS.ZS,2012,14.4
Niger,NER,Individuals using the Internet (% of population),IT.NET.USER.ZS,2012,1.049999952
Nigeria,NGA,GDP (current US$),NY.GDP.MKTP.CD,2012,463971018239.281
Nigeria,NGA,GDP per capita (current US$),NY.GDP.PCAP.CD,2012,2633.19734671361
Nigeria,NGA,GDP growth (annual %),NY.GDP.MKTP.KD.ZG,2012,4.23006117493223
Nigeria,NGA,"Inflation, consumer prices (annual %)",FP.CPI.TOTL.ZG,2012,12.2242413020584
Nigeria,NGA,"Population, total",SP.POP.TOTL,2012,176200625.0
Nigeria,NGA,Urban population (% of total population),SP.URB.TOTL.IN.ZS,2012,53.302114902293
Nigeria,NGA,Population growth (annual %),SP.POP.GROW,2012,2.77422930277333
Nigeria,NGA,Poverty headcount ratio at $3.00 a day (2021 PPP) (% of population),SI.POV.DDAY,2012,37.4
Nigeria,NGA,Gini index,SI.POV.GINI,2012,35.5
Nigeria,NGA,"School enrollment, primary (% gross)",SE.PRM.ENRR,2012,85.9125900268555
Nigeria,NGA,"School enrollment, secondary (% gross)",SE.SEC.ENRR,2012,44.4557914733887
Nigeria,NGA,"Literacy rate, adult total (% of people ages 15 and above)",SE.ADT.LITR.ZS,2012,
Nigeria,NGA,"Mortality rate, under-5 (per 1,000 live births)",SH.DYN.MORT,2012,121.6
Nigeria,NGA,"Life expectancy at birth, total (years)",SP.DYN.LE00.IN,2012,51.688
Nigeria,NGA,Current health expenditure (% of GDP),SH.XPD.CHEX.GD.ZS,2012,3.35984254
Nigeria,NGA,People using at least basic drinking water services (% of population),SH.H2O.BASW.ZS,2012,63.2702627408651
Nigeria,NGA,Access to electricity (% of population),EG.ELC.ACCS.ZS,2012,53.0
Nigeria,NGA,Individuals using the Internet (% of population),IT.NET.USER.ZS,2012,16.10000038
Senegal,SEN,GDP (current US$),NY.GDP.MKTP.CD,2012,17660870411.5235
Senegal,SEN,GDP per capita (current US$),NY.GDP.PCAP.CD,2012,1326.83798848379
Senegal,SEN,GDP growth (annual %),NY.GDP.MKTP.KD.ZG,2012,4.00299555090457
Senegal,SEN,"Inflation, consumer prices (annual %)",FP.CPI.TOTL.ZG,2012,1.41822871177854
Senegal,SEN,"Population, total",SP.POP.TOTL,2012,13310495.0
Senegal,SEN,Urban population (% of total population),SP.URB.TOTL.IN.ZS,2012,44.5359772452989
Senegal,SEN,Population growth (annual %),SP.POP.GROW,2012,2.67702425205872
Senegal,SEN,Poverty headcount ratio at $3.00 a day (2021 PPP) (% of population),SI.POV.DDAY,2012,
Senegal,SEN,Gini index,SI.POV.GINI,2012,
Senegal,SEN,"School enrollment, primary (% gross)",SE.PRM.ENRR,2012,86.4115600585938
Senegal,SEN,"School enrollment, secondary (% gross)",SE.SEC.ENRR,2012,46.4158677062967
Senegal,SEN,"Literacy rate, adult total (% of people ages 15 and above)",SE.ADT.LITR.ZS,2012,
Senegal,SEN,"Mortality rate, under-5 (per 1,000 live births)",SH.DYN.MORT,2012,57.6
Senegal,SEN,"Life expectancy at birth, total (years)",SP.DYN.LE00.IN,2012,65.229
Senegal,SEN,Current health expenditure (% of GDP),SH.XPD.CHEX.GD.ZS,2012,4.26688004
Senegal,SEN,People using at least basic drinking water services (% of population),SH.H2O.BASW.ZS,2012,74.0969620089046
Senegal,SEN,Access to electricity (% of population),EG.ELC.ACCS.ZS,2012,56.5
Senegal,SEN,Individuals using the Internet (% of population),IT.NET.USER.ZS,2012,10.80000019
Cote d'Ivoire,CIV,GDP (current US$),NY.GDP.MKTP.CD,2012,36302302877.2977
Cote d'Ivoire,CIV,GDP per capita (current US$),NY.GDP.PCAP.CD,2012,1546.9460184731
Cote d'Ivoire,CIV,GDP growth (annual %),NY.GDP.MKTP.KD.ZG,2012,7.62041176451649
Cote d'Ivoire,CIV,"Inflation, consumer prices (annual %)",FP.CPI.TOTL.ZG,2012,1.30451119915606
Cote d'Ivoire,CIV,"Population, total",SP.POP.TOTL,2012,23467078.0
Cote d'Ivoire,CIV,Urban population (% of total population),SP.URB.TOTL.IN.ZS,2012,48.1242507553354
Cote d'Ivoire,CIV,Population growth (annual %),SP.POP.GROW,2012,2.08872019159152
Cote d'Ivoire,CIV,Poverty headcount ratio at $3.00 a day (2021 PPP) (% of population),SI.POV.DDAY,2012,
Cote d'Ivoire,CIV,Gini index,SI.POV.GINI,2012,
Cote d'Ivoire,CIV,"School enrollment, primary (% gross)",SE.PRM.ENRR,2012,78.2860585898227
Cote d'Ivoire,CIV,"School enrollment, secondary (% gross)",SE.SEC.ENRR,2012,
Cote d'Ivoire,CIV,"Literacy rate, adult total (% of people ages 15 and above)",SE.ADT.LITR.ZS,2012,
Cote d'Ivoire,CIV,"Mortality rate, under-5 (per 1,000 live births)",SH.DYN.MORT,2012,95.3
Cote d'Ivoire,CIV,"Life expectancy at birth, total (years)",SP.DYN.LE00.IN,2012,56.57
Cote d'Ivoire,CIV,Current health expenditure (% of GDP),SH.XPD.CHEX.GD.ZS,2012,4.4273715
Cote d'Ivoire,CIV,People using at least basic drinking water services (% of population),SH.H2O.BASW.ZS,2012,73.2358134121721
Cote d'Ivoire,CIV,Access to electricity (% of population),EG.ELC.ACCS.ZS,2012,55.8
Cote d'Ivoire,CIV,Individuals using the Internet (% of population),IT.NET.USER.ZS,2012,4.400000095
Ghana,GHA,GDP (current US$),NY.GDP.MKTP.CD,2012,41271701060.954
Ghana,GHA,GDP per capita (current US$),NY.GDP.PCAP.CD,2012,1543.77524235764
Ghana,GHA,GDP growth (annual %),NY.GDP.MKTP.KD.ZG,2012,9.2927894063005
Ghana,GHA,"Inflation, consumer prices (annual %)",FP.CPI.TOTL.ZG,2012,11.1863409441067
Ghana,GHA,"Population, total",SP.POP.TOTL,2012,26734268.0
Ghana,GHA,Urban population (% of total population),SP.URB.TOTL.IN.ZS,2012,51.9197918381031
Ghana,GHA,Population growth (annual %),SP.POP.GROW,2012,2.4199090803465
Ghana,GHA,Poverty headcount ratio at $3.00 a day (2021 PPP) (% of population),SI.POV.DDAY,2012,41.8
Ghana,GHA,Gini index,SI.POV.GINI,2012,42.4
Ghana,GHA,"School enrollment, primary (% gross)",SE.PRM.ENRR,2012,102.068698169955
Ghana,GHA,"School enrollment, secondary (% gross)",SE.SEC.ENRR,2012,56.7326017795109
Ghana,GHA,"Literacy rate, adult total (% of people ages 15 and above)",SE.ADT.LITR.ZS,2012,
Ghana,GHA,"Mortality rate, under-5 (per 1,000 live births)",SH.DYN.MORT,2012,60.3
Ghana,GHA,"Life expectancy at birth, total (years)",SP.DYN.LE00.IN,2012,61.995
Ghana,GHA,Current health expenditure (% of GDP),SH.XPD.CHEX.GD.ZS,2012,3.93023658
Ghana,GHA,People using at least basic drinking water services (% of population),SH.H2O.BASW.ZS,2012,77.5330954898138
Ghana,GHA,Access to electricity (% of population),EG.ELC.ACCS.ZS,2012,56.5
Ghana,GHA,Individuals using the Internet (% of population),IT.NET.USER.ZS,2012,10.6
Benin,BEN,GDP (current US$),NY.GDP.MKTP.CD,2012,11141358115.8991
Benin,BEN,GDP per capita (current US$),NY.GDP.PCAP.CD,2012,1071.5258366283
Benin,BEN,GDP growth (annual %),NY.GDP.MKTP.KD.ZG,2012,4.811223315688
Benin,BEN,"Inflation, consumer prices (annual %)",FP.CPI.TOTL.ZG,2012,6.74468253340712
Benin,BEN,"Population, total",SP.POP.TOTL,2012,10397657.0
Benin,BEN,Urban population (% of total population),SP.URB.TOTL.IN.ZS,2012,44.0475065829838
Benin,BEN,Population growth (annual %),SP.POP.GROW,2012,2.96766540040992
Benin,BEN,Poverty headcount ratio at $3.00 a day (2021 PPP) (% of population),SI.POV.DDAY,2012,
Benin,BEN,Gini index,SI.POV.GINI,2012,
Benin,BEN,"School enrollment, primary (% gross)",SE.PRM.ENRR,2012,118.541481018066
Benin,BEN,"School enrollment, secondary (% gross)",SE.SEC.ENRR,2012,
Benin,BEN,"Literacy rate, adult total (% of people ages 15 and above)",SE.ADT.LITR.ZS,2012,
Benin,BEN,"Mortality rate, under-5 (per 1,000 live births)",SH.DYN.MORT,2012,102.9
Benin,BEN,"Life expectancy at birth, total (years)",SP.DYN.LE00.IN,2012,58.559
Benin,BEN,Current health expenditure (% of GDP),SH.XPD.CHEX.GD.ZS,2012,3.07562971
Benin,BEN,People using at least basic drinking water services (% of population),SH.H2O.BASW.ZS,2012,65.5652472683148
Benin,BEN,Access to electricity (% of population),EG.ELC.ACCS.ZS,2012,38.4
Benin,BEN,Individuals using the Internet (% of population),IT.NET.USER.ZS,2012,4.5
Burkina Faso,BFA,GDP (current US$),NY.GDP.MKTP.CD,2012,12561015156.5683
Burkina Faso,BFA,GDP per capita (current US$),NY.GDP.PCAP.CD,2012,731.470138867833
Burkina Faso,BFA,GDP growth (annual %),NY.GDP.MKTP.KD.ZG,2012,6.45267237953146
Burkina Faso,BFA,"Inflation, consumer prices (annual %)",FP.CPI.TOTL.ZG,2012,3.8181524025238
Burkina Faso,BFA,"Population, total",SP.POP.TOTL,2012,17172287.0
Burkina Faso,BFA,Urban population (% of total population),SP.URB.TOTL.IN.ZS,2012,24.8001912059054
Burkina Faso,BFA,Population growth (annual %),SP.POP.GROW,2012,3.0171707485343
Burkina Faso,BFA,Poverty headcount ratio at $3.00 a day (2021 PPP) (% of population),SI.POV.DDAY,2012,
Burkina Faso,BFA,Gini index,SI.POV.GINI,2012,
Burkina Faso,BFA,"School enrollment, primary (% gross)",SE.PRM.ENRR,2012,81.98174251568
Burkina Faso,BFA,"School enrollment, secondary (% gross)",SE.SEC.ENRR,2012,25.2399681000378
Burkina Faso,BFA,"Literacy rate, adult total (% of people ages 15 and above)",SE.ADT.LITR.ZS,2012,
Burkina Faso,BFA,"Mortality rate, under-5 (per 1,000 live births)",SH.DYN.MORT,2012,112.3
Burkina Faso,BFA,"Life expectancy at birth, total (years)",SP.DYN.LE00.IN,2012,57.457
Burkina Faso,BFA,Current health expenditure (% of GDP),SH.XPD.CHEX.GD.ZS,2012,4.60267258
Burkina Faso,BFA,People using at least basic drinking water services (% of population),SH.H2O.BASW.ZS,2012,52.9175711215547
Burkina Faso,BFA,Access to electricity (% of population),EG.ELC.ACCS.ZS,2012,15.1
Burkina Faso,BFA,Individuals using the Internet (% of population),IT.NET.USER.ZS,2012,3.724999905
Mali,MLI,GDP (current US$),NY.GDP.MKTP.CD,2012,14795114602.6396
Mali,MLI,GDP per capita (current US$),NY.GDP.PCAP.CD,2012,872.506092465564
Mali,MLI,GDP growth (annual %),NY.GDP.MKTP.KD.ZG,2012,-1.07239924132972
Mali,MLI,"Inflation, consumer prices (annual %)",FP.CPI.TOTL.ZG,2012,5.32312847064058
Mali,MLI,"Population, total",SP.POP.TOTL,2012,16957033.0
Mali,MLI,Urban population (% of total population),SP.URB.TOTL.IN.ZS,2012,24.1606168848588
Mali,MLI,Population growth (annual %),SP.POP.GROW,2012,2.91998728475051
Mali,MLI,Poverty headcount ratio at $3.00 a day (2021 PPP) (% of population),SI.POV.DDAY,2012,
Mali,MLI,Gini index,SI.POV.GINI,2012,
Mali,MLI,"School enrollment, primary (% gross)",SE.PRM.ENRR,2012,75.3898048541622
Mali,MLI,"School enrollment, secondary (% gross)",SE.SEC.ENRR,2012,
Mali,MLI,"Literacy rate, adult total (% of people ages 15 and above)",SE.ADT.LITR.ZS,2012,
Mali,MLI,"Mortality rate, under-5 (per 1,000 live births)",SH.DYN.MORT,2012,123.9
Mali,MLI,"Life expectancy at birth, total (years)",SP.DYN.LE00.IN,2012,56.696
Mali,MLI,Current health expenditure (% of GDP),SH.XPD.CHEX.GD.ZS,2012,3.7521801
Mali,MLI,People using at least basic drinking water services (% of population),SH.H2O.BASW.ZS,2012,68.8293224749943
Mali,MLI,Access to electricity (% of population),EG.ELC.ACCS.ZS,2012,25.6
Mali,MLI,Individuals using the Internet (% of population),IT.NET.USER.ZS,2012,2.799999952
Mauritania,MRT,GDP (current US$),NY.GDP.MKTP.CD,2012,6728208836.22143
Mauritania,MRT,GDP per capita (current US$),NY.GDP.PCAP.CD,2012,1859.11733247641
Mauritania,MRT,GDP growth (annual %),NY.GDP.MKTP.KD.ZG,2012,4.47001319170479
Mauritania,MRT,"Inflation, consumer prices (annual %)",FP.CPI.TOTL.ZG,2012,4.90242727217997
Mauritania,MRT,"Population, total",SP.POP.TOTL,2012,3619034.0
Mauritania,MRT,Urban population (% of total population),SP.URB.TOTL.IN.ZS,2012,48.2732447351525
Mauritania,MRT,Population growth (annual %),SP.POP.GROW,2012,3.26413503920642
Mauritania,MRT,Poverty headcount ratio at $3.00 a day (2021 PPP) (% of population),SI.POV.DDAY,2012,
Mauritania,MRT,Gini index,SI.POV.GINI,2012,
Mauritania,MRT,"School enrollment, primary (% gross)",SE.PRM.ENRR,2012,94.9017954032329
Mauritania,MRT,"School enrollment, secondary (% gross)",SE.SEC.ENRR,2012,27.0638964405956
Mauritania,MRT,"Literacy rate, adult total (% of people ages 15 and above)",SE.ADT.LITR.ZS,2012,
Mauritania,MRT,"Mortality rate, under-5 (per 1,000 live births)",SH.DYN.MORT,2012,53.5
Mauritania,MRT,"Life expectancy at birth, total (years)",SP.DYN.LE00.IN,2012,65.808
Mauritania,MRT,Current health expenditure (% of GDP),SH.XPD.CHEX.GD.ZS,2012,2.64919329
Mauritania,MRT,People using at least basic drinking water services (% of population),SH.H2O.BASW.ZS,2012,59.206705237902
Mauritania,MRT,Access to electricity (% of population),EG.ELC.ACCS.ZS,2012,36.4
Mauritania,MRT,Individuals using the Internet (% of population),IT.NET.USER.ZS,2012,5.0
Togo,TGO,GDP (current US$),NY.GDP.MKTP.CD,2012,5413541649.14901
Togo,TGO,GDP per capita (current US$),NY.GDP.PCAP.CD,2012,762.39162379069
Togo,TGO,GDP growth (annual %),NY.GDP.MKTP.KD.ZG,2012,6.30271426865185
Togo,TGO,"Inflation, consumer prices (annual %)",FP.CPI.TOTL.ZG,2012,2.57718174055848
Togo,TGO,"Population, total",SP.POP.TOTL,2012,7100736.0
Togo,TGO,Urban population (% of total population),SP.URB.TOTL.IN.ZS,2012,38.4194359598204
Togo,TGO,Population growth (annual %),SP.POP.GROW,2012,2.62923384476283
Togo,TGO,Poverty headcount ratio at $3.00 a day (2021 PPP) (% of population),SI.POV.DDAY,2012,
Togo,TGO,Gini index,SI.POV.GINI,2012,
Togo,TGO,"School enrollment, primary (% gross)",SE.PRM.ENRR,2012,125.758046516929
Togo,TGO,"School enrollment, secondary (% gross)",SE.SEC.ENRR,2012,
Togo,TGO,"Literacy rate, adult total (% of people ages 15 and above)",SE.ADT.LITR.ZS,2012,
Togo,TGO,"Mortality rate, under-5 (per 1,000 live births)",SH.DYN.MORT,2012,82.9
Togo,TGO,"Life expectancy at birth, total (years)",SP.DYN.LE00.IN,2012,57.953
Togo,TGO,Current health expenditure (% of GDP),SH.XPD.CHEX.GD.ZS,2012,4.64366484
Togo,TGO,People using at least basic drinking water services (% of population),SH.H2O.BASW.ZS,2012,57.5887896171643
Togo,TGO,Access to electricity (% of population),EG.ELC.ACCS.ZS,2012,39.1
Togo,TGO,Individuals using the Internet (% of population),IT.NET.USER.ZS,2012,4.0
Guinea,GIN,GDP (current US$),NY.GDP.MKTP.CD,2012,7638044556.84656
Guinea,GIN,GDP per capita (current US$),NY.GDP.PCAP.CD,2012,699.353377212197
Guinea,GIN,GDP growth (annual %),NY.GDP.MKTP.KD.ZG,2012,5.91528626133322
Guinea,GIN,"Inflation, consumer prices (annual %)",FP.CPI.TOTL.ZG,2012,15.2262941038638
Guinea,GIN,"Population, total",SP.POP.TOTL,2012,10921581.0
Guinea,GIN,Urban population (% of total population),SP.URB.TOTL.IN.ZS,2012,34.3313936933767
Guinea,GIN,Population growth (annual %),SP.POP.GROW,2012,2.45416156342286
Guinea,GIN,Poverty headcount ratio at $3.00 a day (2021 PPP) (% of population),SI.POV.DDAY,2012,21.3
Guinea,GIN,Gini index,SI.POV.GINI,2012,33.7
Guinea,GIN,"School enrollment, primary (% gross)",SE.PRM.ENRR,2012,91.4924621582031
Guinea,GIN,"School enrollment, secondary (% gross)",SE.SEC.ENRR,2012,36.8766899108887
Guinea,GIN,"Literacy rate, adult total (% of people ages 15 and above)",SE.ADT.LITR.ZS,2012,
Guinea,GIN,"Mortality rate, under-5 (per 1,000 live births)",SH.DYN.MORT,2012,118.4
Guinea,GIN,"Life expectancy at birth, total (years)",SP.DYN.LE00.IN,2012,57.117
Guinea,GIN,Current health expenditure (% of GDP),SH.XPD.CHEX.GD.ZS,2012,3.50398517
Guinea,GIN,People using at least basic drinking water services (% of population),SH.H2O.BASW.ZS,2012,59.5458989237514
Guinea,GIN,Access to electricity (% of population),EG.ELC.ACCS.ZS,2012,26.2
Guinea,GIN,Individuals using the Internet (% of population),IT.NET.USER.ZS,2012,3.099999905
"Gambia, The",GMB,GDP (current US$),NY.GDP.MKTP.CD,2012,1415004738.26621
"Gambia, The",GMB,GDP per capita (current US$),NY.GDP.PCAP.CD,2012,692.579361628102
"Gambia, The",GMB,GDP growth (annual %),NY.GDP.MKTP.KD.ZG,2012,5.24156924630741
"Gambia, The",GMB,"Inflation, consumer prices (annual %)",FP.CPI.TOTL.ZG,2012,4.25432199813899
"Gambia, The",GMB,"Population, total",SP.POP.TOTL,2012,2043094.0
"Gambia, The",GMB,Urban population (% of total population),SP.URB.TOTL.IN.ZS,2012,57.3207304207091
"Gambia, The",GMB,Population growth (annual %),SP.POP.GROW,2012,2.94591935774346
"Gambia, The",GMB,Poverty headcount ratio at $3.00 a day (2021 PPP) (% of population),SI.POV.DDAY,2012,
"Gambia, The",GMB,Gini index,SI.POV.GINI,2012,
"Gambia, The",GMB,"School enrollment, primary (% gross)",SE.PRM.ENRR,2012,75.4592652374635
"Gambia, The",GMB,"School enrollment, secondary (% gross)",SE.SEC.ENRR,2012,
"Gambia, The",GMB,"Literacy rate, adult total (% of people ages 15 and above)",SE.ADT.LITR.ZS,2012,
"Gambia, The",GMB,"Mortality rate, under-5 (per 1,000 live births)",SH.DYN.MORT,2012,66.8
"Gambia, The",GMB,"Life expectancy at birth, total (years)",SP.DYN.LE00.IN,2012,61.9
"Gambia, The",GMB,Current health expenditure (% of GDP),SH.XPD.CHEX.GD.ZS,2012,4.26872253
"Gambia, The",GMB,People using at least basic drinking water services (% of population),SH.H2O.BASW.ZS,2012,79.9149385065975
"Gambia, The",GMB,Access to electricity (% of population),EG.ELC.ACCS.ZS,2012,49.9
"Gambia, The",GMB,Individuals using the Internet (% of population),IT.NET.USER.ZS,2012,12.44919968
Sierra Leone,SLE,GDP (current US$),NY.GDP.MKTP.CD,2012,6141666509.36295
Sierra Leone,SLE,GDP per capita (current US$),NY.GDP.PCAP.CD,2012,937.504428180231
Sierra Leone,SLE,GDP growth (annual %),NY.GDP.MKTP.KD.ZG,2012,10.578331663387
Sierra Leone,SLE,"Inflation, consumer prices (annual %)",FP.CPI.TOTL.ZG,2012,6.58776239392585
Sierra Leone,SLE,"Population, total",SP.POP.TOTL,2012,6551080.0
Sierra Leone,SLE,Urban population (% of total population),SP.URB.TOTL.IN.ZS,2012,39.4644094876975
Sierra Leone,SLE,Population growth (annual %),SP.POP.GROW,2012,2.53259491687101
Sierra Leone,SLE,Poverty headcount ratio at $3.00 a day (2021 PPP) (% of population),SI.POV.DDAY,2012,
Sierra Leone,SLE,Gini index,SI.POV.GINI,2012,
Sierra Leone,SLE,"School enrollment, primary (% gross)",SE.PRM.ENRR,2012,117.716124289972
Sierra Leone,SLE,"School enrollment, secondary (% gross)",SE.SEC.ENRR,2012,44.5522918701172
Sierra Leone,SLE,"Literacy rate, adult total (% of people ages 15 and above)",SE.ADT.LITR.ZS,2012,
Sierra Leone,SLE,"Mortality rate, under-5 (per 1,000 live births)",SH.DYN.MORT,2012,144.1
Sierra Leone,SLE,"Life expectancy at birth, total (years)",SP.DYN.LE00.IN,2012,53.159
Sierra Leone,SLE,Current health expenditure (% of GDP),SH.XPD.CHEX.GD.ZS,2012,5.92764187
Sierra Leone,SLE,People using at least basic drinking water services (% of population),SH.H2O.BASW.ZS,2012,54.0533047771617
Sierra Leone,SLE,Access to electricity (% of population),EG.ELC.ACCS.ZS,2012,17.2
Sierra Leone,SLE,Individuals using the Internet (% of population),IT.NET.USER.ZS,2012,2.5
Liberia,LBR,GDP (current US$),NY.GDP.MKTP.CD,2012,2791614000.0
Liberia,LBR,GDP per capita (current US$),NY.GDP.PCAP.CD,2012,638.368751462083
Liberia,LBR,GDP growth (annual %),NY.GDP.MKTP.KD.ZG,2012,7.99381444555367
Liberia,LBR,"Inflation, consumer prices (annual %)",FP.CPI.TOTL.ZG,2012,6.83178703418548
Liberia,LBR,"Population, total",SP.POP.TOTL,2012,4373043.0
Liberia,LBR,Urban population (% of total population),SP.URB.TOTL.IN.ZS,2012,49.1773247639526
Liberia,LBR,Population growth (annual %),SP.POP.GROW,2012,3.53448694358844
Liberia,LBR,Poverty headcount ratio at $3.00 a day (2021 PPP) (% of population),SI.POV.DDAY,2012,
Liberia,LBR,Gini index,SI.POV.GINI,2012,
Liberia,LBR,"School enrollment, primary (% gross)",SE.PRM.ENRR,2012,
Liberia,LBR,"School enrollment, secondary (% gross)",SE.SEC.ENRR,2012,
Liberia,LBR,"Literacy rate, adult total (% of people ages 15 and above)",SE.ADT.LITR.ZS,2012,
Liberia,LBR,"Mortality rate, under-5 (per 1,000 live births)",SH.DYN.MORT,2012,99.5
Liberia,LBR,"Life expectancy at birth, total (years)",SP.DYN.LE00.IN,2012,59.785
Liberia,LBR,Current health expenditure (% of GDP),SH.XPD.CHEX.GD.ZS,2012,7.62987185
Liberia,LBR,People using at least basic drinking water services (% of population),SH.H2O.BASW.ZS,2012,70.6161490742492
Liberia,LBR,Access to electricity (% of population),EG.ELC.ACCS.ZS,2012,9.3
Liberia,LBR,Individuals using the Internet (% of population),IT.NET.USER.ZS,2012,2.599999905
Guinea-Bissau,GNB,GDP (current US$),NY.GDP.MKTP.CD,2012,1049412177.11413
Guinea-Bissau,GNB,GDP per capita (current US$),NY.GDP.PCAP.CD,2012,635.461653303881
Guinea-Bissau,GNB,GDP growth (annual %),NY.GDP.MKTP.KD.ZG,2012,-1.71286958446419
Guinea-Bissau,GNB,"Inflation, consumer prices (annual %)",FP.CPI.TOTL.ZG,2012,2.13054580274503
Guinea-Bissau,GNB,"Population, total",SP.POP.TOTL,2012,1651417.0
Guinea-Bissau,GNB,Urban population (% of total population),SP.URB.TOTL.IN.ZS,2012,40.8686027526855
Guinea-Bissau,GNB,Population growth (annual %),SP.POP.GROW,2012,2.65952739224803
Guinea-Bissau,GNB,Poverty headcount ratio at $3.00 a day (2021 PPP) (% of population),SI.POV.DDAY,2012,
Guinea-Bissau,GNB,Gini index,SI.POV.GINI,2012,
Guinea-Bissau,GNB,"School enrollment, primary (% gross)",SE.PRM.ENRR,2012,
Guinea-Bissau,GNB,"School enrollment, secondary (% gross)",SE.SEC.ENRR,2012,
Guinea-Bissau,GNB,"Literacy rate, adult total (% of people ages 15 and above)",SE.ADT.LITR.ZS,2012,
Guinea-Bissau,GNB,"Mortality rate, under-5 (per 1,000 live births)",SH.DYN.MORT,2012,103.6
Guinea-Bissau,GNB,"Life expectancy at birth, total (years)",SP.DYN.LE00.IN,2012,58.27
Guinea-Bissau,GNB,Current health expenditure (% of GDP),SH.XPD.CHEX.GD.ZS,2012,5.94134808
Guinea-Bissau,GNB,People using at least basic drinking water services (% of population),SH.H2O.BASW.ZS,2012,59.6486446194462
Guinea-Bissau,GNB,Access to electricity (% of population),EG.ELC.ACCS.ZS,2012,14.9
Guinea-Bissau,GNB,Individuals using the Internet (% of population),IT.NET.USER.ZS,2012,2.894000053
Cabo Verde,CPV,GDP (current US$),NY.GDP.MKTP.CD,2012,1913081210.41411
Cabo Verde,CPV,GDP per capita (current US$),NY.GDP.PCAP.CD,2012,3736.81517011087
Cabo Verde,CPV,GDP growth (annual %),NY.GDP.MKTP.KD.ZG,2012,1.08364848376166
Cabo Verde,CPV,"Inflation, consumer prices (annual %)",FP.CPI.TOTL.ZG,2012,2.54039644167108
Cabo Verde,CPV,"Population, total",SP.POP.TOTL,2012,511955.0
Cabo Verde,CPV,Urban population (% of total population),SP.URB.TOTL.IN.ZS,2012,63.7260454520996
Cabo Verde,CPV,Population growth (annual %),SP.POP.GROW,2012,0.0992767342106355
Cabo Verde,CPV,Poverty headcount ratio at $3.00 a day (2021 PPP) (% of population),SI.POV.DDAY,2012,
Cabo Verde,CPV,Gini index,SI.POV.GINI,2012,
Cabo Verde,CPV,"School enrollment, primary (% gross)",SE.PRM.ENRR,2012,108.38813689184
Cabo Verde,CPV,"School enrollment, secondary (% gross)",SE.SEC.ENRR,2012,89.9634082592786
Cabo Verde,CPV,"Literacy rate, adult total (% of people ages 15 and above)",SE.ADT.LITR.ZS,2012,85.3300018310547
Cabo Verde,CPV,"Mortality rate, under-5 (per 1,000 live births)",SH.DYN.MORT,2012,24.2
Cabo Verde,CPV,"Life expectancy at birth, total (years)",SP.DYN.LE00.IN,2012,73.315
Cabo Verde,CPV,Current health expenditure (% of GDP),SH.XPD.CHEX.GD.ZS,2012,4.6740551
Cabo Verde,CPV,People using at least basic drinking water services (% of population),SH.H2O.BASW.ZS,2012,83.8774934810221
Cabo Verde,CPV,Access to electricity (% of population),EG.ELC.ACCS.ZS,2012,83.2
Cabo Verde,CPV,Individuals using the Internet (% of population),IT.NET.USER.ZS,2012,34.74
Niger,NER,GDP (current US$),NY.GDP.MKTP.CD,2013,10224897437.8648
Niger,NER,GDP per capita (current US$),NY.GDP.PCAP.CD,2013,552.103334363117
Niger,NER,GDP growth (annual %),NY.GDP.MKTP.KD.ZG,2013,5.31513063394726
Niger,NER,"Inflation, consumer prices (annual %)",FP.CPI.TOTL.ZG,2013,2.29723114955317
Niger,NER,"Population, total",SP.POP.TOTL,2013,18519898.0
Niger,NER,Urban population (% of total population),SP.URB.TOTL.IN.ZS,2013,16.2162595696064
Niger,NER,Population growth (annual %),SP.POP.GROW,2013,3.75837207594511
Niger,NER,Poverty headcount ratio at $3.00 a day (2021 PPP) (% of population),SI.POV.DDAY,2013,
Niger,NER,Gini index,SI.POV.GINI,2013,
Niger,NER,"School enrollment, primary (% gross)",SE.PRM.ENRR,2013,68.050738334559
Niger,NER,"School enrollment, secondary (% gross)",SE.SEC.ENRR,2013,15.9596510320284
Niger,NER,"Literacy rate, adult total (% of people ages 15 and above)",SE.ADT.LITR.ZS,2013,
Niger,NER,"Mortality rate, under-5 (per 1,000 live births)",SH.DYN.MORT,2013,128.3
Niger,NER,"Life expectancy at birth, total (years)",SP.DYN.LE00.IN,2013,58.364
Niger,NER,Current health expenditure (% of GDP),SH.XPD.CHEX.GD.ZS,2013,4.46636009
Niger,NER,People using at least basic drinking water services (% of population),SH.H2O.BASW.ZS,2013,45.9553436655962
Niger,NER,Access to electricity (% of population),EG.ELC.ACCS.ZS,2013,15.2
Niger,NER,Individuals using the Internet (% of population),IT.NET.USER.ZS,2013,1.149999976
Nigeria,NGA,GDP (current US$),NY.GDP.MKTP.CD,2013,520117180313.906
Nigeria,NGA,GDP per capita (current US$),NY.GDP.PCAP.CD,2013,2872.79083379398
Nigeria,NGA,GDP growth (annual %),NY.GDP.MKTP.KD.ZG,2013,6.67133539306167
Nigeria,NGA,"Inflation, consumer prices (annual %)",FP.CPI.TOTL.ZG,2013,8.49551838265669
Nigeria,NGA,"Population, total",SP.POP.TOTL,2013,181049443.0
Nigeria,NGA,Urban population (% of total population),SP.URB.TOTL.IN.ZS,2013,54.1130855192568
Nigeria,NGA,Population growth (annual %),SP.POP.GROW,2013,2.71468991073627
Nigeria,NGA,Poverty headcount ratio at $3.00 a day (2021 PPP) (% of population),SI.POV.DDAY,2013,
Nigeria,NGA,Gini index,SI.POV.GINI,2013,
Nigeria,NGA,"School enrollment, primary (% gross)",SE.PRM.ENRR,2013,87.8349702257826
Nigeria,NGA,"School enrollment, secondary (% gross)",SE.SEC.ENRR,2013,52.7967300415039
Nigeria,NGA,"Literacy rate, adult total (% of people ages 15 and above)",SE.ADT.LITR.ZS,2013,
Nigeria,NGA,"Mortality rate, under-5 (per 1,000 live births)",SH.DYN.MORT,2013,119.9
Nigeria,NGA,"Life expectancy at birth, total (years)",SP.DYN.LE00.IN,2013,51.827
Nigeria,NGA,Current health expenditure (% of GDP),SH.XPD.CHEX.GD.ZS,2013,3.4206934
Nigeria,NGA,People using at least basic drinking water services (% of population),SH.H2O.BASW.ZS,2013,64.8863828876252
Nigeria,NGA,Access to electricity (% of population),EG.ELC.ACCS.ZS,2013,55.6
Nigeria,NGA,Individuals using the Internet (% of population),IT.NET.USER.ZS,2013,19.10000038
Senegal,SEN,GDP (current US$),NY.GDP.MKTP.CD,2013,18918667724.8817
Senegal,SEN,GDP per capita (current US$),NY.GDP.PCAP.CD,2013,1379.83196553924
Senegal,SEN,GDP growth (annual %),NY.GDP.MKTP.KD.ZG,2013,2.41238527605579
Senegal,SEN,"Inflation, consumer prices (annual %)",FP.CPI.TOTL.ZG,2013,0.710245486695176
Senegal,SEN,"Population, total",SP.POP.TOTL,2013,13710849.0
Senegal,SEN,Urban population (% of total population),SP.URB.TOTL.IN.ZS,2013,45.0398750539456
Senegal,SEN,Population growth (annual %),SP.POP.GROW,2013,2.96345954605318
Senegal,SEN,Poverty headcount ratio at $3.00 a day (2021 PPP) (% of population),SI.POV.DDAY,2013,
Senegal,SEN,Gini index,SI.POV.GINI,2013,
Senegal,SEN,"School enrollment, primary (% gross)",SE.PRM.ENRR,2013,82.6985436490722
Senegal,SEN,"School enrollment, secondary (% gross)",SE.SEC.ENRR,2013,49.0776594909389
Senegal,SEN,"Literacy rate, adult total (% of people ages 15 and above)",SE.ADT.LITR.ZS,2013,43.5299987792969
Senegal,SEN,"Mortality rate, under-5 (per 1,000 live births)",SH.DYN.MORT,2013,55.5
Senegal,SEN,"Life expectancy at birth, total (years)",SP.DYN.LE00.IN,2013,65.638
Senegal,SEN,Current health expenditure (% of GDP),SH.XPD.CHEX.GD.ZS,2013,4.38573599
Senegal,SEN,People using at least basic drinking water services (% of population),SH.H2O.BASW.ZS,2013,75.2855370773077
Senegal,SEN,Access to electricity (% of population),EG.ELC.ACCS.ZS,2013,57.0
Senegal,SEN,Individuals using the Internet (% of population),IT.NET.USER.ZS,2013,13.10000038
Cote d'Ivoire,CIV,GDP (current US$),NY.GDP.MKTP.CD,2013,42760235484.6093
Cote d'Ivoire,CIV,GDP per capita (current US$),NY.GDP.PCAP.CD,2013,1786.15862031324
Cote d'Ivoire,CIV,GDP growth (annual %),NY.GDP.MKTP.KD.ZG,2013,10.7602131311256
Cote d'Ivoire,CIV,"Inflation, consumer prices (annual %)",FP.CPI.TOTL.ZG,2013,2.58117037252935
Cote d'Ivoire,CIV,"Population, total",SP.POP.TOTL,2013,23939775.0
Cote d'Ivoire,CIV,Urban population (% of total population),SP.URB.TOTL.IN.ZS,2013,48.5702332186208
Cote d'Ivoire,CIV,Population growth (annual %),SP.POP.GROW,2013,1.99427988380631
Cote d'Ivoire,CIV,Poverty headcount ratio at $3.00 a day (2021 PPP) (% of population),SI.POV.DDAY,2013,
Cote d'Ivoire,CIV,Gini index,SI.POV.GINI,2013,
Cote d'Ivoire,CIV,"School enrollment, primary (% gross)",SE.PRM.ENRR,2013,80.7498463265361
Cote d'Ivoire,CIV,"School enrollment, secondary (% gross)",SE.SEC.ENRR,2013,
Cote d'Ivoire,CIV,"Literacy rate, adult total (% of people ages 15 and above)",SE.ADT.LITR.ZS,2013,
Cote d'Ivoire,CIV,"Mortality rate, under-5 (per 1,000 live births)",SH.DYN.MORT,2013,92.0
Cote d'Ivoire,CIV,"Life expectancy at birth, total (years)",SP.DYN.LE00.IN,2013,57.057
Cote d'Ivoire,CIV,Current health expenditure (% of GDP),SH.XPD.CHEX.GD.ZS,2013,3.71773791
Cote d'Ivoire,CIV,People using at least basic drinking water services (% of population),SH.H2O.BASW.ZS,2013,73.5860051813631
Cote d'Ivoire,CIV,Access to electricity (% of population),EG.ELC.ACCS.ZS,2013,61.5
Cote d'Ivoire,CIV,Individuals using the Internet (% of population),IT.NET.USER.ZS,2013,6.599999905
Ghana,GHA,GDP (current US$),NY.GDP.MKTP.CD,2013,62845721959.827
Ghana,GHA,GDP per capita (current US$),NY.GDP.PCAP.CD,2013,2294.79584693743
Ghana,GHA,GDP growth (annual %),NY.GDP.MKTP.KD.ZG,2013,7.31252501678145
Ghana,GHA,"Inflation, consumer prices (annual %)",FP.CPI.TOTL.ZG,2013,11.6661923071729
Ghana,GHA,"Population, total",SP.POP.TOTL,2013,27386193.0
Ghana,GHA,Urban population (% of total population),SP.URB.TOTL.IN.ZS,2013,52.4985794475913
Ghana,GHA,Population growth (annual %),SP.POP.GROW,2013,2.40927930949909
Ghana,GHA,Poverty headcount ratio at $3.00 a day (2021 PPP) (% of population),SI.POV.DDAY,2013,
Ghana,GHA,Gini index,SI.POV.GINI,2013,
Ghana,GHA,"School enrollment, primary (% gross)",SE.PRM.ENRR,2013,101.089456129828
Ghana,GHA,"School enrollment, secondary (% gross)",SE.SEC.ENRR,2013,68.1991424560547
Ghana,GHA,"Literacy rate, adult total (% of people ages 15 and above)",SE.ADT.LITR.ZS,2013,
Ghana,GHA,"Mortality rate, under-5 (per 1,000 live births)",SH.DYN.MORT,2013,57.5
Ghana,GHA,"Life expectancy at birth, total (years)",SP.DYN.LE00.IN,2013,62.397
Ghana,GHA,Current health expenditure (% of GDP),SH.XPD.CHEX.GD.ZS,2013,4.59225416
Ghana,GHA,People using at least basic drinking water services (% of population),SH.H2O.BASW.ZS,2013,78.565152693679
Ghana,GHA,Access to electricity (% of population),EG.ELC.ACCS.ZS,2013,70.7
Ghana,GHA,Individuals using the Internet (% of population),IT.NET.USER.ZS,2013,15.0
Benin,BEN,GDP (current US$),NY.GDP.MKTP.CD,2013,12517845123.9315
Benin,BEN,GDP per capita (current US$),NY.GDP.PCAP.CD,2013,1168.92699279226
Benin,BEN,GDP growth (annual %),NY.GDP.MKTP.KD.ZG,2013,7.19143372144946
Benin,BEN,"Inflation, consumer prices (annual %)",FP.CPI.TOTL.ZG,2013,0.428888888888883
Benin,BEN,"Population, total",SP.POP.TOTL,2013,10708834.0
Benin,BEN,Urban population (% of total population),SP.URB.TOTL.IN.ZS,2013,44.6502883669319
Benin,BEN,Population growth (annual %),SP.POP.GROW,2013,2.94885160135819
Benin,BEN,Poverty headcount ratio at $3.00 a day (2021 PPP) (% of population),SI.POV.DDAY,2013,
Benin,BEN,Gini index,SI.POV.GINI,2013,
Benin,BEN,"School enrollment, primary (% gross)",SE.PRM.ENRR,2013,119.383087158203
Benin,BEN,"School enrollment, secondary (% gross)",SE.SEC.ENRR,2013,52.0378494262695
Benin,BEN,"Literacy rate, adult total (% of people ages 15 and above)",SE.ADT.LITR.ZS,2013,45.0800018310547
Benin,BEN,"Mortality rate, under-5 (per 1,000 live births)",SH.DYN.MORT,2013,100.6
Benin,BEN,"Life expectancy at birth, total (years)",SP.DYN.LE00.IN,2013,58.863
Benin,BEN,Current health expenditure (% of GDP),SH.XPD.CHEX.GD.ZS,2013,2.86880755
Benin,BEN,People using at least basic drinking water services (% of population),SH.H2O.BASW.ZS,2013,65.9215151449037
Benin,BEN,Access to electricity (% of population),EG.ELC.ACCS.ZS,2013,34.7
Benin,BEN,Individuals using the Internet (% of population),IT.NET.USER.ZS,2013,4.900000095
Burkina Faso,BFA,GDP (current US$),NY.GDP.MKTP.CD,2013,13444300485.8412
Burkina Faso,BFA,GDP per capita (current US$),NY.GDP.PCAP.CD,2013,759.762065168498
Burkina Faso,BFA,GDP growth (annual %),NY.GDP.MKTP.KD.ZG,2013,5.79258484509867
Burkina Faso,BFA,"Inflation, consumer prices (annual %)",FP.CPI.TOTL.ZG,2013,0.533738507090536
Burkina Faso,BFA,"Population, total",SP.POP.TOTL,2013,17695409.0
Burkina Faso,BFA,Urban population (% of total population),SP.URB.TOTL.IN.ZS,2013,25.106116148748
Burkina Faso,BFA,Population growth (annual %),SP.POP.GROW,2013,3.00083639274971
Burkina Faso,BFA,Poverty headcount ratio at $3.00 a day (2021 PPP) (% of population),SI.POV.DDAY,2013,
Burkina Faso,BFA,Gini index,SI.POV.GINI,2013,
Burkina Faso,BFA,"School enrollment, primary (% gross)",SE.PRM.ENRR,2013,83.2890892862992
Burkina Faso,BFA,"School enrollment, secondary (% gross)",SE.SEC.ENRR,2013,27.6008880705968
Burkina Faso,BFA,"Literacy rate, adult total (% of people ages 15 and above)",SE.ADT.LITR.ZS,2013,
Burkina Faso,BFA,"Mortality rate, under-5 (per 1,000 live births)",SH.DYN.MORT,2013,108.2
Burkina Faso,BFA,"Life expectancy at birth, total (years)",SP.DYN.LE00.IN,2013,57.903
Burkina Faso,BFA,Current health expenditure (% of GDP),SH.XPD.CHEX.GD.ZS,2013,5.56331587
Burkina Faso,BFA,People using at least basic drinking water services (% of population),SH.H2O.BASW.ZS,2013,52.6002657451869
Burkina Faso,BFA,Access to electricity (% of population),EG.ELC.ACCS.ZS,2013,15.4
Burkina Faso,BFA,Individuals using the Internet (% of population),IT.NET.USER.ZS,2013,5.0
Mali,MLI,GDP (current US$),NY.GDP.MKTP.CD,2013,15747192680.9101
Mali,MLI,GDP per capita (current US$),NY.GDP.PCAP.CD,2013,901.920957644831
Mali,MLI,GDP growth (annual %),NY.GDP.MKTP.KD.ZG,2013,3.29068742019345
Mali,MLI,"Inflation, consumer prices (annual %)",FP.CPI.TOTL.ZG,2013,-0.606736356351563
Mali,MLI,"Population, total",SP.POP.TOTL,2013,17459615.0
Mali,MLI,Urban population (% of total population),SP.URB.TOTL.IN.ZS,2013,24.7033626854883
Mali,MLI,Population growth (annual %),SP.POP.GROW,2013,2.92078257453733
Mali,MLI,Poverty headcount ratio at $3.00 a day (2021 PPP) (% of population),SI.POV.DDAY,2013,
Mali,MLI,Gini index,SI.POV.GINI,2013,
Mali,MLI,"School enrollment, primary (% gross)",SE.PRM.ENRR,2013,70.8734283447266
Mali,MLI,"School enrollment, secondary (% gross)",SE.SEC.ENRR,2013,39.2758121397099
Mali,MLI,"Literacy rate, adult total (% of people ages 15 and above)",SE.ADT.LITR.ZS,2013,
Mali,MLI,"Mortality rate, under-5 (per 1,000 live births)",SH.DYN.MORT,2013,119.1
Mali,MLI,"Life expectancy at birth, total (years)",SP.DYN.LE00.IN,2013,57.052
Mali,MLI,Current health expenditure (% of GDP),SH.XPD.CHEX.GD.ZS,2013,3.96408582
Mali,MLI,People using at least basic drinking water services (% of population),SH.H2O.BASW.ZS,2013,70.3820228884165
Mali,MLI,Access to electricity (% of population),EG.ELC.ACCS.ZS,2013,32.4
Mali,MLI,Individuals using the Internet (% of population),IT.NET.USER.ZS,2013,3.5
Mauritania,MRT,GDP (current US$),NY.GDP.MKTP.CD,2013,7223071097.08417
Mauritania,MRT,GDP per capita (current US$),NY.GDP.PCAP.CD,2013,1934.24103064714
Mauritania,MRT,GDP growth (annual %),NY.GDP.MKTP.KD.ZG,2013,4.1508131898954
Mauritania,MRT,"Inflation, consumer prices (annual %)",FP.CPI.TOTL.ZG,2013,4.12910173783393
Mauritania,MRT,"Population, total",SP.POP.TOTL,2013,3734318.0
Mauritania,MRT,Urban population (% of total population),SP.URB.TOTL.IN.ZS,2013,49.3553973225913
Mauritania,MRT,Population growth (annual %),SP.POP.GROW,2013,3.135806545909
Mauritania,MRT,Poverty headcount ratio at $3.00 a day (2021 PPP) (% of population),SI.POV.DDAY,2013,
Mauritania,MRT,Gini index,SI.POV.GINI,2013,
Mauritania,MRT,"School enrollment, primary (% gross)",SE.PRM.ENRR,2013,93.6377057031555
Mauritania,MRT,"School enrollment, secondary (% gross)",SE.SEC.ENRR,2013,30.2620419125702
Mauritania,MRT,"Literacy rate, adult total (% of people ages 15 and above)",SE.ADT.LITR.ZS,2013,62.0699996948242
Mauritania,MRT,"Mortality rate, under-5 (per 1,000 live births)",SH.DYN.MORT,2013,52.1
Mauritania,MRT,"Life expectancy at birth, total (years)",SP.DYN.LE00.IN,2013,65.89
Mauritania,MRT,Current health expenditure (% of GDP),SH.XPD.CHEX.GD.ZS,2013,2.86799884
Mauritania,MRT,People using at least basic drinking water services (% of population),SH.H2O.BASW.ZS,2013,60.7764532840581
Mauritania,MRT,Access to electricity (% of population),EG.ELC.ACCS.ZS,2013,37.6
Mauritania,MRT,Individuals using the Internet (% of population),IT.NET.USER.ZS,2013,6.199999809
Togo,TGO,GDP (current US$),NY.GDP.MKTP.CD,2013,6021729629.82454
Togo,TGO,GDP per capita (current US$),NY.GDP.PCAP.CD,2013,826.542799987227
Togo,TGO,GDP growth (annual %),NY.GDP.MKTP.KD.ZG,2013,5.82425069283059
Togo,TGO,"Inflation, consumer prices (annual %)",FP.CPI.TOTL.ZG,2013,1.82539475909162
Togo,TGO,"Population, total",SP.POP.TOTL,2013,7285442.0
Togo,TGO,Urban population (% of total population),SP.URB.TOTL.IN.ZS,2013,38.8516767884103
Togo,TGO,Population growth (annual %),SP.POP.GROW,2013,2.56796697750519
Togo,TGO,Poverty headcount ratio at $3.00 a day (2021 PPP) (% of population),SI.POV.DDAY,2013,
Togo,TGO,Gini index,SI.POV.GINI,2013,
Togo,TGO,"School enrollment, primary (% gross)",SE.PRM.ENRR,2013,126.10501578594
Togo,TGO,"School enrollment, secondary (% gross)",SE.SEC.ENRR,2013,
Togo,TGO,"Literacy rate, adult total (% of people ages 15 and above)",SE.ADT.LITR.ZS,2013,
Togo,TGO,"Mortality rate, under-5 (per 1,000 live births)",SH.DYN.MORT,2013,80.2
Togo,TGO,"Life expectancy at birth, total (years)",SP.DYN.LE00.IN,2013,58.356
Togo,TGO,Current health expenditure (% of GDP),SH.XPD.CHEX.GD.ZS,2013,4.78670263
Togo,TGO,People using at least basic drinking water services (% of population),SH.H2O.BASW.ZS,2013,58.2632949727303
Togo,TGO,Access to electricity (% of population),EG.ELC.ACCS.ZS,2013,41.0
Togo,TGO,Individuals using the Internet (% of population),IT.NET.USER.ZS,2013,4.5
Guinea,GIN,GDP (current US$),NY.GDP.MKTP.CD,2013,8376613539.28278
Guinea,GIN,GDP per capita (current US$),NY.GDP.PCAP.CD,2013,748.455020824734
Guinea,GIN,GDP growth (annual %),NY.GDP.MKTP.KD.ZG,2013,3.94568708624053
Guinea,GIN,"Inflation, consumer prices (annual %)",FP.CPI.TOTL.ZG,2013,11.8875884481828
Guinea,GIN,"Population, total",SP.POP.TOTL,2013,11191873.0
Guinea,GIN,Urban population (% of total population),SP.URB.TOTL.IN.ZS,2013,34.5812741977122
Guinea,GIN,Population growth (annual %),SP.POP.GROW,2013,2.44471498509098
Guinea,GIN,Poverty headcount ratio at $3.00 a day (2021 PPP) (% of population),SI.POV.DDAY,2013,
Guinea,GIN,Gini index,SI.POV.GINI,2013,
Guinea,GIN,"School enrollment, primary (% gross)",SE.PRM.ENRR,2013,93.5301284790039
Guinea,GIN,"School enrollment, secondary (% gross)",SE.SEC.ENRR,2013,
Guinea,GIN,"Literacy rate, adult total (% of people ages 15 and above)",SE.ADT.LITR.ZS,2013,
Guinea,GIN,"Mortality rate, under-5 (per 1,000 live births)",SH.DYN.MORT,2013,116.6
Guinea,GIN,"Life expectancy at birth, total (years)",SP.DYN.LE00.IN,2013,57.459
Guinea,GIN,Current health expenditure (% of GDP),SH.XPD.CHEX.GD.ZS,2013,3.46108651
Guinea,GIN,People using at least basic drinking water services (% of population),SH.H2O.BASW.ZS,2013,60.7407932771769
Guinea,GIN,Access to electricity (% of population),EG.ELC.ACCS.ZS,2013,32.2
Guinea,GIN,Individuals using the Internet (% of population),IT.NET.USER.ZS,2013,4.5
"Gambia, The",GMB,GDP (current US$),NY.GDP.MKTP.CD,2013,1375609453.43746
"Gambia, The",GMB,GDP per capita (current US$),NY.GDP.PCAP.CD,2013,653.862713272743
"Gambia, The",GMB,GDP growth (annual %),NY.GDP.MKTP.KD.ZG,2013,2.872768790327
"Gambia, The",GMB,"Inflation, consumer prices (annual %)",FP.CPI.TOTL.ZG,2013,5.69912989637382
"Gambia, The",GMB,"Population, total",SP.POP.TOTL,2013,2103820.0
"Gambia, The",GMB,Urban population (% of total population),SP.URB.TOTL.IN.ZS,2013,57.970305611505
"Gambia, The",GMB,Population growth (annual %),SP.POP.GROW,2013,2.92894143394412
"Gambia, The",GMB,Poverty headcount ratio at $3.00 a day (2021 PPP) (% of population),SI.POV.DDAY,2013,
"Gambia, The",GMB,Gini index,SI.POV.GINI,2013,
"Gambia, The",GMB,"School enrollment, primary (% gross)",SE.PRM.ENRR,2013,77.5318910077468
"Gambia, The",GMB,"School enrollment, secondary (% gross)",SE.SEC.ENRR,2013,
"Gambia, The",GMB,"Literacy rate, adult total (% of people ages 15 and above)",SE.ADT.LITR.ZS,2013,
"Gambia, The",GMB,"Mortality rate, under-5 (per 1,000 live births)",SH.DYN.MORT,2013,64.0
"Gambia, The",GMB,"Life expectancy at birth, total (years)",SP.DYN.LE00.IN,2013,62.252
"Gambia, The",GMB,Current health expenditure (% of GDP),SH.XPD.CHEX.GD.ZS,2013,3.91374874
"Gambia, The",GMB,People using at least basic drinking water services (% of population),SH.H2O.BASW.ZS,2013,80.571196875671
"Gambia, The",GMB,Access to electricity (% of population),EG.ELC.ACCS.ZS,2013,51.5
"Gambia, The",GMB,Individuals using the Internet (% of population),IT.NET.USER.ZS,2013,14.0
Sierra Leone,SLE,GDP (current US$),NY.GDP.MKTP.CD,2013,7502762862.72657
Sierra Leone,SLE,GDP per capita (current US$),NY.GDP.PCAP.CD,2013,1117.47183075115
Sierra Leone,SLE,GDP growth (annual %),NY.GDP.MKTP.KD.ZG,2013,14.6633238075229
Sierra Leone,SLE,"Inflation, consumer prices (annual %)",FP.CPI.TOTL.ZG,2013,5.52412877994266
Sierra Leone,SLE,"Population, total",SP.POP.TOTL,2013,6714051.0
Sierra Leone,SLE,Urban population (% of total population),SP.URB.TOTL.IN.ZS,2013,39.8916422780075
Sierra Leone,SLE,Population growth (annual %),SP.POP.GROW,2013,2.45725730456865
Sierra Leone,SLE,Poverty headcount ratio at $3.00 a day (2021 PPP) (% of population),SI.POV.DDAY,2013,
Sierra Leone,SLE,Gini index,SI.POV.GINI,2013,
Sierra Leone,SLE,"School enrollment, primary (% gross)",SE.PRM.ENRR,2013,119.788073464671
Sierra Leone,SLE,"School enrollment, secondary (% gross)",SE.SEC.ENRR,2013,39.2237892150879
Sierra Leone,SLE,"Literacy rate, adult total (% of people ages 15 and above)",SE.ADT.LITR.ZS,2013,
Sierra Leone,SLE,"Mortality rate, under-5 (per 1,000 live births)",SH.DYN.MORT,2013,137.9
Sierra Leone,SLE,"Life expectancy at birth, total (years)",SP.DYN.LE00.IN,2013,54.051
Sierra Leone,SLE,Current health expenditure (% of GDP),SH.XPD.CHEX.GD.ZS,2013,8.45845032
Sierra Leone,SLE,People using at least basic drinking water services (% of population),SH.H2O.BASW.ZS,2013,55.2271223321324
Sierra Leone,SLE,Access to electricity (% of population),EG.ELC.ACCS.ZS,2013,13.5
Sierra Leone,SLE,Individuals using the Internet (% of population),IT.NET.USER.ZS,2013,4.0
Liberia,LBR,GDP (current US$),NY.GDP.MKTP.CD,2013,3177198100.0
Liberia,LBR,GDP per capita (current US$),NY.GDP.PCAP.CD,2013,710.744570927863
Liberia,LBR,GDP growth (annual %),NY.GDP.MKTP.KD.ZG,2013,8.68728781639683
Liberia,LBR,"Inflation, consumer prices (annual %)",FP.CPI.TOTL.ZG,2013,7.577306817414
Liberia,LBR,"Population, total",SP.POP.TOTL,2013,4470239.0
Liberia,LBR,Urban population (% of total population),SP.URB.TOTL.IN.ZS,2013,49.6977986242077
Liberia,LBR,Population growth (annual %),SP.POP.GROW,2013,2.19827693086756
Liberia,LBR,Poverty headcount ratio at $3.00 a day (2021 PPP) (% of population),SI.POV.DDAY,2013,
Liberia,LBR,Gini index,SI.POV.GINI,2013,
Liberia,LBR,"School enrollment, primary (% gross)",SE.PRM.ENRR,2013,52.1977055032725
Liberia,LBR,"School enrollment, secondary (% gross)",SE.SEC.ENRR,2013,
Liberia,LBR,"Literacy rate, adult total (% of people ages 15 and above)",SE.ADT.LITR.ZS,2013,
Liberia,LBR,"Mortality rate, under-5 (per 1,000 live births)",SH.DYN.MORT,2013,97.0
Liberia,LBR,"Life expectancy at birth, total (years)",SP.DYN.LE00.IN,2013,59.992
Liberia,LBR,Current health expenditure (% of GDP),SH.XPD.CHEX.GD.ZS,2013,7.15610409
Liberia,LBR,People using at least basic drinking water services (% of population),SH.H2O.BASW.ZS,2013,71.3338862504404
Liberia,LBR,Access to electricity (% of population),EG.ELC.ACCS.ZS,2013,9.8
Liberia,LBR,Individuals using the Internet (% of population),IT.NET.USER.ZS,2013,3.200000048
Guinea-Bissau,GNB,GDP (current US$),NY.GDP.MKTP.CD,2013,1109682824.13594
Guinea-Bissau,GNB,GDP per capita (current US$),NY.GDP.PCAP.CD,2013,654.304534409417
Guinea-Bissau,GNB,GDP growth (annual %),NY.GDP.MKTP.KD.ZG,2013,3.25607190852087
Guinea-Bissau,GNB,"Inflation, consumer prices (annual %)",FP.CPI.TOTL.ZG,2013,1.20712555668405
Guinea-Bissau,GNB,"Population, total",SP.POP.TOTL,2013,1695973.0
Guinea-Bissau,GNB,Urban population (% of total population),SP.URB.TOTL.IN.ZS,2013,41.2976379394531
Guinea-Bissau,GNB,Population growth (annual %),SP.POP.GROW,2013,2.66229101877146
Guinea-Bissau,GNB,Poverty headcount ratio at $3.00 a day (2021 PPP) (% of population),SI.POV.DDAY,2013,
Guinea-Bissau,GNB,Gini index,SI.POV.GINI,2013,
Guinea-Bissau,GNB,"School enrollment, primary (% gross)",SE.PRM.ENRR,2013,
Guinea-Bissau,GNB,"School enrollment, secondary (% gross)",SE.SEC.ENRR,2013,
Guinea-Bissau,GNB,"Literacy rate, adult total (% of people ages 15 and above)",SE.ADT.LITR.ZS,2013,
Guinea-Bissau,GNB,"Mortality rate, under-5 (per 1,000 live births)",SH.DYN.MORT,2013,99.1
Guinea-Bissau,GNB,"Life expectancy at birth, total (years)",SP.DYN.LE00.IN,2013,58.879
Guinea-Bissau,GNB,Current health expenditure (% of GDP),SH.XPD.CHEX.GD.ZS,2013,7.03943443
Guinea-Bissau,GNB,People using at least basic drinking water services (% of population),SH.H2O.BASW.ZS,2013,59.9219185208316
Guinea-Bissau,GNB,Access to electricity (% of population),EG.ELC.ACCS.ZS,2013,16.3
Guinea-Bissau,GNB,Individuals using the Internet (% of population),IT.NET.USER.ZS,2013,3.099999905
Cabo Verde,CPV,GDP (current US$),NY.GDP.MKTP.CD,2013,2028910915.16446
Cabo Verde,CPV,GDP per capita (current US$),NY.GDP.PCAP.CD,2013,3960.97596791345
Cabo Verde,CPV,GDP growth (annual %),NY.GDP.MKTP.KD.ZG,2013,0.632136727385131
Cabo Verde,CPV,"Inflation, consumer prices (annual %)",FP.CPI.TOTL.ZG,2013,1.50654285701407
Cabo Verde,CPV,"Population, total",SP.POP.TOTL,2013,512225.0
Cabo Verde,CPV,Urban population (% of total population),SP.URB.TOTL.IN.ZS,2013,64.7486207521826
Cabo Verde,CPV,Population growth (annual %),SP.POP.GROW,2013,0.052725108136232
Cabo Verde,CPV,Poverty headcount ratio at $3.00 a day (2021 PPP) (% of population),SI.POV.DDAY,2013,
Cabo Verde,CPV,Gini index,SI.POV.GINI,2013,
Cabo Verde,CPV,"School enrollment, primary (% gross)",SE.PRM.ENRR,2013,108.020740500689
Cabo Verde,CPV,"School enrollment, secondary (% gross)",SE.SEC.ENRR,2013,94.7526092529297
Cabo Verde,CPV,"Literacy rate, adult total (% of people ages 15 and above)",SE.ADT.LITR.ZS,2013,
Cabo Verde,CPV,"Mortality rate, under-5 (per 1,000 live births)",SH.DYN.MORT,2013,22.6
Cabo Verde,CPV,"Life expectancy at birth, total (years)",SP.DYN.LE00.IN,2013,73.481
Cabo Verde,CPV,Current health expenditure (% of GDP),SH.XPD.CHEX.GD.ZS,2013,4.82468271
Cabo Verde,CPV,People using at least basic drinking water services (% of population),SH.H2O.BASW.ZS,2013,84.2318960930689
Cabo Verde,CPV,Access to electricity (% of population),EG.ELC.ACCS.ZS,2013,84.3
Cabo Verde,CPV,Individuals using the Internet (% of population),IT.NET.USER.ZS,2013,37.5
Niger,NER,GDP (current US$),NY.GDP.MKTP.CD,2014,10862943543.5419
Niger,NER,GDP per capita (current US$),NY.GDP.PCAP.CD,2014,565.30989731175
Niger,NER,GDP growth (annual %),NY.GDP.MKTP.KD.ZG,2014,6.64213665495603
Niger,NER,"Inflation, consumer prices (annual %)",FP.CPI.TOTL.ZG,2014,-0.930287259984466
Niger,NER,"Population, total",SP.POP.TOTL,2014,19215909.0
Niger,NER,Urban population (% of total population),SP.URB.TOTL.IN.ZS,2014,16.2450424611665
Niger,NER,Population growth (annual %),SP.POP.GROW,2014,3.6892808045974
Niger,NER,Poverty headcount ratio at $3.00 a day (2021 PPP) (% of population),SI.POV.DDAY,2014,60.3
Niger,NER,Gini index,SI.POV.GINI,2014,34.3
Niger,NER,"School enrollment, primary (% gross)",SE.PRM.ENRR,2014,68.6922497937291
Niger,NER,"School enrollment, secondary (% gross)",SE.SEC.ENRR,2014,17.8459505465436
Niger,NER,"Literacy rate, adult total (% of people ages 15 and above)",SE.ADT.LITR.ZS,2014,29.0437067944143
Niger,NER,"Mortality rate, under-5 (per 1,000 live births)",SH.DYN.MORT,2014,126.8
Niger,NER,"Life expectancy at birth, total (years)",SP.DYN.LE00.IN,2014,58.693
Niger,NER,Current health expenditure (% of GDP),SH.XPD.CHEX.GD.ZS,2014,4.45377159
Niger,NER,People using at least basic drinking water services (% of population),SH.H2O.BASW.ZS,2014,46.6360032875155
Niger,NER,Access to electricity (% of population),EG.ELC.ACCS.ZS,2014,15.7
Niger,NER,Individuals using the Internet (% of population),IT.NET.USER.ZS,2014,1.24867568902241
Nigeria,NGA,GDP (current US$),NY.GDP.MKTP.CD,2014,574183763411.508
Nigeria,NGA,GDP per capita (current US$),NY.GDP.PCAP.CD,2014,3088.72131316169
Nigeria,NGA,GDP growth (annual %),NY.GDP.MKTP.KD.ZG,2014,6.30971865525431
Nigeria,NGA,"Inflation, consumer prices (annual %)",FP.CPI.TOTL.ZG,2014,8.04741087967907
Nigeria,NGA,"Population, total",SP.POP.TOTL,2014,185896915.0
Nigeria,NGA,Urban population (% of total population),SP.URB.TOTL.IN.ZS,2014,54.9232435340404
Nigeria,NGA,Population growth (annual %),SP.POP.GROW,2014,2.64221399374699
Nigeria,NGA,Poverty headcount ratio at $3.00 a day (2021 PPP) (% of population),SI.POV.DDAY,2014,
Nigeria,NGA,Gini index,SI.POV.GINI,2014,
Nigeria,NGA,"School enrollment, primary (% gross)",SE.PRM.ENRR,2014,84.1216580144923
Nigeria,NGA,"School enrollment, secondary (% gross)",SE.SEC.ENRR,2014,42.7821502685547
Nigeria,NGA,"Literacy rate, adult total (% of people ages 15 and above)",SE.ADT.LITR.ZS,2014,
Nigeria,NGA,"Mortality rate, under-5 (per 1,000 live births)",SH.DYN.MORT,2014,118.7
Nigeria,NGA,"Life expectancy at birth, total (years)",SP.DYN.LE00.IN,2014,51.94
Nigeria,NGA,Current health expenditure (% of GDP),SH.XPD.CHEX.GD.ZS,2014,3.34840417
Nigeria,NGA,People using at least basic drinking water services (% of population),SH.H2O.BASW.ZS,2014,66.5036264382039
Nigeria,NGA,Access to electricity (% of population),EG.ELC.ACCS.ZS,2014,54.2
Nigeria,NGA,Individuals using the Internet (% of population),IT.NET.USER.ZS,2014,21.0
Senegal,SEN,GDP (current US$),NY.GDP.MKTP.CD,2014,19797253440.2679
Senegal,SEN,GDP per capita (current US$),NY.GDP.PCAP.CD,2014,1398.89137601382
Senegal,SEN,GDP growth (annual %),NY.GDP.MKTP.KD.ZG,2014,6.22407443790986
Senegal,SEN,"Inflation, consumer prices (annual %)",FP.CPI.TOTL.ZG,2014,-1.09025507446895
Senegal,SEN,"Population, total",SP.POP.TOTL,2014,14152102.0
Senegal,SEN,Urban population (% of total population),SP.URB.TOTL.IN.ZS,2014,45.6020905341588
Senegal,SEN,Population growth (annual %),SP.POP.GROW,2014,3.16757470346908
Senegal,SEN,Poverty headcount ratio at $3.00 a day (2021 PPP) (% of population),SI.POV.DDAY,2014,
Senegal,SEN,Gini index,SI.POV.GINI,2014,
Senegal,SEN,"School enrollment, primary (% gross)",SE.PRM.ENRR,2014,83.6844563893552
Senegal,SEN,"School enrollment, secondary (% gross)",SE.SEC.ENRR,2014,50.546931380439
Senegal,SEN,"Literacy rate, adult total (% of people ages 15 and above)",SE.ADT.LITR.ZS,2014,
Senegal,SEN,"Mortality rate, under-5 (per 1,000 live births)",SH.DYN.MORT,2014,53.7
Senegal,SEN,"Life expectancy at birth, total (years)",SP.DYN.LE00.IN,2014,66.001
Senegal,SEN,Current health expenditure (% of GDP),SH.XPD.CHEX.GD.ZS,2014,4.38962269
Senegal,SEN,People using at least basic drinking water services (% of population),SH.H2O.BASW.ZS,2014,76.46896680992
Senegal,SEN,Access to electricity (% of population),EG.ELC.ACCS.ZS,2014,61.0
Senegal,SEN,Individuals using the Internet (% of population),IT.NET.USER.ZS,2014,17.70000076
Cote d'Ivoire,CIV,GDP (current US$),NY.GDP.MKTP.CD,2014,48843005613.7091
Cote d'Ivoire,CIV,GDP per capita (current US$),NY.GDP.PCAP.CD,2014,1991.36539423404
Cote d'Ivoire,CIV,GDP growth (annual %),NY.GDP.MKTP.KD.ZG,2014,9.37199994240375
Cote d'Ivoire,CIV,"Inflation, consumer prices (annual %)",FP.CPI.TOTL.ZG,2014,0.448682076766141
Cote d'Ivoire,CIV,"Population, total",SP.POP.TOTL,2014,24527395.0
Cote d'Ivoire,CIV,Urban population (% of total population),SP.URB.TOTL.IN.ZS,2014,49.0173144557368
Cote d'Ivoire,CIV,Population growth (annual %),SP.POP.GROW,2014,2.42493545476417
Cote d'Ivoire,CIV,Poverty headcount ratio at $3.00 a day (2021 PPP) (% of population),SI.POV.DDAY,2014,
Cote d'Ivoire,CIV,Gini index,SI.POV.GINI,2014,
Cote d'Ivoire,CIV,"School enrollment, primary (% gross)",SE.PRM.ENRR,2014,83.7491033587174
Cote d'Ivoire,CIV,"School enrollment, secondary (% gross)",SE.SEC.ENRR,2014,40.4629922041554
Cote d'Ivoire,CIV,"Literacy rate, adult total (% of people ages 15 and above)",SE.ADT.LITR.ZS,2014,43.9099998474121
Cote d'Ivoire,CIV,"Mortality rate, under-5 (per 1,000 live births)",SH.DYN.MORT,2014,88.6
Cote d'Ivoire,CIV,"Life expectancy at birth, total (years)",SP.DYN.LE00.IN,2014,57.772
Cote d'Ivoire,CIV,Current health expenditure (% of GDP),SH.XPD.CHEX.GD.ZS,2014,3.7310183
Cote d'Ivoire,CIV,People using at least basic drinking water services (% of population),SH.H2O.BASW.ZS,2014,73.932866465233
Cote d'Ivoire,CIV,Access to electricity (% of population),EG.ELC.ACCS.ZS,2014,61.9
Cote d'Ivoire,CIV,Individuals using the Internet (% of population),IT.NET.USER.ZS,2014,10.0
Ghana,GHA,GDP (current US$),NY.GDP.MKTP.CD,2014,54678533805.9064
Ghana,GHA,GDP per capita (current US$),NY.GDP.PCAP.CD,2014,1949.90832923846
Ghana,GHA,GDP growth (annual %),NY.GDP.MKTP.KD.ZG,2014,2.85624016330883
Ghana,GHA,"Inflation, consumer prices (annual %)",FP.CPI.TOTL.ZG,2014,15.4896160333318
Ghana,GHA,"Population, total",SP.POP.TOTL,2014,28041592.0
Ghana,GHA,Urban population (% of total population),SP.URB.TOTL.IN.ZS,2014,53.0663398797148
Ghana,GHA,Population growth (annual %),SP.POP.GROW,2014,2.36498553072391
Ghana,GHA,Poverty headcount ratio at $3.00 a day (2021 PPP) (% of population),SI.POV.DDAY,2014,
Ghana,GHA,Gini index,SI.POV.GINI,2014,
Ghana,GHA,"School enrollment, primary (% gross)",SE.PRM.ENRR,2014,99.5600865756332
Ghana,GHA,"School enrollment, secondary (% gross)",SE.SEC.ENRR,2014,63.974569978053
Ghana,GHA,"Literacy rate, adult total (% of people ages 15 and above)",SE.ADT.LITR.ZS,2014,
Ghana,GHA,"Mortality rate, under-5 (per 1,000 live births)",SH.DYN.MORT,2014,54.9
Ghana,GHA,"Life expectancy at birth, total (years)",SP.DYN.LE00.IN,2014,62.832
Ghana,GHA,Current health expenditure (% of GDP),SH.XPD.CHEX.GD.ZS,2014,4.01644135
Ghana,GHA,People using at least basic drinking water services (% of population),SH.H2O.BASW.ZS,2014,79.5978353673804
Ghana,GHA,Access to electricity (% of population),EG.ELC.ACCS.ZS,2014,78.3
Ghana,GHA,Individuals using the Internet (% of population),IT.NET.USER.ZS,2014,19.0
Benin,BEN,GDP (current US$),NY.GDP.MKTP.CD,2014,13284527846.9081
Benin,BEN,GDP per capita (current US$),NY.GDP.PCAP.CD,2014,1204.39918670094
Benin,BEN,GDP growth (annual %),NY.GDP.MKTP.KD.ZG,2014,6.35767909791932
Benin,BEN,"Inflation, consumer prices (annual %)",FP.CPI.TOTL.ZG,2014,-0.54875755094818
Benin,BEN,"Population, total",SP.POP.TOTL,2014,11030004.0
Benin,BEN,Urban population (% of total population),SP.URB.TOTL.IN.ZS,2014,45.2880529235999
Benin,BEN,Population growth (annual %),SP.POP.GROW,2014,2.9550187594558
Benin,BEN,Poverty headcount ratio at $3.00 a day (2021 PPP) (% of population),SI.POV.DDAY,2014,
Benin,BEN,Gini index,SI.POV.GINI,2014,
Benin,BEN,"School enrollment, primary (% gross)",SE.PRM.ENRR,2014,119.675392150879
Benin,BEN,"School enrollment, secondary (% gross)",SE.SEC.ENRR,2014,52.5952682495117
Benin,BEN,"Literacy rate, adult total (% of people ages 15 and above)",SE.ADT.LITR.ZS,2014,
Benin,BEN,"Mortality rate, under-5 (per 1,000 live births)",SH.DYN.MORT,2014,98.4
Benin,BEN,"Life expectancy at birth, total (years)",SP.DYN.LE00.IN,2014,59.008
Benin,BEN,Current health expenditure (% of GDP),SH.XPD.CHEX.GD.ZS,2014,2.69111967
Benin,BEN,People using at least basic drinking water services (% of population),SH.H2O.BASW.ZS,2014,66.2745990254867
Benin,BEN,Access to electricity (% of population),EG.ELC.ACCS.ZS,2014,34.1
Benin,BEN,Individuals using the Internet (% of population),IT.NET.USER.ZS,2014,6.0
Burkina Faso,BFA,GDP (current US$),NY.GDP.MKTP.CD,2014,13943016076.7436
Burkina Faso,BFA,GDP per capita (current US$),NY.GDP.PCAP.CD,2014,764.861675106225
Burkina Faso,BFA,GDP growth (annual %),NY.GDP.MKTP.KD.ZG,2014,4.32684561452976
Burkina Faso,BFA,"Inflation, consumer prices (annual %)",FP.CPI.TOTL.ZG,2014,-0.258089517535291
Burkina Faso,BFA,"Population, total",SP.POP.TOTL,2014,18229461.0
Burkina Faso,BFA,Urban population (% of total population),SP.URB.TOTL.IN.ZS,2014,25.3814155996643
Burkina Faso,BFA,Population growth (annual %),SP.POP.GROW,2014,2.9733794200807
Burkina Faso,BFA,Poverty headcount ratio at $3.00 a day (2021 PPP) (% of population),SI.POV.DDAY,2014,58.7
Burkina Faso,BFA,Gini index,SI.POV.GINI,2014,35.3
Burkina Faso,BFA,"School enrollment, primary (% gross)",SE.PRM.ENRR,2014,84.5538716285922
Burkina Faso,BFA,"School enrollment, secondary (% gross)",SE.SEC.ENRR,2014,29.5668744354491
Burkina Faso,BFA,"Literacy rate, adult total (% of people ages 15 and above)",SE.ADT.LITR.ZS,2014,34.5999984741211
Burkina Faso,BFA,"Mortality rate, under-5 (per 1,000 live births)",SH.DYN.MORT,2014,104.3
Burkina Faso,BFA,"Life expectancy at birth, total (years)",SP.DYN.LE00.IN,2014,58.331
Burkina Faso,BFA,Current health expenditure (% of GDP),SH.XPD.CHEX.GD.ZS,2014,5.00027227
Burkina Faso,BFA,People using at least basic drinking water services (% of population),SH.H2O.BASW.ZS,2014,52.2827255201391
Burkina Faso,BFA,Access to electricity (% of population),EG.ELC.ACCS.ZS,2014,19.2
Burkina Faso,BFA,Individuals using the Internet (% of population),IT.NET.USER.ZS,2014,6.0
Mali,MLI,GDP (current US$),NY.GDP.MKTP.CD,2014,17081681993.1695
Mali,MLI,GDP per capita (current US$),NY.GDP.PCAP.CD,2014,947.915033288325
Mali,MLI,GDP growth (annual %),NY.GDP.MKTP.KD.ZG,2014,6.50263878409685
Mali,MLI,"Inflation, consumer prices (annual %)",FP.CPI.TOTL.ZG,2014,0.883814547137841
Mali,MLI,"Population, total",SP.POP.TOTL,2014,18020267.0
Mali,MLI,Urban population (% of total population),SP.URB.TOTL.IN.ZS,2014,25.2656728660325
Mali,MLI,Population growth (annual %),SP.POP.GROW,2014,3.16065691731413
Mali,MLI,Poverty headcount ratio at $3.00 a day (2021 PPP) (% of population),SI.POV.DDAY,2014,
Mali,MLI,Gini index,SI.POV.GINI,2014,
Mali,MLI,"School enrollment, primary (% gross)",SE.PRM.ENRR,2014,71.8215759998762
Mali,MLI,"School enrollment, secondary (% gross)",SE.SEC.ENRR,2014,41.2349114693214
Mali,MLI,"Literacy rate, adult total (% of people ages 15 and above)",SE.ADT.LITR.ZS,2014,
Mali,MLI,"Mortality rate, under-5 (per 1,000 live births)",SH.DYN.MORT,2014,114.4
Mali,MLI,"Life expectancy at birth, total (years)",SP.DYN.LE00.IN,2014,57.482
Mali,MLI,Current health expenditure (% of GDP),SH.XPD.CHEX.GD.ZS,2014,4.48158312
Mali,MLI,People using at least basic drinking water services (% of population),SH.H2O.BASW.ZS,2014,71.9205681917845
Mali,MLI,Access to electricity (% of population),EG.ELC.ACCS.ZS,2014,34.2
Mali,MLI,Individuals using the Internet (% of population),IT.NET.USER.ZS,2014,7.0
Mauritania,MRT,GDP (current US$),NY.GDP.MKTP.CD,2014,6592537781.81518
Mauritania,MRT,GDP per capita (current US$),NY.GDP.PCAP.CD,2014,1713.00865264234
Mauritania,MRT,GDP growth (annual %),NY.GDP.MKTP.KD.ZG,2014,4.27482328814457
Mauritania,MRT,"Inflation, consumer prices (annual %)",FP.CPI.TOTL.ZG,2014,3.53436856147324
Mauritania,MRT,"Population, total",SP.POP.TOTL,2014,3848514.0
Mauritania,MRT,Urban population (% of total population),SP.URB.TOTL.IN.ZS,2014,50.4694791226856
Mauritania,MRT,Population growth (annual %),SP.POP.GROW,2014,3.01218949095495
Mauritania,MRT,Poverty headcount ratio at $3.00 a day (2021 PPP) (% of population),SI.POV.DDAY,2014,11.7
Mauritania,MRT,Gini index,SI.POV.GINI,2014,32.6
Mauritania,MRT,"School enrollment, primary (% gross)",SE.PRM.ENRR,2014,93.9026961891851
Mauritania,MRT,"School enrollment, secondary (% gross)",SE.SEC.ENRR,2014,30.6988232872483
Mauritania,MRT,"Literacy rate, adult total (% of people ages 15 and above)",SE.ADT.LITR.ZS,2014,
Mauritania,MRT,"Mortality rate, under-5 (per 1,000 live births)",SH.DYN.MORT,2014,50.6
Mauritania,MRT,"Life expectancy at birth, total (years)",SP.DYN.LE00.IN,2014,66.207
Mauritania,MRT,Current health expenditure (% of GDP),SH.XPD.CHEX.GD.ZS,2014,3.46724391
Mauritania,MRT,People using at least basic drinking water services (% of population),SH.H2O.BASW.ZS,2014,62.3466709330309
Mauritania,MRT,Access to electricity (% of population),EG.ELC.ACCS.ZS,2014,38.8
Mauritania,MRT,Individuals using the Internet (% of population),IT.NET.USER.ZS,2014,11.80000019
Togo,TGO,GDP (current US$),NY.GDP.MKTP.CD,2014,6393314707.85456
Togo,TGO,GDP per capita (current US$),NY.GDP.PCAP.CD,2014,855.584809246574
Togo,TGO,GDP growth (annual %),NY.GDP.MKTP.KD.ZG,2014,5.63323739145223
Togo,TGO,"Inflation, consumer prices (annual %)",FP.CPI.TOTL.ZG,2014,0.19087507624975
Togo,TGO,"Population, total",SP.POP.TOTL,2014,7472450.0
Togo,TGO,Urban population (% of total population),SP.URB.TOTL.IN.ZS,2014,39.2839506458368
Togo,TGO,Population growth (annual %),SP.POP.GROW,2014,2.53448135308774
Togo,TGO,Poverty headcount ratio at $3.00 a day (2021 PPP) (% of population),SI.POV.DDAY,2014,
Togo,TGO,Gini index,SI.POV.GINI,2014,
Togo,TGO,"School enrollment, primary (% gross)",SE.PRM.ENRR,2014,122.304207926362
Togo,TGO,"School enrollment, secondary (% gross)",SE.SEC.ENRR,2014,
Togo,TGO,"Literacy rate, adult total (% of people ages 15 and above)",SE.ADT.LITR.ZS,2014,
Togo,TGO,"Mortality rate, under-5 (per 1,000 live births)",SH.DYN.MORT,2014,77.7
Togo,TGO,"Life expectancy at birth, total (years)",SP.DYN.LE00.IN,2014,58.776
Togo,TGO,Current health expenditure (% of GDP),SH.XPD.CHEX.GD.ZS,2014,4.90473413
Togo,TGO,People using at least basic drinking water services (% of population),SH.H2O.BASW.ZS,2014,58.9022839214157
Togo,TGO,Access to electricity (% of population),EG.ELC.ACCS.ZS,2014,45.7
Togo,TGO,Individuals using the Internet (% of population),IT.NET.USER.ZS,2014,5.699999809
Guinea,GIN,GDP (current US$),NY.GDP.MKTP.CD,2014,8778473372.82124
Guinea,GIN,GDP per capita (current US$),NY.GDP.PCAP.CD,2014,765.146999389279
Guinea,GIN,GDP growth (annual %),NY.GDP.MKTP.KD.ZG,2014,3.69655311664086
Guinea,GIN,"Inflation, consumer prices (annual %)",FP.CPI.TOTL.ZG,2014,6.1505055670642
Guinea,GIN,"Population, total",SP.POP.TOTL,2014,11472924.0
Guinea,GIN,Urban population (% of total population),SP.URB.TOTL.IN.ZS,2014,34.8177920826682
Guinea,GIN,Population growth (annual %),SP.POP.GROW,2014,2.48019346390261
Guinea,GIN,Poverty headcount ratio at $3.00 a day (2021 PPP) (% of population),SI.POV.DDAY,2014,
Guinea,GIN,Gini index,SI.POV.GINI,2014,
Guinea,GIN,"School enrollment, primary (% gross)",SE.PRM.ENRR,2014,95.1517791748047
Guinea,GIN,"School enrollment, secondary (% gross)",SE.SEC.ENRR,2014,38.5548782348633
Guinea,GIN,"Literacy rate, adult total (% of people ages 15 and above)",SE.ADT.LITR.ZS,2014,32.0
Guinea,GIN,"Mortality rate, under-5 (per 1,000 live births)",SH.DYN.MORT,2014,115.4
Guinea,GIN,"Life expectancy at birth, total (years)",SP.DYN.LE00.IN,2014,57.581
Guinea,GIN,Current health expenditure (% of GDP),SH.XPD.CHEX.GD.ZS,2014,4.787992
Guinea,GIN,People using at least basic drinking water services (% of population),SH.H2O.BASW.ZS,2014,61.9449533966477
Guinea,GIN,Access to electricity (% of population),EG.ELC.ACCS.ZS,2014,33.5
Guinea,GIN,Individuals using the Internet (% of population),IT.NET.USER.ZS,2014,6.400000095
"Gambia, The",GMB,GDP (current US$),NY.GDP.MKTP.CD,2014,1229461721.40861
"Gambia, The",GMB,GDP per capita (current US$),NY.GDP.PCAP.CD,2014,568.00453558864
"Gambia, The",GMB,GDP growth (annual %),NY.GDP.MKTP.KD.ZG,2014,-1.40738249510954
"Gambia, The",GMB,"Inflation, consumer prices (annual %)",FP.CPI.TOTL.ZG,2014,5.94799935696626
"Gambia, The",GMB,"Population, total",SP.POP.TOTL,2014,2164528.0
"Gambia, The",GMB,Urban population (% of total population),SP.URB.TOTL.IN.ZS,2014,58.6141799655551
"Gambia, The",GMB,Population growth (annual %),SP.POP.GROW,2014,2.84475839442236
"Gambia, The",GMB,Poverty headcount ratio at $3.00 a day (2021 PPP) (% of population),SI.POV.DDAY,2014,
"Gambia, The",GMB,Gini index,SI.POV.GINI,2014,
"Gambia, The",GMB,"School enrollment, primary (% gross)",SE.PRM.ENRR,2014,80.6712752410406
"Gambia, The",GMB,"School enrollment, secondary (% gross)",SE.SEC.ENRR,2014,
"Gambia, The",GMB,"Literacy rate, adult total (% of people ages 15 and above)",SE.ADT.LITR.ZS,2014,
"Gambia, The",GMB,"Mortality rate, under-5 (per 1,000 live births)",SH.DYN.MORT,2014,61.4
"Gambia, The",GMB,"Life expectancy at birth, total (years)",SP.DYN.LE00.IN,2014,62.576
"Gambia, The",GMB,Current health expenditure (% of GDP),SH.XPD.CHEX.GD.ZS,2014,3.05234575
"Gambia, The",GMB,People using at least basic drinking water services (% of population),SH.H2O.BASW.ZS,2014,81.2241792597438
"Gambia, The",GMB,Access to electricity (% of population),EG.ELC.ACCS.ZS,2014,53.0
"Gambia, The",GMB,Individuals using the Internet (% of population),IT.NET.USER.ZS,2014,15.56000042
Sierra Leone,SLE,GDP (current US$),NY.GDP.MKTP.CD,2014,7686138790.90872
Sierra Leone,SLE,GDP per capita (current US$),NY.GDP.PCAP.CD,2014,1117.7586465721
Sierra Leone,SLE,GDP growth (annual %),NY.GDP.MKTP.KD.ZG,2014,-7.81501512457241
Sierra Leone,SLE,"Inflation, consumer prices (annual %)",FP.CPI.TOTL.ZG,2014,4.63931171409667
Sierra Leone,SLE,"Population, total",SP.POP.TOTL,2014,6876385.0
Sierra Leone,SLE,Urban population (% of total population),SP.URB.TOTL.IN.ZS,2014,40.3272406886245
Sierra Leone,SLE,Population growth (annual %),SP.POP.GROW,2014,2.38905832119365
Sierra Leone,SLE,Poverty headcount ratio at $3.00 a day (2021 PPP) (% of population),SI.POV.DDAY,2014,
Sierra Leone,SLE,Gini index,SI.POV.GINI,2014,
Sierra Leone,SLE,"School enrollment, primary (% gross)",SE.PRM.ENRR,2014,
Sierra Leone,SLE,"School enrollment, secondary (% gross)",SE.SEC.ENRR,2014,
Sierra Leone,SLE,"Literacy rate, adult total (% of people ages 15 and above)",SE.ADT.LITR.ZS,2014,44.3698913332904
Sierra Leone,SLE,"Mortality rate, under-5 (per 1,000 live births)",SH.DYN.MORT,2014,135.9
Sierra Leone,SLE,"Life expectancy at birth, total (years)",SP.DYN.LE00.IN,2014,54.281
Sierra Leone,SLE,Current health expenditure (% of GDP),SH.XPD.CHEX.GD.ZS,2014,15.11886978
Sierra Leone,SLE,People using at least basic drinking water services (% of population),SH.H2O.BASW.ZS,2014,56.3992358539249
Sierra Leone,SLE,Access to electricity (% of population),EG.ELC.ACCS.ZS,2014,18.8
Sierra Leone,SLE,Individuals using the Internet (% of population),IT.NET.USER.ZS,2014,6.057300091
Liberia,LBR,GDP (current US$),NY.GDP.MKTP.CD,2014,3225652000.0
Liberia,LBR,GDP per capita (current US$),NY.GDP.PCAP.CD,2014,706.714490064507
Liberia,LBR,GDP growth (annual %),NY.GDP.MKTP.KD.ZG,2014,0.701393100287518
Liberia,LBR,"Inflation, consumer prices (annual %)",FP.CPI.TOTL.ZG,2014,9.86111285574904
Liberia,LBR,"Population, total",SP.POP.TOTL,2014,4564293.0
Liberia,LBR,Urban population (% of total population),SP.URB.TOTL.IN.ZS,2014,50.2198153156642
Liberia,LBR,Population growth (annual %),SP.POP.GROW,2014,2.08217532534285
Liberia,LBR,Poverty headcount ratio at $3.00 a day (2021 PPP) (% of population),SI.POV.DDAY,2014,31.7
Liberia,LBR,Gini index,SI.POV.GINI,2014,33.2
Liberia,LBR,"School enrollment, primary (% gross)",SE.PRM.ENRR,2014,92.5530201850852
Liberia,LBR,"School enrollment, secondary (% gross)",SE.SEC.ENRR,2014,36.7695617675781
Liberia,LBR,"Literacy rate, adult total (% of people ages 15 and above)",SE.ADT.LITR.ZS,2014,
Liberia,LBR,"Mortality rate, under-5 (per 1,000 live births)",SH.DYN.MORT,2014,97.0
Liberia,LBR,"Life expectancy at birth, total (years)",SP.DYN.LE00.IN,2014,59.21
Liberia,LBR,Current health expenditure (% of GDP),SH.XPD.CHEX.GD.ZS,2014,8.09817886
Liberia,LBR,People using at least basic drinking water services (% of population),SH.H2O.BASW.ZS,2014,72.0459731773456
Liberia,LBR,Access to electricity (% of population),EG.ELC.ACCS.ZS,2014,9.4
Liberia,LBR,Individuals using the Internet (% of population),IT.NET.USER.ZS,2014,5.409999847
Guinea-Bissau,GNB,GDP (current US$),NY.GDP.MKTP.CD,2014,1135250721.0374
Guinea-Bissau,GNB,GDP per capita (current US$),NY.GDP.PCAP.CD,2014,652.022501029449
Guinea-Bissau,GNB,GDP growth (annual %),NY.GDP.MKTP.KD.ZG,2014,0.964525745841428
Guinea-Bissau,GNB,"Inflation, consumer prices (annual %)",FP.CPI.TOTL.ZG,2014,-1.50924460570494
Guinea-Bissau,GNB,"Population, total",SP.POP.TOTL,2014,1741122.0
Guinea-Bissau,GNB,Urban population (% of total population),SP.URB.TOTL.IN.ZS,2014,41.7271995544434
Guinea-Bissau,GNB,Population growth (annual %),SP.POP.GROW,2014,2.62731155689981
Guinea-Bissau,GNB,Poverty headcount ratio at $3.00 a day (2021 PPP) (% of population),SI.POV.DDAY,2014,
Guinea-Bissau,GNB,Gini index,SI.POV.GINI,2014,
Guinea-Bissau,GNB,"School enrollment, primary (% gross)",SE.PRM.ENRR,2014,
Guinea-Bissau,GNB,"School enrollment, secondary (% gross)",SE.SEC.ENRR,2014,
Guinea-Bissau,GNB,"Literacy rate, adult total (% of people ages 15 and above)",SE.ADT.LITR.ZS,2014,
Guinea-Bissau,GNB,"Mortality rate, under-5 (per 1,000 live births)",SH.DYN.MORT,2014,95.2
Guinea-Bissau,GNB,"Life expectancy at birth, total (years)",SP.DYN.LE00.IN,2014,59.476
Guinea-Bissau,GNB,Current health expenditure (% of GDP),SH.XPD.CHEX.GD.ZS,2014,9.96897411
Guinea-Bissau,GNB,People using at least basic drinking water services (% of population),SH.H2O.BASW.ZS,2014,60.179969051587
Guinea-Bissau,GNB,Access to electricity (% of population),EG.ELC.ACCS.ZS,2014,17.2
Guinea-Bissau,GNB,Individuals using the Internet (% of population),IT.NET.USER.ZS,2014,3.319999933
Cabo Verde,CPV,GDP (current US$),NY.GDP.MKTP.CD,2014,2041930125.42979
Cabo Verde,CPV,GDP per capita (current US$),NY.GDP.PCAP.CD,2014,3985.60706548134
Cabo Verde,CPV,GDP growth (annual %),NY.GDP.MKTP.KD.ZG,2014,0.696666840118581
Cabo Verde,CPV,"Inflation, consumer prices (annual %)",FP.CPI.TOTL.ZG,2014,-0.238778144990623
Cabo Verde,CPV,"Population, total",SP.POP.TOTL,2014,512326.0
Cabo Verde,CPV,Urban population (% of total population),SP.URB.TOTL.IN.ZS,2014,65.8085112712742
Cabo Verde,CPV,Population growth (annual %),SP.POP.GROW,2014,0.0197159536864678
Cabo Verde,CPV,Poverty headcount ratio at $3.00 a day (2021 PPP) (% of population),SI.POV.DDAY,2014,
Cabo Verde,CPV,Gini index,SI.POV.GINI,2014,
Cabo Verde,CPV,"School enrollment, primary (% gross)",SE.PRM.ENRR,2014,107.53603339203
Cabo Verde,CPV,"School enrollment, secondary (% gross)",SE.SEC.ENRR,2014,93.6074664791524
Cabo Verde,CPV,"Literacy rate, adult total (% of people ages 15 and above)",SE.ADT.LITR.ZS,2014,
Cabo Verde,CPV,"Mortality rate, under-5 (per 1,000 live births)",SH.DYN.MORT,2014,20.9
Cabo Verde,CPV,"Life expectancy at birth, total (years)",SP.DYN.LE00.IN,2014,73.788
Cabo Verde,CPV,Current health expenditure (% of GDP),SH.XPD.CHEX.GD.ZS,2014,4.85231543
Cabo Verde,CPV,People using at least basic drinking water services (% of population),SH.H2O.BASW.ZS,2014,84.5854646017969
Cabo Verde,CPV,Access to electricity (% of population),EG.ELC.ACCS.ZS,2014,85.3
Cabo Verde,CPV,Individuals using the Internet (% of population),IT.NET.USER.ZS,2014,40.25999832
Niger,NER,GDP (current US$),NY.GDP.MKTP.CD,2015,9683867926.44282
Niger,NER,GDP per capita (current US$),NY.GDP.PCAP.CD,2015,485.662574175279
Niger,NER,GDP growth (annual %),NY.GDP.MKTP.KD.ZG,2015,4.39264883207291
Niger,NER,"Inflation, consumer prices (annual %)",FP.CPI.TOTL.ZG,2015,-0.576090369833189
Niger,NER,"Population, total",SP.POP.TOTL,2015,19939498.0
Niger,NER,Urban population (% of total population),SP.URB.TOTL.IN.ZS,2015,16.3035606587493
Niger,NER,Population growth (annual %),SP.POP.GROW,2015,3.69640590007582
Niger,NER,Poverty headcount ratio at $3.00 a day (2021 PPP) (% of population),SI.POV.DDAY,2015,
Niger,NER,Gini index,SI.POV.GINI,2015,
Niger,NER,"School enrollment, primary (% gross)",SE.PRM.ENRR,2015,70.8931423850977
Niger,NER,"School enrollment, secondary (% gross)",SE.SEC.ENRR,2015,19.6922012498743
Niger,NER,"Literacy rate, adult total (% of people ages 15 and above)",SE.ADT.LITR.ZS,2015,
Niger,NER,"Mortality rate, under-5 (per 1,000 live births)",SH.DYN.MORT,2015,125.4
Niger,NER,"Life expectancy at birth, total (years)",SP.DYN.LE00.IN,2015,58.85
Niger,NER,Current health expenditure (% of GDP),SH.XPD.CHEX.GD.ZS,2015,5.34745932
Niger,NER,People using at least basic drinking water services (% of population),SH.H2O.BASW.ZS,2015,47.3180912197977
Niger,NER,Access to electricity (% of population),EG.ELC.ACCS.ZS,2015,16.6
Niger,NER,Individuals using the Internet (% of population),IT.NET.USER.ZS,2015,2.476200104
Nigeria,NGA,GDP (current US$),NY.GDP.MKTP.CD,2015,493026682800.63
Nigeria,NGA,GDP per capita (current US$),NY.GDP.PCAP.CD,2015,2585.73360671797
Nigeria,NGA,GDP growth (annual %),NY.GDP.MKTP.KD.ZG,2015,2.65269329543001
Nigeria,NGA,"Inflation, consumer prices (annual %)",FP.CPI.TOTL.ZG,2015,9.00943498007706
Nigeria,NGA,"Population, total",SP.POP.TOTL,2015,190671878.0
Nigeria,NGA,Urban population (% of total population),SP.URB.TOTL.IN.ZS,2015,55.7325682057138
Nigeria,NGA,Population growth (annual %),SP.POP.GROW,2015,2.53617348598208
Nigeria,NGA,Poverty headcount ratio at $3.00 a day (2021 PPP) (% of population),SI.POV.DDAY,2015,35.8
Nigeria,NGA,Gini index,SI.POV.GINI,2015,35.9
Nigeria,NGA,"School enrollment, primary (% gross)",SE.PRM.ENRR,2015,25.5657563073792
Nigeria,NGA,"School enrollment, secondary (% gross)",SE.SEC.ENRR,2015,43.8246917724609
Nigeria,NGA,"Literacy rate, adult total (% of people ages 15 and above)",SE.ADT.LITR.ZS,2015,
Nigeria,NGA,"Mortality rate, under-5 (per 1,000 live births)",SH.DYN.MORT,2015,117.8
Nigeria,NGA,"Life expectancy at birth, total (years)",SP.DYN.LE00.IN,2015,51.939
Nigeria,NGA,Current health expenditure (% of GDP),SH.XPD.CHEX.GD.ZS,2015,3.58194995
Nigeria,NGA,People using at least basic drinking water services (% of population),SH.H2O.BASW.ZS,2015,68.1220021164846
Nigeria,NGA,Access to electricity (% of population),EG.ELC.ACCS.ZS,2015,52.5
Nigeria,NGA,Individuals using the Internet (% of population),IT.NET.USER.ZS,2015,22.51420021
Senegal,SEN,GDP (current US$),NY.GDP.MKTP.CD,2015,17774766696.1759
Senegal,SEN,GDP per capita (current US$),NY.GDP.PCAP.CD,2015,1218.00613555438
Senegal,SEN,GDP growth (annual %),NY.GDP.MKTP.KD.ZG,2015,6.36704365066983
Senegal,SEN,"Inflation, consumer prices (annual %)",FP.CPI.TOTL.ZG,2015,0.135211933635165
Senegal,SEN,"Population, total",SP.POP.TOTL,2015,14593331.0
Senegal,SEN,Urban population (% of total population),SP.URB.TOTL.IN.ZS,2015,46.2747669629858
Senegal,SEN,Population growth (annual %),SP.POP.GROW,2015,3.07014792428801
Senegal,SEN,Poverty headcount ratio at $3.00 a day (2021 PPP) (% of population),SI.POV.DDAY,2015,
Senegal,SEN,Gini index,SI.POV.GINI,2015,
Senegal,SEN,"School enrollment, primary (% gross)",SE.PRM.ENRR,2015,84.8970794677734
Senegal,SEN,"School enrollment, secondary (% gross)",SE.SEC.ENRR,2015,50.5380516052246
Senegal,SEN,"Literacy rate, adult total (% of people ages 15 and above)",SE.ADT.LITR.ZS,2015,43.5900001525879
Senegal,SEN,"Mortality rate, under-5 (per 1,000 live births)",SH.DYN.MORT,2015,52.2
Senegal,SEN,"Life expectancy at birth, total (years)",SP.DYN.LE00.IN,2015,66.451
Senegal,SEN,Current health expenditure (% of GDP),SH.XPD.CHEX.GD.ZS,2015,4.37789631
Senegal,SEN,People using at least basic drinking water services (% of population),SH.H2O.BASW.ZS,2015,77.649320243194
Senegal,SEN,Access to electricity (% of population),EG.ELC.ACCS.ZS,2015,60.5
Senegal,SEN,Individuals using the Internet (% of population),IT.NET.USER.ZS,2015,21.70000076
Cote d'Ivoire,CIV,GDP (current US$),NY.GDP.MKTP.CD,2015,45815005169.2651
Cote d'Ivoire,CIV,GDP per capita (current US$),NY.GDP.PCAP.CD,2015,1814.71855088017
Cote d'Ivoire,CIV,GDP growth (annual %),NY.GDP.MKTP.KD.ZG,2015,7.19494942728191
Cote d'Ivoire,CIV,"Inflation, consumer prices (annual %)",FP.CPI.TOTL.ZG,2015,1.25149954781467
Cote d'Ivoire,CIV,"Population, total",SP.POP.TOTL,2015,25246342.0
Cote d'Ivoire,CIV,Urban population (% of total population),SP.URB.TOTL.IN.ZS,2015,49.4694894689553
Cote d'Ivoire,CIV,Population growth (annual %),SP.POP.GROW,2015,2.88906178023194
Cote d'Ivoire,CIV,Poverty headcount ratio at $3.00 a day (2021 PPP) (% of population),SI.POV.DDAY,2015,46.6
Cote d'Ivoire,CIV,Gini index,SI.POV.GINI,2015,41.5
Cote d'Ivoire,CIV,"School enrollment, primary (% gross)",SE.PRM.ENRR,2015,85.262803745883
Cote d'Ivoire,CIV,"School enrollment, secondary (% gross)",SE.SEC.ENRR,2015,43.9865647318392
Cote d'Ivoire,CIV,"Literacy rate, adult total (% of people ages 15 and above)",SE.ADT.LITR.ZS,2015,
Cote d'Ivoire,CIV,"Mortality rate, under-5 (per 1,000 live births)",SH.DYN.MORT,2015,85.5
Cote d'Ivoire,CIV,"Life expectancy at birth, total (years)",SP.DYN.LE00.IN,2015,58.281
Cote d'Ivoire,CIV,Current health expenditure (% of GDP),SH.XPD.CHEX.GD.ZS,2015,3.2198832
Cote d'Ivoire,CIV,People using at least basic drinking water services (% of population),SH.H2O.BASW.ZS,2015,74.2789991723986
Cote d'Ivoire,CIV,Access to electricity (% of population),EG.ELC.ACCS.ZS,2015,62.6
Cote d'Ivoire,CIV,Individuals using the Internet (% of population),IT.NET.USER.ZS,2015,38.4400001654616
Ghana,GHA,GDP (current US$),NY.GDP.MKTP.CD,2015,49436806230.4839
Ghana,GHA,GDP per capita (current US$),NY.GDP.PCAP.CD,2015,1722.77282833606
Ghana,GHA,GDP growth (annual %),NY.GDP.MKTP.KD.ZG,2015,2.12075933817334
Ghana,GHA,"Inflation, consumer prices (annual %)",FP.CPI.TOTL.ZG,2015,17.1499695007878
Ghana,GHA,"Population, total",SP.POP.TOTL,2015,28696068.0
Ghana,GHA,Urban population (% of total population),SP.URB.TOTL.IN.ZS,2015,53.6226415210752
Ghana,GHA,Population growth (annual %),SP.POP.GROW,2015,2.30712733064921
Ghana,GHA,Poverty headcount ratio at $3.00 a day (2021 PPP) (% of population),SI.POV.DDAY,2015,
Ghana,GHA,Gini index,SI.POV.GINI,2015,
Ghana,GHA,"School enrollment, primary (% gross)",SE.PRM.ENRR,2015,103.213138177351
Ghana,GHA,"School enrollment, secondary (% gross)",SE.SEC.ENRR,2015,67.0486566518056
Ghana,GHA,"Literacy rate, adult total (% of people ages 15 and above)",SE.ADT.LITR.ZS,2015,60.1981035367761
Ghana,GHA,"Mortality rate, under-5 (per 1,000 live births)",SH.DYN.MORT,2015,52.5
Ghana,GHA,"Life expectancy at birth, total (years)",SP.DYN.LE00.IN,2015,63.175
Ghana,GHA,Current health expenditure (% of GDP),SH.XPD.CHEX.GD.ZS,2015,4.54299259
Ghana,GHA,People using at least basic drinking water services (% of population),SH.H2O.BASW.ZS,2015,80.631160872114
Ghana,GHA,Access to electricity (% of population),EG.ELC.ACCS.ZS,2015,74.0
Ghana,GHA,Individuals using the Internet (% of population),IT.NET.USER.ZS,2015,23.0
Benin,BEN,GDP (current US$),NY.GDP.MKTP.CD,2015,11388160996.7738
Benin,BEN,GDP per capita (current US$),NY.GDP.PCAP.CD,2015,1002.41886879614
Benin,BEN,GDP growth (annual %),NY.GDP.MKTP.KD.ZG,2015,1.77815106030278
Benin,BEN,"Inflation, consumer prices (annual %)",FP.CPI.TOTL.ZG,2015,0.218785923536245
Benin,BEN,"Population, total",SP.POP.TOTL,2015,11360681.0
Benin,BEN,Urban population (% of total population),SP.URB.TOTL.IN.ZS,2015,45.9407403257663
Benin,BEN,Population growth (annual %),SP.POP.GROW,2015,2.95391627666724
Benin,BEN,Poverty headcount ratio at $3.00 a day (2021 PPP) (% of population),SI.POV.DDAY,2015,65.8
Benin,BEN,Gini index,SI.POV.GINI,2015,47.6
Benin,BEN,"School enrollment, primary (% gross)",SE.PRM.ENRR,2015,121.990882873535
Benin,BEN,"School enrollment, secondary (% gross)",SE.SEC.ENRR,2015,55.1333084106445
Benin,BEN,"Literacy rate, adult total (% of people ages 15 and above)",SE.ADT.LITR.ZS,2015,
Benin,BEN,"Mortality rate, under-5 (per 1,000 live births)",SH.DYN.MORT,2015,96.1
Benin,BEN,"Life expectancy at birth, total (years)",SP.DYN.LE00.IN,2015,59.123
Benin,BEN,Current health expenditure (% of GDP),SH.XPD.CHEX.GD.ZS,2015,2.72813416
Benin,BEN,People using at least basic drinking water services (% of population),SH.H2O.BASW.ZS,2015,66.6240261475915
Benin,BEN,Access to electricity (% of population),EG.ELC.ACCS.ZS,2015,29.6
Benin,BEN,Individuals using the Internet (% of population),IT.NET.USER.ZS,2015,11.25500011
Burkina Faso,BFA,GDP (current US$),NY.GDP.MKTP.CD,2015,11832159315.6298
Burkina Faso,BFA,GDP per capita (current US$),NY.GDP.PCAP.CD,2015,630.124750752312
Burkina Faso,BFA,GDP growth (annual %),NY.GDP.MKTP.KD.ZG,2015,3.9212287937935
Burkina Faso,BFA,"Inflation, consumer prices (annual %)",FP.CPI.TOTL.ZG,2015,0.724838981070516
Burkina Faso,BFA,"Population, total",SP.POP.TOTL,2015,18777487.0
Burkina Faso,BFA,Urban population (% of total population),SP.URB.TOTL.IN.ZS,2015,25.621432645225
Burkina Faso,BFA,Population growth (annual %),SP.POP.GROW,2015,2.96196306547686
Burkina Faso,BFA,Poverty headcount ratio at $3.00 a day (2021 PPP) (% of population),SI.POV.DDAY,2015,
Burkina Faso,BFA,Gini index,SI.POV.GINI,2015,
Burkina Faso,BFA,"School enrollment, primary (% gross)",SE.PRM.ENRR,2015,85.1484827713554
Burkina Faso,BFA,"School enrollment, secondary (% gross)",SE.SEC.ENRR,2015,32.8931343608996
Burkina Faso,BFA,"Literacy rate, adult total (% of people ages 15 and above)",SE.ADT.LITR.ZS,2015,
Burkina Faso,BFA,"Mortality rate, under-5 (per 1,000 live births)",SH.DYN.MORT,2015,100.8
Burkina Faso,BFA,"Life expectancy at birth, total (years)",SP.DYN.LE00.IN,2015,58.778
Burkina Faso,BFA,Current health expenditure (% of GDP),SH.XPD.CHEX.GD.ZS,2015,5.13192415
Burkina Faso,BFA,People using at least basic drinking water services (% of population),SH.H2O.BASW.ZS,2015,51.9651331528119
Burkina Faso,BFA,Access to electricity (% of population),EG.ELC.ACCS.ZS,2015,16.2
Burkina Faso,BFA,Individuals using the Internet (% of population),IT.NET.USER.ZS,2015,6.545700073
Mali,MLI,GDP (current US$),NY.GDP.MKTP.CD,2015,15583181170.4105
Mali,MLI,GDP per capita (current US$),NY.GDP.PCAP.CD,2015,838.11986940103
Mali,MLI,GDP growth (annual %),NY.GDP.MKTP.KD.ZG,2015,6.23887890197454
Mali,MLI,"Inflation, consumer prices (annual %)",FP.CPI.TOTL.ZG,2015,1.45069057605961
Mali,MLI,"Population, total",SP.POP.TOTL,2015,18593022.0
Mali,MLI,Urban population (% of total population),SP.URB.TOTL.IN.ZS,2015,25.847015486705
Mali,MLI,Population growth (annual %),SP.POP.GROW,2015,3.1289280097663
Mali,MLI,Poverty headcount ratio at $3.00 a day (2021 PPP) (% of population),SI.POV.DDAY,2015,
Mali,MLI,Gini index,SI.POV.GINI,2015,
Mali,MLI,"School enrollment, primary (% gross)",SE.PRM.ENRR,2015,70.5209747052129
Mali,MLI,"School enrollment, secondary (% gross)",SE.SEC.ENRR,2015,38.9892238642006
Mali,MLI,"Literacy rate, adult total (% of people ages 15 and above)",SE.ADT.LITR.ZS,2015,33.0699996948242
Mali,MLI,"Mortality rate, under-5 (per 1,000 live births)",SH.DYN.MORT,2015,109.7
Mali,MLI,"Life expectancy at birth, total (years)",SP.DYN.LE00.IN,2015,57.852
Mali,MLI,Current health expenditure (% of GDP),SH.XPD.CHEX.GD.ZS,2015,4.11143351
Mali,MLI,People using at least basic drinking water services (% of population),SH.H2O.BASW.ZS,2015,73.4442818917146
Mali,MLI,Access to electricity (% of population),EG.ELC.ACCS.ZS,2015,37.6
Mali,MLI,Individuals using the Internet (% of population),IT.NET.USER.ZS,2015,10.32999992
Mauritania,MRT,GDP (current US$),NY.GDP.MKTP.CD,2015,6166863896.68677
Mauritania,MRT,GDP per capita (current US$),NY.GDP.PCAP.CD,2015,1554.94897871782
Mauritania,MRT,GDP growth (annual %),NY.GDP.MKTP.KD.ZG,2015,5.37633924099251
Mauritania,MRT,"Inflation, consumer prices (annual %)",FP.CPI.TOTL.ZG,2015,3.25472688117631
Mauritania,MRT,"Population, total",SP.POP.TOTL,2015,3965959.0
Mauritania,MRT,Urban population (% of total population),SP.URB.TOTL.IN.ZS,2015,51.6680350049622
Mauritania,MRT,Population growth (annual %),SP.POP.GROW,2015,3.00605924056849
Mauritania,MRT,Poverty headcount ratio at $3.00 a day (2021 PPP) (% of population),SI.POV.DDAY,2015,
Mauritania,MRT,Gini index,SI.POV.GINI,2015,
Mauritania,MRT,"School enrollment, primary (% gross)",SE.PRM.ENRR,2015,96.699365333097
Mauritania,MRT,"School enrollment, secondary (% gross)",SE.SEC.ENRR,2015,31.196307538775
Mauritania,MRT,"Literacy rate, adult total (% of people ages 15 and above)",SE.ADT.LITR.ZS,2015,65.1100006103516
Mauritania,MRT,"Mortality rate, under-5 (per 1,000 live births)",SH.DYN.MORT,2015,49.1
Mauritania,MRT,"Life expectancy at birth, total (years)",SP.DYN.LE00.IN,2015,66.498
Mauritania,MRT,Current health expenditure (% of GDP),SH.XPD.CHEX.GD.ZS,2015,3.67363763
Mauritania,MRT,People using at least basic drinking water services (% of population),SH.H2O.BASW.ZS,2015,63.916470728636
Mauritania,MRT,Access to electricity (% of population),EG.ELC.ACCS.ZS,2015,39.5
Mauritania,MRT,Individuals using the Internet (% of population),IT.NET.USER.ZS,2015,17.60000038
Togo,TGO,GDP (current US$),NY.GDP.MKTP.CD,2015,5755457836.01866
Togo,TGO,GDP per capita (current US$),NY.GDP.PCAP.CD,2015,751.051987587248
Togo,TGO,GDP growth (annual %),NY.GDP.MKTP.KD.ZG,2015,5.4680413807304
Togo,TGO,"Inflation, consumer prices (annual %)",FP.CPI.TOTL.ZG,2015,2.58500390801595
Togo,TGO,"Population, total",SP.POP.TOTL,2015,7663195.0
Togo,TGO,Urban population (% of total population),SP.URB.TOTL.IN.ZS,2015,39.7162551272934
Togo,TGO,Population growth (annual %),SP.POP.GROW,2015,2.52060746648904
Togo,TGO,Poverty headcount ratio at $3.00 a day (2021 PPP) (% of population),SI.POV.DDAY,2015,61.7
Togo,TGO,Gini index,SI.POV.GINI,2015,43.0
Togo,TGO,"School enrollment, primary (% gross)",SE.PRM.ENRR,2015,125.602691931749
Togo,TGO,"School enrollment, secondary (% gross)",SE.SEC.ENRR,2015,
Togo,TGO,"Literacy rate, adult total (% of people ages 15 and above)",SE.ADT.LITR.ZS,2015,63.75
Togo,TGO,"Mortality rate, under-5 (per 1,000 live births)",SH.DYN.MORT,2015,75.2
Togo,TGO,"Life expectancy at birth, total (years)",SP.DYN.LE00.IN,2015,59.23
Togo,TGO,Current health expenditure (% of GDP),SH.XPD.CHEX.GD.ZS,2015,6.24738503
Togo,TGO,People using at least basic drinking water services (% of population),SH.H2O.BASW.ZS,2015,59.5058666846818
Togo,TGO,Access to electricity (% of population),EG.ELC.ACCS.ZS,2015,44.7
Togo,TGO,Individuals using the Internet (% of population),IT.NET.USER.ZS,2015,7.119999886
Guinea,GIN,GDP (current US$),NY.GDP.MKTP.CD,2015,8794201742.84609
Guinea,GIN,GDP per capita (current US$),NY.GDP.PCAP.CD,2015,747.356966759448
Guinea,GIN,GDP growth (annual %),NY.GDP.MKTP.KD.ZG,2015,3.82591056949435
Guinea,GIN,"Inflation, consumer prices (annual %)",FP.CPI.TOTL.ZG,2015,11.7800825029834
Guinea,GIN,"Population, total",SP.POP.TOTL,2015,11767070.0
Guinea,GIN,Urban population (% of total population),SP.URB.TOTL.IN.ZS,2015,35.0373191833496
Guinea,GIN,Population growth (annual %),SP.POP.GROW,2015,2.53151277572433
Guinea,GIN,Poverty headcount ratio at $3.00 a day (2021 PPP) (% of population),SI.POV.DDAY,2015,
Guinea,GIN,Gini index,SI.POV.GINI,2015,
Guinea,GIN,"School enrollment, primary (% gross)",SE.PRM.ENRR,2015,
Guinea,GIN,"School enrollment, secondary (% gross)",SE.SEC.ENRR,2015,
Guinea,GIN,"Literacy rate, adult total (% of people ages 15 and above)",SE.ADT.LITR.ZS,2015,
Guinea,GIN,"Mortality rate, under-5 (per 1,000 live births)",SH.DYN.MORT,2015,113.7
Guinea,GIN,"Life expectancy at birth, total (years)",SP.DYN.LE00.IN,2015,57.899
Guinea,GIN,Current health expenditure (% of GDP),SH.XPD.CHEX.GD.ZS,2015,5.80919266
Guinea,GIN,People using at least basic drinking water services (% of population),SH.H2O.BASW.ZS,2015,63.1625705426145
Guinea,GIN,Access to electricity (% of population),EG.ELC.ACCS.ZS,2015,34.9
Guinea,GIN,Individuals using the Internet (% of population),IT.NET.USER.ZS,2015,9.199999809
"Gambia, The",GMB,GDP (current US$),NY.GDP.MKTP.CD,2015,1378176608.93204
"Gambia, The",GMB,GDP per capita (current US$),NY.GDP.PCAP.CD,2015,619.536364296461
"Gambia, The",GMB,GDP growth (annual %),NY.GDP.MKTP.KD.ZG,2015,4.0580738039996
"Gambia, The",GMB,"Inflation, consumer prices (annual %)",FP.CPI.TOTL.ZG,2015,6.8084549457961
"Gambia, The",GMB,"Population, total",SP.POP.TOTL,2015,2224529.0
"Gambia, The",GMB,Urban population (% of total population),SP.URB.TOTL.IN.ZS,2015,59.2458499408388
"Gambia, The",GMB,Population growth (annual %),SP.POP.GROW,2015,2.73428839872651
"Gambia, The",GMB,Poverty headcount ratio at $3.00 a day (2021 PPP) (% of population),SI.POV.DDAY,2015,17.1
"Gambia, The",GMB,Gini index,SI.POV.GINI,2015,35.9
"Gambia, The",GMB,"School enrollment, primary (% gross)",SE.PRM.ENRR,2015,83.6767800021667
"Gambia, The",GMB,"School enrollment, secondary (% gross)",SE.SEC.ENRR,2015,
"Gambia, The",GMB,"Literacy rate, adult total (% of people ages 15 and above)",SE.ADT.LITR.ZS,2015,50.7799987792969
"Gambia, The",GMB,"Mortality rate, under-5 (per 1,000 live births)",SH.DYN.MORT,2015,58.9
"Gambia, The",GMB,"Life expectancy at birth, total (years)",SP.DYN.LE00.IN,2015,62.971
"Gambia, The",GMB,Current health expenditure (% of GDP),SH.XPD.CHEX.GD.ZS,2015,3.1761291
"Gambia, The",GMB,People using at least basic drinking water services (% of population),SH.H2O.BASW.ZS,2015,81.8737511504613
"Gambia, The",GMB,Access to electricity (% of population),EG.ELC.ACCS.ZS,2015,54.7
"Gambia, The",GMB,Individuals using the Internet (% of population),IT.NET.USER.ZS,2015,17.59950066
Sierra Leone,SLE,GDP (current US$),NY.GDP.MKTP.CD,2015,6788352974.78329
Sierra Leone,SLE,GDP per capita (current US$),NY.GDP.PCAP.CD,2015,964.575980888989
Sierra Leone,SLE,GDP growth (annual %),NY.GDP.MKTP.KD.ZG,2015,-4.36333262093788
Sierra Leone,SLE,"Inflation, consumer prices (annual %)",FP.CPI.TOTL.ZG,2015,6.68943562498681
Sierra Leone,SLE,"Population, total",SP.POP.TOTL,2015,7037655.0
Sierra Leone,SLE,Urban population (% of total population),SP.URB.TOTL.IN.ZS,2015,40.7669565187099
Sierra Leone,SLE,Population growth (annual %),SP.POP.GROW,2015,2.31819402812025
Sierra Leone,SLE,Poverty headcount ratio at $3.00 a day (2021 PPP) (% of population),SI.POV.DDAY,2015,
Sierra Leone,SLE,Gini index,SI.POV.GINI,2015,
Sierra Leone,SLE,"School enrollment, primary (% gross)",SE.PRM.ENRR,2015,120.700737828928
Sierra Leone,SLE,"School enrollment, secondary (% gross)",SE.SEC.ENRR,2015,39.8463706970215
Sierra Leone,SLE,"Literacy rate, adult total (% of people ages 15 and above)",SE.ADT.LITR.ZS,2015,49.4000015258789
Sierra Leone,SLE,"Mortality rate, under-5 (per 1,000 live births)",SH.DYN.MORT,2015,136.8
Sierra Leone,SLE,"Life expectancy at birth, total (years)",SP.DYN.LE00.IN,2015,55.454
Sierra Leone,SLE,Current health expenditure (% of GDP),SH.XPD.CHEX.GD.ZS,2015,12.3831234
Sierra Leone,SLE,People using at least basic drinking water services (% of population),SH.H2O.BASW.ZS,2015,57.5692588907449
Sierra Leone,SLE,Access to electricity (% of population),EG.ELC.ACCS.ZS,2015,19.7
Sierra Leone,SLE,Individuals using the Internet (% of population),IT.NET.USER.ZS,2015,6.344399929
Liberia,LBR,GDP (current US$),NY.GDP.MKTP.CD,2015,3227075700.0
Liberia,LBR,GDP per capita (current US$),NY.GDP.PCAP.CD,2015,692.590082351257
Liberia,LBR,GDP growth (annual %),NY.GDP.MKTP.KD.ZG,2015,-0.0185649695590939
Liberia,LBR,"Inflation, consumer prices (annual %)",FP.CPI.TOTL.ZG,2015,7.74869687621322
Liberia,LBR,"Population, total",SP.POP.TOTL,2015,4659431.0
Liberia,LBR,Urban population (% of total population),SP.URB.TOTL.IN.ZS,2015,50.7434382961363
Liberia,LBR,Population growth (annual %),SP.POP.GROW,2015,2.06297096669961
Liberia,LBR,Poverty headcount ratio at $3.00 a day (2021 PPP) (% of population),SI.POV.DDAY,2015,
Liberia,LBR,Gini index,SI.POV.GINI,2015,
Liberia,LBR,"School enrollment, primary (% gross)",SE.PRM.ENRR,2015,89.990046454263
Liberia,LBR,"School enrollment, secondary (% gross)",SE.SEC.ENRR,2015,36.3728485107422
Liberia,LBR,"Literacy rate, adult total (% of people ages 15 and above)",SE.ADT.LITR.ZS,2015,
Liberia,LBR,"Mortality rate, under-5 (per 1,000 live births)",SH.DYN.MORT,2015,93.2
Liberia,LBR,"Life expectancy at birth, total (years)",SP.DYN.LE00.IN,2015,59.248
Liberia,LBR,Current health expenditure (% of GDP),SH.XPD.CHEX.GD.ZS,2015,10.38244438
Liberia,LBR,People using at least basic drinking water services (% of population),SH.H2O.BASW.ZS,2015,72.7524847164664
Liberia,LBR,Access to electricity (% of population),EG.ELC.ACCS.ZS,2015,15.2
Liberia,LBR,Individuals using the Internet (% of population),IT.NET.USER.ZS,2015,10.0
Guinea-Bissau,GNB,GDP (current US$),NY.GDP.MKTP.CD,2015,1152384166.79638
Guinea-Bissau,GNB,GDP per capita (current US$),NY.GDP.PCAP.CD,2015,645.066837207039
Guinea-Bissau,GNB,GDP growth (annual %),NY.GDP.MKTP.KD.ZG,2015,6.1340893623123
Guinea-Bissau,GNB,"Inflation, consumer prices (annual %)",FP.CPI.TOTL.ZG,2015,1.47672048910485
Guinea-Bissau,GNB,"Population, total",SP.POP.TOTL,2015,1786457.0
Guinea-Bissau,GNB,Urban population (% of total population),SP.URB.TOTL.IN.ZS,2015,42.1568145751953
Guinea-Bissau,GNB,Population growth (annual %),SP.POP.GROW,2015,2.57045957815277
Guinea-Bissau,GNB,Poverty headcount ratio at $3.00 a day (2021 PPP) (% of population),SI.POV.DDAY,2015,
Guinea-Bissau,GNB,Gini index,SI.POV.GINI,2015,
Guinea-Bissau,GNB,"School enrollment, primary (% gross)",SE.PRM.ENRR,2015,
Guinea-Bissau,GNB,"School enrollment, secondary (% gross)",SE.SEC.ENRR,2015,
Guinea-Bissau,GNB,"Literacy rate, adult total (% of people ages 15 and above)",SE.ADT.LITR.ZS,2015,
Guinea-Bissau,GNB,"Mortality rate, under-5 (per 1,000 live births)",SH.DYN.MORT,2015,91.6
Guinea-Bissau,GNB,"Life expectancy at birth, total (years)",SP.DYN.LE00.IN,2015,60.071
Guinea-Bissau,GNB,Current health expenditure (% of GDP),SH.XPD.CHEX.GD.ZS,2015,8.13228226
Guinea-Bissau,GNB,People using at least basic drinking water services (% of population),SH.H2O.BASW.ZS,2015,60.4227287706109
Guinea-Bissau,GNB,Access to electricity (% of population),EG.ELC.ACCS.ZS,2015,20.1
Guinea-Bissau,GNB,Individuals using the Internet (% of population),IT.NET.USER.ZS,2015,6.099999905
Cabo Verde,CPV,GDP (current US$),NY.GDP.MKTP.CD,2015,1749857620.35329
Cabo Verde,CPV,GDP per capita (current US$),NY.GDP.PCAP.CD,2015,3415.06266730931
Cabo Verde,CPV,GDP growth (annual %),NY.GDP.MKTP.KD.ZG,2015,0.936026507808833
Cabo Verde,CPV,"Inflation, consumer prices (annual %)",FP.CPI.TOTL.ZG,2015,0.131187999024544
Cabo Verde,CPV,"Population, total",SP.POP.TOTL,2015,512394.0
Cabo Verde,CPV,Urban population (% of total population),SP.URB.TOTL.IN.ZS,2015,66.9045094767116
Cabo Verde,CPV,Population growth (annual %),SP.POP.GROW,2015,0.0132719182020122
Cabo Verde,CPV,Poverty headcount ratio at $3.00 a day (2021 PPP) (% of population),SI.POV.DDAY,2015,14.6
Cabo Verde,CPV,Gini index,SI.POV.GINI,2015,42.4
Cabo Verde,CPV,"School enrollment, primary (% gross)",SE.PRM.ENRR,2015,105.850444928795
Cabo Verde,CPV,"School enrollment, secondary (% gross)",SE.SEC.ENRR,2015,96.6012286324786
Cabo Verde,CPV,"Literacy rate, adult total (% of people ages 15 and above)",SE.ADT.LITR.ZS,2015,86.7900009155273
Cabo Verde,CPV,"Mortality rate, under-5 (per 1,000 live births)",SH.DYN.MORT,2015,19.2
Cabo Verde,CPV,"Life expectancy at birth, total (years)",SP.DYN.LE00.IN,2015,74.096
Cabo Verde,CPV,Current health expenditure (% of GDP),SH.XPD.CHEX.GD.ZS,2015,4.40073681
Cabo Verde,CPV,People using at least basic drinking water services (% of population),SH.H2O.BASW.ZS,2015,84.9382015962204
Cabo Verde,CPV,Access to electricity (% of population),EG.ELC.ACCS.ZS,2015,86.4
Cabo Verde,CPV,Individuals using the Internet (% of population),IT.NET.USER.ZS,2015,42.6830141582781
Niger,NER,GDP (current US$),NY.GDP.MKTP.CD,2016,10398861981.7583
Niger,NER,GDP per capita (current US$),NY.GDP.PCAP.CD,2016,502.706475406446
Niger,NER,GDP growth (annual %),NY.GDP.MKTP.KD.ZG,2016,5.74089315058157
Niger,NER,"Inflation, consumer prices (annual %)",FP.CPI.TOTL.ZG,2016,1.65388922387806
Niger,NER,"Population, total",SP.POP.TOTL,2016,20685753.0
Niger,NER,Urban population (% of total population),SP.URB.TOTL.IN.ZS,2016,16.3898280543236
Niger,NER,Population growth (annual %),SP.POP.GROW,2016,3.67426137513091
Niger,NER,Poverty headcount ratio at $3.00 a day (2021 PPP) (% of population),SI.POV.DDAY,2016,
Niger,NER,Gini index,SI.POV.GINI,2016,
Niger,NER,"School enrollment, primary (% gross)",SE.PRM.ENRR,2016,72.8476843361488
Niger,NER,"School enrollment, secondary (% gross)",SE.SEC.ENRR,2016,22.6700395113082
Niger,NER,"Literacy rate, adult total (% of people ages 15 and above)",SE.ADT.LITR.ZS,2016,
Niger,NER,"Mortality rate, under-5 (per 1,000 live births)",SH.DYN.MORT,2016,124.3
Niger,NER,"Life expectancy at birth, total (years)",SP.DYN.LE00.IN,2016,59.228
Niger,NER,Current health expenditure (% of GDP),SH.XPD.CHEX.GD.ZS,2016,4.53239059
Niger,NER,People using at least basic drinking water services (% of population),SH.H2O.BASW.ZS,2016,48.0001316756614
Niger,NER,Access to electricity (% of population),EG.ELC.ACCS.ZS,2016,17.0
Niger,NER,Individuals using the Internet (% of population),IT.NET.USER.ZS,2016,4.322800159
Nigeria,NGA,GDP (current US$),NY.GDP.MKTP.CD,2016,404649125252.16
Nigeria,NGA,GDP per capita (current US$),NY.GDP.PCAP.CD,2016,2070.4127339595
Nigeria,NGA,GDP growth (annual %),NY.GDP.MKTP.KD.ZG,2016,-1.61686894906509
Nigeria,NGA,"Inflation, consumer prices (annual %)",FP.CPI.TOTL.ZG,2016,15.6968126387972
Nigeria,NGA,"Population, total",SP.POP.TOTL,2016,195443700.0
Nigeria,NGA,Urban population (% of total population),SP.URB.TOTL.IN.ZS,2016,56.541038793347
Nigeria,NGA,Population growth (annual %),SP.POP.GROW,2016,2.47183239057048
Nigeria,NGA,Poverty headcount ratio at $3.00 a day (2021 PPP) (% of population),SI.POV.DDAY,2016,
Nigeria,NGA,Gini index,SI.POV.GINI,2016,
Nigeria,NGA,"School enrollment, primary (% gross)",SE.PRM.ENRR,2016,78.8780517578125
Nigeria,NGA,"School enrollment, secondary (% gross)",SE.SEC.ENRR,2016,39.3068084716797
Nigeria,NGA,"Literacy rate, adult total (% of people ages 15 and above)",SE.ADT.LITR.ZS,2016,58.2200012207031
Nigeria,NGA,"Mortality rate, under-5 (per 1,000 live births)",SH.DYN.MORT,2016,117.4
Nigeria,NGA,"Life expectancy at birth, total (years)",SP.DYN.LE00.IN,2016,52.189
Nigeria,NGA,Current health expenditure (% of GDP),SH.XPD.CHEX.GD.ZS,2016,3.64773679
Nigeria,NGA,People using at least basic drinking water services (% of population),SH.H2O.BASW.ZS,2016,69.7405688273521
Nigeria,NGA,Access to electricity (% of population),EG.ELC.ACCS.ZS,2016,59.3
Nigeria,NGA,Individuals using the Internet (% of population),IT.NET.USER.ZS,2016,24.13750076
Senegal,SEN,GDP (current US$),NY.GDP.MKTP.CD,2016,19040312333.1864
Senegal,SEN,GDP per capita (current US$),NY.GDP.PCAP.CD,2016,1266.43957151587
Senegal,SEN,GDP growth (annual %),NY.GDP.MKTP.KD.ZG,2016,6.35606857181878
Senegal,SEN,"Inflation, consumer prices (annual %)",FP.CPI.TOTL.ZG,2016,0.837284942557434
Senegal,SEN,"Population, total",SP.POP.TOTL,2016,15034521.0
Senegal,SEN,Urban population (% of total population),SP.URB.TOTL.IN.ZS,2016,47.0553579909929
Senegal,SEN,Population growth (annual %),SP.POP.GROW,2016,2.97843134010735
Senegal,SEN,Poverty headcount ratio at $3.00 a day (2021 PPP) (% of population),SI.POV.DDAY,2016,
Senegal,SEN,Gini index,SI.POV.GINI,2016,
Senegal,SEN,"School enrollment, primary (% gross)",SE.PRM.ENRR,2016,
Senegal,SEN,"School enrollment, secondary (% gross)",SE.SEC.ENRR,2016,
Senegal,SEN,"Literacy rate, adult total (% of people ages 15 and above)",SE.ADT.LITR.ZS,2016,46.0999984741211
Senegal,SEN,"Mortality rate, under-5 (per 1,000 live births)",SH.DYN.MORT,2016,50.8
Senegal,SEN,"Life expectancy at birth, total (years)",SP.DYN.LE00.IN,2016,66.724
Senegal,SEN,Current health expenditure (% of GDP),SH.XPD.CHEX.GD.ZS,2016,4.25606871
Senegal,SEN,People using at least basic drinking water services (% of population),SH.H2O.BASW.ZS,2016,78.8258139339832
Senegal,SEN,Access to electricity (% of population),EG.ELC.ACCS.ZS,2016,64.5
Senegal,SEN,Individuals using the Internet (% of population),IT.NET.USER.ZS,2016,25.66480064
Cote d'Ivoire,CIV,GDP (current US$),NY.GDP.MKTP.CD,2016,48407761036.8238
Cote d'Ivoire,CIV,GDP per capita (current US$),NY.GDP.PCAP.CD,2016,1862.59597081287
Cote d'Ivoire,CIV,GDP growth (annual %),NY.GDP.MKTP.KD.ZG,2016,7.17275963956332
Cote d'Ivoire,CIV,"Inflation, consumer prices (annual %)",FP.CPI.TOTL.ZG,2016,0.723178457513308
Cote d'Ivoire,CIV,"Population, total",SP.POP.TOTL,2016,25989405.0
Cote d'Ivoire,CIV,Urban population (% of total population),SP.URB.TOTL.IN.ZS,2016,49.929991034032
Cote d'Ivoire,CIV,Population growth (annual %),SP.POP.GROW,2016,2.90076810314127
Cote d'Ivoire,CIV,Poverty headcount ratio at $3.00 a day (2021 PPP) (% of population),SI.POV.DDAY,2016,
Cote d'Ivoire,CIV,Gini index,SI.POV.GINI,2016,
Cote d'Ivoire,CIV,"School enrollment, primary (% gross)",SE.PRM.ENRR,2016,87.9691851681795
Cote d'Ivoire,CIV,"School enrollment, secondary (% gross)",SE.SEC.ENRR,2016,46.2425069943643
Cote d'Ivoire,CIV,"Literacy rate, adult total (% of people ages 15 and above)",SE.ADT.LITR.ZS,2016,50.0400009155273
Cote d'Ivoire,CIV,"Mortality rate, under-5 (per 1,000 live births)",SH.DYN.MORT,2016,83.0
Cote d'Ivoire,CIV,"Life expectancy at birth, total (years)",SP.DYN.LE00.IN,2016,58.814
Cote d'Ivoire,CIV,Current health expenditure (% of GDP),SH.XPD.CHEX.GD.ZS,2016,3.32101274
Cote d'Ivoire,CIV,People using at least basic drinking water services (% of population),SH.H2O.BASW.ZS,2016,74.623678155198
Cote d'Ivoire,CIV,Access to electricity (% of population),EG.ELC.ACCS.ZS,2016,64.3
Cote d'Ivoire,CIV,Individuals using the Internet (% of population),IT.NET.USER.ZS,2016,41.2078149304414
Ghana,GHA,GDP (current US$),NY.GDP.MKTP.CD,2016,56144179397.8516
Ghana,GHA,GDP per capita (current US$),NY.GDP.PCAP.CD,2016,1912.47991339951
Ghana,GHA,GDP growth (annual %),NY.GDP.MKTP.KD.ZG,2016,3.37346574966936
Ghana,GHA,"Inflation, consumer prices (annual %)",FP.CPI.TOTL.ZG,2016,17.4546347070868
Ghana,GHA,"Population, total",SP.POP.TOTL,2016,29356742.0
Ghana,GHA,Urban population (% of total population),SP.URB.TOTL.IN.ZS,2016,54.167052758274
Ghana,GHA,Population growth (annual %),SP.POP.GROW,2016,2.27621203911157
Ghana,GHA,Poverty headcount ratio at $3.00 a day (2021 PPP) (% of population),SI.POV.DDAY,2016,39.0
Ghana,GHA,Gini index,SI.POV.GINI,2016,43.5
Ghana,GHA,"School enrollment, primary (% gross)",SE.PRM.ENRR,2016,101.751107525308
Ghana,GHA,"School enrollment, secondary (% gross)",SE.SEC.ENRR,2016,67.2644101341977
Ghana,GHA,"Literacy rate, adult total (% of people ages 15 and above)",SE.ADT.LITR.ZS,2016,
Ghana,GHA,"Mortality rate, under-5 (per 1,000 live births)",SH.DYN.MORT,2016,50.3
Ghana,GHA,"Life expectancy at birth, total (years)",SP.DYN.LE00.IN,2016,63.522
Ghana,GHA,Current health expenditure (% of GDP),SH.XPD.CHEX.GD.ZS,2016,3.39035821
Ghana,GHA,People using at least basic drinking water services (% of population),SH.H2O.BASW.ZS,2016,81.6651456164371
Ghana,GHA,Access to electricity (% of population),EG.ELC.ACCS.ZS,2016,79.3
Ghana,GHA,Individuals using the Internet (% of population),IT.NET.USER.ZS,2016,28.0
Benin,BEN,GDP (current US$),NY.GDP.MKTP.CD,2016,11821065853.3838
Benin,BEN,GDP per capita (current US$),NY.GDP.PCAP.CD,2016,1010.5338961993
Benin,BEN,GDP growth (annual %),NY.GDP.MKTP.KD.ZG,2016,3.33967342629693
Benin,BEN,"Inflation, consumer prices (annual %)",FP.CPI.TOTL.ZG,2016,-0.793310145785624
Benin,BEN,"Population, total",SP.POP.TOTL,2016,11697842.0
Benin,BEN,Urban population (% of total population),SP.URB.TOTL.IN.ZS,2016,46.6094559006664
Benin,BEN,Population growth (annual %),SP.POP.GROW,2016,2.92460216679542
Benin,BEN,Poverty headcount ratio at $3.00 a day (2021 PPP) (% of population),SI.POV.DDAY,2016,
Benin,BEN,Gini index,SI.POV.GINI,2016,
Benin,BEN,"School enrollment, primary (% gross)",SE.PRM.ENRR,2016,120.301116943359
Benin,BEN,"School enrollment, secondary (% gross)",SE.SEC.ENRR,2016,55.2945899963379
Benin,BEN,"Literacy rate, adult total (% of people ages 15 and above)",SE.ADT.LITR.ZS,2016,
Benin,BEN,"Mortality rate, under-5 (per 1,000 live births)",SH.DYN.MORT,2016,94.0
Benin,BEN,"Life expectancy at birth, total (years)",SP.DYN.LE00.IN,2016,59.283
Benin,BEN,Current health expenditure (% of GDP),SH.XPD.CHEX.GD.ZS,2016,3.62042856
Benin,BEN,People using at least basic drinking water services (% of population),SH.H2O.BASW.ZS,2016,66.9697053582587
Benin,BEN,Access to electricity (% of population),EG.ELC.ACCS.ZS,2016,37.0
Benin,BEN,Individuals using the Internet (% of population),IT.NET.USER.ZS,2016,14.5
Burkina Faso,BFA,GDP (current US$),NY.GDP.MKTP.CD,2016,12833363045.3367
Burkina Faso,BFA,GDP per capita (current US$),NY.GDP.PCAP.CD,2016,663.742364842886
Burkina Faso,BFA,GDP growth (annual %),NY.GDP.MKTP.KD.ZG,2016,5.95797670754024
Burkina Faso,BFA,"Inflation, consumer prices (annual %)",FP.CPI.TOTL.ZG,2016,0.441041448058809
Burkina Faso,BFA,"Population, total",SP.POP.TOTL,2016,19334856.0
Burkina Faso,BFA,Urban population (% of total population),SP.URB.TOTL.IN.ZS,2016,25.821510372001
Burkina Faso,BFA,Population growth (annual %),SP.POP.GROW,2016,2.92508251378454
Burkina Faso,BFA,Poverty headcount ratio at $3.00 a day (2021 PPP) (% of population),SI.POV.DDAY,2016,
Burkina Faso,BFA,Gini index,SI.POV.GINI,2016,
Burkina Faso,BFA,"School enrollment, primary (% gross)",SE.PRM.ENRR,2016,87.4065255935815
Burkina Faso,BFA,"School enrollment, secondary (% gross)",SE.SEC.ENRR,2016,34.9336280775566
Burkina Faso,BFA,"Literacy rate, adult total (% of people ages 15 and above)",SE.ADT.LITR.ZS,2016,
Burkina Faso,BFA,"Mortality rate, under-5 (per 1,000 live births)",SH.DYN.MORT,2016,97.4
Burkina Faso,BFA,"Life expectancy at birth, total (years)",SP.DYN.LE00.IN,2016,59.173
Burkina Faso,BFA,Current health expenditure (% of GDP),SH.XPD.CHEX.GD.ZS,2016,5.95284653
Burkina Faso,BFA,People using at least basic drinking water services (% of population),SH.H2O.BASW.ZS,2016,51.6480569278797
Burkina Faso,BFA,Access to electricity (% of population),EG.ELC.ACCS.ZS,2016,16.6
Burkina Faso,BFA,Individuals using the Internet (% of population),IT.NET.USER.ZS,2016,7.140999794
Mali,MLI,GDP (current US$),NY.GDP.MKTP.CD,2016,16743796799.8329
Mali,MLI,GDP per capita (current US$),NY.GDP.PCAP.CD,2016,872.468587171653
Mali,MLI,GDP growth (annual %),NY.GDP.MKTP.KD.ZG,2016,6.00506308559498
Mali,MLI,"Inflation, consumer prices (annual %)",FP.CPI.TOTL.ZG,2016,-1.79964707083386
Mali,MLI,"Population, total",SP.POP.TOTL,2016,19191289.0
Mali,MLI,Urban population (% of total population),SP.URB.TOTL.IN.ZS,2016,26.4468586077195
Mali,MLI,Population growth (annual %),SP.POP.GROW,2016,3.16701291267986
Mali,MLI,Poverty headcount ratio at $3.00 a day (2021 PPP) (% of population),SI.POV.DDAY,2016,
Mali,MLI,Gini index,SI.POV.GINI,2016,
Mali,MLI,"School enrollment, primary (% gross)",SE.PRM.ENRR,2016,71.8693090094813
Mali,MLI,"School enrollment, secondary (% gross)",SE.SEC.ENRR,2016,40.0999948578594
Mali,MLI,"Literacy rate, adult total (% of people ages 15 and above)",SE.ADT.LITR.ZS,2016,
Mali,MLI,"Mortality rate, under-5 (per 1,000 live births)",SH.DYN.MORT,2016,105.1
Mali,MLI,"Life expectancy at birth, total (years)",SP.DYN.LE00.IN,2016,58.286
Mali,MLI,Current health expenditure (% of GDP),SH.XPD.CHEX.GD.ZS,2016,3.77377558
Mali,MLI,People using at least basic drinking water services (% of population),SH.H2O.BASW.ZS,2016,74.9530465324724
Mali,MLI,Access to electricity (% of population),EG.ELC.ACCS.ZS,2016,38.8
Mali,MLI,Individuals using the Internet (% of population),IT.NET.USER.ZS,2016,14.0
Mauritania,MRT,GDP (current US$),NY.GDP.MKTP.CD,2016,6398747592.13185
Mauritania,MRT,GDP per capita (current US$),NY.GDP.PCAP.CD,2016,1565.76575722696
Mauritania,MRT,GDP growth (annual %),NY.GDP.MKTP.KD.ZG,2016,1.26090923067225
Mauritania,MRT,"Inflation, consumer prices (annual %)",FP.CPI.TOTL.ZG,2016,1.47171045650004
Mauritania,MRT,"Population, total",SP.POP.TOTL,2016,4086657.0
Mauritania,MRT,Urban population (% of total population),SP.URB.TOTL.IN.ZS,2016,52.9185627319946
Mauritania,MRT,Population growth (annual %),SP.POP.GROW,2016,2.99795842489143
Mauritania,MRT,Poverty headcount ratio at $3.00 a day (2021 PPP) (% of population),SI.POV.DDAY,2016,
Mauritania,MRT,Gini index,SI.POV.GINI,2016,
Mauritania,MRT,"School enrollment, primary (% gross)",SE.PRM.ENRR,2016,88.6641926490124
Mauritania,MRT,"School enrollment, secondary (% gross)",SE.SEC.ENRR,2016,32.187587041888
Mauritania,MRT,"Literacy rate, adult total (% of people ages 15 and above)",SE.ADT.LITR.ZS,2016,
Mauritania,MRT,"Mortality rate, under-5 (per 1,000 live births)",SH.DYN.MORT,2016,47.7
Mauritania,MRT,"Life expectancy at birth, total (years)",SP.DYN.LE00.IN,2016,66.823
Mauritania,MRT,Current health expenditure (% of GDP),SH.XPD.CHEX.GD.ZS,2016,3.18699503
Mauritania,MRT,People using at least basic drinking water services (% of population),SH.H2O.BASW.ZS,2016,65.4850065623498
Mauritania,MRT,Access to electricity (% of population),EG.ELC.ACCS.ZS,2016,41.2
Mauritania,MRT,Individuals using the Internet (% of population),IT.NET.USER.ZS,2016,19.23279953
Togo,TGO,GDP (current US$),NY.GDP.MKTP.CD,2016,6071167584.1951
Togo,TGO,GDP per capita (current US$),NY.GDP.PCAP.CD,2016,772.581357620609
Togo,TGO,GDP growth (annual %),NY.GDP.MKTP.KD.ZG,2016,4.21490387414525
Togo,TGO,"Inflation, consumer prices (annual %)",FP.CPI.TOTL.ZG,2016,1.28544847051417
Togo,TGO,"Population, total",SP.POP.TOTL,2016,7858289.0
Togo,TGO,Urban population (% of total population),SP.URB.TOTL.IN.ZS,2016,40.1485878279739
Togo,TGO,Population growth (annual %),SP.POP.GROW,2016,2.51398996486491
Togo,TGO,Poverty headcount ratio at $3.00 a day (2021 PPP) (% of population),SI.POV.DDAY,2016,
Togo,TGO,Gini index,SI.POV.GINI,2016,
Togo,TGO,"School enrollment, primary (% gross)",SE.PRM.ENRR,2016,121.476913528699
Togo,TGO,"School enrollment, secondary (% gross)",SE.SEC.ENRR,2016,
Togo,TGO,"Literacy rate, adult total (% of people ages 15 and above)",SE.ADT.LITR.ZS,2016,
Togo,TGO,"Mortality rate, under-5 (per 1,000 live births)",SH.DYN.MORT,2016,72.8
Togo,TGO,"Life expectancy at birth, total (years)",SP.DYN.LE00.IN,2016,59.677
Togo,TGO,Current health expenditure (% of GDP),SH.XPD.CHEX.GD.ZS,2016,6.58550072
Togo,TGO,People using at least basic drinking water services (% of population),SH.H2O.BASW.ZS,2016,60.0753126449292
Togo,TGO,Access to electricity (% of population),EG.ELC.ACCS.ZS,2016,46.8
Togo,TGO,Individuals using the Internet (% of population),IT.NET.USER.ZS,2016,11.31000042
Guinea,GIN,GDP (current US$),NY.GDP.MKTP.CD,2016,8595955222.49719
Guinea,GIN,GDP per capita (current US$),NY.GDP.PCAP.CD,2016,711.996509782316
Guinea,GIN,GDP growth (annual %),NY.GDP.MKTP.KD.ZG,2016,10.82062719659
Guinea,GIN,"Inflation, consumer prices (annual %)",FP.CPI.TOTL.ZG,2016,8.17268112275132
Guinea,GIN,"Population, total",SP.POP.TOTL,2016,12073030.0
Guinea,GIN,Urban population (% of total population),SP.URB.TOTL.IN.ZS,2016,35.3100280761719
Guinea,GIN,Population growth (annual %),SP.POP.GROW,2016,2.56690869267138
Guinea,GIN,Poverty headcount ratio at $3.00 a day (2021 PPP) (% of population),SI.POV.DDAY,2016,
Guinea,GIN,Gini index,SI.POV.GINI,2016,
Guinea,GIN,"School enrollment, primary (% gross)",SE.PRM.ENRR,2016,93.1132583618164
Guinea,GIN,"School enrollment, secondary (% gross)",SE.SEC.ENRR,2016,
Guinea,GIN,"Literacy rate, adult total (% of people ages 15 and above)",SE.ADT.LITR.ZS,2016,
Guinea,GIN,"Mortality rate, under-5 (per 1,000 live births)",SH.DYN.MORT,2016,111.4
Guinea,GIN,"Life expectancy at birth, total (years)",SP.DYN.LE00.IN,2016,58.49
Guinea,GIN,Current health expenditure (% of GDP),SH.XPD.CHEX.GD.ZS,2016,5.39694929
Guinea,GIN,People using at least basic drinking water services (% of population),SH.H2O.BASW.ZS,2016,64.3935453016882
Guinea,GIN,Access to electricity (% of population),EG.ELC.ACCS.ZS,2016,33.5
Guinea,GIN,Individuals using the Internet (% of population),IT.NET.USER.ZS,2016,13.10000038
"Gambia, The",GMB,GDP (current US$),NY.GDP.MKTP.CD,2016,1484578885.97132
"Gambia, The",GMB,GDP per capita (current US$),NY.GDP.PCAP.CD,2016,650.056501323611
"Gambia, The",GMB,GDP growth (annual %),NY.GDP.MKTP.KD.ZG,2016,1.94335965478776
"Gambia, The",GMB,"Inflation, consumer prices (annual %)",FP.CPI.TOTL.ZG,2016,7.22879272057922
"Gambia, The",GMB,"Population, total",SP.POP.TOTL,2016,2283769.0
"Gambia, The",GMB,Urban population (% of total population),SP.URB.TOTL.IN.ZS,2016,59.8652472486563
"Gambia, The",GMB,Population growth (annual %),SP.POP.GROW,2016,2.62819405087404
"Gambia, The",GMB,Poverty headcount ratio at $3.00 a day (2021 PPP) (% of population),SI.POV.DDAY,2016,
"Gambia, The",GMB,Gini index,SI.POV.GINI,2016,
"Gambia, The",GMB,"School enrollment, primary (% gross)",SE.PRM.ENRR,2016,85.4968152866242
"Gambia, The",GMB,"School enrollment, secondary (% gross)",SE.SEC.ENRR,2016,
"Gambia, The",GMB,"Literacy rate, adult total (% of people ages 15 and above)",SE.ADT.LITR.ZS,2016,
"Gambia, The",GMB,"Mortality rate, under-5 (per 1,000 live births)",SH.DYN.MORT,2016,56.6
"Gambia, The",GMB,"Life expectancy at birth, total (years)",SP.DYN.LE00.IN,2016,63.386
"Gambia, The",GMB,Current health expenditure (% of GDP),SH.XPD.CHEX.GD.ZS,2016,3.19523716
"Gambia, The",GMB,People using at least basic drinking water services (% of population),SH.H2O.BASW.ZS,2016,82.5196405722502
"Gambia, The",GMB,Access to electricity (% of population),EG.ELC.ACCS.ZS,2016,56.4
"Gambia, The",GMB,Individuals using the Internet (% of population),IT.NET.USER.ZS,2016,19.90640068
Sierra Leone,SLE,GDP (current US$),NY.GDP.MKTP.CD,2016,6084297211.10217
Sierra Leone,SLE,GDP per capita (current US$),NY.GDP.PCAP.CD,2016,844.416411175476
Sierra Leone,SLE,GDP growth (annual %),NY.GDP.MKTP.KD.ZG,2016,6.43743652764257
Sierra Leone,SLE,"Inflation, consumer prices (annual %)",FP.CPI.TOTL.ZG,2016,10.8860609413903
Sierra Leone,SLE,"Population, total",SP.POP.TOTL,2016,7205328.0
Sierra Leone,SLE,Urban population (% of total population),SP.URB.TOTL.IN.ZS,2016,41.229411538771
Sierra Leone,SLE,Population growth (annual %),SP.POP.GROW,2016,2.35457342669593
Sierra Leone,SLE,Poverty headcount ratio at $3.00 a day (2021 PPP) (% of population),SI.POV.DDAY,2016,
Sierra Leone,SLE,Gini index,SI.POV.GINI,2016,
Sierra Leone,SLE,"School enrollment, primary (% gross)",SE.PRM.ENRR,2016,123.03165757627
Sierra Leone,SLE,"School enrollment, secondary (% gross)",SE.SEC.ENRR,2016,42.1386795043945
Sierra Leone,SLE,"Literacy rate, adult total (% of people ages 15 and above)",SE.ADT.LITR.ZS,2016,
Sierra Leone,SLE,"Mortality rate, under-5 (per 1,000 live births)",SH.DYN.MORT,2016,121.8
Sierra Leone,SLE,"Life expectancy at birth, total (years)",SP.DYN.LE00.IN,2016,56.937
Sierra Leone,SLE,Current health expenditure (% of GDP),SH.XPD.CHEX.GD.ZS,2016,10.05438519
Sierra Leone,SLE,People using at least basic drinking water services (% of population),SH.H2O.BASW.ZS,2016,58.7374466065884
Sierra Leone,SLE,Access to electricity (% of population),EG.ELC.ACCS.ZS,2016,20.3
Sierra Leone,SLE,Individuals using the Internet (% of population),IT.NET.USER.ZS,2016,7.680099964
Liberia,LBR,GDP (current US$),NY.GDP.MKTP.CD,2016,3398419600.0
Liberia,LBR,GDP per capita (current US$),NY.GDP.PCAP.CD,2016,714.613063145659
Liberia,LBR,GDP growth (annual %),NY.GDP.MKTP.KD.ZG,2016,-1.5549586174878
Liberia,LBR,"Inflation, consumer prices (annual %)",FP.CPI.TOTL.ZG,2016,8.83424868336488
Liberia,LBR,"Population, total",SP.POP.TOTL,2016,4755608.0
Liberia,LBR,Urban population (% of total population),SP.URB.TOTL.IN.ZS,2016,51.2687310234384
Liberia,LBR,Population growth (annual %),SP.POP.GROW,2016,2.04312155500225
Liberia,LBR,Poverty headcount ratio at $3.00 a day (2021 PPP) (% of population),SI.POV.DDAY,2016,33.6
Liberia,LBR,Gini index,SI.POV.GINI,2016,35.3
Liberia,LBR,"School enrollment, primary (% gross)",SE.PRM.ENRR,2016,83.8891158492465
Liberia,LBR,"School enrollment, secondary (% gross)",SE.SEC.ENRR,2016,
Liberia,LBR,"Literacy rate, adult total (% of people ages 15 and above)",SE.ADT.LITR.ZS,2016,
Liberia,LBR,"Mortality rate, under-5 (per 1,000 live births)",SH.DYN.MORT,2016,91.5
Liberia,LBR,"Life expectancy at birth, total (years)",SP.DYN.LE00.IN,2016,60.483
Liberia,LBR,Current health expenditure (% of GDP),SH.XPD.CHEX.GD.ZS,2016,9.88514519
Liberia,LBR,People using at least basic drinking water services (% of population),SH.H2O.BASW.ZS,2016,73.4532574499597
Liberia,LBR,Access to electricity (% of population),EG.ELC.ACCS.ZS,2016,17.7
Liberia,LBR,Individuals using the Internet (% of population),IT.NET.USER.ZS,2016,15.69999981
Guinea-Bissau,GNB,GDP (current US$),NY.GDP.MKTP.CD,2016,1245074264.10396
Guinea-Bissau,GNB,GDP per capita (current US$),NY.GDP.PCAP.CD,2016,679.665386626818
Guinea-Bissau,GNB,GDP growth (annual %),NY.GDP.MKTP.KD.ZG,2016,5.4326782650304
Guinea-Bissau,GNB,"Inflation, consumer prices (annual %)",FP.CPI.TOTL.ZG,2016,1.50312055861088
Guinea-Bissau,GNB,"Population, total",SP.POP.TOTL,2016,1831893.0
Guinea-Bissau,GNB,Urban population (% of total population),SP.URB.TOTL.IN.ZS,2016,42.586109161377
Guinea-Bissau,GNB,Population growth (annual %),SP.POP.GROW,2016,2.51155296505032
Guinea-Bissau,GNB,Poverty headcount ratio at $3.00 a day (2021 PPP) (% of population),SI.POV.DDAY,2016,
Guinea-Bissau,GNB,Gini index,SI.POV.GINI,2016,
Guinea-Bissau,GNB,"School enrollment, primary (% gross)",SE.PRM.ENRR,2016,
Guinea-Bissau,GNB,"School enrollment, secondary (% gross)",SE.SEC.ENRR,2016,
Guinea-Bissau,GNB,"Literacy rate, adult total (% of people ages 15 and above)",SE.ADT.LITR.ZS,2016,
Guinea-Bissau,GNB,"Mortality rate, under-5 (per 1,000 live births)",SH.DYN.MORT,2016,88.2
Guinea-Bissau,GNB,"Life expectancy at birth, total (years)",SP.DYN.LE00.IN,2016,60.619
Guinea-Bissau,GNB,Current health expenditure (% of GDP),SH.XPD.CHEX.GD.ZS,2016,8.32881451
Guinea-Bissau,GNB,People using at least basic drinking water services (% of population),SH.H2O.BASW.ZS,2016,60.6498938301808
Guinea-Bissau,GNB,Access to electricity (% of population),EG.ELC.ACCS.ZS,2016,22.9
Guinea-Bissau,GNB,Individuals using the Internet (% of population),IT.NET.USER.ZS,2016,13.80000019
Cabo Verde,CPV,GDP (current US$),NY.GDP.MKTP.CD,2016,1849789985.99572
Cabo Verde,CPV,GDP per capita (current US$),NY.GDP.PCAP.CD,2016,3608.96605234906
Cabo Verde,CPV,GDP growth (annual %),NY.GDP.MKTP.KD.ZG,2016,4.28071482662371
Cabo Verde,CPV,"Inflation, consumer prices (annual %)",FP.CPI.TOTL.ZG,2016,-1.40781637091705
Cabo Verde,CPV,"Population, total",SP.POP.TOTL,2016,512554.0
Cabo Verde,CPV,Urban population (% of total population),SP.URB.TOTL.IN.ZS,2016,68.0354078358316
Cabo Verde,CPV,Population growth (annual %),SP.POP.GROW,2016,0.0312210963482392
Cabo Verde,CPV,Poverty headcount ratio at $3.00 a day (2021 PPP) (% of population),SI.POV.DDAY,2016,
Cabo Verde,CPV,Gini index,SI.POV.GINI,2016,
Cabo Verde,CPV,"School enrollment, primary (% gross)",SE.PRM.ENRR,2016,104.433854930994
Cabo Verde,CPV,"School enrollment, secondary (% gross)",SE.SEC.ENRR,2016,98.2528458088996
Cabo Verde,CPV,"Literacy rate, adult total (% of people ages 15 and above)",SE.ADT.LITR.ZS,2016,
Cabo Verde,CPV,"Mortality rate, under-5 (per 1,000 live births)",SH.DYN.MORT,2016,17.6
Cabo Verde,CPV,"Life expectancy at birth, total (years)",SP.DYN.LE00.IN,2016,74.35
Cabo Verde,CPV,Current health expenditure (% of GDP),SH.XPD.CHEX.GD.ZS,2016,4.36134005
Cabo Verde,CPV,People using at least basic drinking water services (% of population),SH.H2O.BASW.ZS,2016,85.581322426682
Cabo Verde,CPV,Access to electricity (% of population),EG.ELC.ACCS.ZS,2016,87.5
Cabo Verde,CPV,Individuals using the Internet (% of population),IT.NET.USER.ZS,2016,50.3228178676892
Niger,NER,GDP (current US$),NY.GDP.MKTP.CD,2017,11185104251.6943
Niger,NER,GDP per capita (current US$),NY.GDP.PCAP.CD,2017,521.804130023434
Niger,NER,GDP growth (annual %),NY.GDP.MKTP.KD.ZG,2017,5.00536078615544
Niger,NER,"Inflation, consumer prices (annual %)",FP.CPI.TOTL.ZG,2017,2.79637318871284
Niger,NER,"Population, total",SP.POP.TOTL,2017,21435446.0
Niger,NER,Urban population (% of total population),SP.URB.TOTL.IN.ZS,2017,16.5036987906896
Niger,NER,Population growth (annual %),SP.POP.GROW,2017,3.56007044831691
Niger,NER,Poverty headcount ratio at $3.00 a day (2021 PPP) (% of population),SI.POV.DDAY,2017,
Niger,NER,Gini index,SI.POV.GINI,2017,
Niger,NER,"School enrollment, primary (% gross)",SE.PRM.ENRR,2017,74.3787719289761
Niger,NER,"School enrollment, secondary (% gross)",SE.SEC.ENRR,2017,23.7611505662509
Niger,NER,"Literacy rate, adult total (% of people ages 15 and above)",SE.ADT.LITR.ZS,2017,
Niger,NER,"Mortality rate, under-5 (per 1,000 live births)",SH.DYN.MORT,2017,123.1
Niger,NER,"Life expectancy at birth, total (years)",SP.DYN.LE00.IN,2017,59.524
Niger,NER,Current health expenditure (% of GDP),SH.XPD.CHEX.GD.ZS,2017,5.57609606
Niger,NER,People using at least basic drinking water services (% of population),SH.H2O.BASW.ZS,2017,48.6826437620777
Niger,NER,Access to electricity (% of population),EG.ELC.ACCS.ZS,2017,17.6
Niger,NER,Individuals using the Internet (% of population),IT.NET.USER.ZS,2017,10.2243115586561
Nigeria,NGA,GDP (current US$),NY.GDP.MKTP.CD,2017,375745731053.427
Nigeria,NGA,GDP per capita (current US$),NY.GDP.PCAP.CD,2017,1876.34027111773
Nigeria,NGA,GDP growth (annual %),NY.GDP.MKTP.KD.ZG,2017,0.805886619102438
Nigeria,NGA,"Inflation, consumer prices (annual %)",FP.CPI.TOTL.ZG,2017,16.5022662139641
Nigeria,NGA,"Population, total",SP.POP.TOTL,2017,200254579.0
Nigeria,NGA,Urban population (% of total population),SP.URB.TOTL.IN.ZS,2017,57.3486345560101
Nigeria,NGA,Population growth (annual %),SP.POP.GROW,2017,2.43170936923065
Nigeria,NGA,Poverty headcount ratio at $3.00 a day (2021 PPP) (% of population),SI.POV.DDAY,2017,
Nigeria,NGA,Gini index,SI.POV.GINI,2017,
Nigeria,NGA,"School enrollment, primary (% gross)",SE.PRM.ENRR,2017,
Nigeria,NGA,"School enrollment, secondary (% gross)",SE.SEC.ENRR,2017,
Nigeria,NGA,"Literacy rate, adult total (% of people ages 15 and above)",SE.ADT.LITR.ZS,2017,
Nigeria,NGA,"Mortality rate, under-5 (per 1,000 live births)",SH.DYN.MORT,2017,117.2
Nigeria,NGA,"Life expectancy at birth, total (years)",SP.DYN.LE00.IN,2017,52.397
Nigeria,NGA,Current health expenditure (% of GDP),SH.XPD.CHEX.GD.ZS,2017,3.74762511
Nigeria,NGA,People using at least basic drinking water services (% of population),SH.H2O.BASW.ZS,2017,71.3599849035344
Nigeria,NGA,Access to electricity (% of population),EG.ELC.ACCS.ZS,2017,54.4
Nigeria,NGA,Individuals using the Internet (% of population),IT.NET.USER.ZS,2017,25.87789917
Senegal,SEN,GDP (current US$),NY.GDP.MKTP.CD,2017,20996562943.5979
Senegal,SEN,GDP per capita (current US$),NY.GDP.PCAP.CD,2017,1356.80518449031
Senegal,SEN,GDP growth (annual %),NY.GDP.MKTP.KD.ZG,2017,7.4074861863013
Senegal,SEN,"Inflation, consumer prices (annual %)",FP.CPI.TOTL.ZG,2017,1.31815314847789
Senegal,SEN,"Population, total",SP.POP.TOTL,2017,15475002.0
Senegal,SEN,Urban population (% of total population),SP.URB.TOTL.IN.ZS,2017,47.9338349639053
Senegal,SEN,Population growth (annual %),SP.POP.GROW,2017,2.88769908740551
Senegal,SEN,Poverty headcount ratio at $3.00 a day (2021 PPP) (% of population),SI.POV.DDAY,2017,
Senegal,SEN,Gini index,SI.POV.GINI,2017,
Senegal,SEN,"School enrollment, primary (% gross)",SE.PRM.ENRR,2017,
Senegal,SEN,"School enrollment, secondary (% gross)",SE.SEC.ENRR,2017,
Senegal,SEN,"Literacy rate, adult total (% of people ages 15 and above)",SE.ADT.LITR.ZS,2017,51.9000015258789
Senegal,SEN,"Mortality rate, under-5 (per 1,000 live births)",SH.DYN.MORT,2017,49.4
Senegal,SEN,"Life expectancy at birth, total (years)",SP.DYN.LE00.IN,2017,67.059
Senegal,SEN,Current health expenditure (% of GDP),SH.XPD.CHEX.GD.ZS,2017,4.16359377
Senegal,SEN,People using at least basic drinking water services (% of population),SH.H2O.BASW.ZS,2017,79.9984726874606
Senegal,SEN,Access to electricity (% of population),EG.ELC.ACCS.ZS,2017,61.7
Senegal,SEN,Individuals using the Internet (% of population),IT.NET.USER.ZS,2017,29.64310074
Cote d'Ivoire,CIV,GDP (current US$),NY.GDP.MKTP.CD,2017,52512343996.69
Cote d'Ivoire,CIV,GDP per capita (current US$),NY.GDP.PCAP.CD,2017,1964.29930338343
Cote d'Ivoire,CIV,GDP growth (annual %),NY.GDP.MKTP.KD.ZG,2017,7.41076242592504
Cote d'Ivoire,CIV,"Inflation, consumer prices (annual %)",FP.CPI.TOTL.ZG,2017,0.685881065304603
Cote d'Ivoire,CIV,"Population, total",SP.POP.TOTL,2017,26733372.0
Cote d'Ivoire,CIV,Urban population (% of total population),SP.URB.TOTL.IN.ZS,2017,50.3977309654344
Cote d'Ivoire,CIV,Population growth (annual %),SP.POP.GROW,2017,2.82237176165589
Cote d'Ivoire,CIV,Poverty headcount ratio at $3.00 a day (2021 PPP) (% of population),SI.POV.DDAY,2017,
Cote d'Ivoire,CIV,Gini index,SI.POV.GINI,2017,
Cote d'Ivoire,CIV,"School enrollment, primary (% gross)",SE.PRM.ENRR,2017,88.2052011132348
Cote d'Ivoire,CIV,"School enrollment, secondary (% gross)",SE.SEC.ENRR,2017,49.0863555848622
Cote d'Ivoire,CIV,"Literacy rate, adult total (% of people ages 15 and above)",SE.ADT.LITR.ZS,2017,
Cote d'Ivoire,CIV,"Mortality rate, under-5 (per 1,000 live births)",SH.DYN.MORT,2017,80.5
Cote d'Ivoire,CIV,"Life expectancy at birth, total (years)",SP.DYN.LE00.IN,2017,59.315
Cote d'Ivoire,CIV,Current health expenditure (% of GDP),SH.XPD.CHEX.GD.ZS,2017,3.24693036
Cote d'Ivoire,CIV,People using at least basic drinking water services (% of population),SH.H2O.BASW.ZS,2017,74.9670485097416
Cote d'Ivoire,CIV,Access to electricity (% of population),EG.ELC.ACCS.ZS,2017,65.6
Cote d'Ivoire,CIV,Individuals using the Internet (% of population),IT.NET.USER.ZS,2017,43.8399208514876
Ghana,GHA,GDP (current US$),NY.GDP.MKTP.CD,2017,60385409434.8567
Ghana,GHA,GDP per capita (current US$),NY.GDP.PCAP.CD,2017,2012.28662641265
Ghana,GHA,GDP growth (annual %),NY.GDP.MKTP.KD.ZG,2017,8.12889488100956
Ghana,GHA,"Inflation, consumer prices (annual %)",FP.CPI.TOTL.ZG,2017,12.3719215507048
Ghana,GHA,"Population, total",SP.POP.TOTL,2017,30008354.0
Ghana,GHA,Urban population (% of total population),SP.URB.TOTL.IN.ZS,2017,54.6991419779128
Ghana,GHA,Population growth (annual %),SP.POP.GROW,2017,2.19535792776401
Ghana,GHA,Poverty headcount ratio at $3.00 a day (2021 PPP) (% of population),SI.POV.DDAY,2017,
Ghana,GHA,Gini index,SI.POV.GINI,2017,
Ghana,GHA,"School enrollment, primary (% gross)",SE.PRM.ENRR,2017,100.478896703055
Ghana,GHA,"School enrollment, secondary (% gross)",SE.SEC.ENRR,2017,66.6359450193038
Ghana,GHA,"Literacy rate, adult total (% of people ages 15 and above)",SE.ADT.LITR.ZS,2017,64.4899978637695
Ghana,GHA,"Mortality rate, under-5 (per 1,000 live births)",SH.DYN.MORT,2017,48.2
Ghana,GHA,"Life expectancy at birth, total (years)",SP.DYN.LE00.IN,2017,63.829
Ghana,GHA,Current health expenditure (% of GDP),SH.XPD.CHEX.GD.ZS,2017,2.68786979
Ghana,GHA,People using at least basic drinking water services (% of population),SH.H2O.BASW.ZS,2017,82.6995725023601
Ghana,GHA,Access to electricity (% of population),EG.ELC.ACCS.ZS,2017,79.0
Ghana,GHA,Individuals using the Internet (% of population),IT.NET.USER.ZS,2017,37.88420105
Benin,BEN,GDP (current US$),NY.GDP.MKTP.CD,2017,12701655836.9467
Benin,BEN,GDP per capita (current US$),NY.GDP.PCAP.CD,2017,1054.97408066814
Benin,BEN,GDP growth (annual %),NY.GDP.MKTP.KD.ZG,2017,5.67156195150444
Benin,BEN,"Inflation, consumer prices (annual %)",FP.CPI.TOTL.ZG,2017,0.0432648555103608
Benin,BEN,"Population, total",SP.POP.TOTL,2017,12039780.0
Benin,BEN,Urban population (% of total population),SP.URB.TOTL.IN.ZS,2017,47.2942774880391
Benin,BEN,Population growth (annual %),SP.POP.GROW,2017,2.88117869411855
Benin,BEN,Poverty headcount ratio at $3.00 a day (2021 PPP) (% of population),SI.POV.DDAY,2017,
Benin,BEN,Gini index,SI.POV.GINI,2017,
Benin,BEN,"School enrollment, primary (% gross)",SE.PRM.ENRR,2017,116.291519165039
Benin,BEN,"School enrollment, secondary (% gross)",SE.SEC.ENRR,2017,
Benin,BEN,"Literacy rate, adult total (% of people ages 15 and above)",SE.ADT.LITR.ZS,2017,38.8699989318848
Benin,BEN,"Mortality rate, under-5 (per 1,000 live births)",SH.DYN.MORT,2017,91.8
Benin,BEN,"Life expectancy at birth, total (years)",SP.DYN.LE00.IN,2017,59.528
Benin,BEN,Current health expenditure (% of GDP),SH.XPD.CHEX.GD.ZS,2017,3.67389345
Benin,BEN,People using at least basic drinking water services (% of population),SH.H2O.BASW.ZS,2017,67.3115299235489
Benin,BEN,Access to electricity (% of population),EG.ELC.ACCS.ZS,2017,34.5
Benin,BEN,Individuals using the Internet (% of population),IT.NET.USER.ZS,2017,18.7
Burkina Faso,BFA,GDP (current US$),NY.GDP.MKTP.CD,2017,14106955615.3442
Burkina Faso,BFA,GDP per capita (current US$),NY.GDP.PCAP.CD,2017,709.091535894695
Burkina Faso,BFA,GDP growth (annual %),NY.GDP.MKTP.KD.ZG,2017,6.20348941121868
Burkina Faso,BFA,"Inflation, consumer prices (annual %)",FP.CPI.TOTL.ZG,2017,1.48299897161325
Burkina Faso,BFA,"Population, total",SP.POP.TOTL,2017,19894407.0
Burkina Faso,BFA,Urban population (% of total population),SP.URB.TOTL.IN.ZS,2017,25.9769918665632
Burkina Faso,BFA,Population growth (annual %),SP.POP.GROW,2017,2.85291595529266
Burkina Faso,BFA,Poverty headcount ratio at $3.00 a day (2021 PPP) (% of population),SI.POV.DDAY,2017,
Burkina Faso,BFA,Gini index,SI.POV.GINI,2017,
Burkina Faso,BFA,"School enrollment, primary (% gross)",SE.PRM.ENRR,2017,89.5118329042903
Burkina Faso,BFA,"School enrollment, secondary (% gross)",SE.SEC.ENRR,2017,37.1627510802261
Burkina Faso,BFA,"Literacy rate, adult total (% of people ages 15 and above)",SE.ADT.LITR.ZS,2017,
Burkina Faso,BFA,"Mortality rate, under-5 (per 1,000 live births)",SH.DYN.MORT,2017,94.1
Burkina Faso,BFA,"Life expectancy at birth, total (years)",SP.DYN.LE00.IN,2017,59.578
Burkina Faso,BFA,Current health expenditure (% of GDP),SH.XPD.CHEX.GD.ZS,2017,6.12075186
Burkina Faso,BFA,People using at least basic drinking water services (% of population),SH.H2O.BASW.ZS,2017,51.3308302109352
Burkina Faso,BFA,Access to electricity (% of population),EG.ELC.ACCS.ZS,2017,17.0
Burkina Faso,BFA,Individuals using the Internet (% of population),IT.NET.USER.ZS,2017,7.790400028
Mali,MLI,GDP (current US$),NY.GDP.MKTP.CD,2017,18308362040.0521
Mali,MLI,GDP per capita (current US$),NY.GDP.PCAP.CD,2017,924.057531692284
Mali,MLI,GDP growth (annual %),NY.GDP.MKTP.KD.ZG,2017,5.37554769639952
Mali,MLI,"Inflation, consumer prices (annual %)",FP.CPI.TOTL.ZG,2017,1.75985742927165
Mali,MLI,"Population, total",SP.POP.TOTL,2017,19813011.0
Mali,MLI,Urban population (% of total population),SP.URB.TOTL.IN.ZS,2017,27.0646702892896
Mali,MLI,Population growth (annual %),SP.POP.GROW,2017,3.18823649379751
Mali,MLI,Poverty headcount ratio at $3.00 a day (2021 PPP) (% of population),SI.POV.DDAY,2017,
Mali,MLI,Gini index,SI.POV.GINI,2017,
Mali,MLI,"School enrollment, primary (% gross)",SE.PRM.ENRR,2017,74.6733759399248
Mali,MLI,"School enrollment, secondary (% gross)",SE.SEC.ENRR,2017,38.5485805738327
Mali,MLI,"Literacy rate, adult total (% of people ages 15 and above)",SE.ADT.LITR.ZS,2017,
Mali,MLI,"Mortality rate, under-5 (per 1,000 live births)",SH.DYN.MORT,2017,100.6
Mali,MLI,"Life expectancy at birth, total (years)",SP.DYN.LE00.IN,2017,58.562
Mali,MLI,Current health expenditure (% of GDP),SH.XPD.CHEX.GD.ZS,2017,3.67425752
Mali,MLI,People using at least basic drinking water services (% of population),SH.H2O.BASW.ZS,2017,76.4467561333581
Mali,MLI,Access to electricity (% of population),EG.ELC.ACCS.ZS,2017,34.8
Mali,MLI,Individuals using the Internet (% of population),IT.NET.USER.ZS,2017,18.89999962
Mauritania,MRT,GDP (current US$),NY.GDP.MKTP.CD,2017,6800135898.28827
Mauritania,MRT,GDP per capita (current US$),NY.GDP.PCAP.CD,2017,1615.00401327323
Mauritania,MRT,GDP growth (annual %),NY.GDP.MKTP.KD.ZG,2017,6.27054566937677
Mauritania,MRT,"Inflation, consumer prices (annual %)",FP.CPI.TOTL.ZG,2017,2.25427651934813
Mauritania,MRT,"Population, total",SP.POP.TOTL,2017,4210600.0
Mauritania,MRT,Urban population (% of total population),SP.URB.TOTL.IN.ZS,2017,54.1970448502004
Mauritania,MRT,Population growth (annual %),SP.POP.GROW,2017,2.98778789331469
Mauritania,MRT,Poverty headcount ratio at $3.00 a day (2021 PPP) (% of population),SI.POV.DDAY,2017,
Mauritania,MRT,Gini index,SI.POV.GINI,2017,
Mauritania,MRT,"School enrollment, primary (% gross)",SE.PRM.ENRR,2017,87.8173094861384
Mauritania,MRT,"School enrollment, secondary (% gross)",SE.SEC.ENRR,2017,31.7565696757394
Mauritania,MRT,"Literacy rate, adult total (% of people ages 15 and above)",SE.ADT.LITR.ZS,2017,
Mauritania,MRT,"Mortality rate, under-5 (per 1,000 live births)",SH.DYN.MORT,2017,46.2
Mauritania,MRT,"Life expectancy at birth, total (years)",SP.DYN.LE00.IN,2017,67.088
Mauritania,MRT,Current health expenditure (% of GDP),SH.XPD.CHEX.GD.ZS,2017,3.41947556
Mauritania,MRT,People using at least basic drinking water services (% of population),SH.H2O.BASW.ZS,2017,67.0528469845158
Mauritania,MRT,Access to electricity (% of population),EG.ELC.ACCS.ZS,2017,42.9
Mauritania,MRT,Individuals using the Internet (% of population),IT.NET.USER.ZS,2017,21.01720047
Togo,TGO,GDP (current US$),NY.GDP.MKTP.CD,2017,6387424239.8801
Togo,TGO,GDP per capita (current US$),NY.GDP.PCAP.CD,2017,792.765700965864
Togo,TGO,GDP growth (annual %),NY.GDP.MKTP.KD.ZG,2017,4.00791259566937
Togo,TGO,"Inflation, consumer prices (annual %)",FP.CPI.TOTL.ZG,2017,-0.981889868943119
Togo,TGO,"Population, total",SP.POP.TOTL,2017,8057140.0
Togo,TGO,Urban population (% of total population),SP.URB.TOTL.IN.ZS,2017,40.5809463430719
Togo,TGO,Population growth (annual %),SP.POP.GROW,2017,2.49897565726694
Togo,TGO,Poverty headcount ratio at $3.00 a day (2021 PPP) (% of population),SI.POV.DDAY,2017,
Togo,TGO,Gini index,SI.POV.GINI,2017,
Togo,TGO,"School enrollment, primary (% gross)",SE.PRM.ENRR,2017,119.405694248485
Togo,TGO,"School enrollment, secondary (% gross)",SE.SEC.ENRR,2017,60.769472220228
Togo,TGO,"Literacy rate, adult total (% of people ages 15 and above)",SE.ADT.LITR.ZS,2017,60.9537021917226
Togo,TGO,"Mortality rate, under-5 (per 1,000 live births)",SH.DYN.MORT,2017,70.4
Togo,TGO,"Life expectancy at birth, total (years)",SP.DYN.LE00.IN,2017,60.145
Togo,TGO,Current health expenditure (% of GDP),SH.XPD.CHEX.GD.ZS,2017,6.50210476
Togo,TGO,People using at least basic drinking water services (% of population),SH.H2O.BASW.ZS,2017,60.6102462342239
Togo,TGO,Access to electricity (% of population),EG.ELC.ACCS.ZS,2017,48.0
Togo,TGO,Individuals using the Internet (% of population),IT.NET.USER.ZS,2017,12.3602249692905
Guinea,GIN,GDP (current US$),NY.GDP.MKTP.CD,2017,10324668271.1362
Guinea,GIN,GDP per capita (current US$),NY.GDP.PCAP.CD,2017,833.598621691121
Guinea,GIN,GDP growth (annual %),NY.GDP.MKTP.KD.ZG,2017,10.3000053427355
Guinea,GIN,"Inflation, consumer prices (annual %)",FP.CPI.TOTL.ZG,2017,8.91435947913097
Guinea,GIN,"Population, total",SP.POP.TOTL,2017,12385659.0
Guinea,GIN,Urban population (% of total population),SP.URB.TOTL.IN.ZS,2017,35.5827331542969
Guinea,GIN,Population growth (annual %),SP.POP.GROW,2017,2.55652318226129
Guinea,GIN,Poverty headcount ratio at $3.00 a day (2021 PPP) (% of population),SI.POV.DDAY,2017,
Guinea,GIN,Gini index,SI.POV.GINI,2017,
Guinea,GIN,"School enrollment, primary (% gross)",SE.PRM.ENRR,2017,
Guinea,GIN,"School enrollment, secondary (% gross)",SE.SEC.ENRR,2017,
Guinea,GIN,"Literacy rate, adult total (% of people ages 15 and above)",SE.ADT.LITR.ZS,2017,
Guinea,GIN,"Mortality rate, under-5 (per 1,000 live births)",SH.DYN.MORT,2017,109.5
Guinea,GIN,"Life expectancy at birth, total (years)",SP.DYN.LE00.IN,2017,58.715
Guinea,GIN,Current health expenditure (% of GDP),SH.XPD.CHEX.GD.ZS,2017,3.91512728
Guinea,GIN,People using at least basic drinking water services (% of population),SH.H2O.BASW.ZS,2017,65.6377593870016
Guinea,GIN,Access to electricity (% of population),EG.ELC.ACCS.ZS,2017,35.4
Guinea,GIN,Individuals using the Internet (% of population),IT.NET.USER.ZS,2017,18.70000076
"Gambia, The",GMB,GDP (current US$),NY.GDP.MKTP.CD,2017,1504909462.69521
"Gambia, The",GMB,GDP per capita (current US$),NY.GDP.PCAP.CD,2017,642.522641296331
"Gambia, The",GMB,GDP growth (annual %),NY.GDP.MKTP.KD.ZG,2017,4.8226112492757
"Gambia, The",GMB,"Inflation, consumer prices (annual %)",FP.CPI.TOTL.ZG,2017,8.03418974545911
"Gambia, The",GMB,"Population, total",SP.POP.TOTL,2017,2342189.0
"Gambia, The",GMB,Urban population (% of total population),SP.URB.TOTL.IN.ZS,2017,60.471712657237
"Gambia, The",GMB,Population growth (annual %),SP.POP.GROW,2017,2.52588138504562
"Gambia, The",GMB,Poverty headcount ratio at $3.00 a day (2021 PPP) (% of population),SI.POV.DDAY,2017,
"Gambia, The",GMB,Gini index,SI.POV.GINI,2017,
"Gambia, The",GMB,"School enrollment, primary (% gross)",SE.PRM.ENRR,2017,88.6915742090233
"Gambia, The",GMB,"School enrollment, secondary (% gross)",SE.SEC.ENRR,2017,
"Gambia, The",GMB,"Literacy rate, adult total (% of people ages 15 and above)",SE.ADT.LITR.ZS,2017,
"Gambia, The",GMB,"Mortality rate, under-5 (per 1,000 live births)",SH.DYN.MORT,2017,54.3
"Gambia, The",GMB,"Life expectancy at birth, total (years)",SP.DYN.LE00.IN,2017,63.708
"Gambia, The",GMB,Current health expenditure (% of GDP),SH.XPD.CHEX.GD.ZS,2017,3.35449266
"Gambia, The",GMB,People using at least basic drinking water services (% of population),SH.H2O.BASW.ZS,2017,83.1620559265773
"Gambia, The",GMB,Access to electricity (% of population),EG.ELC.ACCS.ZS,2017,56.2
"Gambia, The",GMB,Individuals using the Internet (% of population),IT.NET.USER.ZS,2017,22.5156002
Sierra Leone,SLE,GDP (current US$),NY.GDP.MKTP.CD,2017,5749846528.48046
Sierra Leone,SLE,GDP per capita (current US$),NY.GDP.PCAP.CD,2017,779.186007841728
Sierra Leone,SLE,GDP growth (annual %),NY.GDP.MKTP.KD.ZG,2017,3.20786087715987
Sierra Leone,SLE,"Inflation, consumer prices (annual %)",FP.CPI.TOTL.ZG,2017,18.2215094003386
Sierra Leone,SLE,"Population, total",SP.POP.TOTL,2017,7379299.0
Sierra Leone,SLE,Urban population (% of total population),SP.URB.TOTL.IN.ZS,2017,41.7106682105058
Sierra Leone,SLE,Population growth (annual %),SP.POP.GROW,2017,2.38578952940087
Sierra Leone,SLE,Poverty headcount ratio at $3.00 a day (2021 PPP) (% of population),SI.POV.DDAY,2017,
Sierra Leone,SLE,Gini index,SI.POV.GINI,2017,
Sierra Leone,SLE,"School enrollment, primary (% gross)",SE.PRM.ENRR,2017,126.863918148513
Sierra Leone,SLE,"School enrollment, secondary (% gross)",SE.SEC.ENRR,2017,41.5312194824219
Sierra Leone,SLE,"Literacy rate, adult total (% of people ages 15 and above)",SE.ADT.LITR.ZS,2017,44.8300018310547
Sierra Leone,SLE,"Mortality rate, under-5 (per 1,000 live births)",SH.DYN.MORT,2017,117.0
Sierra Leone,SLE,"Life expectancy at birth, total (years)",SP.DYN.LE00.IN,2017,57.761
Sierra Leone,SLE,Current health expenditure (% of GDP),SH.XPD.CHEX.GD.ZS,2017,6.00532055
Sierra Leone,SLE,People using at least basic drinking water services (% of population),SH.H2O.BASW.ZS,2017,59.9058113970129
Sierra Leone,SLE,Access to electricity (% of population),EG.ELC.ACCS.ZS,2017,23.4
Sierra Leone,SLE,Individuals using the Internet (% of population),IT.NET.USER.ZS,2017,9.297100067
Liberia,LBR,GDP (current US$),NY.GDP.MKTP.CD,2017,3390703400.0
Liberia,LBR,GDP per capita (current US$),NY.GDP.PCAP.CD,2017,699.269095727404
Liberia,LBR,GDP growth (annual %),NY.GDP.MKTP.KD.ZG,2017,2.45515592012239
Liberia,LBR,"Inflation, consumer prices (annual %)",FP.CPI.TOTL.ZG,2017,12.4196323907138
Liberia,LBR,"Population, total",SP.POP.TOTL,2017,4848925.0
Liberia,LBR,Urban population (% of total population),SP.URB.TOTL.IN.ZS,2017,51.7957569553849
Liberia,LBR,Population growth (annual %),SP.POP.GROW,2017,1.94324776688719
Liberia,LBR,Poverty headcount ratio at $3.00 a day (2021 PPP) (% of population),SI.POV.DDAY,2017,
Liberia,LBR,Gini index,SI.POV.GINI,2017,
Liberia,LBR,"School enrollment, primary (% gross)",SE.PRM.ENRR,2017,79.5952338903314
Liberia,LBR,"School enrollment, secondary (% gross)",SE.SEC.ENRR,2017,
Liberia,LBR,"Literacy rate, adult total (% of people ages 15 and above)",SE.ADT.LITR.ZS,2017,
Liberia,LBR,"Mortality rate, under-5 (per 1,000 live births)",SH.DYN.MORT,2017,90.3
Liberia,LBR,"Life expectancy at birth, total (years)",SP.DYN.LE00.IN,2017,60.777
Liberia,LBR,Current health expenditure (% of GDP),SH.XPD.CHEX.GD.ZS,2017,9.91087437
Liberia,LBR,People using at least basic drinking water services (% of population),SH.H2O.BASW.ZS,2017,74.1477432355412
Liberia,LBR,Access to electricity (% of population),EG.ELC.ACCS.ZS,2017,24.2
Liberia,LBR,Individuals using the Internet (% of population),IT.NET.USER.ZS,2017,16.29999924
Guinea-Bissau,GNB,GDP (current US$),NY.GDP.MKTP.CD,2017,1469978606.12143
Guinea-Bissau,GNB,GDP per capita (current US$),NY.GDP.PCAP.CD,2017,783.123186602022
Guinea-Bissau,GNB,GDP growth (annual %),NY.GDP.MKTP.KD.ZG,2017,4.66367943913264
Guinea-Bissau,GNB,"Inflation, consumer prices (annual %)",FP.CPI.TOTL.ZG,2017,1.69111461822298
Guinea-Bissau,GNB,"Population, total",SP.POP.TOTL,2017,1877072.0
Guinea-Bissau,GNB,Urban population (% of total population),SP.URB.TOTL.IN.ZS,2017,43.0155792236328
Guinea-Bissau,GNB,Population growth (annual %),SP.POP.GROW,2017,2.4363257519627
Guinea-Bissau,GNB,Poverty headcount ratio at $3.00 a day (2021 PPP) (% of population),SI.POV.DDAY,2017,
Guinea-Bissau,GNB,Gini index,SI.POV.GINI,2017,
Guinea-Bissau,GNB,"School enrollment, primary (% gross)",SE.PRM.ENRR,2017,
Guinea-Bissau,GNB,"School enrollment, secondary (% gross)",SE.SEC.ENRR,2017,
Guinea-Bissau,GNB,"Literacy rate, adult total (% of people ages 15 and above)",SE.ADT.LITR.ZS,2017,
Guinea-Bissau,GNB,"Mortality rate, under-5 (per 1,000 live births)",SH.DYN.MORT,2017,85.1
Guinea-Bissau,GNB,"Life expectancy at birth, total (years)",SP.DYN.LE00.IN,2017,61.148
Guinea-Bissau,GNB,Current health expenditure (% of GDP),SH.XPD.CHEX.GD.ZS,2017,7.00049543
Guinea-Bissau,GNB,People using at least basic drinking water services (% of population),SH.H2O.BASW.ZS,2017,60.8614249962045
Guinea-Bissau,GNB,Access to electricity (% of population),EG.ELC.ACCS.ZS,2017,26.0
Guinea-Bissau,GNB,Individuals using the Internet (% of population),IT.NET.USER.ZS,2017,14.80000019
Cabo Verde,CPV,GDP (current US$),NY.GDP.MKTP.CD,2017,1996741539.95088
Cabo Verde,CPV,GDP per capita (current US$),NY.GDP.PCAP.CD,2017,3893.09571382506
Cabo Verde,CPV,GDP growth (annual %),NY.GDP.MKTP.KD.ZG,2017,4.5513148102974
Cabo Verde,CPV,"Inflation, consumer prices (annual %)",FP.CPI.TOTL.ZG,2017,0.784415251101334
Cabo Verde,CPV,"Population, total",SP.POP.TOTL,2017,512893.0
Cabo Verde,CPV,Urban population (% of total population),SP.URB.TOTL.IN.ZS,2017,69.1999988159713
Cabo Verde,CPV,Population growth (annual %),SP.POP.GROW,2017,0.0661175101881539
Cabo Verde,CPV,Poverty headcount ratio at $3.00 a day (2021 PPP) (% of population),SI.POV.DDAY,2017,
Cabo Verde,CPV,Gini index,SI.POV.GINI,2017,
Cabo Verde,CPV,"School enrollment, primary (% gross)",SE.PRM.ENRR,2017,104.154022187951
Cabo Verde,CPV,"School enrollment, secondary (% gross)",SE.SEC.ENRR,2017,99.462782259485
Cabo Verde,CPV,"Literacy rate, adult total (% of people ages 15 and above)",SE.ADT.LITR.ZS,2017,
Cabo Verde,CPV,"Mortality rate, under-5 (per 1,000 live births)",SH.DYN.MORT,2017,16.2
Cabo Verde,CPV,"Life expectancy at birth, total (years)",SP.DYN.LE00.IN,2017,74.71
Cabo Verde,CPV,Current health expenditure (% of GDP),SH.XPD.CHEX.GD.ZS,2017,4.48070955
Cabo Verde,CPV,People using at least basic drinking water services (% of population),SH.H2O.BASW.ZS,2017,86.333068742186
Cabo Verde,CPV,Access to electricity (% of population),EG.ELC.ACCS.ZS,2017,88.6
Cabo Verde,CPV,Individuals using the Internet (% of population),IT.NET.USER.ZS,2017,57.1621463484891
Niger,NER,GDP (current US$),NY.GDP.MKTP.CD,2018,12837307496.8821
Niger,NER,GDP per capita (current US$),NY.GDP.PCAP.CD,2018,578.568035680892
Niger,NER,GDP growth (annual %),NY.GDP.MKTP.KD.ZG,2018,7.21141802762897
Niger,NER,"Inflation, consumer prices (annual %)",FP.CPI.TOTL.ZG,2018,2.96760366004456
Niger,NER,"Population, total",SP.POP.TOTL,2018,22188069.0
Niger,NER,Urban population (% of total population),SP.URB.TOTL.IN.ZS,2018,16.6449011799221
Niger,NER,Population growth (annual %),SP.POP.GROW,2018,3.45088050525461
Niger,NER,Poverty headcount ratio at $3.00 a day (2021 PPP) (% of population),SI.POV.DDAY,2018,59.0
Niger,NER,Gini index,SI.POV.GINI,2018,37.3
Niger,NER,"School enrollment, primary (% gross)",SE.PRM.ENRR,2018,
Niger,NER,"School enrollment, secondary (% gross)",SE.SEC.ENRR,2018,
Niger,NER,"Literacy rate, adult total (% of people ages 15 and above)",SE.ADT.LITR.ZS,2018,33.0499992370605
Niger,NER,"Mortality rate, under-5 (per 1,000 live births)",SH.DYN.MORT,2018,121.9
Niger,NER,"Life expectancy at birth, total (years)",SP.DYN.LE00.IN,2018,59.765
Niger,NER,Current health expenditure (% of GDP),SH.XPD.CHEX.GD.ZS,2018,5.30310822
Niger,NER,People using at least basic drinking water services (% of population),SH.H2O.BASW.ZS,2018,49.364204791619
Niger,NER,Access to electricity (% of population),EG.ELC.ACCS.ZS,2018,17.6
Niger,NER,Individuals using the Internet (% of population),IT.NET.USER.ZS,2018,10.74180031
Nigeria,NGA,GDP (current US$),NY.GDP.MKTP.CD,2018,421739251509.08
Nigeria,NGA,GDP per capita (current US$),NY.GDP.PCAP.CD,2018,2057.87944554011
Nigeria,NGA,GDP growth (annual %),NY.GDP.MKTP.KD.ZG,2018,1.92275734200614
Nigeria,NGA,"Inflation, consumer prices (annual %)",FP.CPI.TOTL.ZG,2018,12.0951065173432
Nigeria,NGA,"Population, total",SP.POP.TOTL,2018,204938755.0
Nigeria,NGA,Urban population (% of total population),SP.URB.TOTL.IN.ZS,2018,58.1553347527729
Nigeria,NGA,Population growth (annual %),SP.POP.GROW,2018,2.31217263003389
Nigeria,NGA,Poverty headcount ratio at $3.00 a day (2021 PPP) (% of population),SI.POV.DDAY,2018,34.2
Nigeria,NGA,Gini index,SI.POV.GINI,2018,35.1
Nigeria,NGA,"School enrollment, primary (% gross)",SE.PRM.ENRR,2018,81.6278513667331
Nigeria,NGA,"School enrollment, secondary (% gross)",SE.SEC.ENRR,2018,40.4885292053223
Nigeria,NGA,"Literacy rate, adult total (% of people ages 15 and above)",SE.ADT.LITR.ZS,2018,
Nigeria,NGA,"Mortality rate, under-5 (per 1,000 live births)",SH.DYN.MORT,2018,117.2
Nigeria,NGA,"Life expectancy at birth, total (years)",SP.DYN.LE00.IN,2018,52.669
Nigeria,NGA,Current health expenditure (% of GDP),SH.XPD.CHEX.GD.ZS,2018,3.09069347
Nigeria,NGA,People using at least basic drinking water services (% of population),SH.H2O.BASW.ZS,2018,72.9796602996736
Nigeria,NGA,Access to electricity (% of population),EG.ELC.ACCS.ZS,2018,56.5
Nigeria,NGA,Individuals using the Internet (% of population),IT.NET.USER.ZS,2018,27.74370003
Senegal,SEN,GDP (current US$),NY.GDP.MKTP.CD,2018,23116701556.1381
Senegal,SEN,GDP per capita (current US$),NY.GDP.PCAP.CD,2018,1452.55612562445
Senegal,SEN,GDP growth (annual %),NY.GDP.MKTP.KD.ZG,2018,6.20924103389086
Senegal,SEN,"Inflation, consumer prices (annual %)",FP.CPI.TOTL.ZG,2018,0.460985642464188
Senegal,SEN,"Population, total",SP.POP.TOTL,2018,15914498.0
Senegal,SEN,Urban population (% of total population),SP.URB.TOTL.IN.ZS,2018,48.9001692274485
Senegal,SEN,Population growth (annual %),SP.POP.GROW,2018,2.8004569855314
Senegal,SEN,Poverty headcount ratio at $3.00 a day (2021 PPP) (% of population),SI.POV.DDAY,2018,19.1
Senegal,SEN,Gini index,SI.POV.GINI,2018,38.3
Senegal,SEN,"School enrollment, primary (% gross)",SE.PRM.ENRR,2018,
Senegal,SEN,"School enrollment, secondary (% gross)",SE.SEC.ENRR,2018,
Senegal,SEN,"Literacy rate, adult total (% of people ages 15 and above)",SE.ADT.LITR.ZS,2018,46.6100006103516
Senegal,SEN,"Mortality rate, under-5 (per 1,000 live births)",SH.DYN.MORT,2018,47.9
Senegal,SEN,"Life expectancy at birth, total (years)",SP.DYN.LE00.IN,2018,67.379
Senegal,SEN,Current health expenditure (% of GDP),SH.XPD.CHEX.GD.ZS,2018,4.43182087
Senegal,SEN,People using at least basic drinking water services (% of population),SH.H2O.BASW.ZS,2018,81.1662422601817
Senegal,SEN,Access to electricity (% of population),EG.ELC.ACCS.ZS,2018,66.0
Senegal,SEN,Individuals using the Internet (% of population),IT.NET.USER.ZS,2018,35.29999924
Cote d'Ivoire,CIV,GDP (current US$),NY.GDP.MKTP.CD,2018,58522477786.6889
Cote d'Ivoire,CIV,GDP per capita (current US$),NY.GDP.PCAP.CD,2018,2130.86619381144
Cote d'Ivoire,CIV,GDP growth (annual %),NY.GDP.MKTP.KD.ZG,2018,4.84314605889178
Cote d'Ivoire,CIV,"Inflation, consumer prices (annual %)",FP.CPI.TOTL.ZG,2018,0.401297817263547
Cote d'Ivoire,CIV,"Population, total",SP.POP.TOTL,2018,27464173.0
Cote d'Ivoire,CIV,Urban population (% of total population),SP.URB.TOTL.IN.ZS,2018,50.8718477756395
Cote d'Ivoire,CIV,Population growth (annual %),SP.POP.GROW,2018,2.69696827034562
Cote d'Ivoire,CIV,Poverty headcount ratio at $3.00 a day (2021 PPP) (% of population),SI.POV.DDAY,2018,21.7
Cote d'Ivoire,CIV,Gini index,SI.POV.GINI,2018,37.2
Cote d'Ivoire,CIV,"School enrollment, primary (% gross)",SE.PRM.ENRR,2018,88.210939705148
Cote d'Ivoire,CIV,"School enrollment, secondary (% gross)",SE.SEC.ENRR,2018,51.072614509286
Cote d'Ivoire,CIV,"Literacy rate, adult total (% of people ages 15 and above)",SE.ADT.LITR.ZS,2018,
Cote d'Ivoire,CIV,"Mortality rate, under-5 (per 1,000 live births)",SH.DYN.MORT,2018,77.9
Cote d'Ivoire,CIV,"Life expectancy at birth, total (years)",SP.DYN.LE00.IN,2018,59.795
Cote d'Ivoire,CIV,Current health expenditure (% of GDP),SH.XPD.CHEX.GD.ZS,2018,3.0916779
Cote d'Ivoire,CIV,People using at least basic drinking water services (% of population),SH.H2O.BASW.ZS,2018,75.3089683562102
Cote d'Ivoire,CIV,Access to electricity (% of population),EG.ELC.ACCS.ZS,2018,67.1
Cote d'Ivoire,CIV,Individuals using the Internet (% of population),IT.NET.USER.ZS,2018,37.5465361301281
Ghana,GHA,GDP (current US$),NY.GDP.MKTP.CD,2018,67259353965.6087
Ghana,GHA,GDP per capita (current US$),NY.GDP.PCAP.CD,2018,2195.32166016377
Ghana,GHA,GDP growth (annual %),NY.GDP.MKTP.KD.ZG,2018,6.20007768127284
Ghana,GHA,"Inflation, consumer prices (annual %)",FP.CPI.TOTL.ZG,2018,7.80876516610703
Ghana,GHA,"Population, total",SP.POP.TOTL,2018,30637585.0
Ghana,GHA,Urban population (% of total population),SP.URB.TOTL.IN.ZS,2018,55.218477566593
Ghana,GHA,Population growth (annual %),SP.POP.GROW,2018,2.07517136640112
Ghana,GHA,Poverty headcount ratio at $3.00 a day (2021 PPP) (% of population),SI.POV.DDAY,2018,
Ghana,GHA,Gini index,SI.POV.GINI,2018,
Ghana,GHA,"School enrollment, primary (% gross)",SE.PRM.ENRR,2018,98.6813906905268
Ghana,GHA,"School enrollment, secondary (% gross)",SE.SEC.ENRR,2018,68.2222557975165
Ghana,GHA,"Literacy rate, adult total (% of people ages 15 and above)",SE.ADT.LITR.ZS,2018,
Ghana,GHA,"Mortality rate, under-5 (per 1,000 live births)",SH.DYN.MORT,2018,46.1
Ghana,GHA,"Life expectancy at birth, total (years)",SP.DYN.LE00.IN,2018,64.138
Ghana,GHA,Current health expenditure (% of GDP),SH.XPD.CHEX.GD.ZS,2018,2.43001175
Ghana,GHA,People using at least basic drinking water services (% of population),SH.H2O.BASW.ZS,2018,83.7344677926836
Ghana,GHA,Access to electricity (% of population),EG.ELC.ACCS.ZS,2018,80.4
Ghana,GHA,Individuals using the Internet (% of population),IT.NET.USER.ZS,2018,43.0
Benin,BEN,GDP (current US$),NY.GDP.MKTP.CD,2018,14262408089.9261
Benin,BEN,GDP per capita (current US$),NY.GDP.PCAP.CD,2018,1151.7409703472
Benin,BEN,GDP growth (annual %),NY.GDP.MKTP.KD.ZG,2018,6.69725362180888
Benin,BEN,"Inflation, consumer prices (annual %)",FP.CPI.TOTL.ZG,2018,0.919170717886053
Benin,BEN,"Population, total",SP.POP.TOTL,2018,12383347.0
Benin,BEN,Urban population (% of total population),SP.URB.TOTL.IN.ZS,2018,47.9952829275963
Benin,BEN,Population growth (annual %),SP.POP.GROW,2018,2.8136418840483
Benin,BEN,Poverty headcount ratio at $3.00 a day (2021 PPP) (% of population),SI.POV.DDAY,2018,37.2
Benin,BEN,Gini index,SI.POV.GINI,2018,37.9
Benin,BEN,"School enrollment, primary (% gross)",SE.PRM.ENRR,2018,111.805068969727
Benin,BEN,"School enrollment, secondary (% gross)",SE.SEC.ENRR,2018,
Benin,BEN,"Literacy rate, adult total (% of people ages 15 and above)",SE.ADT.LITR.ZS,2018,
Benin,BEN,"Mortality rate, under-5 (per 1,000 live births)",SH.DYN.MORT,2018,89.4
Benin,BEN,"Life expectancy at birth, total (years)",SP.DYN.LE00.IN,2018,59.71
Benin,BEN,Current health expenditure (% of GDP),SH.XPD.CHEX.GD.ZS,2018,3.4364984
Benin,BEN,People using at least basic drinking water services (% of population),SH.H2O.BASW.ZS,2018,67.6494113960798
Benin,BEN,Access to electricity (% of population),EG.ELC.ACCS.ZS,2018,39.0
Benin,BEN,Individuals using the Internet (% of population),IT.NET.USER.ZS,2018,19.0
Burkina Faso,BFA,GDP (current US$),NY.GDP.MKTP.CD,2018,15890066221.2882
Burkina Faso,BFA,GDP per capita (current US$),NY.GDP.PCAP.CD,2018,777.465618514048
Burkina Faso,BFA,GDP growth (annual %),NY.GDP.MKTP.KD.ZG,2018,6.60456906812341
Burkina Faso,BFA,"Inflation, consumer prices (annual %)",FP.CPI.TOTL.ZG,2018,1.95594302672532
Burkina Faso,BFA,"Population, total",SP.POP.TOTL,2018,20438288.0
Burkina Faso,BFA,Urban population (% of total population),SP.URB.TOTL.IN.ZS,2018,26.0832202154822
Burkina Faso,BFA,Population growth (annual %),SP.POP.GROW,2018,2.69713675384815
Burkina Faso,BFA,Poverty headcount ratio at $3.00 a day (2021 PPP) (% of population),SI.POV.DDAY,2018,47.7
Burkina Faso,BFA,Gini index,SI.POV.GINI,2018,43.0
Burkina Faso,BFA,"School enrollment, primary (% gross)",SE.PRM.ENRR,2018,91.5019771306419
Burkina Faso,BFA,"School enrollment, secondary (% gross)",SE.SEC.ENRR,2018,39.6278467471779
Burkina Faso,BFA,"Literacy rate, adult total (% of people ages 15 and above)",SE.ADT.LITR.ZS,2018,39.3499984741211
Burkina Faso,BFA,"Mortality rate, under-5 (per 1,000 live births)",SH.DYN.MORT,2018,91.0
Burkina Faso,BFA,"Life expectancy at birth, total (years)",SP.DYN.LE00.IN,2018,59.972
Burkina Faso,BFA,Current health expenditure (% of GDP),SH.XPD.CHEX.GD.ZS,2018,4.94427681
Burkina Faso,BFA,People using at least basic drinking water services (% of population),SH.H2O.BASW.ZS,2018,51.0143648746902
Burkina Faso,BFA,Access to electricity (% of population),EG.ELC.ACCS.ZS,2018,14.4
Burkina Faso,BFA,Individuals using the Internet (% of population),IT.NET.USER.ZS,2018,8.498900414
Mali,MLI,GDP (current US$),NY.GDP.MKTP.CD,2018,20368015381.2413
Mali,MLI,GDP per capita (current US$),NY.GDP.PCAP.CD,2018,996.379292136901
Mali,MLI,GDP growth (annual %),NY.GDP.MKTP.KD.ZG,2018,4.86784999991505
Mali,MLI,"Inflation, consumer prices (annual %)",FP.CPI.TOTL.ZG,2018,0.299546507387843
Mali,MLI,"Population, total",SP.POP.TOTL,2018,20442030.0
Mali,MLI,Urban population (% of total population),SP.URB.TOTL.IN.ZS,2018,27.6999185916288
Mali,MLI,Population growth (annual %),SP.POP.GROW,2018,3.1254232369578
Mali,MLI,Poverty headcount ratio at $3.00 a day (2021 PPP) (% of population),SI.POV.DDAY,2018,29.4
Mali,MLI,Gini index,SI.POV.GINI,2018,36.0
Mali,MLI,"School enrollment, primary (% gross)",SE.PRM.ENRR,2018,70.3689604909815
Mali,MLI,"School enrollment, secondary (% gross)",SE.SEC.ENRR,2018,37.9832691019192
Mali,MLI,"Literacy rate, adult total (% of people ages 15 and above)",SE.ADT.LITR.ZS,2018,35.4700012207031
Mali,MLI,"Mortality rate, under-5 (per 1,000 live births)",SH.DYN.MORT,2018,96.2
Mali,MLI,"Life expectancy at birth, total (years)",SP.DYN.LE00.IN,2018,58.873
Mali,MLI,Current health expenditure (% of GDP),SH.XPD.CHEX.GD.ZS,2018,3.73251104
Mali,MLI,People using at least basic drinking water services (% of population),SH.H2O.BASW.ZS,2018,77.9248726503067
Mali,MLI,Access to electricity (% of population),EG.ELC.ACCS.ZS,2018,50.9
Mali,MLI,Individuals using the Internet (% of population),IT.NET.USER.ZS,2018,21.39999962
Mauritania,MRT,GDP (current US$),NY.GDP.MKTP.CD,2018,7473550557.07378
Mauritania,MRT,GDP per capita (current US$),NY.GDP.PCAP.CD,2018,1722.93528854073
Mauritania,MRT,GDP growth (annual %),NY.GDP.MKTP.KD.ZG,2018,4.77217365692621
Mauritania,MRT,"Inflation, consumer prices (annual %)",FP.CPI.TOTL.ZG,2018,3.06735996058356
Mauritania,MRT,"Population, total",SP.POP.TOTL,2018,4337685.0
Mauritania,MRT,Urban population (% of total population),SP.URB.TOTL.IN.ZS,2018,55.1305077000081
Mauritania,MRT,Population growth (annual %),SP.POP.GROW,2018,2.97356403059489
Mauritania,MRT,Poverty headcount ratio at $3.00 a day (2021 PPP) (% of population),SI.POV.DDAY,2018,
Mauritania,MRT,Gini index,SI.POV.GINI,2018,
Mauritania,MRT,"School enrollment, primary (% gross)",SE.PRM.ENRR,2018,90.2193039220816
Mauritania,MRT,"School enrollment, secondary (% gross)",SE.SEC.ENRR,2018,35.5293425627344
Mauritania,MRT,"Literacy rate, adult total (% of people ages 15 and above)",SE.ADT.LITR.ZS,2018,
Mauritania,MRT,"Mortality rate, under-5 (per 1,000 live births)",SH.DYN.MORT,2018,44.7
Mauritania,MRT,"Life expectancy at birth, total (years)",SP.DYN.LE00.IN,2018,67.419
Mauritania,MRT,Current health expenditure (% of GDP),SH.XPD.CHEX.GD.ZS,2018,2.88362551
Mauritania,MRT,People using at least basic drinking water services (% of population),SH.H2O.BASW.ZS,2018,68.6188207153195
Mauritania,MRT,Access to electricity (% of population),EG.ELC.ACCS.ZS,2018,43.6
Mauritania,MRT,Individuals using the Internet (% of population),IT.NET.USER.ZS,2018,22.96699905
Togo,TGO,GDP (current US$),NY.GDP.MKTP.CD,2018,7029215766.46367
Togo,TGO,GDP per capita (current US$),NY.GDP.PCAP.CD,2018,851.120561233595
Togo,TGO,GDP growth (annual %),NY.GDP.MKTP.KD.ZG,2018,4.79518333086139
Togo,TGO,"Inflation, consumer prices (annual %)",FP.CPI.TOTL.ZG,2018,0.927755426457183
Togo,TGO,"Population, total",SP.POP.TOTL,2018,8258778.0
Togo,TGO,Urban population (% of total population),SP.URB.TOTL.IN.ZS,2018,41.013328267781
Togo,TGO,Population growth (annual %),SP.POP.GROW,2018,2.47179798610782
Togo,TGO,Poverty headcount ratio at $3.00 a day (2021 PPP) (% of population),SI.POV.DDAY,2018,35.3
Togo,TGO,Gini index,SI.POV.GINI,2018,42.5
Togo,TGO,"School enrollment, primary (% gross)",SE.PRM.ENRR,2018,117.836324490464
Togo,TGO,"School enrollment, secondary (% gross)",SE.SEC.ENRR,2018,
Togo,TGO,"Literacy rate, adult total (% of people ages 15 and above)",SE.ADT.LITR.ZS,2018,
Togo,TGO,"Mortality rate, under-5 (per 1,000 live births)",SH.DYN.MORT,2018,68.1
Togo,TGO,"Life expectancy at birth, total (years)",SP.DYN.LE00.IN,2018,60.608
Togo,TGO,Current health expenditure (% of GDP),SH.XPD.CHEX.GD.ZS,2018,6.16073656
Togo,TGO,People using at least basic drinking water services (% of population),SH.H2O.BASW.ZS,2018,61.1106166110229
Togo,TGO,Access to electricity (% of population),EG.ELC.ACCS.ZS,2018,50.0
Togo,TGO,Individuals using the Internet (% of population),IT.NET.USER.ZS,2018,15.5
Guinea,GIN,GDP (current US$),NY.GDP.MKTP.CD,2018,11857030366.7891
Guinea,GIN,GDP per capita (current US$),NY.GDP.PCAP.CD,2018,933.273615633705
Guinea,GIN,GDP growth (annual %),NY.GDP.MKTP.KD.ZG,2018,6.35849192736715
Guinea,GIN,"Inflation, consumer prices (annual %)",FP.CPI.TOTL.ZG,2018,9.82761701259191
Guinea,GIN,"Population, total",SP.POP.TOTL,2018,12704774.0
Guinea,GIN,Urban population (% of total population),SP.URB.TOTL.IN.ZS,2018,35.8554382324219
Guinea,GIN,Population growth (annual %),SP.POP.GROW,2018,2.54385572881799
Guinea,GIN,Poverty headcount ratio at $3.00 a day (2021 PPP) (% of population),SI.POV.DDAY,2018,11.7
Guinea,GIN,Gini index,SI.POV.GINI,2018,29.6
Guinea,GIN,"School enrollment, primary (% gross)",SE.PRM.ENRR,2018,
Guinea,GIN,"School enrollment, secondary (% gross)",SE.SEC.ENRR,2018,
Guinea,GIN,"Literacy rate, adult total (% of people ages 15 and above)",SE.ADT.LITR.ZS,2018,39.6199989318848
Guinea,GIN,"Mortality rate, under-5 (per 1,000 live births)",SH.DYN.MORT,2018,107.5
Guinea,GIN,"Life expectancy at birth, total (years)",SP.DYN.LE00.IN,2018,59.043
Guinea,GIN,Current health expenditure (% of GDP),SH.XPD.CHEX.GD.ZS,2018,3.73843002
Guinea,GIN,People using at least basic drinking water services (% of population),SH.H2O.BASW.ZS,2018,66.8950995450723
Guinea,GIN,Access to electricity (% of population),EG.ELC.ACCS.ZS,2018,45.0
Guinea,GIN,Individuals using the Internet (% of population),IT.NET.USER.ZS,2018,21.8300230430563
"Gambia, The",GMB,GDP (current US$),NY.GDP.MKTP.CD,2018,1670671327.81651
"Gambia, The",GMB,GDP per capita (current US$),NY.GDP.PCAP.CD,2018,696.219806960615
"Gambia, The",GMB,GDP growth (annual %),NY.GDP.MKTP.KD.ZG,2018,7.23489033258579
"Gambia, The",GMB,"Inflation, consumer prices (annual %)",FP.CPI.TOTL.ZG,2018,6.52096823946573
"Gambia, The",GMB,"Population, total",SP.POP.TOTL,2018,2399632.0
"Gambia, The",GMB,Urban population (% of total population),SP.URB.TOTL.IN.ZS,2018,61.0645869348107
"Gambia, The",GMB,Population growth (annual %),SP.POP.GROW,2018,2.42294300881827
"Gambia, The",GMB,Poverty headcount ratio at $3.00 a day (2021 PPP) (% of population),SI.POV.DDAY,2018,
"Gambia, The",GMB,Gini index,SI.POV.GINI,2018,
"Gambia, The",GMB,"School enrollment, primary (% gross)",SE.PRM.ENRR,2018,91.4803276676529
"Gambia, The",GMB,"School enrollment, secondary (% gross)",SE.SEC.ENRR,2018,
"Gambia, The",GMB,"Literacy rate, adult total (% of people ages 15 and above)",SE.ADT.LITR.ZS,2018,53.1599998474121
"Gambia, The",GMB,"Mortality rate, under-5 (per 1,000 live births)",SH.DYN.MORT,2018,52.3
"Gambia, The",GMB,"Life expectancy at birth, total (years)",SP.DYN.LE00.IN,2018,64.034
"Gambia, The",GMB,Current health expenditure (% of GDP),SH.XPD.CHEX.GD.ZS,2018,3.18501234
"Gambia, The",GMB,People using at least basic drinking water services (% of population),SH.H2O.BASW.ZS,2018,83.8008881364874
"Gambia, The",GMB,Access to electricity (% of population),EG.ELC.ACCS.ZS,2018,60.3
"Gambia, The",GMB,Individuals using the Internet (% of population),IT.NET.USER.ZS,2018,28.30900002
Sierra Leone,SLE,GDP (current US$),NY.GDP.MKTP.CD,2018,6390514688.52816
Sierra Leone,SLE,GDP per capita (current US$),NY.GDP.PCAP.CD,2018,845.914540460932
Sierra Leone,SLE,GDP growth (annual %),NY.GDP.MKTP.KD.ZG,2018,2.8938564123677
Sierra Leone,SLE,"Inflation, consumer prices (annual %)",FP.CPI.TOTL.ZG,2018,16.0295447693699
Sierra Leone,SLE,"Population, total",SP.POP.TOTL,2018,7554563.0
Sierra Leone,SLE,Urban population (% of total population),SP.URB.TOTL.IN.ZS,2018,42.2011025267803
Sierra Leone,SLE,Population growth (annual %),SP.POP.GROW,2018,2.34731039123252
Sierra Leone,SLE,Poverty headcount ratio at $3.00 a day (2021 PPP) (% of population),SI.POV.DDAY,2018,41.5
Sierra Leone,SLE,Gini index,SI.POV.GINI,2018,35.7
Sierra Leone,SLE,"School enrollment, primary (% gross)",SE.PRM.ENRR,2018,114.58023823864
Sierra Leone,SLE,"School enrollment, secondary (% gross)",SE.SEC.ENRR,2018,43.119270324707
Sierra Leone,SLE,"Literacy rate, adult total (% of people ages 15 and above)",SE.ADT.LITR.ZS,2018,48.8143667728528
Sierra Leone,SLE,"Mortality rate, under-5 (per 1,000 live births)",SH.DYN.MORT,2018,112.4
Sierra Leone,SLE,"Life expectancy at birth, total (years)",SP.DYN.LE00.IN,2018,59.059
Sierra Leone,SLE,Current health expenditure (% of GDP),SH.XPD.CHEX.GD.ZS,2018,5.29927444
Sierra Leone,SLE,People using at least basic drinking water services (% of population),SH.H2O.BASW.ZS,2018,61.0747116605736
Sierra Leone,SLE,Access to electricity (% of population),EG.ELC.ACCS.ZS,2018,26.1
Sierra Leone,SLE,Individuals using the Internet (% of population),IT.NET.USER.ZS,2018,14.42230034
Liberia,LBR,GDP (current US$),NY.GDP.MKTP.CD,2018,3422754800.0
Liberia,LBR,GDP per capita (current US$),NY.GDP.PCAP.CD,2018,692.203127129794
Liberia,LBR,GDP growth (annual %),NY.GDP.MKTP.KD.ZG,2018,1.15757512207355
Liberia,LBR,"Inflation, consumer prices (annual %)",FP.CPI.TOTL.ZG,2018,23.5635148953742
Liberia,LBR,"Population, total",SP.POP.TOTL,2018,4944726.0
Liberia,LBR,Urban population (% of total population),SP.URB.TOTL.IN.ZS,2018,52.3245795497906
Liberia,LBR,Population growth (annual %),SP.POP.GROW,2018,1.95645231379837
Liberia,LBR,Poverty headcount ratio at $3.00 a day (2021 PPP) (% of population),SI.POV.DDAY,2018,
Liberia,LBR,Gini index,SI.POV.GINI,2018,
Liberia,LBR,"School enrollment, primary (% gross)",SE.PRM.ENRR,2018,
Liberia,LBR,"School enrollment, secondary (% gross)",SE.SEC.ENRR,2018,
Liberia,LBR,"Literacy rate, adult total (% of people ages 15 and above)",SE.ADT.LITR.ZS,2018,
Liberia,LBR,"Mortality rate, under-5 (per 1,000 live births)",SH.DYN.MORT,2018,89.4
Liberia,LBR,"Life expectancy at birth, total (years)",SP.DYN.LE00.IN,2018,60.999
Liberia,LBR,Current health expenditure (% of GDP),SH.XPD.CHEX.GD.ZS,2018,10.43527889
Liberia,LBR,People using at least basic drinking water services (% of population),SH.H2O.BASW.ZS,2018,74.8362128370245
Liberia,LBR,Access to electricity (% of population),EG.ELC.ACCS.ZS,2018,22.8
Liberia,LBR,Individuals using the Internet (% of population),IT.NET.USER.ZS,2018,17.27770042
Guinea-Bissau,GNB,GDP (current US$),NY.GDP.MKTP.CD,2018,1554133593.91699
Guinea-Bissau,GNB,GDP per capita (current US$),NY.GDP.PCAP.CD,2018,808.531613218504
Guinea-Bissau,GNB,GDP growth (annual %),NY.GDP.MKTP.KD.ZG,2018,3.76145359637003
Guinea-Bissau,GNB,"Inflation, consumer prices (annual %)",FP.CPI.TOTL.ZG,2018,0.381324702790992
Guinea-Bissau,GNB,"Population, total",SP.POP.TOTL,2018,1922168.0
Guinea-Bissau,GNB,Urban population (% of total population),SP.URB.TOTL.IN.ZS,2018,43.4449081420898
Guinea-Bissau,GNB,Population growth (annual %),SP.POP.GROW,2018,2.37405997248475
Guinea-Bissau,GNB,Poverty headcount ratio at $3.00 a day (2021 PPP) (% of population),SI.POV.DDAY,2018,37.1
Guinea-Bissau,GNB,Gini index,SI.POV.GINI,2018,34.8
Guinea-Bissau,GNB,"School enrollment, primary (% gross)",SE.PRM.ENRR,2018,
Guinea-Bissau,GNB,"School enrollment, secondary (% gross)",SE.SEC.ENRR,2018,
Guinea-Bissau,GNB,"Literacy rate, adult total (% of people ages 15 and above)",SE.ADT.LITR.ZS,2018,
Guinea-Bissau,GNB,"Mortality rate, under-5 (per 1,000 live births)",SH.DYN.MORT,2018,82.2
Guinea-Bissau,GNB,"Life expectancy at birth, total (years)",SP.DYN.LE00.IN,2018,61.652
Guinea-Bissau,GNB,Current health expenditure (% of GDP),SH.XPD.CHEX.GD.ZS,2018,7.28164959
Guinea-Bissau,GNB,People using at least basic drinking water services (% of population),SH.H2O.BASW.ZS,2018,61.0574978262041
Guinea-Bissau,GNB,Access to electricity (% of population),EG.ELC.ACCS.ZS,2018,28.4
Guinea-Bissau,GNB,Individuals using the Internet (% of population),IT.NET.USER.ZS,2018,15.69999981
Cabo Verde,CPV,GDP (current US$),NY.GDP.MKTP.CD,2018,2205099506.99994
Cabo Verde,CPV,GDP per capita (current US$),NY.GDP.PCAP.CD,2018,4294.96510035729
Cabo Verde,CPV,GDP growth (annual %),NY.GDP.MKTP.KD.ZG,2018,3.70696458310842
Cabo Verde,CPV,"Inflation, consumer prices (annual %)",FP.CPI.TOTL.ZG,2018,1.25615185860785
Cabo Verde,CPV,"Population, total",SP.POP.TOTL,2018,513415.0
Cabo Verde,CPV,Urban population (% of total population),SP.URB.TOTL.IN.ZS,2018,70.3970748844677
Cabo Verde,CPV,Population growth (annual %),SP.POP.GROW,2018,0.101723857752759
Cabo Verde,CPV,Poverty headcount ratio at $3.00 a day (2021 PPP) (% of population),SI.POV.DDAY,2018,
Cabo Verde,CPV,Gini index,SI.POV.GINI,2018,
Cabo Verde,CPV,"School enrollment, primary (% gross)",SE.PRM.ENRR,2018,105.84560911247
Cabo Verde,CPV,"School enrollment, secondary (% gross)",SE.SEC.ENRR,2018,94.8972015380859
Cabo Verde,CPV,"Literacy rate, adult total (% of people ages 15 and above)",SE.ADT.LITR.ZS,2018,
Cabo Verde,CPV,"Mortality rate, under-5 (per 1,000 live births)",SH.DYN.MORT,2018,15.1
Cabo Verde,CPV,"Life expectancy at birth, total (years)",SP.DYN.LE00.IN,2018,74.84
Cabo Verde,CPV,Current health expenditure (% of GDP),SH.XPD.CHEX.GD.ZS,2018,4.78548193
Cabo Verde,CPV,People using at least basic drinking water services (% of population),SH.H2O.BASW.ZS,2018,87.0755452684611
Cabo Verde,CPV,Access to electricity (% of population),EG.ELC.ACCS.ZS,2018,90.2
Cabo Verde,CPV,Individuals using the Internet (% of population),IT.NET.USER.ZS,2018,59.5
Niger,NER,GDP (current US$),NY.GDP.MKTP.CD,2019,12889555561.2299
Niger,NER,GDP per capita (current US$),NY.GDP.PCAP.CD,2019,561.691304349698
Niger,NER,GDP growth (annual %),NY.GDP.MKTP.KD.ZG,2019,5.93985257123522
Niger,NER,"Inflation, consumer prices (annual %)",FP.CPI.TOTL.ZG,2019,-2.48979265070855
Niger,NER,"Population, total",SP.POP.TOTL,2019,22947757.0
Niger,NER,Urban population (% of total population),SP.URB.TOTL.IN.ZS,2019,16.813146499685
Niger,NER,Population growth (annual %),SP.POP.GROW,2019,3.36654855482346
Niger,NER,Poverty headcount ratio at $3.00 a day (2021 PPP) (% of population),SI.POV.DDAY,2019,
Niger,NER,Gini index,SI.POV.GINI,2019,
Niger,NER,"School enrollment, primary (% gross)",SE.PRM.ENRR,2019,66.7727319163256
Niger,NER,"School enrollment, secondary (% gross)",SE.SEC.ENRR,2019,
Niger,NER,"Literacy rate, adult total (% of people ages 15 and above)",SE.ADT.LITR.ZS,2019,
Niger,NER,"Mortality rate, under-5 (per 1,000 live births)",SH.DYN.MORT,2019,120.8
Niger,NER,"Life expectancy at birth, total (years)",SP.DYN.LE00.IN,2019,60.031
Niger,NER,Current health expenditure (% of GDP),SH.XPD.CHEX.GD.ZS,2019,5.66642094
Niger,NER,People using at least basic drinking water services (% of population),SH.H2O.BASW.ZS,2019,50.045306277114
Niger,NER,Access to electricity (% of population),EG.ELC.ACCS.ZS,2019,18.5
Niger,NER,Individuals using the Internet (% of population),IT.NET.USER.ZS,2019,11.28549957
Nigeria,NGA,GDP (current US$),NY.GDP.MKTP.CD,2019,668219992691.462
Nigeria,NGA,GDP per capita (current US$),NY.GDP.PCAP.CD,2019,3189.81286498516
Nigeria,NGA,GDP growth (annual %),NY.GDP.MKTP.KD.ZG,2019,2.20842927714892
Nigeria,NGA,"Inflation, consumer prices (annual %)",FP.CPI.TOTL.ZG,2019,11.3964223378116
Nigeria,NGA,"Population, total",SP.POP.TOTL,2019,209485641.0
Nigeria,NGA,Urban population (% of total population),SP.URB.TOTL.IN.ZS,2019,58.9611186427056
Nigeria,NGA,Population growth (annual %),SP.POP.GROW,2019,2.1944019229433
Nigeria,NGA,Poverty headcount ratio at $3.00 a day (2021 PPP) (% of population),SI.POV.DDAY,2019,
Nigeria,NGA,Gini index,SI.POV.GINI,2019,
Nigeria,NGA,"School enrollment, primary (% gross)",SE.PRM.ENRR,2019,
Nigeria,NGA,"School enrollment, secondary (% gross)",SE.SEC.ENRR,2019,
Nigeria,NGA,"Literacy rate, adult total (% of people ages 15 and above)",SE.ADT.LITR.ZS,2019,
Nigeria,NGA,"Mortality rate, under-5 (per 1,000 live births)",SH.DYN.MORT,2019,117.4
Nigeria,NGA,"Life expectancy at birth, total (years)",SP.DYN.LE00.IN,2019,53.009
Nigeria,NGA,Current health expenditure (% of GDP),SH.XPD.CHEX.GD.ZS,2019,2.98547053
Nigeria,NGA,People using at least basic drinking water services (% of population),SH.H2O.BASW.ZS,2019,74.5993213952744
Nigeria,NGA,Access to electricity (% of population),EG.ELC.ACCS.ZS,2019,55.4
Nigeria,NGA,Individuals using the Internet (% of population),IT.NET.USER.ZS,2019,29.74410057
Senegal,SEN,GDP (current US$),NY.GDP.MKTP.CD,2019,23403995992.1354
Senegal,SEN,GDP per capita (current US$),NY.GDP.PCAP.CD,2019,1431.18128932159
Senegal,SEN,GDP growth (annual %),NY.GDP.MKTP.KD.ZG,2019,4.61362809749708
Senegal,SEN,"Inflation, consumer prices (annual %)",FP.CPI.TOTL.ZG,2019,1.76011151192939
Senegal,SEN,"Population, total",SP.POP.TOTL,2019,16352922.0
Senegal,SEN,Urban population (% of total population),SP.URB.TOTL.IN.ZS,2019,49.9443321273477
Senegal,SEN,Population growth (annual %),SP.POP.GROW,2019,2.71760793051867
Senegal,SEN,Poverty headcount ratio at $3.00 a day (2021 PPP) (% of population),SI.POV.DDAY,2019,
Senegal,SEN,Gini index,SI.POV.GINI,2019,
Senegal,SEN,"School enrollment, primary (% gross)",SE.PRM.ENRR,2019,83.2568728212779
Senegal,SEN,"School enrollment, secondary (% gross)",SE.SEC.ENRR,2019,44.4624552560012
Senegal,SEN,"Literacy rate, adult total (% of people ages 15 and above)",SE.ADT.LITR.ZS,2019,46.8300018310547
Senegal,SEN,"Mortality rate, under-5 (per 1,000 live births)",SH.DYN.MORT,2019,46.2
Senegal,SEN,"Life expectancy at birth, total (years)",SP.DYN.LE00.IN,2019,67.668
Senegal,SEN,Current health expenditure (% of GDP),SH.XPD.CHEX.GD.ZS,2019,4.49531031
Senegal,SEN,People using at least basic drinking water services (% of population),SH.H2O.BASW.ZS,2019,82.3288600505419
Senegal,SEN,Access to electricity (% of population),EG.ELC.ACCS.ZS,2019,70.4
Senegal,SEN,Individuals using the Internet (% of population),IT.NET.USER.ZS,2019,43.37969971
Cote d'Ivoire,CIV,GDP (current US$),NY.GDP.MKTP.CD,2019,60382894697.3557
Cote d'Ivoire,CIV,GDP per capita (current US$),NY.GDP.PCAP.CD,2019,2141.76836170115
Cote d'Ivoire,CIV,GDP growth (annual %),NY.GDP.MKTP.KD.ZG,2019,6.72137167584978
Cote d'Ivoire,CIV,"Inflation, consumer prices (annual %)",FP.CPI.TOTL.ZG,2019,0.79085551205366
Cote d'Ivoire,CIV,"Population, total",SP.POP.TOTL,2019,28193009.0
Cote d'Ivoire,CIV,Urban population (% of total population),SP.URB.TOTL.IN.ZS,2019,51.3514799771241
Cote d'Ivoire,CIV,Population growth (annual %),SP.POP.GROW,2019,2.61916841176218
Cote d'Ivoire,CIV,Poverty headcount ratio at $3.00 a day (2021 PPP) (% of population),SI.POV.DDAY,2019,
Cote d'Ivoire,CIV,Gini index,SI.POV.GINI,2019,
Cote d'Ivoire,CIV,"School enrollment, primary (% gross)",SE.PRM.ENRR,2019,88.4747670564693
Cote d'Ivoire,CIV,"School enrollment, secondary (% gross)",SE.SEC.ENRR,2019,53.791930617454
Cote d'Ivoire,CIV,"Literacy rate, adult total (% of people ages 15 and above)",SE.ADT.LITR.ZS,2019,56.9592400560829
Cote d'Ivoire,CIV,"Mortality rate, under-5 (per 1,000 live births)",SH.DYN.MORT,2019,75.3
Cote d'Ivoire,CIV,"Life expectancy at birth, total (years)",SP.DYN.LE00.IN,2019,60.274
Cote d'Ivoire,CIV,Current health expenditure (% of GDP),SH.XPD.CHEX.GD.ZS,2019,3.18916845
Cote d'Ivoire,CIV,People using at least basic drinking water services (% of population),SH.H2O.BASW.ZS,2019,75.6490184756229
Cote d'Ivoire,CIV,Access to electricity (% of population),EG.ELC.ACCS.ZS,2019,68.6
Cote d'Ivoire,CIV,Individuals using the Internet (% of population),IT.NET.USER.ZS,2019,36.2889545655205
Ghana,GHA,GDP (current US$),NY.GDP.MKTP.CD,2019,68352629246.1555
Ghana,GHA,GDP per capita (current US$),NY.GDP.PCAP.CD,2019,2186.65822682613
Ghana,GHA,GDP growth (annual %),NY.GDP.MKTP.KD.ZG,2019,6.5077747939152
Ghana,GHA,"Inflation, consumer prices (annual %)",FP.CPI.TOTL.ZG,2019,7.14364003330857
Ghana,GHA,"Population, total",SP.POP.TOTL,2019,31258945.0
Ghana,GHA,Urban population (% of total population),SP.URB.TOTL.IN.ZS,2019,55.7246279109161
Ghana,GHA,Population growth (annual %),SP.POP.GROW,2019,2.00780519953703
Ghana,GHA,Poverty headcount ratio at $3.00 a day (2021 PPP) (% of population),SI.POV.DDAY,2019,
Ghana,GHA,Gini index,SI.POV.GINI,2019,
Ghana,GHA,"School enrollment, primary (% gross)",SE.PRM.ENRR,2019,99.8750321985622
Ghana,GHA,"School enrollment, secondary (% gross)",SE.SEC.ENRR,2019,71.1877006008423
Ghana,GHA,"Literacy rate, adult total (% of people ages 15 and above)",SE.ADT.LITR.ZS,2019,
Ghana,GHA,"Mortality rate, under-5 (per 1,000 live births)",SH.DYN.MORT,2019,44.1
Ghana,GHA,"Life expectancy at birth, total (years)",SP.DYN.LE00.IN,2019,64.455
Ghana,GHA,Current health expenditure (% of GDP),SH.XPD.CHEX.GD.ZS,2019,3.25450468
Ghana,GHA,People using at least basic drinking water services (% of population),SH.H2O.BASW.ZS,2019,84.7696150287459
Ghana,GHA,Access to electricity (% of population),EG.ELC.ACCS.ZS,2019,83.5
Ghana,GHA,Individuals using the Internet (% of population),IT.NET.USER.ZS,2019,22.0732
Benin,BEN,GDP (current US$),NY.GDP.MKTP.CD,2019,14391686313.4641
Benin,BEN,GDP per capita (current US$),NY.GDP.PCAP.CD,2019,1130.82135339795
Benin,BEN,GDP growth (annual %),NY.GDP.MKTP.KD.ZG,2019,6.86568662848335
Benin,BEN,"Inflation, consumer prices (annual %)",FP.CPI.TOTL.ZG,2019,0.732849371241066
Benin,BEN,"Population, total",SP.POP.TOTL,2019,12726755.0
Benin,BEN,Urban population (% of total population),SP.URB.TOTL.IN.ZS,2019,48.7125500590248
Benin,BEN,Population growth (annual %),SP.POP.GROW,2019,2.73538842831436
Benin,BEN,Poverty headcount ratio at $3.00 a day (2021 PPP) (% of population),SI.POV.DDAY,2019,
Benin,BEN,Gini index,SI.POV.GINI,2019,
Benin,BEN,"School enrollment, primary (% gross)",SE.PRM.ENRR,2019,106.798400878906
Benin,BEN,"School enrollment, secondary (% gross)",SE.SEC.ENRR,2019,
Benin,BEN,"Literacy rate, adult total (% of people ages 15 and above)",SE.ADT.LITR.ZS,2019,49.0
Benin,BEN,"Mortality rate, under-5 (per 1,000 live births)",SH.DYN.MORT,2019,87.0
Benin,BEN,"Life expectancy at birth, total (years)",SP.DYN.LE00.IN,2019,59.888
Benin,BEN,Current health expenditure (% of GDP),SH.XPD.CHEX.GD.ZS,2019,3.00206876
Benin,BEN,People using at least basic drinking water services (% of population),SH.H2O.BASW.ZS,2019,67.9832516982572
Benin,BEN,Access to electricity (% of population),EG.ELC.ACCS.ZS,2019,40.0
Benin,BEN,Individuals using the Internet (% of population),IT.NET.USER.ZS,2019,20.50099945
Burkina Faso,BFA,GDP (current US$),NY.GDP.MKTP.CD,2019,16032813503.3707
Burkina Faso,BFA,GDP per capita (current US$),NY.GDP.PCAP.CD,2019,764.853077774946
Burkina Faso,BFA,GDP growth (annual %),NY.GDP.MKTP.KD.ZG,2019,5.88920497068135
Burkina Faso,BFA,"Inflation, consumer prices (annual %)",FP.CPI.TOTL.ZG,2019,-3.23338933983321
Burkina Faso,BFA,"Population, total",SP.POP.TOTL,2019,20961952.0
Burkina Faso,BFA,Urban population (% of total population),SP.URB.TOTL.IN.ZS,2019,26.1187254401157
Burkina Faso,BFA,Population growth (annual %),SP.POP.GROW,2019,2.52989803984158
Burkina Faso,BFA,Poverty headcount ratio at $3.00 a day (2021 PPP) (% of population),SI.POV.DDAY,2019,
Burkina Faso,BFA,Gini index,SI.POV.GINI,2019,
Burkina Faso,BFA,"School enrollment, primary (% gross)",SE.PRM.ENRR,2019,89.7861564043823
Burkina Faso,BFA,"School enrollment, secondary (% gross)",SE.SEC.ENRR,2019,40.0770460332282
Burkina Faso,BFA,"Literacy rate, adult total (% of people ages 15 and above)",SE.ADT.LITR.ZS,2019,29.6599998474121
Burkina Faso,BFA,"Mortality rate, under-5 (per 1,000 live births)",SH.DYN.MORT,2019,88.1
Burkina Faso,BFA,"Life expectancy at birth, total (years)",SP.DYN.LE00.IN,2019,60.184
Burkina Faso,BFA,Current health expenditure (% of GDP),SH.XPD.CHEX.GD.ZS,2019,5.35001135
Burkina Faso,BFA,People using at least basic drinking water services (% of population),SH.H2O.BASW.ZS,2019,50.6996167671279
Burkina Faso,BFA,Access to electricity (% of population),EG.ELC.ACCS.ZS,2019,17.6
Burkina Faso,BFA,Individuals using the Internet (% of population),IT.NET.USER.ZS,2019,9.27180600953186
Mali,MLI,GDP (current US$),NY.GDP.MKTP.CD,2019,20477421884.5414
Mali,MLI,GDP per capita (current US$),NY.GDP.PCAP.CD,2019,971.949318638092
Mali,MLI,GDP growth (annual %),NY.GDP.MKTP.KD.ZG,2019,4.99999911608818
Mali,MLI,"Inflation, consumer prices (annual %)",FP.CPI.TOTL.ZG,2019,-1.65826694846365
Mali,MLI,"Population, total",SP.POP.TOTL,2019,21068405.0
Mali,MLI,Urban population (% of total population),SP.URB.TOTL.IN.ZS,2019,28.3520715749509
Mali,MLI,Population growth (annual %),SP.POP.GROW,2019,3.01814494306617
Mali,MLI,Poverty headcount ratio at $3.00 a day (2021 PPP) (% of population),SI.POV.DDAY,2019,
Mali,MLI,Gini index,SI.POV.GINI,2019,
Mali,MLI,"School enrollment, primary (% gross)",SE.PRM.ENRR,2019,
Mali,MLI,"School enrollment, secondary (% gross)",SE.SEC.ENRR,2019,
Mali,MLI,"Literacy rate, adult total (% of people ages 15 and above)",SE.ADT.LITR.ZS,2019,
Mali,MLI,"Mortality rate, under-5 (per 1,000 live births)",SH.DYN.MORT,2019,91.9
Mali,MLI,"Life expectancy at birth, total (years)",SP.DYN.LE00.IN,2019,59.217
Mali,MLI,Current health expenditure (% of GDP),SH.XPD.CHEX.GD.ZS,2019,3.82943797
Mali,MLI,People using at least basic drinking water services (% of population),SH.H2O.BASW.ZS,2019,79.3875776496975
Mali,MLI,Access to electricity (% of population),EG.ELC.ACCS.ZS,2019,47.9
Mali,MLI,Individuals using the Internet (% of population),IT.NET.USER.ZS,2019,24.96030045
Mauritania,MRT,GDP (current US$),NY.GDP.MKTP.CD,2019,7894764885.82312
Mauritania,MRT,GDP per capita (current US$),NY.GDP.PCAP.CD,2019,1767.072710621
Mauritania,MRT,GDP growth (annual %),NY.GDP.MKTP.KD.ZG,2019,3.14100489306969
Mauritania,MRT,"Inflation, consumer prices (annual %)",FP.CPI.TOTL.ZG,2019,2.30009262117937
Mauritania,MRT,"Population, total",SP.POP.TOTL,2019,4467708.0
Mauritania,MRT,Urban population (% of total population),SP.URB.TOTL.IN.ZS,2019,56.0596215779146
Mauritania,MRT,Population growth (annual %),SP.POP.GROW,2019,2.95347297852629
Mauritania,MRT,Poverty headcount ratio at $3.00 a day (2021 PPP) (% of population),SI.POV.DDAY,2019,10.2
Mauritania,MRT,Gini index,SI.POV.GINI,2019,32.0
Mauritania,MRT,"School enrollment, primary (% gross)",SE.PRM.ENRR,2019,90.2671941351334
Mauritania,MRT,"School enrollment, secondary (% gross)",SE.SEC.ENRR,2019,37.5793709898761
Mauritania,MRT,"Literacy rate, adult total (% of people ages 15 and above)",SE.ADT.LITR.ZS,2019,
Mauritania,MRT,"Mortality rate, under-5 (per 1,000 live births)",SH.DYN.MORT,2019,43.4
Mauritania,MRT,"Life expectancy at birth, total (years)",SP.DYN.LE00.IN,2019,67.64
Mauritania,MRT,Current health expenditure (% of GDP),SH.XPD.CHEX.GD.ZS,2019,3.09176588
Mauritania,MRT,People using at least basic drinking water services (% of population),SH.H2O.BASW.ZS,2019,70.1831740304399
Mauritania,MRT,Access to electricity (% of population),EG.ELC.ACCS.ZS,2019,44.9
Mauritania,MRT,Individuals using the Internet (% of population),IT.NET.USER.ZS,2019,25.0977993
Togo,TGO,GDP (current US$),NY.GDP.MKTP.CD,2019,6992654019.28876
Togo,TGO,GDP per capita (current US$),NY.GDP.PCAP.CD,2019,826.255209019798
Togo,TGO,GDP growth (annual %),NY.GDP.MKTP.KD.ZG,2019,4.92283321360694
Togo,TGO,"Inflation, consumer prices (annual %)",FP.CPI.TOTL.ZG,2019,0.674652770077525
Togo,TGO,"Population, total",SP.POP.TOTL,2019,8463068.0
Togo,TGO,Urban population (% of total population),SP.URB.TOTL.IN.ZS,2019,41.445731197295
Togo,TGO,Population growth (annual %),SP.POP.GROW,2019,2.44351209316794
Togo,TGO,Poverty headcount ratio at $3.00 a day (2021 PPP) (% of population),SI.POV.DDAY,2019,
Togo,TGO,Gini index,SI.POV.GINI,2019,
Togo,TGO,"School enrollment, primary (% gross)",SE.PRM.ENRR,2019,117.747746676497
Togo,TGO,"School enrollment, secondary (% gross)",SE.SEC.ENRR,2019,
Togo,TGO,"Literacy rate, adult total (% of people ages 15 and above)",SE.ADT.LITR.ZS,2019,66.5400009155273
Togo,TGO,"Mortality rate, under-5 (per 1,000 live births)",SH.DYN.MORT,2019,66.0
Togo,TGO,"Life expectancy at birth, total (years)",SP.DYN.LE00.IN,2019,61.061
Togo,TGO,Current health expenditure (% of GDP),SH.XPD.CHEX.GD.ZS,2019,5.91268635
Togo,TGO,People using at least basic drinking water services (% of population),SH.H2O.BASW.ZS,2019,61.5763879815796
Togo,TGO,Access to electricity (% of population),EG.ELC.ACCS.ZS,2019,52.5
Togo,TGO,Individuals using the Internet (% of population),IT.NET.USER.ZS,2019,20.72730064
Guinea,GIN,GDP (current US$),NY.GDP.MKTP.CD,2019,13442861496.4454
Guinea,GIN,GDP per capita (current US$),NY.GDP.PCAP.CD,2019,1031.34146480732
Guinea,GIN,GDP growth (annual %),NY.GDP.MKTP.KD.ZG,2019,5.61691446889876
Guinea,GIN,"Inflation, consumer prices (annual %)",FP.CPI.TOTL.ZG,2019,9.47001039253012
Guinea,GIN,"Population, total",SP.POP.TOTL,2019,13034346.0
Guinea,GIN,Urban population (% of total population),SP.URB.TOTL.IN.ZS,2019,36.1281547546387
Guinea,GIN,Population growth (annual %),SP.POP.GROW,2019,2.56100451729991
Guinea,GIN,Poverty headcount ratio at $3.00 a day (2021 PPP) (% of population),SI.POV.DDAY,2019,
Guinea,GIN,Gini index,SI.POV.GINI,2019,
Guinea,GIN,"School enrollment, primary (% gross)",SE.PRM.ENRR,2019,
Guinea,GIN,"School enrollment, secondary (% gross)",SE.SEC.ENRR,2019,
Guinea,GIN,"Literacy rate, adult total (% of people ages 15 and above)",SE.ADT.LITR.ZS,2019,
Guinea,GIN,"Mortality rate, under-5 (per 1,000 live births)",SH.DYN.MORT,2019,105.4
Guinea,GIN,"Life expectancy at birth, total (years)",SP.DYN.LE00.IN,2019,59.379
Guinea,GIN,Current health expenditure (% of GDP),SH.XPD.CHEX.GD.ZS,2019,4.08876228
Guinea,GIN,People using at least basic drinking water services (% of population),SH.H2O.BASW.ZS,2019,68.1651301407792
Guinea,GIN,Access to electricity (% of population),EG.ELC.ACCS.ZS,2019,42.2
Guinea,GIN,Individuals using the Internet (% of population),IT.NET.USER.ZS,2019,23.89049911
"Gambia, The",GMB,GDP (current US$),NY.GDP.MKTP.CD,2019,1813609692.49994
"Gambia, The",GMB,GDP per capita (current US$),NY.GDP.PCAP.CD,2019,738.186751987483
"Gambia, The",GMB,GDP growth (annual %),NY.GDP.MKTP.KD.ZG,2019,6.22205315994859
"Gambia, The",GMB,"Inflation, consumer prices (annual %)",FP.CPI.TOTL.ZG,2019,7.11567625631192
"Gambia, The",GMB,"Population, total",SP.POP.TOTL,2019,2456844.0
"Gambia, The",GMB,Urban population (% of total population),SP.URB.TOTL.IN.ZS,2019,61.643210849607
"Gambia, The",GMB,Population growth (annual %),SP.POP.GROW,2019,2.35622071960344
"Gambia, The",GMB,Poverty headcount ratio at $3.00 a day (2021 PPP) (% of population),SI.POV.DDAY,2019,
"Gambia, The",GMB,Gini index,SI.POV.GINI,2019,
"Gambia, The",GMB,"School enrollment, primary (% gross)",SE.PRM.ENRR,2019,95.0965771907399
"Gambia, The",GMB,"School enrollment, secondary (% gross)",SE.SEC.ENRR,2019,
"Gambia, The",GMB,"Literacy rate, adult total (% of people ages 15 and above)",SE.ADT.LITR.ZS,2019,
"Gambia, The",GMB,"Mortality rate, under-5 (per 1,000 live births)",SH.DYN.MORT,2019,50.4
"Gambia, The",GMB,"Life expectancy at birth, total (years)",SP.DYN.LE00.IN,2019,64.427
"Gambia, The",GMB,Current health expenditure (% of GDP),SH.XPD.CHEX.GD.ZS,2019,3.14534926
"Gambia, The",GMB,People using at least basic drinking water services (% of population),SH.H2O.BASW.ZS,2019,84.4361946965619
"Gambia, The",GMB,Access to electricity (% of population),EG.ELC.ACCS.ZS,2019,62.1
"Gambia, The",GMB,Individuals using the Internet (% of population),IT.NET.USER.ZS,2019,31.11829948
Sierra Leone,SLE,GDP (current US$),NY.GDP.MKTP.CD,2019,6523577594.29408
Sierra Leone,SLE,GDP per capita (current US$),NY.GDP.PCAP.CD,2019,843.712517809977
Sierra Leone,SLE,GDP growth (annual %),NY.GDP.MKTP.KD.ZG,2019,5.50270937378153
Sierra Leone,SLE,"Inflation, consumer prices (annual %)",FP.CPI.TOTL.ZG,2019,14.8049990906021
Sierra Leone,SLE,"Population, total",SP.POP.TOTL,2019,7731991.0
Sierra Leone,SLE,Urban population (% of total population),SP.URB.TOTL.IN.ZS,2019,42.7018444914441
Sierra Leone,SLE,Population growth (annual %),SP.POP.GROW,2019,2.32146457882717
Sierra Leone,SLE,Poverty headcount ratio at $3.00 a day (2021 PPP) (% of population),SI.POV.DDAY,2019,
Sierra Leone,SLE,Gini index,SI.POV.GINI,2019,
Sierra Leone,SLE,"School enrollment, primary (% gross)",SE.PRM.ENRR,2019,145.617495471991
Sierra Leone,SLE,"School enrollment, secondary (% gross)",SE.SEC.ENRR,2019,61.1980781555176
Sierra Leone,SLE,"Literacy rate, adult total (% of people ages 15 and above)",SE.ADT.LITR.ZS,2019,43.5800018310547
Sierra Leone,SLE,"Mortality rate, under-5 (per 1,000 live births)",SH.DYN.MORT,2019,108.3
Sierra Leone,SLE,"Life expectancy at birth, total (years)",SP.DYN.LE00.IN,2019,59.593
Sierra Leone,SLE,Current health expenditure (% of GDP),SH.XPD.CHEX.GD.ZS,2019,5.7052846
Sierra Leone,SLE,People using at least basic drinking water services (% of population),SH.H2O.BASW.ZS,2019,62.2435949536526
Sierra Leone,SLE,Access to electricity (% of population),EG.ELC.ACCS.ZS,2019,22.7
Sierra Leone,SLE,Individuals using the Internet (% of population),IT.NET.USER.ZS,2019,15.71370029
Liberia,LBR,GDP (current US$),NY.GDP.MKTP.CD,2019,3319596500.0
Liberia,LBR,GDP per capita (current US$),NY.GDP.PCAP.CD,2019,658.164180770507
Liberia,LBR,GDP growth (annual %),NY.GDP.MKTP.KD.ZG,2019,-2.46729763532686
Liberia,LBR,"Inflation, consumer prices (annual %)",FP.CPI.TOTL.ZG,2019,26.9662760197878
Liberia,LBR,"Population, total",SP.POP.TOTL,2019,5043721.0
Liberia,LBR,Urban population (% of total population),SP.URB.TOTL.IN.ZS,2019,52.85526226447
Liberia,LBR,Population growth (annual %),SP.POP.GROW,2019,1.98225492944197
Liberia,LBR,Poverty headcount ratio at $3.00 a day (2021 PPP) (% of population),SI.POV.DDAY,2019,
Liberia,LBR,Gini index,SI.POV.GINI,2019,
Liberia,LBR,"School enrollment, primary (% gross)",SE.PRM.ENRR,2019,
Liberia,LBR,"School enrollment, secondary (% gross)",SE.SEC.ENRR,2019,
Liberia,LBR,"Literacy rate, adult total (% of people ages 15 and above)",SE.ADT.LITR.ZS,2019,
Liberia,LBR,"Mortality rate, under-5 (per 1,000 live births)",SH.DYN.MORT,2019,88.7
Liberia,LBR,"Life expectancy at birth, total (years)",SP.DYN.LE00.IN,2019,61.232
Liberia,LBR,Current health expenditure (% of GDP),SH.XPD.CHEX.GD.ZS,2019,8.38325977
Liberia,LBR,People using at least basic drinking water services (% of population),SH.H2O.BASW.ZS,2019,75.5183258975949
Liberia,LBR,Access to electricity (% of population),EG.ELC.ACCS.ZS,2019,23.1
Liberia,LBR,Individuals using the Internet (% of population),IT.NET.USER.ZS,2019,19.89579964
Guinea-Bissau,GNB,GDP (current US$),NY.GDP.MKTP.CD,2019,1596227316.34846
Guinea-Bissau,GNB,GDP per capita (current US$),NY.GDP.PCAP.CD,2019,811.216425885129
Guinea-Bissau,GNB,GDP growth (annual %),NY.GDP.MKTP.KD.ZG,2019,5.32749571119344
Guinea-Bissau,GNB,"Inflation, consumer prices (annual %)",FP.CPI.TOTL.ZG,2019,0.24660026814783
Guinea-Bissau,GNB,"Population, total",SP.POP.TOTL,2019,1967696.0
Guinea-Bissau,GNB,Urban population (% of total population),SP.URB.TOTL.IN.ZS,2019,43.8745574951172
Guinea-Bissau,GNB,Population growth (annual %),SP.POP.GROW,2019,2.34095994762157
Guinea-Bissau,GNB,Poverty headcount ratio at $3.00 a day (2021 PPP) (% of population),SI.POV.DDAY,2019,
Guinea-Bissau,GNB,Gini index,SI.POV.GINI,2019,
Guinea-Bissau,GNB,"School enrollment, primary (% gross)",SE.PRM.ENRR,2019,
Guinea-Bissau,GNB,"School enrollment, secondary (% gross)",SE.SEC.ENRR,2019,
Guinea-Bissau,GNB,"Literacy rate, adult total (% of people ages 15 and above)",SE.ADT.LITR.ZS,2019,54.8800010681152
Guinea-Bissau,GNB,"Mortality rate, under-5 (per 1,000 live births)",SH.DYN.MORT,2019,79.5
Guinea-Bissau,GNB,"Life expectancy at birth, total (years)",SP.DYN.LE00.IN,2019,62.161
Guinea-Bissau,GNB,Current health expenditure (% of GDP),SH.XPD.CHEX.GD.ZS,2019,7.14602089
Guinea-Bissau,GNB,People using at least basic drinking water services (% of population),SH.H2O.BASW.ZS,2019,61.2378280860905
Guinea-Bissau,GNB,Access to electricity (% of population),EG.ELC.ACCS.ZS,2019,30.9
Guinea-Bissau,GNB,Individuals using the Internet (% of population),IT.NET.USER.ZS,2019,17.92149925
Cabo Verde,CPV,GDP (current US$),NY.GDP.MKTP.CD,2019,2252177124.32402
Cabo Verde,CPV,GDP per capita (current US$),NY.GDP.PCAP.CD,2019,4380.78117331128
Cabo Verde,CPV,GDP growth (annual %),NY.GDP.MKTP.KD.ZG,2019,6.94782634051859
Cabo Verde,CPV,"Inflation, consumer prices (annual %)",FP.CPI.TOTL.ZG,2019,1.10750930553819
Cabo Verde,CPV,"Population, total",SP.POP.TOTL,2019,514104.0
Cabo Verde,CPV,Urban population (% of total population),SP.URB.TOTL.IN.ZS,2019,71.6254285086577
Cabo Verde,CPV,Population growth (annual %),SP.POP.GROW,2019,0.134109462358547
Cabo Verde,CPV,Poverty headcount ratio at $3.00 a day (2021 PPP) (% of population),SI.POV.DDAY,2019,
Cabo Verde,CPV,Gini index,SI.POV.GINI,2019,
Cabo Verde,CPV,"School enrollment, primary (% gross)",SE.PRM.ENRR,2019,105.208665983159
Cabo Verde,CPV,"School enrollment, secondary (% gross)",SE.SEC.ENRR,2019,95.2902285572104
Cabo Verde,CPV,"Literacy rate, adult total (% of people ages 15 and above)",SE.ADT.LITR.ZS,2019,
Cabo Verde,CPV,"Mortality rate, under-5 (per 1,000 live births)",SH.DYN.MORT,2019,14.1
Cabo Verde,CPV,"Life expectancy at birth, total (years)",SP.DYN.LE00.IN,2019,75.449
Cabo Verde,CPV,Current health expenditure (% of GDP),SH.XPD.CHEX.GD.ZS,2019,4.82431316
Cabo Verde,CPV,People using at least basic drinking water services (% of population),SH.H2O.BASW.ZS,2019,87.808568861158
Cabo Verde,CPV,Access to electricity (% of population),EG.ELC.ACCS.ZS,2019,91.4
Cabo Verde,CPV,Individuals using the Internet (% of population),IT.NET.USER.ZS,2019,61.9433977593088
Niger,NER,GDP (current US$),NY.GDP.MKTP.CD,2020,13744653103.058
Niger,NER,GDP per capita (current US$),NY.GDP.PCAP.CD,2020,579.512495758236
Niger,NER,GDP growth (annual %),NY.GDP.MKTP.KD.ZG,2020,3.55064109436891
Niger,NER,"Inflation, consumer prices (annual %)",FP.CPI.TOTL.ZG,2020,2.8981937602627
Niger,NER,"Population, total",SP.POP.TOTL,2020,23717613.0
Niger,NER,Urban population (% of total population),SP.URB.TOTL.IN.ZS,2020,17.0081420003794
Niger,NER,Population growth (annual %),SP.POP.GROW,2020,3.29977391625444
Niger,NER,Poverty headcount ratio at $3.00 a day (2021 PPP) (% of population),SI.POV.DDAY,2020,
Niger,NER,Gini index,SI.POV.GINI,2020,
Niger,NER,"School enrollment, primary (% gross)",SE.PRM.ENRR,2020,
Niger,NER,"School enrollment, secondary (% gross)",SE.SEC.ENRR,2020,
Niger,NER,"Literacy rate, adult total (% of people ages 15 and above)",SE.ADT.LITR.ZS,2020,
Niger,NER,"Mortality rate, under-5 (per 1,000 live births)",SH.DYN.MORT,2020,119.5
Niger,NER,"Life expectancy at birth, total (years)",SP.DYN.LE00.IN,2020,59.89
Niger,NER,Current health expenditure (% of GDP),SH.XPD.CHEX.GD.ZS,2020,6.17012262
Niger,NER,People using at least basic drinking water services (% of population),SH.H2O.BASW.ZS,2020,50.7254664539795
Niger,NER,Access to electricity (% of population),EG.ELC.ACCS.ZS,2020,18.7
Niger,NER,Individuals using the Internet (% of population),IT.NET.USER.ZS,2020,11.85680008
Nigeria,NGA,GDP (current US$),NY.GDP.MKTP.CD,2020,598586817819.073
Nigeria,NGA,GDP per capita (current US$),NY.GDP.PCAP.CD,2020,2797.18458068686
Nigeria,NGA,GDP growth (annual %),NY.GDP.MKTP.KD.ZG,2020,-6.36889840510109
Nigeria,NGA,"Inflation, consumer prices (annual %)",FP.CPI.TOTL.ZG,2020,13.2460234276597
Nigeria,NGA,"Population, total",SP.POP.TOTL,2020,213996181.0
Nigeria,NGA,Urban population (% of total population),SP.URB.TOTL.IN.ZS,2020,59.7659654848781
Nigeria,NGA,Population growth (annual %),SP.POP.GROW,2020,2.13029714344341
Nigeria,NGA,Poverty headcount ratio at $3.00 a day (2021 PPP) (% of population),SI.POV.DDAY,2020,
Nigeria,NGA,Gini index,SI.POV.GINI,2020,
Nigeria,NGA,"School enrollment, primary (% gross)",SE.PRM.ENRR,2020,84.371583976485
Nigeria,NGA,"School enrollment, secondary (% gross)",SE.SEC.ENRR,2020,44.1220893859863
Nigeria,NGA,"Literacy rate, adult total (% of people ages 15 and above)",SE.ADT.LITR.ZS,2020,
Nigeria,NGA,"Mortality rate, under-5 (per 1,000 live births)",SH.DYN.MORT,2020,117.4
Nigeria,NGA,"Life expectancy at birth, total (years)",SP.DYN.LE00.IN,2020,53.072
Nigeria,NGA,Current health expenditure (% of GDP),SH.XPD.CHEX.GD.ZS,2020,3.38063431
Nigeria,NGA,People using at least basic drinking water services (% of population),SH.H2O.BASW.ZS,2020,76.2190366017765
Nigeria,NGA,Access to electricity (% of population),EG.ELC.ACCS.ZS,2020,55.4
Nigeria,NGA,Individuals using the Internet (% of population),IT.NET.USER.ZS,2020,31.88879967
Senegal,SEN,GDP (current US$),NY.GDP.MKTP.CD,2020,24530513037.7518
Senegal,SEN,GDP per capita (current US$),NY.GDP.PCAP.CD,2020,1461.08720350553
Senegal,SEN,GDP growth (annual %),NY.GDP.MKTP.KD.ZG,2020,1.3420737726679
Senegal,SEN,"Inflation, consumer prices (annual %)",FP.CPI.TOTL.ZG,2020,2.54314685681662
Senegal,SEN,"Population, total",SP.POP.TOTL,2020,16789219.0
Senegal,SEN,Urban population (% of total population),SP.URB.TOTL.IN.ZS,2020,51.0562950093282
Senegal,SEN,Population growth (annual %),SP.POP.GROW,2020,2.63303572524896
Senegal,SEN,Poverty headcount ratio at $3.00 a day (2021 PPP) (% of population),SI.POV.DDAY,2020,
Senegal,SEN,Gini index,SI.POV.GINI,2020,
Senegal,SEN,"School enrollment, primary (% gross)",SE.PRM.ENRR,2020,84.9031291477371
Senegal,SEN,"School enrollment, secondary (% gross)",SE.SEC.ENRR,2020,44.7866297761573
Senegal,SEN,"Literacy rate, adult total (% of people ages 15 and above)",SE.ADT.LITR.ZS,2020,
Senegal,SEN,"Mortality rate, under-5 (per 1,000 live births)",SH.DYN.MORT,2020,44.2
Senegal,SEN,"Life expectancy at birth, total (years)",SP.DYN.LE00.IN,2020,67.496
Senegal,SEN,Current health expenditure (% of GDP),SH.XPD.CHEX.GD.ZS,2020,5.15119171
Senegal,SEN,People using at least basic drinking water services (% of population),SH.H2O.BASW.ZS,2020,83.4855735664121
Senegal,SEN,Access to electricity (% of population),EG.ELC.ACCS.ZS,2020,64.3
Senegal,SEN,Individuals using the Internet (% of population),IT.NET.USER.ZS,2020,53.30879974
Cote d'Ivoire,CIV,GDP (current US$),NY.GDP.MKTP.CD,2020,63027852805.4204
Cote d'Ivoire,CIV,GDP per capita (current US$),NY.GDP.PCAP.CD,2020,2179.72934832935
Cote d'Ivoire,CIV,GDP growth (annual %),NY.GDP.MKTP.KD.ZG,2020,0.699728593494228
Cote d'Ivoire,CIV,"Inflation, consumer prices (annual %)",FP.CPI.TOTL.ZG,2020,2.41252617189052
Cote d'Ivoire,CIV,"Population, total",SP.POP.TOTL,2020,28915449.0
Cote d'Ivoire,CIV,Urban population (% of total population),SP.URB.TOTL.IN.ZS,2020,51.8357660823651
Cote d'Ivoire,CIV,Population growth (annual %),SP.POP.GROW,2020,2.53019803537112
Cote d'Ivoire,CIV,Poverty headcount ratio at $3.00 a day (2021 PPP) (% of population),SI.POV.DDAY,2020,
Cote d'Ivoire,CIV,Gini index,SI.POV.GINI,2020,
Cote d'Ivoire,CIV,"School enrollment, primary (% gross)",SE.PRM.ENRR,2020,88.6266598469541
Cote d'Ivoire,CIV,"School enrollment, secondary (% gross)",SE.SEC.ENRR,2020,55.4380323721262
Cote d'Ivoire,CIV,"Literacy rate, adult total (% of people ages 15 and above)",SE.ADT.LITR.ZS,2020,
Cote d'Ivoire,CIV,"Mortality rate, under-5 (per 1,000 live births)",SH.DYN.MORT,2020,73.0
Cote d'Ivoire,CIV,"Life expectancy at birth, total (years)",SP.DYN.LE00.IN,2020,60.14
Cote d'Ivoire,CIV,Current health expenditure (% of GDP),SH.XPD.CHEX.GD.ZS,2020,3.62327886
Cote d'Ivoire,CIV,People using at least basic drinking water services (% of population),SH.H2O.BASW.ZS,2020,75.9870680852305
Cote d'Ivoire,CIV,Access to electricity (% of population),EG.ELC.ACCS.ZS,2020,69.9
Cote d'Ivoire,CIV,Individuals using the Internet (% of population),IT.NET.USER.ZS,2020,36.01660156
Ghana,GHA,GDP (current US$),NY.GDP.MKTP.CD,2020,70008243859.8666
Ghana,GHA,GDP per capita (current US$),NY.GDP.PCAP.CD,2020,2195.45481659987
Ghana,GHA,GDP growth (annual %),NY.GDP.MKTP.KD.ZG,2020,0.513941670628171
Ghana,GHA,"Inflation, consumer prices (annual %)",FP.CPI.TOTL.ZG,2020,9.88728956269944
Ghana,GHA,"Population, total",SP.POP.TOTL,2020,31887809.0
Ghana,GHA,Urban population (% of total population),SP.URB.TOTL.IN.ZS,2020,56.2171613974837
Ghana,GHA,Population growth (annual %),SP.POP.GROW,2020,1.99181985149439
Ghana,GHA,Poverty headcount ratio at $3.00 a day (2021 PPP) (% of population),SI.POV.DDAY,2020,
Ghana,GHA,Gini index,SI.POV.GINI,2020,
Ghana,GHA,"School enrollment, primary (% gross)",SE.PRM.ENRR,2020,98.4048952723908
Ghana,GHA,"School enrollment, secondary (% gross)",SE.SEC.ENRR,2020,74.0102186341371
Ghana,GHA,"Literacy rate, adult total (% of people ages 15 and above)",SE.ADT.LITR.ZS,2020,
Ghana,GHA,"Mortality rate, under-5 (per 1,000 live births)",SH.DYN.MORT,2020,42.2
Ghana,GHA,"Life expectancy at birth, total (years)",SP.DYN.LE00.IN,2020,64.309
Ghana,GHA,Current health expenditure (% of GDP),SH.XPD.CHEX.GD.ZS,2020,4.4331708
Ghana,GHA,People using at least basic drinking water services (% of population),SH.H2O.BASW.ZS,2020,85.8052795210658
Ghana,GHA,Access to electricity (% of population),EG.ELC.ACCS.ZS,2020,85.4
Ghana,GHA,Individuals using the Internet (% of population),IT.NET.USER.ZS,2020,62.51760101
Benin,BEN,GDP (current US$),NY.GDP.MKTP.CD,2020,15686741883.934
Benin,BEN,GDP per capita (current US$),NY.GDP.PCAP.CD,2020,1200.19426557789
Benin,BEN,GDP growth (annual %),NY.GDP.MKTP.KD.ZG,2020,3.84879240030133
Benin,BEN,"Inflation, consumer prices (annual %)",FP.CPI.TOTL.ZG,2020,3.02272119663759
Benin,BEN,"Population, total",SP.POP.TOTL,2020,13070169.0
Benin,BEN,Urban population (% of total population),SP.URB.TOTL.IN.ZS,2020,49.4461567219896
Benin,BEN,Population growth (annual %),SP.POP.GROW,2020,2.66259875153288
Benin,BEN,Poverty headcount ratio at $3.00 a day (2021 PPP) (% of population),SI.POV.DDAY,2020,
Benin,BEN,Gini index,SI.POV.GINI,2020,
Benin,BEN,"School enrollment, primary (% gross)",SE.PRM.ENRR,2020,104.033172607422
Benin,BEN,"School enrollment, secondary (% gross)",SE.SEC.ENRR,2020,43.9858703613281
Benin,BEN,"Literacy rate, adult total (% of people ages 15 and above)",SE.ADT.LITR.ZS,2020,
Benin,BEN,"Mortality rate, under-5 (per 1,000 live births)",SH.DYN.MORT,2020,84.6
Benin,BEN,"Life expectancy at birth, total (years)",SP.DYN.LE00.IN,2020,60.154
Benin,BEN,Current health expenditure (% of GDP),SH.XPD.CHEX.GD.ZS,2020,3.0512166
Benin,BEN,People using at least basic drinking water services (% of population),SH.H2O.BASW.ZS,2020,68.3129505616936
Benin,BEN,Access to electricity (% of population),EG.ELC.ACCS.ZS,2020,41.0
Benin,BEN,Individuals using the Internet (% of population),IT.NET.USER.ZS,2020,22.12059975
Burkina Faso,BFA,GDP (current US$),NY.GDP.MKTP.CD,2020,17725010532.5268
Burkina Faso,BFA,GDP per capita (current US$),NY.GDP.PCAP.CD,2020,825.237038782475
Burkina Faso,BFA,GDP growth (annual %),NY.GDP.MKTP.KD.ZG,2020,2.01077262406221
Burkina Faso,BFA,"Inflation, consumer prices (annual %)",FP.CPI.TOTL.ZG,2020,1.88470066518847
Burkina Faso,BFA,"Population, total",SP.POP.TOTL,2020,21478690.0
Burkina Faso,BFA,Urban population (% of total population),SP.URB.TOTL.IN.ZS,2020,26.3578373628627
Burkina Faso,BFA,Population growth (annual %),SP.POP.GROW,2020,2.43522959287393
Burkina Faso,BFA,Poverty headcount ratio at $3.00 a day (2021 PPP) (% of population),SI.POV.DDAY,2020,
Burkina Faso,BFA,Gini index,SI.POV.GINI,2020,
Burkina Faso,BFA,"School enrollment, primary (% gross)",SE.PRM.ENRR,2020,87.6988473437538
Burkina Faso,BFA,"School enrollment, secondary (% gross)",SE.SEC.ENRR,2020,39.2540084845692
Burkina Faso,BFA,"Literacy rate, adult total (% of people ages 15 and above)",SE.ADT.LITR.ZS,2020,
Burkina Faso,BFA,"Mortality rate, under-5 (per 1,000 live births)",SH.DYN.MORT,2020,85.1
Burkina Faso,BFA,"Life expectancy at birth, total (years)",SP.DYN.LE00.IN,2020,60.454
Burkina Faso,BFA,Current health expenditure (% of GDP),SH.XPD.CHEX.GD.ZS,2020,6.89469957
Burkina Faso,BFA,People using at least basic drinking water services (% of population),SH.H2O.BASW.ZS,2020,50.3862637931321
Burkina Faso,BFA,Access to electricity (% of population),EG.ELC.ACCS.ZS,2020,18.5
Burkina Faso,BFA,Individuals using the Internet (% of population),IT.NET.USER.ZS,2020,12.97319984
Mali,MLI,GDP (current US$),NY.GDP.MKTP.CD,2020,20698560938.7775
Mali,MLI,GDP per capita (current US$),NY.GDP.PCAP.CD,2020,953.242943290974
Mali,MLI,GDP growth (annual %),NY.GDP.MKTP.KD.ZG,2020,-1.16910834828603
Mali,MLI,"Inflation, consumer prices (annual %)",FP.CPI.TOTL.ZG,2020,0.438088940320669
Mali,MLI,"Population, total",SP.POP.TOTL,2020,21713836.0
Mali,MLI,Urban population (% of total population),SP.URB.TOTL.IN.ZS,2020,29.0205972994693
Mali,MLI,Population growth (annual %),SP.POP.GROW,2020,3.01751361469378
Mali,MLI,Poverty headcount ratio at $3.00 a day (2021 PPP) (% of population),SI.POV.DDAY,2020,
Mali,MLI,Gini index,SI.POV.GINI,2020,
Mali,MLI,"School enrollment, primary (% gross)",SE.PRM.ENRR,2020,
Mali,MLI,"School enrollment, secondary (% gross)",SE.SEC.ENRR,2020,
Mali,MLI,"Literacy rate, adult total (% of people ages 15 and above)",SE.ADT.LITR.ZS,2020,
Mali,MLI,"Mortality rate, under-5 (per 1,000 live births)",SH.DYN.MORT,2020,87.6
Mali,MLI,"Life expectancy at birth, total (years)",SP.DYN.LE00.IN,2020,58.858
Mali,MLI,Current health expenditure (% of GDP),SH.XPD.CHEX.GD.ZS,2020,3.50623369
Mali,MLI,People using at least basic drinking water services (% of population),SH.H2O.BASW.ZS,2020,80.8342374526546
Mali,MLI,Access to electricity (% of population),EG.ELC.ACCS.ZS,2020,50.6
Mali,MLI,Individuals using the Internet (% of population),IT.NET.USER.ZS,2020,29.11300087
Mauritania,MRT,GDP (current US$),NY.GDP.MKTP.CD,2020,8260752385.23089
Mauritania,MRT,GDP per capita (current US$),NY.GDP.PCAP.CD,2020,1795.76459566714
Mauritania,MRT,GDP growth (annual %),NY.GDP.MKTP.KD.ZG,2020,-0.360657384151068
Mauritania,MRT,"Inflation, consumer prices (annual %)",FP.CPI.TOTL.ZG,2020,2.3856948845632
Mauritania,MRT,"Population, total",SP.POP.TOTL,2020,4600131.0
Mauritania,MRT,Urban population (% of total population),SP.URB.TOTL.IN.ZS,2020,56.9836701058893
Mauritania,MRT,Population growth (annual %),SP.POP.GROW,2020,2.92092559048913
Mauritania,MRT,Poverty headcount ratio at $3.00 a day (2021 PPP) (% of population),SI.POV.DDAY,2020,
Mauritania,MRT,Gini index,SI.POV.GINI,2020,
Mauritania,MRT,"School enrollment, primary (% gross)",SE.PRM.ENRR,2020,93.8044664780786
Mauritania,MRT,"School enrollment, secondary (% gross)",SE.SEC.ENRR,2020,36.0277030077074
Mauritania,MRT,"Literacy rate, adult total (% of people ages 15 and above)",SE.ADT.LITR.ZS,2020,59.5299987792969
Mauritania,MRT,"Mortality rate, under-5 (per 1,000 live births)",SH.DYN.MORT,2020,42.0
Mauritania,MRT,"Life expectancy at birth, total (years)",SP.DYN.LE00.IN,2020,66.794
Mauritania,MRT,Current health expenditure (% of GDP),SH.XPD.CHEX.GD.ZS,2020,3.00147843
Mauritania,MRT,People using at least basic drinking water services (% of population),SH.H2O.BASW.ZS,2020,71.7451315704303
Mauritania,MRT,Access to electricity (% of population),EG.ELC.ACCS.ZS,2020,45.4
Mauritania,MRT,Individuals using the Internet (% of population),IT.NET.USER.ZS,2020,29.90649986
Togo,TGO,GDP (current US$),NY.GDP.MKTP.CD,2020,7486031561.86885
Togo,TGO,GDP per capita (current US$),NY.GDP.PCAP.CD,2020,863.468665870276
Togo,TGO,GDP growth (annual %),NY.GDP.MKTP.KD.ZG,2020,2.16228657424364
Togo,TGO,"Inflation, consumer prices (annual %)",FP.CPI.TOTL.ZG,2020,1.69928463299399
Togo,TGO,"Population, total",SP.POP.TOTL,2020,8669720.0
Togo,TGO,Urban population (% of total population),SP.URB.TOTL.IN.ZS,2020,41.8781527268075
Togo,TGO,Population growth (annual %),SP.POP.GROW,2020,2.41247393684318
Togo,TGO,Poverty headcount ratio at $3.00 a day (2021 PPP) (% of population),SI.POV.DDAY,2020,
Togo,TGO,Gini index,SI.POV.GINI,2020,
Togo,TGO,"School enrollment, primary (% gross)",SE.PRM.ENRR,2020,119.266830948762
Togo,TGO,"School enrollment, secondary (% gross)",SE.SEC.ENRR,2020,
Togo,TGO,"Literacy rate, adult total (% of people ages 15 and above)",SE.ADT.LITR.ZS,2020,
Togo,TGO,"Mortality rate, under-5 (per 1,000 live births)",SH.DYN.MORT,2020,63.9
Togo,TGO,"Life expectancy at birth, total (years)",SP.DYN.LE00.IN,2020,61.14
Togo,TGO,Current health expenditure (% of GDP),SH.XPD.CHEX.GD.ZS,2020,6.18928432
Togo,TGO,People using at least basic drinking water services (% of population),SH.H2O.BASW.ZS,2020,62.0075237539343
Togo,TGO,Access to electricity (% of population),EG.ELC.ACCS.ZS,2020,54.1
Togo,TGO,Individuals using the Internet (% of population),IT.NET.USER.ZS,2020,29.02370071
Guinea,GIN,GDP (current US$),NY.GDP.MKTP.CD,2020,14088693742.9464
Guinea,GIN,GDP per capita (current US$),NY.GDP.PCAP.CD,2020,1053.66097696415
Guinea,GIN,GDP growth (annual %),NY.GDP.MKTP.KD.ZG,2020,4.70459096113575
Guinea,GIN,"Inflation, consumer prices (annual %)",FP.CPI.TOTL.ZG,2020,10.6016203387167
Guinea,GIN,"Population, total",SP.POP.TOTL,2020,13371183.0
Guinea,GIN,Urban population (% of total population),SP.URB.TOTL.IN.ZS,2020,36.4802208060551
Guinea,GIN,Population growth (annual %),SP.POP.GROW,2020,2.55139953603925
Guinea,GIN,Poverty headcount ratio at $3.00 a day (2021 PPP) (% of population),SI.POV.DDAY,2020,
Guinea,GIN,Gini index,SI.POV.GINI,2020,
Guinea,GIN,"School enrollment, primary (% gross)",SE.PRM.ENRR,2020,100.474517822266
Guinea,GIN,"School enrollment, secondary (% gross)",SE.SEC.ENRR,2020,
Guinea,GIN,"Literacy rate, adult total (% of people ages 15 and above)",SE.ADT.LITR.ZS,2020,
Guinea,GIN,"Mortality rate, under-5 (per 1,000 live births)",SH.DYN.MORT,2020,102.9
Guinea,GIN,"Life expectancy at birth, total (years)",SP.DYN.LE00.IN,2020,59.35
Guinea,GIN,Current health expenditure (% of GDP),SH.XPD.CHEX.GD.ZS,2020,3.90094519
Guinea,GIN,People using at least basic drinking water services (% of population),SH.H2O.BASW.ZS,2020,69.4483664321703
Guinea,GIN,Access to electricity (% of population),EG.ELC.ACCS.ZS,2020,44.7
Guinea,GIN,Individuals using the Internet (% of population),IT.NET.USER.ZS,2020,26.14550018
"Gambia, The",GMB,GDP (current US$),NY.GDP.MKTP.CD,2020,1812170891.19069
"Gambia, The",GMB,GDP per capita (current US$),NY.GDP.PCAP.CD,2020,720.335143352133
"Gambia, The",GMB,GDP growth (annual %),NY.GDP.MKTP.KD.ZG,2020,0.591487287873974
"Gambia, The",GMB,"Inflation, consumer prices (annual %)",FP.CPI.TOTL.ZG,2020,5.93127636562441
"Gambia, The",GMB,"Population, total",SP.POP.TOTL,2020,2515733.0
"Gambia, The",GMB,Urban population (% of total population),SP.URB.TOTL.IN.ZS,2020,62.2069251698555
"Gambia, The",GMB,Population growth (annual %),SP.POP.GROW,2020,2.3686612920428
"Gambia, The",GMB,Poverty headcount ratio at $3.00 a day (2021 PPP) (% of population),SI.POV.DDAY,2020,22.0
"Gambia, The",GMB,Gini index,SI.POV.GINI,2020,38.8
"Gambia, The",GMB,"School enrollment, primary (% gross)",SE.PRM.ENRR,2020,96.8827026600674
"Gambia, The",GMB,"School enrollment, secondary (% gross)",SE.SEC.ENRR,2020,
"Gambia, The",GMB,"Literacy rate, adult total (% of people ages 15 and above)",SE.ADT.LITR.ZS,2020,
"Gambia, The",GMB,"Mortality rate, under-5 (per 1,000 live births)",SH.DYN.MORT,2020,48.6
"Gambia, The",GMB,"Life expectancy at birth, total (years)",SP.DYN.LE00.IN,2020,64.418
"Gambia, The",GMB,Current health expenditure (% of GDP),SH.XPD.CHEX.GD.ZS,2020,4.01436949
"Gambia, The",GMB,People using at least basic drinking water services (% of population),SH.H2O.BASW.ZS,2020,85.0680326919843
"Gambia, The",GMB,Access to electricity (% of population),EG.ELC.ACCS.ZS,2020,62.2
"Gambia, The",GMB,Individuals using the Internet (% of population),IT.NET.USER.ZS,2020,36.01100159
Sierra Leone,SLE,GDP (current US$),NY.GDP.MKTP.CD,2020,6688307703.1447
Sierra Leone,SLE,GDP per capita (current US$),NY.GDP.PCAP.CD,2020,845.277557920549
Sierra Leone,SLE,GDP growth (annual %),NY.GDP.MKTP.KD.ZG,2020,-1.2533490322766
Sierra Leone,SLE,"Inflation, consumer prices (annual %)",FP.CPI.TOTL.ZG,2020,13.4468711101052
Sierra Leone,SLE,"Population, total",SP.POP.TOTL,2020,7912558.0
Sierra Leone,SLE,Urban population (% of total population),SP.URB.TOTL.IN.ZS,2020,43.2129659123546
Sierra Leone,SLE,Population growth (annual %),SP.POP.GROW,2020,2.30847202655897
Sierra Leone,SLE,Poverty headcount ratio at $3.00 a day (2021 PPP) (% of population),SI.POV.DDAY,2020,
Sierra Leone,SLE,Gini index,SI.POV.GINI,2020,
Sierra Leone,SLE,"School enrollment, primary (% gross)",SE.PRM.ENRR,2020,142.792124647639
Sierra Leone,SLE,"School enrollment, secondary (% gross)",SE.SEC.ENRR,2020,62.5606803894043
Sierra Leone,SLE,"Literacy rate, adult total (% of people ages 15 and above)",SE.ADT.LITR.ZS,2020,
Sierra Leone,SLE,"Mortality rate, under-5 (per 1,000 live births)",SH.DYN.MORT,2020,104.4
Sierra Leone,SLE,"Life expectancy at birth, total (years)",SP.DYN.LE00.IN,2020,59.694
Sierra Leone,SLE,Current health expenditure (% of GDP),SH.XPD.CHEX.GD.ZS,2020,5.66489744
Sierra Leone,SLE,People using at least basic drinking water services (% of population),SH.H2O.BASW.ZS,2020,63.4122118828476
Sierra Leone,SLE,Access to electricity (% of population),EG.ELC.ACCS.ZS,2020,26.3
Sierra Leone,SLE,Individuals using the Internet (% of population),IT.NET.USER.ZS,2020,17.12080002
Liberia,LBR,GDP (current US$),NY.GDP.MKTP.CD,2020,3176126300.0
Liberia,LBR,GDP per capita (current US$),NY.GDP.PCAP.CD,2020,616.787867006715
Liberia,LBR,GDP growth (annual %),NY.GDP.MKTP.KD.ZG,2020,-2.98249127649473
Liberia,LBR,"Inflation, consumer prices (annual %)",FP.CPI.TOTL.ZG,2020,16.9557241496255
Liberia,LBR,"Population, total",SP.POP.TOTL,2020,5149463.0
Liberia,LBR,Urban population (% of total population),SP.URB.TOTL.IN.ZS,2020,53.3878685572381
Liberia,LBR,Population growth (annual %),SP.POP.GROW,2020,2.07483340649162
Liberia,LBR,Poverty headcount ratio at $3.00 a day (2021 PPP) (% of population),SI.POV.DDAY,2020,
Liberia,LBR,Gini index,SI.POV.GINI,2020,
Liberia,LBR,"School enrollment, primary (% gross)",SE.PRM.ENRR,2020,72.4228278801865
Liberia,LBR,"School enrollment, secondary (% gross)",SE.SEC.ENRR,2020,37.7416801452637
Liberia,LBR,"Literacy rate, adult total (% of people ages 15 and above)",SE.ADT.LITR.ZS,2020,
Liberia,LBR,"Mortality rate, under-5 (per 1,000 live births)",SH.DYN.MORT,2020,88.3
Liberia,LBR,"Life expectancy at birth, total (years)",SP.DYN.LE00.IN,2020,61.267
Liberia,LBR,Current health expenditure (% of GDP),SH.XPD.CHEX.GD.ZS,2020,12.90504265
Liberia,LBR,People using at least basic drinking water services (% of population),SH.H2O.BASW.ZS,2020,76.193954779971
Liberia,LBR,Access to electricity (% of population),EG.ELC.ACCS.ZS,2020,27.6
Liberia,LBR,Individuals using the Internet (% of population),IT.NET.USER.ZS,2020,22.91069984
Guinea-Bissau,GNB,GDP (current US$),NY.GDP.MKTP.CD,2020,1705057581.09946
Guinea-Bissau,GNB,GDP per capita (current US$),NY.GDP.PCAP.CD,2020,846.915855715971
Guinea-Bissau,GNB,GDP growth (annual %),NY.GDP.MKTP.KD.ZG,2020,2.89139814952995
Guinea-Bissau,GNB,"Inflation, consumer prices (annual %)",FP.CPI.TOTL.ZG,2020,1.14000939393222
Guinea-Bissau,GNB,"Population, total",SP.POP.TOTL,2020,2013255.0
Guinea-Bissau,GNB,Urban population (% of total population),SP.URB.TOTL.IN.ZS,2020,44.3038330078125
Guinea-Bissau,GNB,Population growth (annual %),SP.POP.GROW,2020,2.28895000835492
Guinea-Bissau,GNB,Poverty headcount ratio at $3.00 a day (2021 PPP) (% of population),SI.POV.DDAY,2020,
Guinea-Bissau,GNB,Gini index,SI.POV.GINI,2020,
Guinea-Bissau,GNB,"School enrollment, primary (% gross)",SE.PRM.ENRR,2020,
Guinea-Bissau,GNB,"School enrollment, secondary (% gross)",SE.SEC.ENRR,2020,
Guinea-Bissau,GNB,"Literacy rate, adult total (% of people ages 15 and above)",SE.ADT.LITR.ZS,2020,
Guinea-Bissau,GNB,"Mortality rate, under-5 (per 1,000 live births)",SH.DYN.MORT,2020,76.7
Guinea-Bissau,GNB,"Life expectancy at birth, total (years)",SP.DYN.LE00.IN,2020,61.343
Guinea-Bissau,GNB,Current health expenditure (% of GDP),SH.XPD.CHEX.GD.ZS,2020,8.98898792
Guinea-Bissau,GNB,People using at least basic drinking water services (% of population),SH.H2O.BASW.ZS,2020,61.4023709076856
Guinea-Bissau,GNB,Access to electricity (% of population),EG.ELC.ACCS.ZS,2020,33.4
Guinea-Bissau,GNB,Individuals using the Internet (% of population),IT.NET.USER.ZS,2020,20.45730019
Cabo Verde,CPV,GDP (current US$),NY.GDP.MKTP.CD,2020,1821565613.68613
Cabo Verde,CPV,GDP per capita (current US$),NY.GDP.PCAP.CD,2020,3539.22661248299
Cabo Verde,CPV,GDP growth (annual %),NY.GDP.MKTP.KD.ZG,2020,-20.8052758990735
Cabo Verde,CPV,"Inflation, consumer prices (annual %)",FP.CPI.TOTL.ZG,2020,0.6057961856899
Cabo Verde,CPV,"Population, total",SP.POP.TOTL,2020,514679.0
Cabo Verde,CPV,Urban population (% of total population),SP.URB.TOTL.IN.ZS,2020,72.8838521558784
Cabo Verde,CPV,Population growth (annual %),SP.POP.GROW,2020,0.11178257414313
Cabo Verde,CPV,Poverty headcount ratio at $3.00 a day (2021 PPP) (% of population),SI.POV.DDAY,2020,
Cabo Verde,CPV,Gini index,SI.POV.GINI,2020,
Cabo Verde,CPV,"School enrollment, primary (% gross)",SE.PRM.ENRR,2020,103.42828248778
Cabo Verde,CPV,"School enrollment, secondary (% gross)",SE.SEC.ENRR,2020,98.3093023666237
Cabo Verde,CPV,"Literacy rate, adult total (% of people ages 15 and above)",SE.ADT.LITR.ZS,2020,
Cabo Verde,CPV,"Mortality rate, under-5 (per 1,000 live births)",SH.DYN.MORT,2020,13.3
Cabo Verde,CPV,"Life expectancy at birth, total (years)",SP.DYN.LE00.IN,2020,73.818
Cabo Verde,CPV,Current health expenditure (% of GDP),SH.XPD.CHEX.GD.ZS,2020,7.03399324
Cabo Verde,CPV,People using at least basic drinking water services (% of population),SH.H2O.BASW.ZS,2020,88.5325658069206
Cabo Verde,CPV,Access to electricity (% of population),EG.ELC.ACCS.ZS,2020,93.7
Cabo Verde,CPV,Individuals using the Internet (% of population),IT.NET.USER.ZS,2020,69.37339783
Niger,NER,GDP (current US$),NY.GDP.MKTP.CD,2021,14915002436.069
Niger,NER,GDP per capita (current US$),NY.GDP.PCAP.CD,2021,608.722439593808
Niger,NER,GDP growth (annual %),NY.GDP.MKTP.KD.ZG,2021,1.38359636198477
Niger,NER,"Inflation, consumer prices (annual %)",FP.CPI.TOTL.ZG,2021,3.8378680284051
Niger,NER,"Population, total",SP.POP.TOTL,2021,24502140.0
Niger,NER,Urban population (% of total population),SP.URB.TOTL.IN.ZS,2021,17.2295936666686
Niger,NER,Population growth (annual %),SP.POP.GROW,2021,3.25425239869281
Niger,NER,Poverty headcount ratio at $3.00 a day (2021 PPP) (% of population),SI.POV.DDAY,2021,60.5
Niger,NER,Gini index,SI.POV.GINI,2021,32.9
Niger,NER,"School enrollment, primary (% gross)",SE.PRM.ENRR,2021,65.864245185741
Niger,NER,"School enrollment, secondary (% gross)",SE.SEC.ENRR,2021,
Niger,NER,"Literacy rate, adult total (% of people ages 15 and above)",SE.ADT.LITR.ZS,2021,
Niger,NER,"Mortality rate, under-5 (per 1,000 live births)",SH.DYN.MORT,2021,118.0
Niger,NER,"Life expectancy at birth, total (years)",SP.DYN.LE00.IN,2021,59.542
Niger,NER,Current health expenditure (% of GDP),SH.XPD.CHEX.GD.ZS,2021,5.81452751
Niger,NER,People using at least basic drinking water services (% of population),SH.H2O.BASW.ZS,2021,51.4037852396431
Niger,NER,Access to electricity (% of population),EG.ELC.ACCS.ZS,2021,18.6
Niger,NER,Individuals using the Internet (% of population),IT.NET.USER.ZS,2021,12.45689964
Nigeria,NGA,GDP (current US$),NY.GDP.MKTP.CD,2021,609147716972.859
Nigeria,NGA,GDP per capita (current US$),NY.GDP.PCAP.CD,2021,2787.48779224428
Nigeria,NGA,GDP growth (annual %),NY.GDP.MKTP.KD.ZG,2021,1.10925253938163
Nigeria,NGA,"Inflation, consumer prices (annual %)",FP.CPI.TOTL.ZG,2021,16.9528457221608
Nigeria,NGA,"Population, total",SP.POP.TOTL,2021,218529286.0
Nigeria,NGA,Urban population (% of total population),SP.URB.TOTL.IN.ZS,2021,60.5698545383604
Nigeria,NGA,Population growth (annual %),SP.POP.GROW,2021,2.09618685225463
Nigeria,NGA,Poverty headcount ratio at $3.00 a day (2021 PPP) (% of population),SI.POV.DDAY,2021,
Nigeria,NGA,Gini index,SI.POV.GINI,2021,
Nigeria,NGA,"School enrollment, primary (% gross)",SE.PRM.ENRR,2021,83.8092555956779
Nigeria,NGA,"School enrollment, secondary (% gross)",SE.SEC.ENRR,2021,45.444938659668
Nigeria,NGA,"Literacy rate, adult total (% of people ages 15 and above)",SE.ADT.LITR.ZS,2021,63.1599998474121
Nigeria,NGA,"Mortality rate, under-5 (per 1,000 live births)",SH.DYN.MORT,2021,117.6
Nigeria,NGA,"Life expectancy at birth, total (years)",SP.DYN.LE00.IN,2021,53.455
Nigeria,NGA,Current health expenditure (% of GDP),SH.XPD.CHEX.GD.ZS,2021,4.07625723
Nigeria,NGA,People using at least basic drinking water services (% of population),SH.H2O.BASW.ZS,2021,77.8385518833185
Nigeria,NGA,Access to electricity (% of population),EG.ELC.ACCS.ZS,2021,59.5
Nigeria,NGA,Individuals using the Internet (% of population),IT.NET.USER.ZS,2021,35.50979996
Senegal,SEN,GDP (current US$),NY.GDP.MKTP.CD,2021,27520784129.7508
Senegal,SEN,GDP per capita (current US$),NY.GDP.PCAP.CD,2021,1598.10676952274
Senegal,SEN,GDP growth (annual %),NY.GDP.MKTP.KD.ZG,2021,6.54400109964304
Senegal,SEN,"Inflation, consumer prices (annual %)",FP.CPI.TOTL.ZG,2021,2.18032278088147
Senegal,SEN,"Population, total",SP.POP.TOTL,2021,17220867.0
Senegal,SEN,Urban population (% of total population),SP.URB.TOTL.IN.ZS,2021,52.2260292191155
Senegal,SEN,Population growth (annual %),SP.POP.GROW,2021,2.53848919398481
Senegal,SEN,Poverty headcount ratio at $3.00 a day (2021 PPP) (% of population),SI.POV.DDAY,2021,17.9
Senegal,SEN,Gini index,SI.POV.GINI,2021,36.2
Senegal,SEN,"School enrollment, primary (% gross)",SE.PRM.ENRR,2021,84.0612276417736
Senegal,SEN,"School enrollment, secondary (% gross)",SE.SEC.ENRR,2021,45.1726204964815
Senegal,SEN,"Literacy rate, adult total (% of people ages 15 and above)",SE.ADT.LITR.ZS,2021,
Senegal,SEN,"Mortality rate, under-5 (per 1,000 live births)",SH.DYN.MORT,2021,42.2
Senegal,SEN,"Life expectancy at birth, total (years)",SP.DYN.LE00.IN,2021,66.868
Senegal,SEN,Current health expenditure (% of GDP),SH.XPD.CHEX.GD.ZS,2021,4.44256258
Senegal,SEN,People using at least basic drinking water services (% of population),SH.H2O.BASW.ZS,2021,84.636074800772
Senegal,SEN,Access to electricity (% of population),EG.ELC.ACCS.ZS,2021,68.0
Senegal,SEN,Individuals using the Internet (% of population),IT.NET.USER.ZS,2021,55.04040146
Cote d'Ivoire,CIV,GDP (current US$),NY.GDP.MKTP.CD,2021,72794636653.7793
Cote d'Ivoire,CIV,GDP per capita (current US$),NY.GDP.PCAP.CD,2021,2455.98127641148
Cote d'Ivoire,CIV,GDP growth (annual %),NY.GDP.MKTP.KD.ZG,2021,7.06332910205232
Cote d'Ivoire,CIV,"Inflation, consumer prices (annual %)",FP.CPI.TOTL.ZG,2021,4.15919657911797
Cote d'Ivoire,CIV,"Population, total",SP.POP.TOTL,2021,29639736.0
Cote d'Ivoire,CIV,Urban population (% of total population),SP.URB.TOTL.IN.ZS,2021,52.3183461956059
Cote d'Ivoire,CIV,Population growth (annual %),SP.POP.GROW,2021,2.47398737434864
Cote d'Ivoire,CIV,Poverty headcount ratio at $3.00 a day (2021 PPP) (% of population),SI.POV.DDAY,2021,20.8
Cote d'Ivoire,CIV,Gini index,SI.POV.GINI,2021,35.3
Cote d'Ivoire,CIV,"School enrollment, primary (% gross)",SE.PRM.ENRR,2021,85.830088505202
Cote d'Ivoire,CIV,"School enrollment, secondary (% gross)",SE.SEC.ENRR,2021,57.135967003236
Cote d'Ivoire,CIV,"Literacy rate, adult total (% of people ages 15 and above)",SE.ADT.LITR.ZS,2021,50.0
Cote d'Ivoire,CIV,"Mortality rate, under-5 (per 1,000 live births)",SH.DYN.MORT,2021,70.8
Cote d'Ivoire,CIV,"Life expectancy at birth, total (years)",SP.DYN.LE00.IN,2021,60.29
Cote d'Ivoire,CIV,Current health expenditure (% of GDP),SH.XPD.CHEX.GD.ZS,2021,3.76207662
Cote d'Ivoire,CIV,People using at least basic drinking water services (% of population),SH.H2O.BASW.ZS,2021,76.3229847618577
Cote d'Ivoire,CIV,Access to electricity (% of population),EG.ELC.ACCS.ZS,2021,71.1
Cote d'Ivoire,CIV,Individuals using the Internet (% of population),IT.NET.USER.ZS,2021,35.95069885
Ghana,GHA,GDP (current US$),NY.GDP.MKTP.CD,2021,79514204730.3979
Ghana,GHA,GDP per capita (current US$),NY.GDP.PCAP.CD,2021,2445.18662529344
Ghana,GHA,GDP growth (annual %),NY.GDP.MKTP.KD.ZG,2021,5.07646643533542
Ghana,GHA,"Inflation, consumer prices (annual %)",FP.CPI.TOTL.ZG,2021,9.9710886750444
Ghana,GHA,"Population, total",SP.POP.TOTL,2021,32518665.0
Ghana,GHA,Urban population (% of total population),SP.URB.TOTL.IN.ZS,2021,56.6952556826536
Ghana,GHA,Population growth (annual %),SP.POP.GROW,2021,1.95904584379494
Ghana,GHA,Poverty headcount ratio at $3.00 a day (2021 PPP) (% of population),SI.POV.DDAY,2021,
Ghana,GHA,Gini index,SI.POV.GINI,2021,
Ghana,GHA,"School enrollment, primary (% gross)",SE.PRM.ENRR,2021,99.4509436572472
Ghana,GHA,"School enrollment, secondary (% gross)",SE.SEC.ENRR,2021,76.2084742091088
Ghana,GHA,"Literacy rate, adult total (% of people ages 15 and above)",SE.ADT.LITR.ZS,2021,76.4899978637695
Ghana,GHA,"Mortality rate, under-5 (per 1,000 live births)",SH.DYN.MORT,2021,40.3
Ghana,GHA,"Life expectancy at birth, total (years)",SP.DYN.LE00.IN,2021,64.286
Ghana,GHA,Current health expenditure (% of GDP),SH.XPD.CHEX.GD.ZS,2021,3.86030865
Ghana,GHA,People using at least basic drinking water services (% of population),SH.H2O.BASW.ZS,2021,86.841252750433
Ghana,GHA,Access to electricity (% of population),EG.ELC.ACCS.ZS,2021,86.3
Ghana,GHA,Individuals using the Internet (% of population),IT.NET.USER.ZS,2021,68.6
Benin,BEN,GDP (current US$),NY.GDP.MKTP.CD,2021,17687623530.3355
Benin,BEN,GDP per capita (current US$),NY.GDP.PCAP.CD,2021,1318.65158075198
Benin,BEN,GDP growth (annual %),NY.GDP.MKTP.KD.ZG,2021,7.1554516457574
Benin,BEN,"Inflation, consumer prices (annual %)",FP.CPI.TOTL.ZG,2021,1.73353962694035
Benin,BEN,"Population, total",SP.POP.TOTL,2021,13413417.0
Benin,BEN,Urban population (% of total population),SP.URB.TOTL.IN.ZS,2021,50.1961807561354
Benin,BEN,Population growth (annual %),SP.POP.GROW,2021,2.59230167510348
Benin,BEN,Poverty headcount ratio at $3.00 a day (2021 PPP) (% of population),SI.POV.DDAY,2021,27.2
Benin,BEN,Gini index,SI.POV.GINI,2021,34.4
Benin,BEN,"School enrollment, primary (% gross)",SE.PRM.ENRR,2021,105.631301879883
Benin,BEN,"School enrollment, secondary (% gross)",SE.SEC.ENRR,2021,44.2737998962402
Benin,BEN,"Literacy rate, adult total (% of people ages 15 and above)",SE.ADT.LITR.ZS,2021,43.8300018310547
Benin,BEN,"Mortality rate, under-5 (per 1,000 live births)",SH.DYN.MORT,2021,82.2
Benin,BEN,"Life expectancy at birth, total (years)",SP.DYN.LE00.IN,2021,59.61
Benin,BEN,Current health expenditure (% of GDP),SH.XPD.CHEX.GD.ZS,2021,2.91589761
Benin,BEN,People using at least basic drinking water services (% of population),SH.H2O.BASW.ZS,2021,68.6381245479094
Benin,BEN,Access to electricity (% of population),EG.ELC.ACCS.ZS,2021,42.0
Benin,BEN,Individuals using the Internet (% of population),IT.NET.USER.ZS,2021,28.20470047
Burkina Faso,BFA,GDP (current US$),NY.GDP.MKTP.CD,2021,19697516284.3787
Burkina Faso,BFA,GDP per capita (current US$),NY.GDP.PCAP.CD,2021,895.535288442991
Burkina Faso,BFA,GDP growth (annual %),NY.GDP.MKTP.KD.ZG,2021,6.94252492572348
Burkina Faso,BFA,"Inflation, consumer prices (annual %)",FP.CPI.TOTL.ZG,2021,3.65326761825508
Burkina Faso,BFA,"Population, total",SP.POP.TOTL,2021,21995243.0
Burkina Faso,BFA,Urban population (% of total population),SP.URB.TOTL.IN.ZS,2021,26.8114307743017
Burkina Faso,BFA,Population growth (annual %),SP.POP.GROW,2021,2.37649218888363
Burkina Faso,BFA,Poverty headcount ratio at $3.00 a day (2021 PPP) (% of population),SI.POV.DDAY,2021,42.1
Burkina Faso,BFA,Gini index,SI.POV.GINI,2021,37.4
Burkina Faso,BFA,"School enrollment, primary (% gross)",SE.PRM.ENRR,2021,87.0183353617198
Burkina Faso,BFA,"School enrollment, secondary (% gross)",SE.SEC.ENRR,2021,38.1480312365517
Burkina Faso,BFA,"Literacy rate, adult total (% of people ages 15 and above)",SE.ADT.LITR.ZS,2021,36.9700012207031
Burkina Faso,BFA,"Mortality rate, under-5 (per 1,000 live births)",SH.DYN.MORT,2021,82.4
Burkina Faso,BFA,"Life expectancy at birth, total (years)",SP.DYN.LE00.IN,2021,60.046
Burkina Faso,BFA,Current health expenditure (% of GDP),SH.XPD.CHEX.GD.ZS,2021,7.08691931
Burkina Faso,BFA,People using at least basic drinking water services (% of population),SH.H2O.BASW.ZS,2021,50.0752719507407
Burkina Faso,BFA,Access to electricity (% of population),EG.ELC.ACCS.ZS,2021,19.0
Burkina Faso,BFA,Individuals using the Internet (% of population),IT.NET.USER.ZS,2021,18.1522007
Mali,MLI,GDP (current US$),NY.GDP.MKTP.CD,2021,22999245262.6719
Mali,MLI,GDP per capita (current US$),NY.GDP.PCAP.CD,2021,1027.27345365357
Mali,MLI,GDP growth (annual %),NY.GDP.MKTP.KD.ZG,2021,3.10094124444834
Mali,MLI,"Inflation, consumer prices (annual %)",FP.CPI.TOTL.ZG,2021,3.92560283104277
Mali,MLI,"Population, total",SP.POP.TOTL,2021,22388630.0
Mali,MLI,Urban population (% of total population),SP.URB.TOTL.IN.ZS,2021,29.7049638253978
Mali,MLI,Population growth (annual %),SP.POP.GROW,2021,3.06035796580474
Mali,MLI,Poverty headcount ratio at $3.00 a day (2021 PPP) (% of population),SI.POV.DDAY,2021,36.1
Mali,MLI,Gini index,SI.POV.GINI,2021,35.7
Mali,MLI,"School enrollment, primary (% gross)",SE.PRM.ENRR,2021,
Mali,MLI,"School enrollment, secondary (% gross)",SE.SEC.ENRR,2021,
Mali,MLI,"Literacy rate, adult total (% of people ages 15 and above)",SE.ADT.LITR.ZS,2021,
Mali,MLI,"Mortality rate, under-5 (per 1,000 live births)",SH.DYN.MORT,2021,83.6
Mali,MLI,"Life expectancy at birth, total (years)",SP.DYN.LE00.IN,2021,59.116
Mali,MLI,Current health expenditure (% of GDP),SH.XPD.CHEX.GD.ZS,2021,3.54318666
Mali,MLI,People using at least basic drinking water services (% of population),SH.H2O.BASW.ZS,2021,82.2652506105548
Mali,MLI,Access to electricity (% of population),EG.ELC.ACCS.ZS,2021,53.4
Mali,MLI,Individuals using the Internet (% of population),IT.NET.USER.ZS,2021,33.95650101
Mauritania,MRT,GDP (current US$),NY.GDP.MKTP.CD,2021,9222536364.01272
Mauritania,MRT,GDP per capita (current US$),NY.GDP.PCAP.CD,2021,1947.78918383313
Mauritania,MRT,GDP growth (annual %),NY.GDP.MKTP.KD.ZG,2021,0.742715486567747
Mauritania,MRT,"Inflation, consumer prices (annual %)",FP.CPI.TOTL.ZG,2021,3.56516484650185
Mauritania,MRT,"Population, total",SP.POP.TOTL,2021,4734874.0
Mauritania,MRT,Urban population (% of total population),SP.URB.TOTL.IN.ZS,2021,57.901535141641
Mauritania,MRT,Population growth (annual %),SP.POP.GROW,2021,2.88703345850902
Mauritania,MRT,Poverty headcount ratio at $3.00 a day (2021 PPP) (% of population),SI.POV.DDAY,2021,
Mauritania,MRT,Gini index,SI.POV.GINI,2021,
Mauritania,MRT,"School enrollment, primary (% gross)",SE.PRM.ENRR,2021,
Mauritania,MRT,"School enrollment, secondary (% gross)",SE.SEC.ENRR,2021,
Mauritania,MRT,"Literacy rate, adult total (% of people ages 15 and above)",SE.ADT.LITR.ZS,2021,
Mauritania,MRT,"Mortality rate, under-5 (per 1,000 live births)",SH.DYN.MORT,2021,40.7
Mauritania,MRT,"Life expectancy at birth, total (years)",SP.DYN.LE00.IN,2021,66.762
Mauritania,MRT,Current health expenditure (% of GDP),SH.XPD.CHEX.GD.ZS,2021,3.78022528
Mauritania,MRT,People using at least basic drinking water services (% of population),SH.H2O.BASW.ZS,2021,73.3049522964887
Mauritania,MRT,Access to electricity (% of population),EG.ELC.ACCS.ZS,2021,47.7
Mauritania,MRT,Individuals using the Internet (% of population),IT.NET.USER.ZS,2021,35.63660049
Togo,TGO,GDP (current US$),NY.GDP.MKTP.CD,2021,8541668141.26198
Togo,TGO,GDP per capita (current US$),NY.GDP.PCAP.CD,2021,962.075187515872
Togo,TGO,GDP growth (annual %),NY.GDP.MKTP.KD.ZG,2021,5.12890113701732
Togo,TGO,"Inflation, consumer prices (annual %)",FP.CPI.TOTL.ZG,2021,4.1862150652352
Togo,TGO,"Population, total",SP.POP.TOTL,2021,8878379.0
Togo,TGO,Urban population (% of total population),SP.URB.TOTL.IN.ZS,2021,42.3105904515122
Togo,TGO,Population growth (annual %),SP.POP.GROW,2021,2.37825002957617
Togo,TGO,Poverty headcount ratio at $3.00 a day (2021 PPP) (% of population),SI.POV.DDAY,2021,34.7
Togo,TGO,Gini index,SI.POV.GINI,2021,37.9
Togo,TGO,"School enrollment, primary (% gross)",SE.PRM.ENRR,2021,116.971385859009
Togo,TGO,"School enrollment, secondary (% gross)",SE.SEC.ENRR,2021,63.0669365853803
Togo,TGO,"Literacy rate, adult total (% of people ages 15 and above)",SE.ADT.LITR.ZS,2021,
Togo,TGO,"Mortality rate, under-5 (per 1,000 live births)",SH.DYN.MORT,2021,62.0
Togo,TGO,"Life expectancy at birth, total (years)",SP.DYN.LE00.IN,2021,61.337
Togo,TGO,Current health expenditure (% of GDP),SH.XPD.CHEX.GD.ZS,2021,5.6165967
Togo,TGO,People using at least basic drinking water services (% of population),SH.H2O.BASW.ZS,2021,62.4040009740747
Togo,TGO,Access to electricity (% of population),EG.ELC.ACCS.ZS,2021,55.7
Togo,TGO,Individuals using the Internet (% of population),IT.NET.USER.ZS,2021,30.33839989
Guinea,GIN,GDP (current US$),NY.GDP.MKTP.CD,2021,17069115737.8259
Guinea,GIN,GDP per capita (current US$),NY.GDP.PCAP.CD,2021,1244.96550477914
Guinea,GIN,GDP growth (annual %),NY.GDP.MKTP.KD.ZG,2021,5.5823328114905
Guinea,GIN,"Inflation, consumer prices (annual %)",FP.CPI.TOTL.ZG,2021,12.5972882566934
Guinea,GIN,"Population, total",SP.POP.TOTL,2021,13710513.0
Guinea,GIN,Urban population (% of total population),SP.URB.TOTL.IN.ZS,2021,36.8502178436256
Guinea,GIN,Population growth (annual %),SP.POP.GROW,2021,2.50610419423246
Guinea,GIN,Poverty headcount ratio at $3.00 a day (2021 PPP) (% of population),SI.POV.DDAY,2021,
Guinea,GIN,Gini index,SI.POV.GINI,2021,
Guinea,GIN,"School enrollment, primary (% gross)",SE.PRM.ENRR,2021,
Guinea,GIN,"School enrollment, secondary (% gross)",SE.SEC.ENRR,2021,
Guinea,GIN,"Literacy rate, adult total (% of people ages 15 and above)",SE.ADT.LITR.ZS,2021,
Guinea,GIN,"Mortality rate, under-5 (per 1,000 live births)",SH.DYN.MORT,2021,100.3
Guinea,GIN,"Life expectancy at birth, total (years)",SP.DYN.LE00.IN,2021,59.373
Guinea,GIN,Current health expenditure (% of GDP),SH.XPD.CHEX.GD.ZS,2021,3.7175858
Guinea,GIN,People using at least basic drinking water services (% of population),SH.H2O.BASW.ZS,2021,70.7443560609114
Guinea,GIN,Access to electricity (% of population),EG.ELC.ACCS.ZS,2021,46.8
Guinea,GIN,Individuals using the Internet (% of population),IT.NET.USER.ZS,2021,28.61330032
"Gambia, The",GMB,GDP (current US$),NY.GDP.MKTP.CD,2021,2014158842.14596
"Gambia, The",GMB,GDP per capita (current US$),NY.GDP.PCAP.CD,2021,781.890925169531
"Gambia, The",GMB,GDP growth (annual %),NY.GDP.MKTP.KD.ZG,2021,5.25596878816744
"Gambia, The",GMB,"Inflation, consumer prices (annual %)",FP.CPI.TOTL.ZG,2021,7.37034758876618
"Gambia, The",GMB,"Population, total",SP.POP.TOTL,2021,2576010.0
"Gambia, The",GMB,Urban population (% of total population),SP.URB.TOTL.IN.ZS,2021,62.7550706637859
"Gambia, The",GMB,Population growth (annual %),SP.POP.GROW,2021,2.36774778418782
"Gambia, The",GMB,Poverty headcount ratio at $3.00 a day (2021 PPP) (% of population),SI.POV.DDAY,2021,
"Gambia, The",GMB,Gini index,SI.POV.GINI,2021,
"Gambia, The",GMB,"School enrollment, primary (% gross)",SE.PRM.ENRR,2021,96.3235417651704
"Gambia, The",GMB,"School enrollment, secondary (% gross)",SE.SEC.ENRR,2021,107.027125590442
"Gambia, The",GMB,"Literacy rate, adult total (% of people ages 15 and above)",SE.ADT.LITR.ZS,2021,51.6399993896484
"Gambia, The",GMB,"Mortality rate, under-5 (per 1,000 live births)",SH.DYN.MORT,2021,47.0
"Gambia, The",GMB,"Life expectancy at birth, total (years)",SP.DYN.LE00.IN,2021,63.847
"Gambia, The",GMB,Current health expenditure (% of GDP),SH.XPD.CHEX.GD.ZS,2021,3.74321485
"Gambia, The",GMB,People using at least basic drinking water services (% of population),SH.H2O.BASW.ZS,2021,85.696311673001
"Gambia, The",GMB,Access to electricity (% of population),EG.ELC.ACCS.ZS,2021,63.7
"Gambia, The",GMB,Individuals using the Internet (% of population),IT.NET.USER.ZS,2021,41.67309952
Sierra Leone,SLE,GDP (current US$),NY.GDP.MKTP.CD,2021,7166931485.49433
Sierra Leone,SLE,GDP per capita (current US$),NY.GDP.PCAP.CD,2021,885.396401885395
Sierra Leone,SLE,GDP growth (annual %),NY.GDP.MKTP.KD.ZG,2021,5.8968527047094
Sierra Leone,SLE,"Inflation, consumer prices (annual %)",FP.CPI.TOTL.ZG,2021,11.8739588840234
Sierra Leone,SLE,"Population, total",SP.POP.TOTL,2021,8094602.0
Sierra Leone,SLE,Urban population (% of total population),SP.URB.TOTL.IN.ZS,2021,43.7345385973699
Sierra Leone,SLE,Population growth (annual %),SP.POP.GROW,2021,2.27463021517533
Sierra Leone,SLE,Poverty headcount ratio at $3.00 a day (2021 PPP) (% of population),SI.POV.DDAY,2021,
Sierra Leone,SLE,Gini index,SI.POV.GINI,2021,
Sierra Leone,SLE,"School enrollment, primary (% gross)",SE.PRM.ENRR,2021,157.709757576001
Sierra Leone,SLE,"School enrollment, secondary (% gross)",SE.SEC.ENRR,2021,73.4251403808594
Sierra Leone,SLE,"Literacy rate, adult total (% of people ages 15 and above)",SE.ADT.LITR.ZS,2021,
Sierra Leone,SLE,"Mortality rate, under-5 (per 1,000 live births)",SH.DYN.MORT,2021,100.6
Sierra Leone,SLE,"Life expectancy at birth, total (years)",SP.DYN.LE00.IN,2021,60.26
Sierra Leone,SLE,Current health expenditure (% of GDP),SH.XPD.CHEX.GD.ZS,2021,5.07244635
Sierra Leone,SLE,People using at least basic drinking water services (% of population),SH.H2O.BASW.ZS,2021,64.5803175608776
Sierra Leone,SLE,Access to electricity (% of population),EG.ELC.ACCS.ZS,2021,27.5
Sierra Leone,SLE,Individuals using the Internet (% of population),IT.NET.USER.ZS,2021,18.65390015
Liberia,LBR,GDP (current US$),NY.GDP.MKTP.CD,2021,3513049500.0
Liberia,LBR,GDP per capita (current US$),NY.GDP.PCAP.CD,2021,667.96610514319
Liberia,LBR,GDP growth (annual %),NY.GDP.MKTP.KD.ZG,2021,4.98671283481617
Liberia,LBR,"Inflation, consumer prices (annual %)",FP.CPI.TOTL.ZG,2021,7.81559385858648
Liberia,LBR,"Population, total",SP.POP.TOTL,2021,5259323.0
Liberia,LBR,Urban population (% of total population),SP.URB.TOTL.IN.ZS,2021,53.9224618859098
Liberia,LBR,Population growth (annual %),SP.POP.GROW,2021,2.11098738475006
Liberia,LBR,Poverty headcount ratio at $3.00 a day (2021 PPP) (% of population),SI.POV.DDAY,2021,
Liberia,LBR,Gini index,SI.POV.GINI,2021,
Liberia,LBR,"School enrollment, primary (% gross)",SE.PRM.ENRR,2021,67.4627150781073
Liberia,LBR,"School enrollment, secondary (% gross)",SE.SEC.ENRR,2021,
Liberia,LBR,"Literacy rate, adult total (% of people ages 15 and above)",SE.ADT.LITR.ZS,2021,
Liberia,LBR,"Mortality rate, under-5 (per 1,000 live births)",SH.DYN.MORT,2021,88.0
Liberia,LBR,"Life expectancy at birth, total (years)",SP.DYN.LE00.IN,2021,61.166
Liberia,LBR,Current health expenditure (% of GDP),SH.XPD.CHEX.GD.ZS,2021,13.27175999
Liberia,LBR,People using at least basic drinking water services (% of population),SH.H2O.BASW.ZS,2021,76.8629734925215
Liberia,LBR,Access to electricity (% of population),EG.ELC.ACCS.ZS,2021,29.8
Liberia,LBR,Individuals using the Internet (% of population),IT.NET.USER.ZS,2021,26.38229942
Guinea-Bissau,GNB,GDP (current US$),NY.GDP.MKTP.CD,2021,1908094558.33981
Guinea-Bissau,GNB,GDP per capita (current US$),NY.GDP.PCAP.CD,2021,926.780921081233
Guinea-Bissau,GNB,GDP growth (annual %),NY.GDP.MKTP.KD.ZG,2021,5.05055831244401
Guinea-Bissau,GNB,"Inflation, consumer prices (annual %)",FP.CPI.TOTL.ZG,2021,2.24248879577658
Guinea-Bissau,GNB,"Population, total",SP.POP.TOTL,2021,2058841.0
Guinea-Bissau,GNB,Urban population (% of total population),SP.URB.TOTL.IN.ZS,2021,44.7334136962891
Guinea-Bissau,GNB,Population growth (annual %),SP.POP.GROW,2021,2.23903878745423
Guinea-Bissau,GNB,Poverty headcount ratio at $3.00 a day (2021 PPP) (% of population),SI.POV.DDAY,2021,39.9
Guinea-Bissau,GNB,Gini index,SI.POV.GINI,2021,33.4
Guinea-Bissau,GNB,"School enrollment, primary (% gross)",SE.PRM.ENRR,2021,
Guinea-Bissau,GNB,"School enrollment, secondary (% gross)",SE.SEC.ENRR,2021,
Guinea-Bissau,GNB,"Literacy rate, adult total (% of people ages 15 and above)",SE.ADT.LITR.ZS,2021,
Guinea-Bissau,GNB,"Mortality rate, under-5 (per 1,000 live births)",SH.DYN.MORT,2021,74.3
Guinea-Bissau,GNB,"Life expectancy at birth, total (years)",SP.DYN.LE00.IN,2021,61.653
Guinea-Bissau,GNB,Current health expenditure (% of GDP),SH.XPD.CHEX.GD.ZS,2021,8.39794922
Guinea-Bissau,GNB,People using at least basic drinking water services (% of population),SH.H2O.BASW.ZS,2021,61.5510835646003
Guinea-Bissau,GNB,Access to electricity (% of population),EG.ELC.ACCS.ZS,2021,35.8
Guinea-Bissau,GNB,Individuals using the Internet (% of population),IT.NET.USER.ZS,2021,23.3519001
Cabo Verde,CPV,GDP (current US$),NY.GDP.MKTP.CD,2021,2051842618.70539
Cabo Verde,CPV,GDP per capita (current US$),NY.GDP.PCAP.CD,2021,3971.44409203423
Cabo Verde,CPV,GDP growth (annual %),NY.GDP.MKTP.KD.ZG,2021,7.03353010694514
Cabo Verde,CPV,"Inflation, consumer prices (annual %)",FP.CPI.TOTL.ZG,2021,1.86215256793885
Cabo Verde,CPV,"Population, total",SP.POP.TOTL,2021,516649.0
Cabo Verde,CPV,Urban population (% of total population),SP.URB.TOTL.IN.ZS,2021,74.1607930892827
Cabo Verde,CPV,Population growth (annual %),SP.POP.GROW,2021,0.38203217521266
Cabo Verde,CPV,Poverty headcount ratio at $3.00 a day (2021 PPP) (% of population),SI.POV.DDAY,2021,
Cabo Verde,CPV,Gini index,SI.POV.GINI,2021,
Cabo Verde,CPV,"School enrollment, primary (% gross)",SE.PRM.ENRR,2021,103.025970530848
Cabo Verde,CPV,"School enrollment, secondary (% gross)",SE.SEC.ENRR,2021,97.0059250429478
Cabo Verde,CPV,"Literacy rate, adult total (% of people ages 15 and above)",SE.ADT.LITR.ZS,2021,
Cabo Verde,CPV,"Mortality rate, under-5 (per 1,000 live births)",SH.DYN.MORT,2021,12.7
Cabo Verde,CPV,"Life expectancy at birth, total (years)",SP.DYN.LE00.IN,2021,74.424
Cabo Verde,CPV,Current health expenditure (% of GDP),SH.XPD.CHEX.GD.ZS,2021,6.60773611
Cabo Verde,CPV,People using at least basic drinking water services (% of population),SH.H2O.BASW.ZS,2021,89.2475125078835
Cabo Verde,CPV,Access to electricity (% of population),EG.ELC.ACCS.ZS,2021,95.5
Cabo Verde,CPV,Individuals using the Internet (% of population),IT.NET.USER.ZS,2021,70.28250122
Niger,NER,GDP (current US$),NY.GDP.MKTP.CD,2022,15433852712.2963
Niger,NER,GDP per capita (current US$),NY.GDP.PCAP.CD,2022,609.745147574878
Niger,NER,GDP growth (annual %),NY.GDP.MKTP.KD.ZG,2022,11.9000000000277
Niger,NER,"Inflation, consumer prices (annual %)",FP.CPI.TOTL.ZG,2022,4.22621791916392
Niger,NER,"Population, total",SP.POP.TOTL,2022,25311973.0
Niger,NER,Urban population (% of total population),SP.URB.TOTL.IN.ZS,2022,17.477207007512
Niger,NER,Population growth (annual %),SP.POP.GROW,2022,3.25170642220024
Niger,NER,Poverty headcount ratio at $3.00 a day (2021 PPP) (% of population),SI.POV.DDAY,2022,
Niger,NER,Gini index,SI.POV.GINI,2022,
Niger,NER,"School enrollment, primary (% gross)",SE.PRM.ENRR,2022,66.2539719118599
Niger,NER,"School enrollment, secondary (% gross)",SE.SEC.ENRR,2022,
Niger,NER,"Literacy rate, adult total (% of people ages 15 and above)",SE.ADT.LITR.ZS,2022,35.6100006103516
Niger,NER,"Mortality rate, under-5 (per 1,000 live births)",SH.DYN.MORT,2022,116.0
Niger,NER,"Life expectancy at birth, total (years)",SP.DYN.LE00.IN,2022,60.398
Niger,NER,Current health expenditure (% of GDP),SH.XPD.CHEX.GD.ZS,2022,4.34980488
Niger,NER,People using at least basic drinking water services (% of population),SH.H2O.BASW.ZS,2022,52.0806785975452
Niger,NER,Access to electricity (% of population),EG.ELC.ACCS.ZS,2022,19.5
Niger,NER,Individuals using the Internet (% of population),IT.NET.USER.ZS,2022,13.08749962
Nigeria,NGA,GDP (current US$),NY.GDP.MKTP.CD,2022,646950257577.814
Nigeria,NGA,GDP per capita (current US$),NY.GDP.PCAP.CD,2022,2899.16047470324
Nigeria,NGA,GDP growth (annual %),NY.GDP.MKTP.KD.ZG,2022,4.31882949523192
Nigeria,NGA,"Inflation, consumer prices (annual %)",FP.CPI.TOTL.ZG,2022,18.8471877843274
Nigeria,NGA,"Population, total",SP.POP.TOTL,2022,223150896.0
Nigeria,NGA,Urban population (% of total population),SP.URB.TOTL.IN.ZS,2022,61.3727650622225
Nigeria,NGA,Population growth (annual %),SP.POP.GROW,2022,2.09281687128387
Nigeria,NGA,Poverty headcount ratio at $3.00 a day (2021 PPP) (% of population),SI.POV.DDAY,2022,41.8
Nigeria,NGA,Gini index,SI.POV.GINI,2022,33.9
Nigeria,NGA,"School enrollment, primary (% gross)",SE.PRM.ENRR,2022,
Nigeria,NGA,"School enrollment, secondary (% gross)",SE.SEC.ENRR,2022,
Nigeria,NGA,"Literacy rate, adult total (% of people ages 15 and above)",SE.ADT.LITR.ZS,2022,
Nigeria,NGA,"Mortality rate, under-5 (per 1,000 live births)",SH.DYN.MORT,2022,117.5
Nigeria,NGA,"Life expectancy at birth, total (years)",SP.DYN.LE00.IN,2022,54.079
Nigeria,NGA,Current health expenditure (% of GDP),SH.XPD.CHEX.GD.ZS,2022,4.21020174
Nigeria,NGA,People using at least basic drinking water services (% of population),SH.H2O.BASW.ZS,2022,79.457946920672
Nigeria,NGA,Access to electricity (% of population),EG.ELC.ACCS.ZS,2022,60.5
Nigeria,NGA,Individuals using the Internet (% of population),IT.NET.USER.ZS,2022,39.14720154
Senegal,SEN,GDP (current US$),NY.GDP.MKTP.CD,2022,27783332222.6759
Senegal,SEN,GDP per capita (current US$),NY.GDP.PCAP.CD,2022,1574.0281059306
Senegal,SEN,GDP growth (annual %),NY.GDP.MKTP.KD.ZG,2022,3.85043193735768
Senegal,SEN,"Inflation, consumer prices (annual %)",FP.CPI.TOTL.ZG,2022,9.69681899081073
Senegal,SEN,"Population, total",SP.POP.TOTL,2022,17651103.0
Senegal,SEN,Urban population (% of total population),SP.URB.TOTL.IN.ZS,2022,53.4435061024348
Senegal,SEN,Population growth (annual %),SP.POP.GROW,2022,2.46764281803509
Senegal,SEN,Poverty headcount ratio at $3.00 a day (2021 PPP) (% of population),SI.POV.DDAY,2022,
Senegal,SEN,Gini index,SI.POV.GINI,2022,
Senegal,SEN,"School enrollment, primary (% gross)",SE.PRM.ENRR,2022,84.2733198273584
Senegal,SEN,"School enrollment, secondary (% gross)",SE.SEC.ENRR,2022,45.3756792066535
Senegal,SEN,"Literacy rate, adult total (% of people ages 15 and above)",SE.ADT.LITR.ZS,2022,
Senegal,SEN,"Mortality rate, under-5 (per 1,000 live births)",SH.DYN.MORT,2022,40.1
Senegal,SEN,"Life expectancy at birth, total (years)",SP.DYN.LE00.IN,2022,67.788
Senegal,SEN,Current health expenditure (% of GDP),SH.XPD.CHEX.GD.ZS,2022,4.0444808
Senegal,SEN,People using at least basic drinking water services (% of population),SH.H2O.BASW.ZS,2022,85.7796288430834
Senegal,SEN,Access to electricity (% of population),EG.ELC.ACCS.ZS,2022,67.9
Senegal,SEN,Individuals using the Internet (% of population),IT.NET.USER.ZS,2022,56.82830048
Cote d'Ivoire,CIV,GDP (current US$),NY.GDP.MKTP.CD,2022,70922824813.9102
Cote d'Ivoire,CIV,GDP per capita (current US$),NY.GDP.PCAP.CD,2022,2333.37128301259
Cote d'Ivoire,CIV,GDP growth (annual %),NY.GDP.MKTP.KD.ZG,2022,6.39988362720531
Cote d'Ivoire,CIV,"Inflation, consumer prices (annual %)",FP.CPI.TOTL.ZG,2022,5.23352856100842
Cote d'Ivoire,CIV,"Population, total",SP.POP.TOTL,2022,30395002.0
Cote d'Ivoire,CIV,Urban population (% of total population),SP.URB.TOTL.IN.ZS,2022,52.8492549676673
Cote d'Ivoire,CIV,Population growth (annual %),SP.POP.GROW,2022,2.51622934953513
Cote d'Ivoire,CIV,Poverty headcount ratio at $3.00 a day (2021 PPP) (% of population),SI.POV.DDAY,2022,
Cote d'Ivoire,CIV,Gini index,SI.POV.GINI,2022,
Cote d'Ivoire,CIV,"School enrollment, primary (% gross)",SE.PRM.ENRR,2022,86.4545838787778
Cote d'Ivoire,CIV,"School enrollment, secondary (% gross)",SE.SEC.ENRR,2022,54.0714108290486
Cote d'Ivoire,CIV,"Literacy rate, adult total (% of people ages 15 and above)",SE.ADT.LITR.ZS,2022,
Cote d'Ivoire,CIV,"Mortality rate, under-5 (per 1,000 live births)",SH.DYN.MORT,2022,68.7
Cote d'Ivoire,CIV,"Life expectancy at birth, total (years)",SP.DYN.LE00.IN,2022,61.562
Cote d'Ivoire,CIV,Current health expenditure (% of GDP),SH.XPD.CHEX.GD.ZS,2022,3.63847613
Cote d'Ivoire,CIV,People using at least basic drinking water services (% of population),SH.H2O.BASW.ZS,2022,76.6566348508061
Cote d'Ivoire,CIV,Access to electricity (% of population),EG.ELC.ACCS.ZS,2022,72.0
Cote d'Ivoire,CIV,Individuals using the Internet (% of population),IT.NET.USER.ZS,2022,38.41328122
Ghana,GHA,GDP (current US$),NY.GDP.MKTP.CD,2022,73919003209.9866
Ghana,GHA,GDP per capita (current US$),NY.GDP.PCAP.CD,2022,2229.89122647803
Ghana,GHA,GDP growth (annual %),NY.GDP.MKTP.KD.ZG,2022,3.80484980952164
Ghana,GHA,"Inflation, consumer prices (annual %)",FP.CPI.TOTL.ZG,2022,31.2558951049016
Ghana,GHA,"Population, total",SP.POP.TOTL,2022,33149152.0
Ghana,GHA,Urban population (% of total population),SP.URB.TOTL.IN.ZS,2022,57.250609602871
Ghana,GHA,Population growth (annual %),SP.POP.GROW,2022,1.92029034344132
Ghana,GHA,Poverty headcount ratio at $3.00 a day (2021 PPP) (% of population),SI.POV.DDAY,2022,
Ghana,GHA,Gini index,SI.POV.GINI,2022,
Ghana,GHA,"School enrollment, primary (% gross)",SE.PRM.ENRR,2022,98.2318953247047
Ghana,GHA,"School enrollment, secondary (% gross)",SE.SEC.ENRR,2022,77.8168696801948
Ghana,GHA,"Literacy rate, adult total (% of people ages 15 and above)",SE.ADT.LITR.ZS,2022,
Ghana,GHA,"Mortality rate, under-5 (per 1,000 live births)",SH.DYN.MORT,2022,38.6
Ghana,GHA,"Life expectancy at birth, total (years)",SP.DYN.LE00.IN,2022,65.246
Ghana,GHA,Current health expenditure (% of GDP),SH.XPD.CHEX.GD.ZS,2022,3.67459154
Ghana,GHA,People using at least basic drinking water services (% of population),SH.H2O.BASW.ZS,2022,87.8775520835237
Ghana,GHA,Access to electricity (% of population),EG.ELC.ACCS.ZS,2022,85.1
Ghana,GHA,Individuals using the Internet (% of population),IT.NET.USER.ZS,2022,69.91329956
Benin,BEN,GDP (current US$),NY.GDP.MKTP.CD,2022,17425405090.862
Benin,BEN,GDP per capita (current US$),NY.GDP.PCAP.CD,2022,1266.42711031904
Benin,BEN,GDP growth (annual %),NY.GDP.MKTP.KD.ZG,2022,6.25294705373625
Benin,BEN,"Inflation, consumer prices (annual %)",FP.CPI.TOTL.ZG,2022,1.35077863583527
Benin,BEN,"Population, total",SP.POP.TOTL,2022,13759501.0
Benin,BEN,Urban population (% of total population),SP.URB.TOTL.IN.ZS,2022,50.9627000010887
Benin,BEN,Population growth (annual %),SP.POP.GROW,2022,2.54740926342667
Benin,BEN,Poverty headcount ratio at $3.00 a day (2021 PPP) (% of population),SI.POV.DDAY,2022,
Benin,BEN,Gini index,SI.POV.GINI,2022,
Benin,BEN,"School enrollment, primary (% gross)",SE.PRM.ENRR,2022,108.036239624023
Benin,BEN,"School enrollment, secondary (% gross)",SE.SEC.ENRR,2022,43.5606498718262
Benin,BEN,"Literacy rate, adult total (% of people ages 15 and above)",SE.ADT.LITR.ZS,2022,51.3800010681152
Benin,BEN,"Mortality rate, under-5 (per 1,000 live births)",SH.DYN.MORT,2022,79.6
Benin,BEN,"Life expectancy at birth, total (years)",SP.DYN.LE00.IN,2022,60.475
Benin,BEN,Current health expenditure (% of GDP),SH.XPD.CHEX.GD.ZS,2022,2.98184395
Benin,BEN,People using at least basic drinking water services (% of population),SH.H2O.BASW.ZS,2022,68.9589815769274
Benin,BEN,Access to electricity (% of population),EG.ELC.ACCS.ZS,2022,56.5
Benin,BEN,Individuals using the Internet (% of population),IT.NET.USER.ZS,2022,30.53730011
Burkina Faso,BFA,GDP (current US$),NY.GDP.MKTP.CD,2022,18622421394.6133
Burkina Faso,BFA,GDP per capita (current US$),NY.GDP.PCAP.CD,2022,827.330843486661
Burkina Faso,BFA,GDP growth (annual %),NY.GDP.MKTP.KD.ZG,2022,1.62673258211919
Burkina Faso,BFA,"Inflation, consumer prices (annual %)",FP.CPI.TOTL.ZG,2022,14.2902354303358
Burkina Faso,BFA,"Population, total",SP.POP.TOTL,2022,22509038.0
Burkina Faso,BFA,Urban population (% of total population),SP.URB.TOTL.IN.ZS,2022,27.2791369742712
Burkina Faso,BFA,Population growth (annual %),SP.POP.GROW,2022,2.30907147387783
Burkina Faso,BFA,Poverty headcount ratio at $3.00 a day (2021 PPP) (% of population),SI.POV.DDAY,2022,
Burkina Faso,BFA,Gini index,SI.POV.GINI,2022,
Burkina Faso,BFA,"School enrollment, primary (% gross)",SE.PRM.ENRR,2022,82.2567064320916
Burkina Faso,BFA,"School enrollment, secondary (% gross)",SE.SEC.ENRR,2022,33.6212866168282
Burkina Faso,BFA,"Literacy rate, adult total (% of people ages 15 and above)",SE.ADT.LITR.ZS,2022,40.9199981689453
Burkina Faso,BFA,"Mortality rate, under-5 (per 1,000 live births)",SH.DYN.MORT,2022,79.8
Burkina Faso,BFA,"Life expectancy at birth, total (years)",SP.DYN.LE00.IN,2022,60.7
Burkina Faso,BFA,Current health expenditure (% of GDP),SH.XPD.CHEX.GD.ZS,2022,7.41435528
Burkina Faso,BFA,People using at least basic drinking water services (% of population),SH.H2O.BASW.ZS,2022,49.7662606215165
Burkina Faso,BFA,Access to electricity (% of population),EG.ELC.ACCS.ZS,2022,19.5
Burkina Faso,BFA,Individuals using the Internet (% of population),IT.NET.USER.ZS,2022,25.3987999
Mali,MLI,GDP (current US$),NY.GDP.MKTP.CD,2022,22539987718.7642
Mali,MLI,GDP per capita (current US$),NY.GDP.PCAP.CD,2022,976.914116406452
Mali,MLI,GDP growth (annual %),NY.GDP.MKTP.KD.ZG,2022,3.70319027595568
Mali,MLI,"Inflation, consumer prices (annual %)",FP.CPI.TOTL.ZG,2022,9.62147608489064
Mali,MLI,"Population, total",SP.POP.TOTL,2022,23072640.0
Mali,MLI,Urban population (% of total population),SP.URB.TOTL.IN.ZS,2022,30.4015705681899
Mali,MLI,Population growth (annual %),SP.POP.GROW,2022,3.00942592606239
Mali,MLI,Poverty headcount ratio at $3.00 a day (2021 PPP) (% of population),SI.POV.DDAY,2022,
Mali,MLI,Gini index,SI.POV.GINI,2022,
Mali,MLI,"School enrollment, primary (% gross)",SE.PRM.ENRR,2022,
Mali,MLI,"School enrollment, secondary (% gross)",SE.SEC.ENRR,2022,
Mali,MLI,"Literacy rate, adult total (% of people ages 15 and above)",SE.ADT.LITR.ZS,2022,
Mali,MLI,"Mortality rate, under-5 (per 1,000 live births)",SH.DYN.MORT,2022,79.7
Mali,MLI,"Life expectancy at birth, total (years)",SP.DYN.LE00.IN,2022,60.035
Mali,MLI,Current health expenditure (% of GDP),SH.XPD.CHEX.GD.ZS,2022,3.72170115
Mali,MLI,People using at least basic drinking water services (% of population),SH.H2O.BASW.ZS,2022,83.6801195841677
Mali,MLI,Access to electricity (% of population),EG.ELC.ACCS.ZS,2022,53.0
Mali,MLI,Individuals using the Internet (% of population),IT.NET.USER.ZS,2022,35.19919968
Mauritania,MRT,GDP (current US$),NY.GDP.MKTP.CD,2022,9557966698.25369
Mauritania,MRT,GDP per capita (current US$),NY.GDP.PCAP.CD,2022,1960.35240077424
Mauritania,MRT,GDP growth (annual %),NY.GDP.MKTP.KD.ZG,2022,6.79600500489967
Mauritania,MRT,"Inflation, consumer prices (annual %)",FP.CPI.TOTL.ZG,2022,9.52526628622843
Mauritania,MRT,"Population, total",SP.POP.TOTL,2022,4875637.0
Mauritania,MRT,Urban population (% of total population),SP.URB.TOTL.IN.ZS,2022,58.8120996197226
Mauritania,MRT,Population growth (annual %),SP.POP.GROW,2022,2.92956466448208
Mauritania,MRT,Poverty headcount ratio at $3.00 a day (2021 PPP) (% of population),SI.POV.DDAY,2022,
Mauritania,MRT,Gini index,SI.POV.GINI,2022,
Mauritania,MRT,"School enrollment, primary (% gross)",SE.PRM.ENRR,2022,
Mauritania,MRT,"School enrollment, secondary (% gross)",SE.SEC.ENRR,2022,
Mauritania,MRT,"Literacy rate, adult total (% of people ages 15 and above)",SE.ADT.LITR.ZS,2022,
Mauritania,MRT,"Mortality rate, under-5 (per 1,000 live births)",SH.DYN.MORT,2022,39.4
Mauritania,MRT,"Life expectancy at birth, total (years)",SP.DYN.LE00.IN,2022,68.281
Mauritania,MRT,Current health expenditure (% of GDP),SH.XPD.CHEX.GD.ZS,2022,4.66962671
Mauritania,MRT,People using at least basic drinking water services (% of population),SH.H2O.BASW.ZS,2022,74.8619034584031
Mauritania,MRT,Access to electricity (% of population),EG.ELC.ACCS.ZS,2022,49.0
Mauritania,MRT,Individuals using the Internet (% of population),IT.NET.USER.ZS,2022,42.46450043
Togo,TGO,GDP (current US$),NY.GDP.MKTP.CD,2022,8646453099.4124
Togo,TGO,GDP per capita (current US$),NY.GDP.PCAP.CD,2022,951.232378690387
Togo,TGO,GDP growth (annual %),NY.GDP.MKTP.KD.ZG,2022,6.29443692019429
Togo,TGO,"Inflation, consumer prices (annual %)",FP.CPI.TOTL.ZG,2022,7.96757361617945
Togo,TGO,"Population, total",SP.POP.TOTL,2022,9089738.0
Togo,TGO,Urban population (% of total population),SP.URB.TOTL.IN.ZS,2022,42.7332327975627
Togo,TGO,Population growth (annual %),SP.POP.GROW,2022,2.35270895960531
Togo,TGO,Poverty headcount ratio at $3.00 a day (2021 PPP) (% of population),SI.POV.DDAY,2022,
Togo,TGO,Gini index,SI.POV.GINI,2022,
Togo,TGO,"School enrollment, primary (% gross)",SE.PRM.ENRR,2022,118.42316752898
Togo,TGO,"School enrollment, secondary (% gross)",SE.SEC.ENRR,2022,
Togo,TGO,"Literacy rate, adult total (% of people ages 15 and above)",SE.ADT.LITR.ZS,2022,72.5999984741211
Togo,TGO,"Mortality rate, under-5 (per 1,000 live births)",SH.DYN.MORT,2022,60.0
Togo,TGO,"Life expectancy at birth, total (years)",SP.DYN.LE00.IN,2022,62.292
Togo,TGO,Current health expenditure (% of GDP),SH.XPD.CHEX.GD.ZS,2022,6.24094057
Togo,TGO,People using at least basic drinking water services (% of population),SH.H2O.BASW.ZS,2022,62.7656132616006
Togo,TGO,Access to electricity (% of population),EG.ELC.ACCS.ZS,2022,57.2
Togo,TGO,Individuals using the Internet (% of population),IT.NET.USER.ZS,2022,35.60749817
Guinea,GIN,GDP (current US$),NY.GDP.MKTP.CD,2022,19910452541.9219
Guinea,GIN,GDP per capita (current US$),NY.GDP.PCAP.CD,2022,1416.59612011764
Guinea,GIN,GDP growth (annual %),NY.GDP.MKTP.KD.ZG,2022,3.97240784200721
Guinea,GIN,"Inflation, consumer prices (annual %)",FP.CPI.TOTL.ZG,2022,10.4930409984424
Guinea,GIN,"Population, total",SP.POP.TOTL,2022,14055137.0
Guinea,GIN,Urban population (% of total population),SP.URB.TOTL.IN.ZS,2022,37.2384967469106
Guinea,GIN,Population growth (annual %),SP.POP.GROW,2022,2.48250409145397
Guinea,GIN,Poverty headcount ratio at $3.00 a day (2021 PPP) (% of population),SI.POV.DDAY,2022,
Guinea,GIN,Gini index,SI.POV.GINI,2022,
Guinea,GIN,"School enrollment, primary (% gross)",SE.PRM.ENRR,2022,
Guinea,GIN,"School enrollment, secondary (% gross)",SE.SEC.ENRR,2022,
Guinea,GIN,"Literacy rate, adult total (% of people ages 15 and above)",SE.ADT.LITR.ZS,2022,
Guinea,GIN,"Mortality rate, under-5 (per 1,000 live births)",SH.DYN.MORT,2022,97.6
Guinea,GIN,"Life expectancy at birth, total (years)",SP.DYN.LE00.IN,2022,60.432
Guinea,GIN,Current health expenditure (% of GDP),SH.XPD.CHEX.GD.ZS,2022,3.83292699
Guinea,GIN,People using at least basic drinking water services (% of population),SH.H2O.BASW.ZS,2022,72.0532813701912
Guinea,GIN,Access to electricity (% of population),EG.ELC.ACCS.ZS,2022,47.7
Guinea,GIN,Individuals using the Internet (% of population),IT.NET.USER.ZS,2022,31.31399918
"Gambia, The",GMB,GDP (current US$),NY.GDP.MKTP.CD,2022,2204734527.88096
"Gambia, The",GMB,GDP per capita (current US$),NY.GDP.PCAP.CD,2022,836.244875868476
"Gambia, The",GMB,GDP growth (annual %),NY.GDP.MKTP.KD.ZG,2022,5.49299823010114
"Gambia, The",GMB,"Inflation, consumer prices (annual %)",FP.CPI.TOTL.ZG,2022,11.5131198380505
"Gambia, The",GMB,"Population, total",SP.POP.TOTL,2022,2636470.0
"Gambia, The",GMB,Urban population (% of total population),SP.URB.TOTL.IN.ZS,2022,63.2869880996278
"Gambia, The",GMB,Population growth (annual %),SP.POP.GROW,2022,2.31992109797091
"Gambia, The",GMB,Poverty headcount ratio at $3.00 a day (2021 PPP) (% of population),SI.POV.DDAY,2022,
"Gambia, The",GMB,Gini index,SI.POV.GINI,2022,
"Gambia, The",GMB,"School enrollment, primary (% gross)",SE.PRM.ENRR,2022,97.2781723362608
"Gambia, The",GMB,"School enrollment, secondary (% gross)",SE.SEC.ENRR,2022,
"Gambia, The",GMB,"Literacy rate, adult total (% of people ages 15 and above)",SE.ADT.LITR.ZS,2022,
"Gambia, The",GMB,"Mortality rate, under-5 (per 1,000 live births)",SH.DYN.MORT,2022,45.3
"Gambia, The",GMB,"Life expectancy at birth, total (years)",SP.DYN.LE00.IN,2022,64.859
"Gambia, The",GMB,Current health expenditure (% of GDP),SH.XPD.CHEX.GD.ZS,2022,3.53697729
"Gambia, The",GMB,People using at least basic drinking water services (% of population),SH.H2O.BASW.ZS,2022,86.3212416883552
"Gambia, The",GMB,Access to electricity (% of population),EG.ELC.ACCS.ZS,2022,65.4
"Gambia, The",GMB,Individuals using the Internet (% of population),IT.NET.USER.ZS,2022,48.22539902
Sierra Leone,SLE,GDP (current US$),NY.GDP.MKTP.CD,2022,7121125277.52542
Sierra Leone,SLE,GDP per capita (current US$),NY.GDP.PCAP.CD,2022,860.371067916096
Sierra Leone,SLE,GDP growth (annual %),NY.GDP.MKTP.KD.ZG,2022,5.3135546141915
Sierra Leone,SLE,"Inflation, consumer prices (annual %)",FP.CPI.TOTL.ZG,2022,27.2082883814653
Sierra Leone,SLE,"Population, total",SP.POP.TOTL,2022,8276807.0
Sierra Leone,SLE,Urban population (% of total population),SP.URB.TOTL.IN.ZS,2022,44.2666343543487
Sierra Leone,SLE,Population growth (annual %),SP.POP.GROW,2022,2.22598462352813
Sierra Leone,SLE,Poverty headcount ratio at $3.00 a day (2021 PPP) (% of population),SI.POV.DDAY,2022,
Sierra Leone,SLE,Gini index,SI.POV.GINI,2022,
Sierra Leone,SLE,"School enrollment, primary (% gross)",SE.PRM.ENRR,2022,163.173554667055
Sierra Leone,SLE,"School enrollment, secondary (% gross)",SE.SEC.ENRR,2022,
Sierra Leone,SLE,"Literacy rate, adult total (% of people ages 15 and above)",SE.ADT.LITR.ZS,2022,
Sierra Leone,SLE,"Mortality rate, under-5 (per 1,000 live births)",SH.DYN.MORT,2022,97.1
Sierra Leone,SLE,"Life expectancy at birth, total (years)",SP.DYN.LE00.IN,2022,61.275
Sierra Leone,SLE,Current health expenditure (% of GDP),SH.XPD.CHEX.GD.ZS,2022,4.80377436
Sierra Leone,SLE,People using at least basic drinking water services (% of population),SH.H2O.BASW.ZS,2022,65.7476533121916
Sierra Leone,SLE,Access to electricity (% of population),EG.ELC.ACCS.ZS,2022,29.4
Sierra Leone,SLE,Individuals using the Internet (% of population),IT.NET.USER.ZS,2022,21.50880051
Liberia,LBR,GDP (current US$),NY.GDP.MKTP.CD,2022,4001047000.0
Liberia,LBR,GDP per capita (current US$),NY.GDP.PCAP.CD,2022,744.617175237387
Liberia,LBR,GDP growth (annual %),NY.GDP.MKTP.KD.ZG,2022,4.80810517290655
Liberia,LBR,"Inflation, consumer prices (annual %)",FP.CPI.TOTL.ZG,2022,7.59298486560313
Liberia,LBR,"Population, total",SP.POP.TOTL,2022,5373294.0
Liberia,LBR,Urban population (% of total population),SP.URB.TOTL.IN.ZS,2022,54.4591057083
Liberia,LBR,Population growth (annual %),SP.POP.GROW,2022,2.14388170425267
Liberia,LBR,Poverty headcount ratio at $3.00 a day (2021 PPP) (% of population),SI.POV.DDAY,2022,
Liberia,LBR,Gini index,SI.POV.GINI,2022,
Liberia,LBR,"School enrollment, primary (% gross)",SE.PRM.ENRR,2022,66.5939255094706
Liberia,LBR,"School enrollment, secondary (% gross)",SE.SEC.ENRR,2022,
Liberia,LBR,"Literacy rate, adult total (% of people ages 15 and above)",SE.ADT.LITR.ZS,2022,
Liberia,LBR,"Mortality rate, under-5 (per 1,000 live births)",SH.DYN.MORT,2022,87.8
Liberia,LBR,"Life expectancy at birth, total (years)",SP.DYN.LE00.IN,2022,61.934
Liberia,LBR,Current health expenditure (% of GDP),SH.XPD.CHEX.GD.ZS,2022,13.58819675
Liberia,LBR,People using at least basic drinking water services (% of population),SH.H2O.BASW.ZS,2022,77.5249138658914
Liberia,LBR,Access to electricity (% of population),EG.ELC.ACCS.ZS,2022,31.8
Liberia,LBR,Individuals using the Internet (% of population),IT.NET.USER.ZS,2022,30.38010025
Guinea-Bissau,GNB,GDP (current US$),NY.GDP.MKTP.CD,2022,1859601384.05928
Guinea-Bissau,GNB,GDP per capita (current US$),NY.GDP.PCAP.CD,2022,883.199131457831
Guinea-Bissau,GNB,GDP growth (annual %),NY.GDP.MKTP.KD.ZG,2022,5.52987253058352
Guinea-Bissau,GNB,"Inflation, consumer prices (annual %)",FP.CPI.TOTL.ZG,2022,9.39075933985203
Guinea-Bissau,GNB,"Population, total",SP.POP.TOTL,2022,2105529.0
Guinea-Bissau,GNB,Urban population (% of total population),SP.URB.TOTL.IN.ZS,2022,45.1627159118652
Guinea-Bissau,GNB,Population growth (annual %),SP.POP.GROW,2022,2.24235388639993
Guinea-Bissau,GNB,Poverty headcount ratio at $3.00 a day (2021 PPP) (% of population),SI.POV.DDAY,2022,
Guinea-Bissau,GNB,Gini index,SI.POV.GINI,2022,
Guinea-Bissau,GNB,"School enrollment, primary (% gross)",SE.PRM.ENRR,2022,
Guinea-Bissau,GNB,"School enrollment, secondary (% gross)",SE.SEC.ENRR,2022,
Guinea-Bissau,GNB,"Literacy rate, adult total (% of people ages 15 and above)",SE.ADT.LITR.ZS,2022,63.9300003051758
Guinea-Bissau,GNB,"Mortality rate, under-5 (per 1,000 live births)",SH.DYN.MORT,2022,72.0
Guinea-Bissau,GNB,"Life expectancy at birth, total (years)",SP.DYN.LE00.IN,2022,63.605
Guinea-Bissau,GNB,Current health expenditure (% of GDP),SH.XPD.CHEX.GD.ZS,2022,8.33752728
Guinea-Bissau,GNB,People using at least basic drinking water services (% of population),SH.H2O.BASW.ZS,2022,61.6363537721631
Guinea-Bissau,GNB,Access to electricity (% of population),EG.ELC.ACCS.ZS,2022,37.4
Guinea-Bissau,GNB,Individuals using the Internet (% of population),IT.NET.USER.ZS,2022,27.67379951
Cabo Verde,CPV,GDP (current US$),NY.GDP.MKTP.CD,2022,2247003344.34242
Cabo Verde,CPV,GDP per capita (current US$),NY.GDP.PCAP.CD,2022,4323.31362032709
Cabo Verde,CPV,GDP growth (annual %),NY.GDP.MKTP.KD.ZG,2022,15.843675684642
Cabo Verde,CPV,"Inflation, consumer prices (annual %)",FP.CPI.TOTL.ZG,2022,7.93092928079189
Cabo Verde,CPV,"Population, total",SP.POP.TOTL,2022,519741.0
Cabo Verde,CPV,Urban population (% of total population),SP.URB.TOTL.IN.ZS,2022,75.033738060849
Cabo Verde,CPV,Population growth (annual %),SP.POP.GROW,2022,0.596688345869947
Cabo Verde,CPV,Poverty headcount ratio at $3.00 a day (2021 PPP) (% of population),SI.POV.DDAY,2022,
Cabo Verde,CPV,Gini index,SI.POV.GINI,2022,
Cabo Verde,CPV,"School enrollment, primary (% gross)",SE.PRM.ENRR,2022,102.973013922324
Cabo Verde,CPV,"School enrollment, secondary (% gross)",SE.SEC.ENRR,2022,96.4315940376876
Cabo Verde,CPV,"Literacy rate, adult total (% of people ages 15 and above)",SE.ADT.LITR.ZS,2022,
Cabo Verde,CPV,"Mortality rate, under-5 (per 1,000 live births)",SH.DYN.MORT,2022,12.1
Cabo Verde,CPV,"Life expectancy at birth, total (years)",SP.DYN.LE00.IN,2022,75.907
Cabo Verde,CPV,Current health expenditure (% of GDP),SH.XPD.CHEX.GD.ZS,2022,6.70243406
Cabo Verde,CPV,People using at least basic drinking water services (% of population),SH.H2O.BASW.ZS,2022,90.0089261333879
Cabo Verde,CPV,Access to electricity (% of population),EG.ELC.ACCS.ZS,2022,97.1
Cabo Verde,CPV,Individuals using the Internet (% of population),IT.NET.USER.ZS,2022,73.32740021
Niger,NER,GDP (current US$),NY.GDP.MKTP.CD,2023,16698786977.59
Niger,NER,GDP per capita (current US$),NY.GDP.PCAP.CD,2023,638.336080897887
Niger,NER,GDP growth (annual %),NY.GDP.MKTP.KD.ZG,2023,1.66763406484279
Niger,NER,"Inflation, consumer prices (annual %)",FP.CPI.TOTL.ZG,2023,3.70097316425834
Niger,NER,"Population, total",SP.POP.TOTL,2023,26159867.0
Niger,NER,Urban population (% of total population),SP.URB.TOTL.IN.ZS,2023,17.7506873295237
Niger,NER,Population growth (annual %),SP.POP.GROW,2023,3.29489175812772
Niger,NER,Poverty headcount ratio at $3.00 a day (2021 PPP) (% of population),SI.POV.DDAY,2023,
Niger,NER,Gini index,SI.POV.GINI,2023,
Niger,NER,"School enrollment, primary (% gross)",SE.PRM.ENRR,2023,66.8804779933272
Niger,NER,"School enrollment, secondary (% gross)",SE.SEC.ENRR,2023,21.5605140503495
Niger,NER,"Literacy rate, adult total (% of people ages 15 and above)",SE.ADT.LITR.ZS,2023,
Niger,NER,"Mortality rate, under-5 (per 1,000 live births)",SH.DYN.MORT,2023,113.5
Niger,NER,"Life expectancy at birth, total (years)",SP.DYN.LE00.IN,2023,61.183
Niger,NER,Current health expenditure (% of GDP),SH.XPD.CHEX.GD.ZS,2023,4.04895782
Niger,NER,People using at least basic drinking water services (% of population),SH.H2O.BASW.ZS,2023,52.7552521305404
Niger,NER,Access to electricity (% of population),EG.ELC.ACCS.ZS,2023,20.1
Niger,NER,Individuals using the Internet (% of population),IT.NET.USER.ZS,2023,12.98079967
Nigeria,NGA,GDP (current US$),NY.GDP.MKTP.CD,2023,487387801880.597
Nigeria,NGA,GDP per capita (current US$),NY.GDP.PCAP.CD,2023,2138.76383719983
Nigeria,NGA,GDP growth (annual %),NY.GDP.MKTP.KD.ZG,2023,3.32684556421316
Nigeria,NGA,"Inflation, consumer prices (annual %)",FP.CPI.TOTL.ZG,2023,24.659550203114
Nigeria,NGA,"Population, total",SP.POP.TOTL,2023,227882945.0
Nigeria,NGA,Urban population (% of total population),SP.URB.TOTL.IN.ZS,2023,62.1746763155343
Nigeria,NGA,Population growth (annual %),SP.POP.GROW,2023,2.09838916935738
Nigeria,NGA,Poverty headcount ratio at $3.00 a day (2021 PPP) (% of population),SI.POV.DDAY,2023,
Nigeria,NGA,Gini index,SI.POV.GINI,2023,
Nigeria,NGA,"School enrollment, primary (% gross)",SE.PRM.ENRR,2023,89.5871124267578
Nigeria,NGA,"School enrollment, secondary (% gross)",SE.SEC.ENRR,2023,46.8931503295898
Nigeria,NGA,"Literacy rate, adult total (% of people ages 15 and above)",SE.ADT.LITR.ZS,2023,
Nigeria,NGA,"Mortality rate, under-5 (per 1,000 live births)",SH.DYN.MORT,2023,116.8
Nigeria,NGA,"Life expectancy at birth, total (years)",SP.DYN.LE00.IN,2023,54.462
Nigeria,NGA,Current health expenditure (% of GDP),SH.XPD.CHEX.GD.ZS,2023,4.19086456
Nigeria,NGA,People using at least basic drinking water services (% of population),SH.H2O.BASW.ZS,2023,81.0772897042816
Nigeria,NGA,Access to electricity (% of population),EG.ELC.ACCS.ZS,2023,61.2
Nigeria,NGA,Individuals using the Internet (% of population),IT.NET.USER.ZS,2023,40.06399918
Senegal,SEN,GDP (current US$),NY.GDP.MKTP.CD,2023,30696331295.7826
Senegal,SEN,GDP per capita (current US$),NY.GDP.PCAP.CD,2023,1698.03387300843
Senegal,SEN,GDP growth (annual %),NY.GDP.MKTP.KD.ZG,2023,4.2574308328029
Senegal,SEN,"Inflation, consumer prices (annual %)",FP.CPI.TOTL.ZG,2023,5.93947798773215
Senegal,SEN,"Population, total",SP.POP.TOTL,2023,18077573.0
Senegal,SEN,Urban population (% of total population),SP.URB.TOTL.IN.ZS,2023,54.6992276190794
Senegal,SEN,Population growth (annual %),SP.POP.GROW,2023,2.38738348832592
Senegal,SEN,Poverty headcount ratio at $3.00 a day (2021 PPP) (% of population),SI.POV.DDAY,2023,
Senegal,SEN,Gini index,SI.POV.GINI,2023,
Senegal,SEN,"School enrollment, primary (% gross)",SE.PRM.ENRR,2023,85.4523658596434
Senegal,SEN,"School enrollment, secondary (% gross)",SE.SEC.ENRR,2023,44.0673682244069
Senegal,SEN,"Literacy rate, adult total (% of people ages 15 and above)",SE.ADT.LITR.ZS,2023,50.3600006103516
Senegal,SEN,"Mortality rate, under-5 (per 1,000 live births)",SH.DYN.MORT,2023,38.2
Senegal,SEN,"Life expectancy at birth, total (years)",SP.DYN.LE00.IN,2023,68.683
Senegal,SEN,Current health expenditure (% of GDP),SH.XPD.CHEX.GD.ZS,2023,4.32314825
Senegal,SEN,People using at least basic drinking water services (% of population),SH.H2O.BASW.ZS,2023,86.915566820325
Senegal,SEN,Access to electricity (% of population),EG.ELC.ACCS.ZS,2023,74.2
Senegal,SEN,Individuals using the Internet (% of population),IT.NET.USER.ZS,2023,59.18740082
Cote d'Ivoire,CIV,GDP (current US$),NY.GDP.MKTP.CD,2023,80780312569.1646
Cote d'Ivoire,CIV,GDP per capita (current US$),NY.GDP.PCAP.CD,2023,2591.9659048119
Cote d'Ivoire,CIV,GDP growth (annual %),NY.GDP.MKTP.KD.ZG,2023,6.60000045223954
Cote d'Ivoire,CIV,"Inflation, consumer prices (annual %)",FP.CPI.TOTL.ZG,2023,4.36972254867474
Cote d'Ivoire,CIV,"Population, total",SP.POP.TOTL,2023,31165654.0
Cote d'Ivoire,CIV,Urban population (% of total population),SP.URB.TOTL.IN.ZS,2023,53.4075201638704
Cote d'Ivoire,CIV,Population growth (annual %),SP.POP.GROW,2023,2.50384681190665
Cote d'Ivoire,CIV,Poverty headcount ratio at $3.00 a day (2021 PPP) (% of population),SI.POV.DDAY,2023,
Cote d'Ivoire,CIV,Gini index,SI.POV.GINI,2023,
Cote d'Ivoire,CIV,"School enrollment, primary (% gross)",SE.PRM.ENRR,2023,91.8093412241399
Cote d'Ivoire,CIV,"School enrollment, secondary (% gross)",SE.SEC.ENRR,2023,63.9607557764462
Cote d'Ivoire,CIV,"Literacy rate, adult total (% of people ages 15 and above)",SE.ADT.LITR.ZS,2023,
Cote d'Ivoire,CIV,"Mortality rate, under-5 (per 1,000 live births)",SH.DYN.MORT,2023,66.5
Cote d'Ivoire,CIV,"Life expectancy at birth, total (years)",SP.DYN.LE00.IN,2023,61.944
Cote d'Ivoire,CIV,Current health expenditure (% of GDP),SH.XPD.CHEX.GD.ZS,2023,3.43218303
Cote d'Ivoire,CIV,People using at least basic drinking water services (% of population),SH.H2O.BASW.ZS,2023,76.9878854497263
Cote d'Ivoire,CIV,Access to electricity (% of population),EG.ELC.ACCS.ZS,2023,72.4
Cote d'Ivoire,CIV,Individuals using the Internet (% of population),IT.NET.USER.ZS,2023,40.65284979
Ghana,GHA,GDP (current US$),NY.GDP.MKTP.CD,2023,80547146878.3843
Ghana,GHA,GDP per capita (current US$),NY.GDP.PCAP.CD,2023,2383.90410483418
Ghana,GHA,GDP growth (annual %),NY.GDP.MKTP.KD.ZG,2023,3.14009099763754
Ghana,GHA,"Inflation, consumer prices (annual %)",FP.CPI.TOTL.ZG,2023,38.1069656296501
Ghana,GHA,"Population, total",SP.POP.TOTL,2023,33787914.0
Ghana,GHA,Urban population (% of total population),SP.URB.TOTL.IN.ZS,2023,57.8074737774654
Ghana,GHA,Population growth (annual %),SP.POP.GROW,2023,1.90860289687983
Ghana,GHA,Poverty headcount ratio at $3.00 a day (2021 PPP) (% of population),SI.POV.DDAY,2023,
Ghana,GHA,Gini index,SI.POV.GINI,2023,
Ghana,GHA,"School enrollment, primary (% gross)",SE.PRM.ENRR,2023,
Ghana,GHA,"School enrollment, secondary (% gross)",SE.SEC.ENRR,2023,
Ghana,GHA,"Literacy rate, adult total (% of people ages 15 and above)",SE.ADT.LITR.ZS,2023,
Ghana,GHA,"Mortality rate, under-5 (per 1,000 live births)",SH.DYN.MORT,2023,37.2
Ghana,GHA,"Life expectancy at birth, total (years)",SP.DYN.LE00.IN,2023,65.498
Ghana,GHA,Current health expenditure (% of GDP),SH.XPD.CHEX.GD.ZS,2023,2.94686937
Ghana,GHA,People using at least basic drinking water services (% of population),SH.H2O.BASW.ZS,2023,88.8910495956232
Ghana,GHA,Access to electricity (% of population),EG.ELC.ACCS.ZS,2023,89.5
Ghana,GHA,Individuals using the Internet (% of population),IT.NET.USER.ZS,2023,70.67430115
Benin,BEN,GDP (current US$),NY.GDP.MKTP.CD,2023,19673291004.1444
Benin,BEN,GDP per capita (current US$),NY.GDP.PCAP.CD,2023,1394.17784721831
Benin,BEN,GDP growth (annual %),NY.GDP.MKTP.KD.ZG,2023,6.3527773854442
Benin,BEN,"Inflation, consumer prices (annual %)",FP.CPI.TOTL.ZG,2023,2.73870078406074
Benin,BEN,"Population, total",SP.POP.TOTL,2023,14111034.0
Benin,BEN,Urban population (% of total population),SP.URB.TOTL.IN.ZS,2023,51.7457922964593
Benin,BEN,Population growth (annual %),SP.POP.GROW,2023,2.52274772277722
Benin,BEN,Poverty headcount ratio at $3.00 a day (2021 PPP) (% of population),SI.POV.DDAY,2023,
Benin,BEN,Gini index,SI.POV.GINI,2023,
Benin,BEN,"School enrollment, primary (% gross)",SE.PRM.ENRR,2023,
Benin,BEN,"School enrollment, secondary (% gross)",SE.SEC.ENRR,2023,
Benin,BEN,"Literacy rate, adult total (% of people ages 15 and above)",SE.ADT.LITR.ZS,2023,
Benin,BEN,"Mortality rate, under-5 (per 1,000 live births)",SH.DYN.MORT,2023,77.2
Benin,BEN,"Life expectancy at birth, total (years)",SP.DYN.LE00.IN,2023,60.774
Benin,BEN,Current health expenditure (% of GDP),SH.XPD.CHEX.GD.ZS,2023,3.33732462
Benin,BEN,People using at least basic drinking water services (% of population),SH.H2O.BASW.ZS,2023,69.2752913846942
Benin,BEN,Access to electricity (% of population),EG.ELC.ACCS.ZS,2023,57.0
Benin,BEN,Individuals using the Internet (% of population),IT.NET.USER.ZS,2023,32.39400101
Burkina Faso,BFA,GDP (current US$),NY.GDP.MKTP.CD,2023,20112614449.2039
Burkina Faso,BFA,GDP per capita (current US$),NY.GDP.PCAP.CD,2023,873.482589651003
Burkina Faso,BFA,GDP growth (annual %),NY.GDP.MKTP.KD.ZG,2023,3.00027415814125
Burkina Faso,BFA,"Inflation, consumer prices (annual %)",FP.CPI.TOTL.ZG,2023,0.742910428668917
Burkina Faso,BFA,"Population, total",SP.POP.TOTL,2023,23025776.0
Burkina Faso,BFA,Urban population (% of total population),SP.URB.TOTL.IN.ZS,2023,27.7872478365158
Burkina Faso,BFA,Population growth (annual %),SP.POP.GROW,2023,2.26973666268599
Burkina Faso,BFA,Poverty headcount ratio at $3.00 a day (2021 PPP) (% of population),SI.POV.DDAY,2023,
Burkina Faso,BFA,Gini index,SI.POV.GINI,2023,
Burkina Faso,BFA,"School enrollment, primary (% gross)",SE.PRM.ENRR,2023,72.2385948607578
Burkina Faso,BFA,"School enrollment, secondary (% gross)",SE.SEC.ENRR,2023,30.8551216331757
Burkina Faso,BFA,"Literacy rate, adult total (% of people ages 15 and above)",SE.ADT.LITR.ZS,2023,41.5670909952631
Burkina Faso,BFA,"Mortality rate, under-5 (per 1,000 live births)",SH.DYN.MORT,2023,77.4
Burkina Faso,BFA,"Life expectancy at birth, total (years)",SP.DYN.LE00.IN,2023,61.092
Burkina Faso,BFA,Current health expenditure (% of GDP),SH.XPD.CHEX.GD.ZS,2023,7.79943228
Burkina Faso,BFA,People using at least basic drinking water services (% of population),SH.H2O.BASW.ZS,2023,49.4606606678806
Burkina Faso,BFA,Access to electricity (% of population),EG.ELC.ACCS.ZS,2023,21.7
Burkina Faso,BFA,Individuals using the Internet (% of population),IT.NET.USER.ZS,2023,25.36120033
Mali,MLI,GDP (current US$),NY.GDP.MKTP.CD,2023,24813860598.5307
Mali,MLI,GDP per capita (current US$),NY.GDP.PCAP.CD,2023,1043.9533853528
Mali,MLI,GDP growth (annual %),NY.GDP.MKTP.KD.ZG,2023,4.72541109080376
Mali,MLI,"Inflation, consumer prices (annual %)",FP.CPI.TOTL.ZG,2023,2.05880228274223
Mali,MLI,"Population, total",SP.POP.TOTL,2023,23769127.0
Mali,MLI,Urban population (% of total population),SP.URB.TOTL.IN.ZS,2023,31.0031889023235
Mali,MLI,Population growth (annual %),SP.POP.GROW,2023,2.97400537620334
Mali,MLI,Poverty headcount ratio at $3.00 a day (2021 PPP) (% of population),SI.POV.DDAY,2023,
Mali,MLI,Gini index,SI.POV.GINI,2023,
Mali,MLI,"School enrollment, primary (% gross)",SE.PRM.ENRR,2023,72.7972336510107
Mali,MLI,"School enrollment, secondary (% gross)",SE.SEC.ENRR,2023,38.9389470920545
Mali,MLI,"Literacy rate, adult total (% of people ages 15 and above)",SE.ADT.LITR.ZS,2023,
Mali,MLI,"Mortality rate, under-5 (per 1,000 live births)",SH.DYN.MORT,2023,76.2
Mali,MLI,"Life expectancy at birth, total (years)",SP.DYN.LE00.IN,2023,60.439
Mali,MLI,Current health expenditure (% of GDP),SH.XPD.CHEX.GD.ZS,2023,3.81316996
Mali,MLI,People using at least basic drinking water services (% of population),SH.H2O.BASW.ZS,2023,85.0789328815907
Mali,MLI,Access to electricity (% of population),EG.ELC.ACCS.ZS,2023,54.5
Mali,MLI,Individuals using the Internet (% of population),IT.NET.USER.ZS,2023,36.03879929
Mauritania,MRT,GDP (current US$),NY.GDP.MKTP.CD,2023,10726838461.3987
Mauritania,MRT,GDP per capita (current US$),NY.GDP.PCAP.CD,2023,2135.78187606359
Mauritania,MRT,GDP growth (annual %),NY.GDP.MKTP.KD.ZG,2023,6.80949001978621
Mauritania,MRT,"Inflation, consumer prices (annual %)",FP.CPI.TOTL.ZG,2023,4.95305034506872
Mauritania,MRT,"Population, total",SP.POP.TOTL,2023,5022441.0
Mauritania,MRT,Urban population (% of total population),SP.URB.TOTL.IN.ZS,2023,59.7142464747058
Mauritania,MRT,Population growth (annual %),SP.POP.GROW,2023,2.96653079197429
Mauritania,MRT,Poverty headcount ratio at $3.00 a day (2021 PPP) (% of population),SI.POV.DDAY,2023,
Mauritania,MRT,Gini index,SI.POV.GINI,2023,
Mauritania,MRT,"School enrollment, primary (% gross)",SE.PRM.ENRR,2023,104.015072968957
Mauritania,MRT,"School enrollment, secondary (% gross)",SE.SEC.ENRR,2023,
Mauritania,MRT,"Literacy rate, adult total (% of people ages 15 and above)",SE.ADT.LITR.ZS,2023,
Mauritania,MRT,"Mortality rate, under-5 (per 1,000 live births)",SH.DYN.MORT,2023,38.1
Mauritania,MRT,"Life expectancy at birth, total (years)",SP.DYN.LE00.IN,2023,68.484
Mauritania,MRT,Current health expenditure (% of GDP),SH.XPD.CHEX.GD.ZS,2023,4.34333467
Mauritania,MRT,People using at least basic drinking water services (% of population),SH.H2O.BASW.ZS,2023,76.416594605687
Mauritania,MRT,Access to electricity (% of population),EG.ELC.ACCS.ZS,2023,50.3
Mauritania,MRT,Individuals using the Internet (% of population),IT.NET.USER.ZS,2023,44.95629883
Togo,TGO,GDP (current US$),NY.GDP.MKTP.CD,2023,9816236302.58515
Togo,TGO,GDP per capita (current US$),NY.GDP.PCAP.CD,2023,1055.01727877926
Togo,TGO,GDP growth (annual %),NY.GDP.MKTP.KD.ZG,2023,6.19211576941919
Togo,TGO,"Inflation, consumer prices (annual %)",FP.CPI.TOTL.ZG,2023,5.48928568141131
Togo,TGO,"Population, total",SP.POP.TOTL,2023,9304337.0
Togo,TGO,Urban population (% of total population),SP.URB.TOTL.IN.ZS,2023,43.2496853032436
Togo,TGO,Population growth (annual %),SP.POP.GROW,2023,2.33345506489111
Togo,TGO,Poverty headcount ratio at $3.00 a day (2021 PPP) (% of population),SI.POV.DDAY,2023,
Togo,TGO,Gini index,SI.POV.GINI,2023,
Togo,TGO,"School enrollment, primary (% gross)",SE.PRM.ENRR,2023,116.335465545392
Togo,TGO,"School enrollment, secondary (% gross)",SE.SEC.ENRR,2023,63.4192515229188
Togo,TGO,"Literacy rate, adult total (% of people ages 15 and above)",SE.ADT.LITR.ZS,2023,
Togo,TGO,"Mortality rate, under-5 (per 1,000 live births)",SH.DYN.MORT,2023,58.1
Togo,TGO,"Life expectancy at birth, total (years)",SP.DYN.LE00.IN,2023,62.74
Togo,TGO,Current health expenditure (% of GDP),SH.XPD.CHEX.GD.ZS,2023,6.10829544
Togo,TGO,People using at least basic drinking water services (% of population),SH.H2O.BASW.ZS,2023,63.7824051013865
Togo,TGO,Access to electricity (% of population),EG.ELC.ACCS.ZS,2023,59.2
Togo,TGO,Individuals using the Internet (% of population),IT.NET.USER.ZS,2023,37.57020187
Guinea,GIN,GDP (current US$),NY.GDP.MKTP.CD,2023,22407615556.0571
Guinea,GIN,GDP per capita (current US$),NY.GDP.PCAP.CD,2023,1555.49375806861
Guinea,GIN,GDP growth (annual %),NY.GDP.MKTP.KD.ZG,2023,5.54172668627702
Guinea,GIN,"Inflation, consumer prices (annual %)",FP.CPI.TOTL.ZG,2023,7.80497591927973
Guinea,GIN,"Population, total",SP.POP.TOTL,2023,14405468.0
Guinea,GIN,Urban population (% of total population),SP.URB.TOTL.IN.ZS,2023,37.6454083954705
Guinea,GIN,Population growth (annual %),SP.POP.GROW,2023,2.46199049961035
Guinea,GIN,Poverty headcount ratio at $3.00 a day (2021 PPP) (% of population),SI.POV.DDAY,2023,
Guinea,GIN,Gini index,SI.POV.GINI,2023,
Guinea,GIN,"School enrollment, primary (% gross)",SE.PRM.ENRR,2023,
Guinea,GIN,"School enrollment, secondary (% gross)",SE.SEC.ENRR,2023,
Guinea,GIN,"Literacy rate, adult total (% of people ages 15 and above)",SE.ADT.LITR.ZS,2023,
Guinea,GIN,"Mortality rate, under-5 (per 1,000 live births)",SH.DYN.MORT,2023,95.0
Guinea,GIN,"Life expectancy at birth, total (years)",SP.DYN.LE00.IN,2023,60.74
Guinea,GIN,Current health expenditure (% of GDP),SH.XPD.CHEX.GD.ZS,2023,3.69442987
Guinea,GIN,People using at least basic drinking water services (% of population),SH.H2O.BASW.ZS,2023,73.3743676551949
Guinea,GIN,Access to electricity (% of population),EG.ELC.ACCS.ZS,2023,51.1
Guinea,GIN,Individuals using the Internet (% of population),IT.NET.USER.ZS,2023,32.31560135
"Gambia, The",GMB,GDP (current US$),NY.GDP.MKTP.CD,2023,2382262184.68273
"Gambia, The",GMB,GDP per capita (current US$),NY.GDP.PCAP.CD,2023,883.024111719809
"Gambia, The",GMB,GDP growth (annual %),NY.GDP.MKTP.KD.ZG,2023,5.9167957146697
"Gambia, The",GMB,"Inflation, consumer prices (annual %)",FP.CPI.TOTL.ZG,2023,16.9742129632327
"Gambia, The",GMB,"Population, total",SP.POP.TOTL,2023,2697845.0
"Gambia, The",GMB,Urban population (% of total population),SP.URB.TOTL.IN.ZS,2023,63.8020182456108
"Gambia, The",GMB,Population growth (annual %),SP.POP.GROW,2023,2.30124049704572
"Gambia, The",GMB,Poverty headcount ratio at $3.00 a day (2021 PPP) (% of population),SI.POV.DDAY,2023,
"Gambia, The",GMB,Gini index,SI.POV.GINI,2023,
"Gambia, The",GMB,"School enrollment, primary (% gross)",SE.PRM.ENRR,2023,98.7359670428779
"Gambia, The",GMB,"School enrollment, secondary (% gross)",SE.SEC.ENRR,2023,
"Gambia, The",GMB,"Literacy rate, adult total (% of people ages 15 and above)",SE.ADT.LITR.ZS,2023,
"Gambia, The",GMB,"Mortality rate, under-5 (per 1,000 live births)",SH.DYN.MORT,2023,43.8
"Gambia, The",GMB,"Life expectancy at birth, total (years)",SP.DYN.LE00.IN,2023,65.86
"Gambia, The",GMB,Current health expenditure (% of GDP),SH.XPD.CHEX.GD.ZS,2023,2.89250112
"Gambia, The",GMB,People using at least basic drinking water services (% of population),SH.H2O.BASW.ZS,2023,86.7155739795785
"Gambia, The",GMB,Access to electricity (% of population),EG.ELC.ACCS.ZS,2023,66.9
"Gambia, The",GMB,Individuals using the Internet (% of population),IT.NET.USER.ZS,2023,48.72829819
Sierra Leone,SLE,GDP (current US$),NY.GDP.MKTP.CD,2023,6415852766.73832
Sierra Leone,SLE,GDP per capita (current US$),NY.GDP.PCAP.CD,2023,758.329137378248
Sierra Leone,SLE,GDP growth (annual %),NY.GDP.MKTP.KD.ZG,2023,5.7100218981806
Sierra Leone,SLE,"Inflation, consumer prices (annual %)",FP.CPI.TOTL.ZG,2023,47.6428733253179
Sierra Leone,SLE,"Population, total",SP.POP.TOTL,2023,8460512.0
Sierra Leone,SLE,Urban population (% of total population),SP.URB.TOTL.IN.ZS,2023,44.809324991151
Sierra Leone,SLE,Population growth (annual %),SP.POP.GROW,2023,2.19524258771884
Sierra Leone,SLE,Poverty headcount ratio at $3.00 a day (2021 PPP) (% of population),SI.POV.DDAY,2023,
Sierra Leone,SLE,Gini index,SI.POV.GINI,2023,
Sierra Leone,SLE,"School enrollment, primary (% gross)",SE.PRM.ENRR,2023,159.416853770084
Sierra Leone,SLE,"School enrollment, secondary (% gross)",SE.SEC.ENRR,2023,86.9079513549805
Sierra Leone,SLE,"Literacy rate, adult total (% of people ages 15 and above)",SE.ADT.LITR.ZS,2023,
Sierra Leone,SLE,"Mortality rate, under-5 (per 1,000 live births)",SH.DYN.MORT,2023,93.8
Sierra Leone,SLE,"Life expectancy at birth, total (years)",SP.DYN.LE00.IN,2023,61.786
Sierra Leone,SLE,Current health expenditure (% of GDP),SH.XPD.CHEX.GD.ZS,2023,4.71883011
Sierra Leone,SLE,People using at least basic drinking water services (% of population),SH.H2O.BASW.ZS,2023,66.9139758718619
Sierra Leone,SLE,Access to electricity (% of population),EG.ELC.ACCS.ZS,2023,35.5
Sierra Leone,SLE,Individuals using the Internet (% of population),IT.NET.USER.ZS,2023,23.71360016
Liberia,LBR,GDP (current US$),NY.GDP.MKTP.CD,2023,4390000000.0
Liberia,LBR,GDP per capita (current US$),NY.GDP.PCAP.CD,2023,799.194470229642
Liberia,LBR,GDP growth (annual %),NY.GDP.MKTP.KD.ZG,2023,4.68375688761311
Liberia,LBR,"Inflation, consumer prices (annual %)",FP.CPI.TOTL.ZG,2023,10.0944535665552
Liberia,LBR,"Population, total",SP.POP.TOTL,2023,5493031.0
Liberia,LBR,Urban population (% of total population),SP.URB.TOTL.IN.ZS,2023,54.997863482224
Liberia,LBR,Population growth (annual %),SP.POP.GROW,2023,2.20390696065654
Liberia,LBR,Poverty headcount ratio at $3.00 a day (2021 PPP) (% of population),SI.POV.DDAY,2023,
Liberia,LBR,Gini index,SI.POV.GINI,2023,
Liberia,LBR,"School enrollment, primary (% gross)",SE.PRM.ENRR,2023,
Liberia,LBR,"School enrollment, secondary (% gross)",SE.SEC.ENRR,2023,
Liberia,LBR,"Literacy rate, adult total (% of people ages 15 and above)",SE.ADT.LITR.ZS,2023,
Liberia,LBR,"Mortality rate, under-5 (per 1,000 live births)",SH.DYN.MORT,2023,87.3
Liberia,LBR,"Life expectancy at birth, total (years)",SP.DYN.LE00.IN,2023,62.163
Liberia,LBR,Current health expenditure (% of GDP),SH.XPD.CHEX.GD.ZS,2023,13.00574875
Liberia,LBR,People using at least basic drinking water services (% of population),SH.H2O.BASW.ZS,2023,78.180013925929
Liberia,LBR,Access to electricity (% of population),EG.ELC.ACCS.ZS,2023,32.5
Liberia,LBR,Individuals using the Internet (% of population),IT.NET.USER.ZS,2023,31.22410011
Guinea-Bissau,GNB,GDP (current US$),NY.GDP.MKTP.CD,2023,2127688181.12014
Guinea-Bissau,GNB,GDP per capita (current US$),NY.GDP.PCAP.CD,2023,988.087886357022
Guinea-Bissau,GNB,GDP growth (annual %),NY.GDP.MKTP.KD.ZG,2023,5.82749502627256
Guinea-Bissau,GNB,"Inflation, consumer prices (annual %)",FP.CPI.TOTL.ZG,2023,7.10220928557059
Guinea-Bissau,GNB,"Population, total",SP.POP.TOTL,2023,2153339.0
Guinea-Bissau,GNB,Urban population (% of total population),SP.URB.TOTL.IN.ZS,2023,45.5923843383789
Guinea-Bissau,GNB,Population growth (annual %),SP.POP.GROW,2023,2.24529187264064
Guinea-Bissau,GNB,Poverty headcount ratio at $3.00 a day (2021 PPP) (% of population),SI.POV.DDAY,2023,
Guinea-Bissau,GNB,Gini index,SI.POV.GINI,2023,
Guinea-Bissau,GNB,"School enrollment, primary (% gross)",SE.PRM.ENRR,2023,
Guinea-Bissau,GNB,"School enrollment, secondary (% gross)",SE.SEC.ENRR,2023,
Guinea-Bissau,GNB,"Literacy rate, adult total (% of people ages 15 and above)",SE.ADT.LITR.ZS,2023,
Guinea-Bissau,GNB,"Mortality rate, under-5 (per 1,000 live births)",SH.DYN.MORT,2023,69.7
Guinea-Bissau,GNB,"Life expectancy at birth, total (years)",SP.DYN.LE00.IN,2023,64.085
Guinea-Bissau,GNB,Current health expenditure (% of GDP),SH.XPD.CHEX.GD.ZS,2023,8.82204819
Guinea-Bissau,GNB,People using at least basic drinking water services (% of population),SH.H2O.BASW.ZS,2023,61.7218282479049
Guinea-Bissau,GNB,Access to electricity (% of population),EG.ELC.ACCS.ZS,2023,40.5
Guinea-Bissau,GNB,Individuals using the Internet (% of population),IT.NET.USER.ZS,2023,28.71240044
Cabo Verde,CPV,GDP (current US$),NY.GDP.MKTP.CD,2023,2504525548.71164
Cabo Verde,CPV,GDP per capita (current US$),NY.GDP.PCAP.CD,2023,4794.90121917259
Cabo Verde,CPV,GDP growth (annual %),NY.GDP.MKTP.KD.ZG,2023,4.7947613911073
Cabo Verde,CPV,"Inflation, consumer prices (annual %)",FP.CPI.TOTL.ZG,2023,3.72437535861454
Cabo Verde,CPV,"Population, total",SP.POP.TOTL,2023,522331.0
Cabo Verde,CPV,Urban population (% of total population),SP.URB.TOTL.IN.ZS,2023,75.9064245753376
Cabo Verde,CPV,Population growth (annual %),SP.POP.GROW,2023,0.497087597239901
Cabo Verde,CPV,Poverty headcount ratio at $3.00 a day (2021 PPP) (% of population),SI.POV.DDAY,2023,
Cabo Verde,CPV,Gini index,SI.POV.GINI,2023,
Cabo Verde,CPV,"School enrollment, primary (% gross)",SE.PRM.ENRR,2023,
Cabo Verde,CPV,"School enrollment, secondary (% gross)",SE.SEC.ENRR,2023,
Cabo Verde,CPV,"Literacy rate, adult total (% of people ages 15 and above)",SE.ADT.LITR.ZS,2023,
Cabo Verde,CPV,"Mortality rate, under-5 (per 1,000 live births)",SH.DYN.MORT,2023,11.6
Cabo Verde,CPV,"Life expectancy at birth, total (years)",SP.DYN.LE00.IN,2023,76.059
Cabo Verde,CPV,Current health expenditure (% of GDP),SH.XPD.CHEX.GD.ZS,2023,5.84791613
Cabo Verde,CPV,People using at least basic drinking water services (% of population),SH.H2O.BASW.ZS,2023,91.14605423466
Cabo Verde,CPV,Access to electricity (% of population),EG.ELC.ACCS.ZS,2023,98.6
Cabo Verde,CPV,Individuals using the Internet (% of population),IT.NET.USER.ZS,2023,74.59919739
