Country Name,Country Code,Series Name,Series Code,2001 [YR2001],2002 [YR2002],2003 [YR2003],2004 [YR2004],2005 [YR2005],2006 [YR2006],2007 [YR2007],2008 [YR2008],2009 [YR2009],2010 [YR2010],2011 [YR2011],2012 [YR2012],2013 [YR2013],2014 [YR2014],2015 [YR2015],2016 [YR2016],2017 [YR2017],2018 [YR2018],2019 [YR2019],2020 [YR2020],2021 [YR2021],2022 [YR2022],2023 [YR2023],2024 [YR2024],2025 [YR2025]
Niger,NER,GDP (current US$),NY.GDP.MKTP.CD,2448714703.96617,2782192878.67204,3394084732.49543,3760443737.53797,4383315964.58718,4756361252.37923,5731485051.79069,7297600226.00536,7352131309.73341,7851192502.30917,8772950777.79176,9426912647.59111,10224897437.8648,10862943543.5419,9683867926.44282,10398861981.7583,11185104251.6943,12837307496.8821,12889555561.2299,13744653103.058,14915002436.069,15433852712.2963,16698786977.59,19876128485.7857,..
Niger,NER,GDP per capita (current US$),NY.GDP.PCAP.CD,205.417936120931,225.294391147438,265.225363452469,283.468281798296,318.643121918273,333.345078419447,387.168065883301,475.044955398162,461.131533961487,474.425692340831,510.75956176268,528.510104469655,552.103334363117,565.30989731175,485.662574175279,502.706475406446,521.804130023434,578.568035680892,561.691304349698,579.512495758236,608.722439593808,609.745147574878,638.336080897887,735.270255787226,..
Niger,NER,GDP growth (annual %),NY.GDP.MKTP.KD.ZG,7.26813490213235,4.91847057594622,2.1706103837418,0.363801578722132,7.33186884258517,5.93104997350342,3.14272408386731,7.73141422777337,1.96260090694645,8.57816674262253,2.35775693603874,10.5489445763446,5.31513063394726,6.64213665495603,4.39264883207291,5.74089315058157,5.00536078615544,7.21141802762897,5.93985257123522,3.55064109436891,1.38359636198477,11.9000000000277,1.66763406484279,10.3000000007793,..
Niger,NER,"Inflation, consumer prices (annual %)",FP.CPI.TOTL.ZG,4.00551428352678,2.62886597938136,-1.61440769175596,0.262543757292838,7.7974978178644,0.0404858299595074,0.0539592607581562,11.3051098827019,0.582906590801122,0.804073080882659,2.9423851401332,0.455089820359289,2.29723114955317,-0.930287259984466,-0.576090369833189,1.65388922387806,2.79637318871284,2.96760366004456,-2.48979265070855,2.8981937602627,3.8378680284051,4.22621791916392,3.70097316425834,9.07151997725013,..
Niger,NER,"Population, total",SP.POP.TOTL,11920647,12349144,12796984,13265836,13756192,14268581,14803610,15361915,15943675,16548835,17176283,17836769,18519898,19215909,19939498,20685753,21435446,22188069,22947757,23717613,24502140,25311973,26159867,27032412,..
Niger,NER,Urban population (% of total population),SP.URB.TOTL.IN.ZS,16.2687225341797,16.2687206268311,16.2687225341797,16.2687225341797,16.2687225341797,16.2675724894628,16.2641887037781,16.2586706998252,16.2511180003032,16.2416301279116,16.2303066053496,16.2141284004355,16.2162595696064,16.2450424611665,16.3035606587493,16.3898280543236,16.5036987906896,16.6449011799221,16.813146499685,17.0081420003794,17.2295936666686,17.477207007512,17.7506873295237,18.0497398450803,..
Niger,NER,Population growth (annual %),SP.POP.GROW,3.50878624306039,3.53148102432579,3.5622769230714,3.59824904350361,3.62970414217364,3.65709371425878,3.68110827846052,3.70203244818704,3.71708044318123,3.72535077368531,3.72138303234104,3.77324639644684,3.75837207594511,3.6892808045974,3.69640590007582,3.67426137513091,3.56007044831691,3.45088050525461,3.36654855482346,3.29977391625444,3.25425239869281,3.25170642220024,3.29489175812772,3.28101480132484,..
Niger,NER,Poverty headcount ratio at $3.00 a day (2021 PPP) (% of population),SI.POV.DDAY,..,..,..,..,83.8,..,82.9,..,..,..,68.8,..,..,60.3,..,..,..,59,..,..,60.5,..,..,..,..
Niger,NER,Gini index,SI.POV.GINI,..,..,..,..,44.4,..,37.3,..,..,..,31.5,..,..,34.3,..,..,..,37.3,..,..,32.9,..,..,..,..
Niger,NER,"School enrollment, primary (% gross)",SE.PRM.ENRR,35.0507202148438,39.0056304931641,42.1091117858887,46.0418281555176,47.7686805725098,48.2523002624512,50.5029983520508,54.2272987365723,57.9658889770508,61.5986113613618,65.2535100604653,67.1548957778323,68.050738334559,68.6922497937291,70.8931423850977,72.8476843361488,74.3787719289761,..,66.7727319163256,..,65.864245185741,66.2539719118599,66.8804779933272,64.6534815281519,..
Niger,NER,"School enrollment, secondary (% gross)",SE.SEC.ENRR,6.231369972229,6.28120994567871,6.86678981781006,8.35079956054688,9.26323986053467,10.6787004470825,10.3014001846313,10.6592998504639,11.1999397277832,12.8063202484136,13.6643213754076,14.8037867184503,15.9596510320284,17.8459505465436,19.6922012498743,22.6700395113082,23.7611505662509,..,..,..,..,..,21.5605140503495,19.8664761204349,..
Niger,NER,"Literacy rate, adult total (% of people ages 15 and above)",SE.ADT.LITR.ZS,14.3800001144409,..,..,..,28.6700000762939,..,..,..,..,..,..,30.5599994659424,..,29.0437067944143,..,..,..,33.0499992370605,..,..,..,35.6100006103516,..,..,..
Niger,NER,"Mortality rate, under-5 (per 1,000 live births)",SH.DYN.MORT,217.4,205.9,194.1,182.4,171.4,161.6,153.1,146,140.3,136,132.7,130.3,128.3,126.8,125.4,124.3,123.1,121.9,120.8,119.5,118,116,113.5,110.7,..
Niger,NER,"Life expectancy at birth, total (years)",SP.DYN.LE00.IN,49.872,50.645,51.545,52.402,53.32,54.223,55.063,55.852,56.487,57.08,57.6,57.987,58.364,58.693,58.85,59.228,59.524,59.765,60.031,59.89,59.542,60.398,61.183,61.433,..
Niger,NER,Current health expenditure (% of GDP),SH.XPD.CHEX.GD.ZS,4.72659349,4.82717037,4.74740648,4.97818327,5.87749624,5.99335575,5.43105888,5.24640608,5.33850145,4.96100473,4.87323856,4.30732679,4.46636009,4.45377159,5.34745932,4.53239059,5.57609606,5.30310822,5.66642094,6.17012262,5.81452751,4.34980488,4.04895782,..,..
Niger,NER,People using at least basic drinking water services (% of population),SH.H2O.BASW.ZS,37.358813438708,38.1115370315666,38.8582098965165,39.5981949224788,40.3308901559153,41.0575024887785,41.7774242131502,42.4900876989759,43.1966321655043,43.8964824399921,44.5891012347432,45.2755729615711,45.9553436655962,46.6360032875155,47.3180912197977,48.0001316756614,48.6826437620777,49.364204791619,50.045306277114,50.7254664539795,51.4037852396431,52.0806785975452,52.7552521305404,53.4274656286176,..
Niger,NER,Access to electricity (% of population),EG.ELC.ACCS.ZS,8.4,8.8,9.3,9.7,7.1,9.3,11.2,11.8,12.3,13.6,14.3,14.4,15.2,15.7,16.6,17,17.6,17.6,18.5,18.7,18.6,19.5,20.1,..,..
Niger,NER,Individuals using the Internet (% of population),IT.NET.USER.ZS,0.10518543139701,0.127152468779619,0.155698703668983,0.189933733703092,0.221300006,0.294,0.390399992,0.7,0.76,0.829999983,0.9,1.049999952,1.149999976,1.24867568902241,2.476200104,4.322800159,10.2243115586561,10.74180031,11.28549957,11.85680008,12.45689964,13.08749962,12.98079967,15.55760002,..
Nigeria,NGA,GDP (current US$),NY.GDP.MKTP.CD,73557840064.489,95054059302.6995,104738954264.226,135764731645.611,175670569969.346,238454997161.48,278260846800.103,339476276257.793,295008835380.997,366990417129.04,414466676831.16,463971018239.281,520117180313.906,574183763411.508,493026682800.63,404649125252.16,375745731053.427,421739251509.08,668219992691.462,598586817819.073,609147716972.859,646950257577.814,487387801880.597,252261880141.151,..
Nigeria,NGA,GDP per capita (current US$),NY.GDP.PCAP.CD,566.428231812933,712.164852077686,763.388745367223,962.48104194733,1211.37703504386,1599.53891556365,1815.52697545827,2154.10543545364,1820.48633854782,2202.25672957344,2418.41316975875,2633.19734671361,2872.79083379398,3088.72131316169,2585.73360671797,2070.4127339595,1876.34027111773,2057.87944554011,3189.81286498516,2797.18458068686,2787.48779224428,2899.16047470324,2138.76383719983,1084.16041805436,..
Nigeria,NGA,GDP growth (annual %),NY.GDP.MKTP.KD.ZG,5.91768464920371,15.3291557409559,7.34719496799492,9.2505582291798,6.43851652538348,6.05942803202906,6.59113036068679,6.76447277780228,8.03692510099023,8.00565591628701,5.30792420289453,4.23006117493223,6.67133539306167,6.30971865525431,2.65269329543001,-1.61686894906509,0.805886619102438,1.92275734200614,2.20842927714892,-6.36889840510109,1.10925253938163,4.31882949523192,3.32684556421316,4.06236408888319,..
Nigeria,NGA,"Inflation, consumer prices (annual %)",FP.CPI.TOTL.ZG,18.8736462093863,12.8765792031099,14.0317836131437,14.9980338183251,17.8634933661605,8.22522152017047,5.38800796858626,11.5810751748252,12.5378277304689,13.7400521363694,10.8261371880017,12.2242413020584,8.49551838265669,8.04741087967907,9.00943498007706,15.6968126387972,16.5022662139641,12.0951065173432,11.3964223378116,13.2460234276597,16.9528457221608,18.8471877843274,24.659550203114,33.2420966545406,..
Nigeria,NGA,"Population, total",SP.POP.TOTL,129862595,133471989,137202644,141057045,145017253,149077334,153267261,157595014,162049464,166642886,171379598,176200625,181049443,185896915,190671878,195443700,200254579,204938755,209485641,213996181,218529286,223150896,227882945,232679478,..
Nigeria,NGA,Urban population (% of total population),SP.URB.TOTL.IN.ZS,44.1262421418539,44.9793025536893,45.8372080921761,46.6994804889599,47.5656414756863,48.424271994461,49.2357987173198,50.0505212312351,50.86453484762,51.6778188255446,52.490352424079,53.302114902293,54.1130855192568,54.9232435340404,55.7325682057138,56.541038793347,57.3486345560101,58.1553347527729,58.9611186427056,59.7659654848781,60.5698545383604,61.3727650622225,62.1746763155343,62.9755675573659,..
Nigeria,NGA,Population growth (annual %),SP.POP.GROW,2.7163954653619,2.74147056608815,2.75673506428828,2.77053967849452,2.76883385211034,2.76124698861505,2.77180099910734,2.78453384410814,2.78730820935027,2.795149361277,2.80278519998649,2.77422930277333,2.71468991073627,2.64221399374699,2.53617348598208,2.47183239057048,2.43170936923065,2.31217263003389,2.1944019229433,2.13029714344341,2.09618685225463,2.09281687128387,2.09838916935738,2.08297776184189,..
Nigeria,NGA,Poverty headcount ratio at $3.00 a day (2021 PPP) (% of population),SI.POV.DDAY,..,..,51.1,..,..,..,..,..,..,38.5,..,37.4,..,..,35.8,..,..,34.2,..,..,..,41.8,..,..,..
Nigeria,NGA,Gini index,SI.POV.GINI,..,..,40.1,..,..,..,..,..,..,35.7,..,35.5,..,..,35.9,..,..,35.1,..,..,..,33.9,..,..,..
Nigeria,NGA,"School enrollment, primary (% gross)",SE.PRM.ENRR,92.52490234375,93.6976165771484,94.8095932006836,95.7809066772461,96.3063507080078,96.6624374389648,88.06884765625,79.2687530517578,80.3091735839844,79.8300399780273,84.6805572509766,85.9125900268555,87.8349702257826,84.1216580144923,25.5657563073792,78.8780517578125,..,81.6278513667331,..,84.371583976485,83.8092555956779,..,89.5871124267578,..,..
Nigeria,NGA,"School enrollment, secondary (% gross)",SE.SEC.ENRR,26.3999805450439,28.8738098144531,..,33.9481201171875,33.7729187011719,33.1262817382812,30.4232006072998,33.6112785339355,37.1381416320801,41.7837982177734,43.0239906311035,44.4557914733887,52.7967300415039,42.7821502685547,43.8246917724609,39.3068084716797,..,40.4885292053223,..,44.1220893859863,45.444938659668,..,46.8931503295898,..,..
Nigeria,NGA,"Literacy rate, adult total (% of people ages 15 and above)",SE.ADT.LITR.ZS,..,..,54.7700004577637,..,..,70.1999969482422,..,..,..,..,..,..,..,..,..,58.2200012207031,..,..,..,..,63.1599998474121,..,..,70.4100036621094,..
Nigeria,NGA,"Mortality rate, under-5 (per 1,000 live births)",SH.DYN.MORT,170.5,163.9,157.4,151.4,145.8,140.9,136.5,132.5,129.2,126.3,123.8,121.6,119.9,118.7,117.8,117.4,117.2,117.2,117.4,117.4,117.6,117.5,116.8,115.6,..
Nigeria,NGA,"Life expectancy at birth, total (years)",SP.DYN.LE00.IN,47.549,48.02,48.618,49.148,49.538,49.876,50.381,50.748,51.08,51.315,51.49,51.688,51.827,51.94,51.939,52.189,52.397,52.669,53.009,53.072,53.455,54.079,54.462,54.635,..
Nigeria,NGA,Current health expenditure (% of GDP),SH.XPD.CHEX.GD.ZS,3.18946862,2.49063969,5.05360985,4.63368416,4.46591949,4.25775146,3.90997243,3.69581532,3.5801971,3.29653287,3.32077932,3.35984254,3.4206934,3.34840417,3.58194995,3.64773679,3.74762511,3.09069347,2.98547053,3.38063431,4.07625723,4.21020174,4.19086456,..,..
Nigeria,NGA,People using at least basic drinking water services (% of population),SH.H2O.BASW.ZS,45.7654579242041,47.3236744097303,48.8898791765237,50.463557619145,52.0438578033599,53.6309977200112,55.2248334433962,56.8252264251632,58.4306651834765,60.04206159591,61.6552661645974,63.2702627408651,64.8863828876252,66.5036264382039,68.1220021164846,69.7405688273521,71.3599849035344,72.9796602996736,74.5993213952744,76.2190366017765,77.8385518833185,79.457946920672,81.0772897042816,82.2488935172216,..
Nigeria,NGA,Access to electricity (% of population),EG.ELC.ACCS.ZS,43.9,44.6,52.2,46.1,46.8,47.6,50.1,50.3,50,48,55.9,53,55.6,54.2,52.5,59.3,54.4,56.5,55.4,55.4,59.5,60.5,61.2,..,..
Nigeria,NGA,Individuals using the Internet (% of population),IT.NET.USER.ZS,0.089901370457273,0.320461975542327,0.558576244860521,1.28613764134527,3.54915571796492,5.54503608300536,6.769999981,8,9.300000191,11.5,13.80000019,16.10000038,19.10000038,21,22.51420021,24.13750076,25.87789917,27.74370003,29.74410057,31.88879967,35.50979996,39.14720154,40.06399918,41.21139908,..
Senegal,SEN,GDP (current US$),NY.GDP.MKTP.CD,6507824829.26254,7006402319.75856,8768721563.18211,10076816666.6196,11009033437.939,11697918243.0035,13994218412.9619,16853989627.548,16145867494.9405,16121315909.0758,17814283639.3119,17660870411.5235,18918667724.8817,19797253440.2679,17774766696.1759,19040312333.1864,20996562943.5979,23116701556.1381,23403995992.1354,24530513037.7518,27520784129.7508,27783332222.6759,30696331295.7826,32808056600.9436,..
Senegal,SEN,GDP per capita (current US$),NY.GDP.PCAP.CD,637.213530563724,669.430447319209,817.888034221442,918.102079522155,979.846101520171,1017.20196747987,1188.93877808175,1398.79218010021,1308.69404336205,1275.88357492357,1374.67591873844,1326.83798848379,1379.83196553924,1398.89137601382,1218.00613555438,1266.43957151587,1356.80518449031,1452.55612562445,1431.18128932159,1461.08720350553,1598.10676952274,1574.0281059306,1698.03387300843,1773.21829923448,..
Senegal,SEN,GDP growth (annual %),NY.GDP.MKTP.KD.ZG,4.31085146618369,0.0686965747419066,5.59395094456143,4.64329393683312,4.31023852639633,2.33077098330239,2.82711920133374,3.70316906391386,2.75210448455053,3.39088925336209,1.33409107961258,4.00299555090457,2.41238527605579,6.22407443790986,6.36704365066983,6.35606857181878,7.4074861863013,6.20924103389086,4.61362809749708,1.3420737726679,6.54400109964304,3.85043193735768,4.2574308328029,6.06055141198976,..
Senegal,SEN,"Inflation, consumer prices (annual %)",FP.CPI.TOTL.ZG,2.97450083919566,2.33730187454299,-0.0519970242714495,0.514781781023016,1.71133325855502,2.11228583877117,5.85330428467681,7.34720236578406,-2.2480214785534,1.22868119673344,3.40322829786971,1.41822871177854,0.710245486695176,-1.09025507446895,0.135211933635165,0.837284942557434,1.31815314847789,0.460985642464188,1.76011151192939,2.54314685681662,2.18032278088147,9.69681899081073,5.93947798773215,0.804503298792438,..
Senegal,SEN,"Population, total",SP.POP.TOTL,10212942,10466214,10721176,10975704,11235472,11500094,11770344,12048959,12337389,12635413,12958897,13310495,13710849,14152102,14593331,15034521,15475002,15914498,16352922,16789219,17220867,17651103,18077573,18501984,..
Senegal,SEN,Urban population (% of total population),SP.URB.TOTL.IN.ZS,40.8763420163126,41.1081471561292,41.35893934855,41.6248193895895,41.9057599695838,42.2046413043069,42.524343609533,42.867747101036,43.23773199459,43.6371785059692,44.0689668509475,44.5359772452989,45.0398750539456,45.6020905341588,46.2747669629858,47.0553579909929,47.9338349639053,48.9001692274485,49.9443321273477,51.0562950093282,52.2260292191155,53.4435061024348,54.6992276190794,55.2368169057304,..
Senegal,SEN,Population growth (annual %),SP.POP.GROW,2.42496943712898,2.44966153599012,2.40684962152091,2.34632515714346,2.33918136359556,2.32792929230269,2.32279384441662,2.3395118470328,2.36561415953051,2.38690195279185,2.52791519909846,2.67702425205872,2.96345954605318,3.16757470346908,3.07014792428801,2.97843134010735,2.88769908740551,2.8004569855314,2.71760793051867,2.63303572524896,2.53848919398481,2.46764281803509,2.38738348832592,2.32058603495657,..
Senegal,SEN,Poverty headcount ratio at $3.00 a day (2021 PPP) (% of population),SI.POV.DDAY,63.9,..,..,..,53.6,..,..,..,..,..,53.3,..,..,..,..,..,..,19.1,..,..,17.9,..,..,..,..
Senegal,SEN,Gini index,SI.POV.GINI,41.2,..,..,..,39.2,..,..,..,..,..,40.3,..,..,..,..,..,..,38.3,..,..,36.2,..,..,..,..
Senegal,SEN,"School enrollment, primary (% gross)",SE.PRM.ENRR,70.5668487548828,71.6134872436523,75.9179763793945,78.7173461914062,80.6679611206055,80.4989929199219,83.9038162231445,84.4092330932617,84.0063171386719,83.8549053927634,86.5724487304688,86.4115600585938,82.6985436490722,83.6844563893552,84.8970794677734,..,..,..,83.2568728212779,84.9031291477371,84.0612276417736,84.2733198273584,85.4523658596434,85.3279669566335,..
Senegal,SEN,"School enrollment, secondary (% gross)",SE.SEC.ENRR,15.5517797470093,16.9281692504883,..,19.9657497406006,22.2482490539551,24.2208805084229,..,30.7020606994629,..,37.1267013549805,42.6368983156004,46.4158677062967,49.0776594909389,50.546931380439,50.5380516052246,..,..,..,44.4624552560012,44.7866297761573,45.1726204964815,45.3756792066535,44.0673682244069,..,..
Senegal,SEN,"Literacy rate, adult total (% of people ages 15 and above)",SE.ADT.LITR.ZS,..,39.2799987792969,..,..,..,41.8899993896484,..,..,48.0400009155273,..,51.810001373291,..,43.5299987792969,..,43.5900001525879,46.0999984741211,51.9000015258789,46.6100006103516,46.8300018310547,..,..,..,50.3600006103516,..,..
Senegal,SEN,"Mortality rate, under-5 (per 1,000 live births)",SH.DYN.MORT,121.7,113.2,104.2,95.5,87.6,80.8,75,70.1,66.1,62.8,60,57.6,55.5,53.7,52.2,50.8,49.4,47.9,46.2,44.2,42.2,40.1,38.2,36.5,..
Senegal,SEN,"Life expectancy at birth, total (years)",SP.DYN.LE00.IN,58.158,58.912,59.474,60.308,60.98,61.801,62.653,63.201,63.751,64.221,64.799,65.229,65.638,66.001,66.451,66.724,67.059,67.379,67.668,67.496,66.868,67.788,68.683,68.924,..
Senegal,SEN,Current health expenditure (% of GDP),SH.XPD.CHEX.GD.ZS,3.68148756,3.95294404,4.29703569,4.56856203,3.67466521,3.76337624,3.41496587,3.50687575,3.841573,4.02764368,4.21416712,4.26688004,4.38573599,4.38962269,4.37789631,4.25606871,4.16359377,4.43182087,4.49531031,5.15119171,4.44256258,4.0444808,4.32314825,..,..
Senegal,SEN,People using at least basic drinking water services (% of population),SH.H2O.BASW.ZS,60.9066465806354,62.0161291286122,63.1942453922298,64.4218461577163,65.6454033379623,66.865607080287,68.0818461765574,69.2939508159691,70.5013902121975,71.7047289784237,72.9034178534763,74.0969620089046,75.2855370773077,76.46896680992,77.649320243194,78.8258139339832,79.9984726874606,81.1662422601817,82.3288600505419,83.4855735664121,84.636074800772,85.7796288430834,86.915566820325,88.0435670438381,..
Senegal,SEN,Access to electricity (% of population),EG.ELC.ACCS.ZS,38.9,36.8,41.9,36.8,47.1,49.9,48.1,49.7,53.5,56.5,56.5,56.5,57,61,60.5,64.5,61.7,66,70.4,64.3,68,67.9,74.2,..,..
Senegal,SEN,Individuals using the Internet (% of population),IT.NET.USER.ZS,0.983794058848003,1.00645453672323,2.10143642986685,4.38602398008563,4.78668408310535,5.61173865217952,6.889999866,7.119999886,7.5,8,9.800000191,10.80000019,13.10000038,17.70000076,21.70000076,25.66480064,29.64310074,35.29999924,43.37969971,53.30879974,55.04040146,56.82830048,59.18740082,60.11780167,..
Cote d'Ivoire,CIV,GDP (current US$),NY.GDP.MKTP.CD,16810537043.8407,18054383320.8474,21251754340.4305,23510575681.3686,24036918703.1747,25281413263.3712,28760090953.3081,34078240293.2559,33886813250.2036,34936307980.063,36693710801.3976,36302302877.2977,42760235484.6093,48843005613.7091,45815005169.2651,48407761036.8238,52512343996.69,58522477786.6889,60382894697.3557,63027852805.4204,72794636653.7793,70922824813.9102,80780312569.1646,87113179149.284,..
Cote d'Ivoire,CIV,GDP per capita (current US$),NY.GDP.PCAP.CD,924.727294962066,967.815864415991,1111.17135087887,1199.82524528546,1197.74616979415,1230.43056838584,1367.53817722326,1583.97066701372,1540.45393569596,1553.54887048143,1596.62826565998,1546.9460184731,1786.15862031324,1991.36539423404,1814.71855088017,1862.59597081287,1964.29930338343,2130.86619381144,2141.76836170115,2179.72934832935,2455.98127641148,2333.37128301259,2591.9659048119,2727.8935220697,..
Cote d'Ivoire,CIV,GDP growth (annual %),NY.GDP.MKTP.KD.ZG,-2.15401249077306,-2.73052647441901,-4.72586658630681,3.18503822575397,0.996065564854788,2.81557859252327,1.10142976793477,4.7826659787672,3.60332156667053,6.84804939907013,-5.37044724000579,7.62041176451649,10.7602131311256,9.37199994240375,7.19494942728191,7.17275963956332,7.41076242592504,4.84314605889178,6.72137167584978,0.699728593494228,7.06332910205232,6.39988362720531,6.60000045223954,6.01953461940062,..
Cote d'Ivoire,CIV,"Inflation, consumer prices (annual %)",FP.CPI.TOTL.ZG,4.36152914007256,3.07726485157427,3.29680746974208,1.45798835600741,3.88583039886481,2.46719148596914,1.89200629349597,6.30852769152578,1.01950457731137,1.22645612135479,4.9124339505245,1.30451119915606,2.58117037252935,0.448682076766141,1.25149954781467,0.723178457513308,0.685881065304603,0.401297817263547,0.79085551205366,2.41252617189052,4.15919657911797,5.23352856100842,4.36972254867474,3.45053028131018,..
Cote d'Ivoire,CIV,"Population, total",SP.POP.TOTL,18178913,18654771,19125542,19595000,20068458,20546802,21030558,21514439,21997940,22488065,22982000,23467078,23939775,24527395,25246342,25989405,26733372,27464173,28193009,28915449,29639736,30395002,31165654,31934230,..
Cote d'Ivoire,CIV,Urban population (% of total population),SP.URB.TOTL.IN.ZS,43.4670149035012,43.859032147728,44.2593744150531,44.667357886658,45.082298743724,45.5035131674326,45.930317338965,46.3620274395029,46.7979596502274,47.2374301523201,47.6797551269623,48.1242507553354,48.5702332186208,49.0173144557368,49.4694894689553,49.929991034032,50.3977309654344,50.8718477756395,51.3514799771241,51.8357660823651,52.3183461956059,52.8492549676673,53.4075201638704,53.9733113940142,..
Cote d'Ivoire,CIV,Population growth (annual %),SP.POP.GROW,2.67539291726228,2.58396350857445,2.49227881118865,2.42497124712807,2.38748971138117,2.35559796287643,2.3271214491968,2.27477682329573,2.22245214914258,2.20359114199838,2.17265768049368,2.08872019159152,1.99427988380631,2.42493545476417,2.88906178023194,2.90076810314127,2.82237176165589,2.69696827034562,2.61916841176218,2.53019803537112,2.47398737434864,2.51622934953513,2.50384681190665,2.43618201263834,..
Cote d'Ivoire,CIV,Poverty headcount ratio at $3.00 a day (2021 PPP) (% of population),SI.POV.DDAY,..,43.9,..,..,..,..,..,47,..,..,..,..,..,..,46.6,..,..,21.7,..,..,20.8,..,..,..,..
Cote d'Ivoire,CIV,Gini index,SI.POV.GINI,..,41.3,..,..,..,..,..,43.2,..,..,..,..,..,..,41.5,..,..,37.2,..,..,35.3,..,..,..,..
Cote d'Ivoire,CIV,"School enrollment, primary (% gross)",SE.PRM.ENRR,66.3351211547852,66.8685913085938,63.0239181518555,..,..,59.5550498962402,59.4631118774414,62.3004684448242,63.0792808532715,..,73.5641637291114,78.2860585898227,80.7498463265361,83.7491033587174,85.262803745883,87.9691851681795,88.2052011132348,88.210939705148,88.4747670564693,88.6266598469541,85.830088505202,86.4545838787778,91.8093412241399,93.2964368826882,..
Cote d'Ivoire,CIV,"School enrollment, secondary (% gross)",SE.SEC.ENRR,..,..,..,..,..,..,..,..,..,..,..,..,..,40.4629922041554,43.9865647318392,46.2425069943643,49.0863555848622,51.072614509286,53.791930617454,55.4380323721262,57.135967003236,54.0714108290486,63.9607557764462,65.3065056618336,..
Cote d'Ivoire,CIV,"Literacy rate, adult total (% of people ages 15 and above)",SE.ADT.LITR.ZS,..,..,..,..,..,..,..,..,..,..,..,..,..,43.9099998474121,..,50.0400009155273,..,..,56.9592400560829,..,50,..,..,..,..
Cote d'Ivoire,CIV,"Mortality rate, under-5 (per 1,000 live births)",SH.DYN.MORT,136.9,133.1,129.2,125.3,121.2,117.4,113.5,109,105.2,101.6,98.4,95.3,92,88.6,85.5,83,80.5,77.9,75.3,73,70.8,68.7,66.5,64.5,..
Cote d'Ivoire,CIV,"Life expectancy at birth, total (years)",SP.DYN.LE00.IN,51.428,51.544,51.443,51.939,52.432,52.885,53.452,54.179,54.744,55.282,55.972,56.57,57.057,57.772,58.281,58.814,59.315,59.795,60.274,60.14,60.29,61.562,61.944,62.11,..
Cote d'Ivoire,CIV,Current health expenditure (% of GDP),SH.XPD.CHEX.GD.ZS,3.59047151,3.54146051,3.95147705,4.02148724,3.96639085,3.92861462,4.19379663,4.1387105,4.63971424,4.57494831,4.39700699,4.4273715,3.71773791,3.7310183,3.2198832,3.32101274,3.24693036,3.0916779,3.18916845,3.62327886,3.76207662,3.63847613,3.43218303,..,..
Cote d'Ivoire,CIV,People using at least basic drinking water services (% of population),SH.H2O.BASW.ZS,69.1799896467784,69.5630827839749,69.9435023946029,70.3215551742465,70.6961620276826,71.0679891332651,71.4370073419778,71.8031717766337,72.1658002425728,72.5255308385242,72.8823142494903,73.2358134121721,73.5860051813631,73.932866465233,74.2789991723986,74.623678155198,74.9670485097416,75.3089683562102,75.6490184756229,75.9870680852305,76.3229847618577,76.6566348508061,76.9878854497263,77.2470593822361,..
Cote d'Ivoire,CIV,Access to electricity (% of population),EG.ELC.ACCS.ZS,49.7,51.4,51.5,52.4,58.9,60.2,55.3,60.3,57.3,58.4,55.8,55.8,61.5,61.9,62.6,64.3,65.6,67.1,68.6,69.9,71.1,72,72.4,..,..
Cote d'Ivoire,CIV,Individuals using the Internet (% of population),IT.NET.USER.ZS,0.395747702246439,0.497929360753307,0.758669629452205,0.849282414747704,1.039199948,1.52489996,1.799999952,1.899999976,2,2.700000048,2.900000095,4.400000095,6.599999905,10,38.4400001654616,41.2078149304414,43.8399208514876,37.5465361301281,36.2889545655205,36.01660156,35.95069885,38.41328122,40.65284979,41.43219902,..
Ghana,GHA,GDP (current US$),NY.GDP.MKTP.CD,5314872854.4405,6166197847.85031,7632723555.66221,8881417906.71432,10744568381.4456,20885037596.6963,24827339138.4906,28679383241.0729,26048720005.5233,32197655566.5347,39336668080.559,41271701060.954,62845721959.827,54678533805.9064,49436806230.4839,56144179397.8516,60385409434.8567,67259353965.6087,68352629246.1555,70008243859.8666,79514204730.3979,73919003209.9866,80547146878.3843,82308110386.4641,..
Ghana,GHA,GDP per capita (current US$),NY.GDP.PCAP.CD,263.542156494853,297.46164468774,358.39927142073,406.132105329565,478.611909191028,906.441027564887,1050.12461524926,1182.65761256016,1047.70430093586,1263.89251760539,1507.43573198753,1543.77524235764,2294.79584693743,1949.90832923846,1722.77282833606,1912.47991339951,2012.28662641265,2195.32166016377,2186.65822682613,2195.45481659987,2445.18662529344,2229.89122647803,2383.90410483418,2390.77237652715,..
Ghana,GHA,GDP growth (annual %),NY.GDP.MKTP.KD.ZG,4.00000012807919,4.49999955900331,5.200000133101,5.59999999077445,5.90000381855104,6.39991260618034,4.34681910440079,9.14979893831817,4.84448705175076,7.89971194051621,14.0471235803149,9.2927894063005,7.31252501678145,2.85624016330883,2.12075933817334,3.37346574966936,8.12889488100956,6.20007768127284,6.5077747939152,0.513941670628171,5.07646643533542,3.80484980952164,3.14009099763754,5.59045469593266,..
Ghana,GHA,"Inflation, consumer prices (annual %)",FP.CPI.TOTL.ZG,41.509496287803,9.36093239560313,29.7729797160384,18.0427388232565,15.4389920155908,11.6791839392492,10.7342665456292,16.494639613412,19.2469482220857,10.7333898354915,8.7284593709302,11.1863409441067,11.6661923071729,15.4896160333318,17.1499695007878,17.4546347070868,12.3719215507048,7.80876516610703,7.14364003330857,9.88728956269944,9.9710886750444,31.2558951049016,38.1069656296501,22.8483281157842,..
Ghana,GHA,"Population, total",SP.POP.TOTL,20167069,20729388,21296705,21868298,22449438,23040702,23642279,24249946,24862664,25474995,26095088,26734268,27386193,28041592,28696068,29356742,30008354,30637585,31258945,31887809,32518665,33149152,33787914,34427414,..
Ghana,GHA,Urban population (% of total population),SP.URB.TOTL.IN.ZS,44.6410507317701,45.3484692124806,46.0547973581418,46.7572004525685,47.4528437795757,48.1388926229785,48.8125122665918,49.4708679942306,50.1111250897099,50.7296926788704,51.3304086646488,51.9197918381031,52.4985794475913,53.0663398797148,53.6226415210752,54.167052758274,54.6991419779128,55.218477566593,55.7246279109161,56.2171613974837,56.6952556826536,57.250609602871,57.8074737774654,58.3654868038581,..
Ghana,GHA,Population growth (annual %),SP.POP.GROW,2.6631054412646,2.75013769977312,2.69999623325849,2.64856422445373,2.62275723095941,2.59967236461776,2.57742881770877,2.5377798286274,2.49528498609835,2.43301424000427,2.40497145453178,2.4199090803465,2.40927930949909,2.36498553072391,2.30712733064921,2.27621203911157,2.19535792776401,2.07517136640112,2.00780519953703,1.99181985149439,1.95904584379494,1.92029034344132,1.90860289687983,1.87500010333119,..
Ghana,GHA,Poverty headcount ratio at $3.00 a day (2021 PPP) (% of population),SI.POV.DDAY,..,..,..,..,60.9,..,..,..,..,..,..,41.8,..,..,..,39,..,..,..,..,..,..,..,..,..
Ghana,GHA,Gini index,SI.POV.GINI,..,..,..,..,42.8,..,..,..,..,..,..,42.4,..,..,..,43.5,..,..,..,..,..,..,..,..,..
Ghana,GHA,"School enrollment, primary (% gross)",SE.PRM.ENRR,75.4195938110352,78.8475799560547,76.3093490600586,80.2254409790039,86.7024688720703,91.2332763671875,95.9956512451172,100.841491699219,99.0773620605469,..,99.4130783081055,102.068698169955,101.089456129828,99.5600865756332,103.213138177351,101.751107525308,100.478896703055,98.6813906905268,99.8750321985622,98.4048952723908,99.4509436572472,98.2318953247047,..,100.967018127441,..
Ghana,GHA,"School enrollment, secondary (% gross)",SE.SEC.ENRR,30.9433898925781,32.267578125,33.6547889709473,36.1445503234863,38.1276893615723,39.8474884033203,43.759521484375,46.0595817565918,47.9277191162109,..,55.6069297790527,56.7326017795109,68.1991424560547,63.974569978053,67.0486566518056,67.2644101341977,66.6359450193038,68.2222557975165,71.1877006008423,74.0102186341371,76.2084742091088,77.8168696801948,..,75.7174682617188,..
Ghana,GHA,"Literacy rate, adult total (% of people ages 15 and above)",SE.ADT.LITR.ZS,..,..,..,..,..,..,..,..,..,71.5,..,..,..,..,60.1981035367761,..,64.4899978637695,..,..,..,76.4899978637695,..,..,..,..
Ghana,GHA,"Mortality rate, under-5 (per 1,000 live births)",SH.DYN.MORT,95.8,91.9,88.2,85,82,79.1,76.2,73.1,69.8,66.5,63.3,60.3,57.5,54.9,52.5,50.3,48.2,46.1,44.1,42.2,40.3,38.6,37.2,35.9,..
Ghana,GHA,"Life expectancy at birth, total (years)",SP.DYN.LE00.IN,58.403,58.709,59.014,59.316,59.638,59.975,60.282,60.578,60.928,61.297,61.617,61.995,62.397,62.832,63.175,63.522,63.829,64.138,64.455,64.309,64.286,65.246,65.498,65.695,..
Ghana,GHA,Current health expenditure (% of GDP),SH.XPD.CHEX.GD.ZS,1.86866331,1.94694591,2.14935279,2.36955285,3.27344108,3.67208791,3.70900321,3.72533512,4.17717743,4.52302933,4.46374655,3.93023658,4.59225416,4.01644135,4.54299259,3.39035821,2.68786979,2.43001175,3.25450468,4.4331708,3.86030865,3.67459154,2.94686937,..,..
Ghana,GHA,People using at least basic drinking water services (% of population),SH.H2O.BASW.ZS,66.2724810777251,67.2870236576029,68.3036435747065,69.3225909029972,70.3428380680709,71.3651562013802,72.3892820833539,73.4152138090769,74.4422077321147,75.471267939183,76.5016404793149,77.5330954898138,78.565152693679,79.5978353673804,80.631160872114,81.6651456164371,82.6995725023601,83.7344677926836,84.7696150287459,85.8052795210658,86.841252750433,87.8775520835237,88.8910495956232,89.9220116872755,..
Ghana,GHA,Access to electricity (% of population),EG.ELC.ACCS.ZS,44.8,46.8,48.3,50.8,41.3,55.1,56.9,60.5,61.1,64.2,64.1,56.5,70.7,78.3,74,79.3,79,80.4,83.5,85.4,86.3,85.1,89.5,..,..
Ghana,GHA,Individuals using the Internet (% of population),IT.NET.USER.ZS,0.200008060324831,0.830284033818738,1.19305791098328,1.71679770389504,1.83119746104616,2.72317597313987,3.85,4.27,5.44,7.8,9,10.6,15,19,23,28,37.88420105,43,22.0732,62.51760101,68.6,69.91329956,70.67430115,72.17569733,..
Benin,BEN,GDP (current US$),NY.GDP.MKTP.CD,3666222635.13875,4194342686.2178,5349258094.48239,6190270380.49856,6567654954.38903,7034111314.88812,8169048382.83875,9787734526.23965,9738626517.00319,9535345015.78355,10693321363.6574,11141358115.8991,12517845123.9315,13284527846.9081,11388160996.7738,11821065853.3838,12701655836.9467,14262408089.9261,14391686313.4641,15686741883.934,17687623530.3355,17425405090.862,19673291004.1444,21482643706.4249,..
Benin,BEN,GDP per capita (current US$),NY.GDP.PCAP.CD,492.401499509072,546.463829658159,676.002878084282,758.695803786371,779.437777753268,809.147072506221,912.338247188342,1060.60254502099,1024.10277858112,973.244254931526,1059.41358852588,1071.5258366283,1168.92699279226,1204.39918670094,1002.41886879614,1010.5338961993,1054.97408066814,1151.7409703472,1130.82135339795,1200.19426557789,1318.65158075198,1266.42711031904,1394.17784721831,1485.38018885134,..
Benin,BEN,GDP growth (annual %),NY.GDP.MKTP.KD.ZG,5.33313570603937,4.64303087074482,3.44357677591658,4.42968455385082,1.71316456361184,3.94373882815798,5.98634932177609,4.89657708429647,2.31929213912838,2.11406472648392,2.96375291904201,4.811223315688,7.19143372144946,6.35767909791932,1.77815106030278,3.33967342629693,5.67156195150444,6.69725362180888,6.86568662848335,3.84879240030133,7.1554516457574,6.25294705373625,6.3527773854442,7.45311566226201,..
Benin,BEN,"Inflation, consumer prices (annual %)",FP.CPI.TOTL.ZG,3.98429547767893,2.48916235491541,1.48724246145441,0.873890830868499,5.36452085832342,3.78217696540374,1.29806813334152,7.94729876067854,0.896072355749069,2.20783532536523,2.7042390774728,6.74468253340712,0.428888888888883,-0.54875755094818,0.218785923536245,-0.793310145785624,0.0432648555103608,0.919170717886053,0.732849371241066,3.02272119663759,1.73353962694035,1.35077863583527,2.73870078406074,1.16093089640415,..
Benin,BEN,"Population, total",SP.POP.TOTL,7445596,7675426,7913070,8159094,8426144,8693242,8953969,9228466,9509423,9797484,10093623,10397657,10708834,11030004,11360681,11697842,12039780,12383347,12726755,13070169,13413417,13759501,14111034,14462724,..
Benin,BEN,Urban population (% of total population),SP.URB.TOTL.IN.ZS,38.6186257669218,39.0035069872981,39.4169696013044,39.8525699078742,40.3097749006517,40.7877794072449,41.2857782552618,41.8029662723105,42.338538285999,42.8916891239353,43.4616136137276,44.0475065829838,44.6502883669319,45.2880529235999,45.9407403257663,46.6094559006664,47.2942774880391,47.9952829275963,48.7125500590248,49.4461567219896,50.1961807561354,50.9627000010887,51.7457922964593,52.5455354818423,..
Benin,BEN,Population growth (annual %),SP.POP.GROW,3.05435506649292,3.04010801597376,3.04920259714654,3.06173106096489,3.22061199704122,3.12066888297415,2.95509554727715,3.01959398464251,2.99903642214246,2.98424162798508,2.97782202797765,2.96766540040992,2.94885160135819,2.9550187594558,2.95391627666724,2.92460216679542,2.88117869411855,2.8136418840483,2.73538842831436,2.66259875153288,2.59230167510348,2.54740926342667,2.52274772277722,2.46175361912328,..
Benin,BEN,Poverty headcount ratio at $3.00 a day (2021 PPP) (% of population),SI.POV.DDAY,..,..,70.5,..,..,..,..,..,..,..,68.4,..,..,..,65.8,..,..,37.2,..,..,27.2,..,..,..,..
Benin,BEN,Gini index,SI.POV.GINI,..,..,38.6,..,..,..,..,..,..,..,43.4,..,..,..,47.6,..,..,37.9,..,..,34.4,..,..,..,..
Benin,BEN,"School enrollment, primary (% gross)",SE.PRM.ENRR,84.4785537719727,89.5929565429688,93.1921081542969,96.9871597290039,94.2145690917969,94.3325424194336,..,106.483963012695,111.44181060791,112.795959472656,114.723129272461,118.541481018066,119.383087158203,119.675392150879,121.990882873535,120.301116943359,116.291519165039,111.805068969727,106.798400878906,104.033172607422,105.631301879883,108.036239624023,..,..,..
Benin,BEN,"School enrollment, secondary (% gross)",SE.SEC.ENRR,21.7104396820068,23.5846691131592,24.9001197814941,26.7041492462158,..,..,..,..,..,..,45.7294692993164,..,52.0378494262695,52.5952682495117,55.1333084106445,55.2945899963379,..,..,..,43.9858703613281,44.2737998962402,43.5606498718262,..,..,..
Benin,BEN,"Literacy rate, adult total (% of people ages 15 and above)",SE.ADT.LITR.ZS,..,34.6599998474121,..,..,..,..,..,..,..,..,44.6881229256471,..,45.0800018310547,..,..,..,38.8699989318848,..,49,..,43.8300018310547,51.3800010681152,..,..,..
Benin,BEN,"Mortality rate, under-5 (per 1,000 live births)",SH.DYN.MORT,131.7,128.5,125.4,122.5,119.7,117,114.4,112,109.7,107.4,105.1,102.9,100.6,98.4,96.1,94,91.8,89.4,87,84.6,82.2,79.6,77.2,74.7,..
Benin,BEN,"Life expectancy at birth, total (years)",SP.DYN.LE00.IN,56.654,56.851,57.092,57.346,57.738,57.966,58.249,58.099,58.258,58.387,58.462,58.559,58.863,59.008,59.123,59.283,59.528,59.71,59.888,60.154,59.61,60.475,60.774,60.961,..
Benin,BEN,Current health expenditure (% of GDP),SH.XPD.CHEX.GD.ZS,3.30417323,3.09589195,3.11678505,3.23273873,3.22345805,3.28773856,2.93715644,2.65178108,2.89953876,3.01848245,2.99865556,3.07562971,2.86880755,2.69111967,2.72813416,3.62042856,3.67389345,3.4364984,3.00206876,3.0512166,2.91589761,2.98184395,3.33732462,..,..
Benin,BEN,People using at least basic drinking water services (% of population),SH.H2O.BASW.ZS,61.4110451186381,61.7826864714812,62.177768242791,62.5694755970266,62.9572986699117,63.3414202893598,63.722003378885,64.0987736405784,64.471280030876,64.8398943690565,65.2045676976255,65.5652472683148,65.9215151449037,66.2745990254867,66.6240261475915,66.9697053582587,67.3115299235489,67.6494113960798,67.9832516982572,68.3129505616936,68.6381245479094,68.9589815769274,69.2752913846942,69.5868397867067,..
Benin,BEN,Access to electricity (% of population),EG.ELC.ACCS.ZS,21.9,23.4,24.3,25.2,26.1,27.9,28,29,30,34.2,36.9,38.4,34.7,34.1,29.6,37,34.5,39,40,41,42,56.5,57,..,..
Benin,BEN,Individuals using the Internet (% of population),IT.NET.USER.ZS,0.363417890016082,0.7029455951039,0.951327114915695,1.18254096518994,1.271000028,1.537899971,1.79,1.85,2.24,3.13,4.14832306562512,4.5,4.900000095,6,11.25500011,14.5,18.7,19,20.50099945,22.12059975,28.20470047,30.53730011,32.39400101,33.98379898,..
Burkina Faso,BFA,GDP (current US$),NY.GDP.MKTP.CD,3190371080.94768,3622350062.96053,4740768142.67494,5451688537.60959,6146353173.34929,6547419820.38113,7625722836.76847,9451435490.11467,9450696873.34326,10109619740.6994,12080295977.5632,12561015156.5683,13444300485.8412,13943016076.7436,11832159315.6298,12833363045.3367,14106955615.3442,15890066221.2882,16032813503.3707,17725010532.5268,19697516284.3787,18622421394.6133,20112614449.2039,23124729853.0218,..
Burkina Faso,BFA,GDP per capita (current US$),NY.GDP.PCAP.CD,259.485223380436,285.654087637533,362.373899996953,403.81283743461,441.164148016012,455.513655620024,514.684451177238,619.437533256264,601.569520671859,624.957252224766,725.024767725475,731.470138867833,759.762065168498,764.861675106225,630.124750752312,663.742364842886,709.091535894695,777.465618514048,764.853077774946,825.237038782475,895.535288442991,827.330843486661,873.482589651003,981.992649769081,..
Burkina Faso,BFA,GDP growth (annual %),NY.GDP.MKTP.KD.ZG,6.61340574539679,4.35296382988099,7.80249388870359,4.47845213670386,8.66187322841225,6.25316468817478,4.11137901761516,5.79999174105387,2.96195085866692,8.44628157707625,6.62256261306693,6.45267237953146,5.79258484509867,4.32684561452976,3.9212287937935,5.95797670754024,6.20348941121868,6.60456906812341,5.88920497068135,2.01077262406221,6.94252492572348,1.62673258211919,3.00027415814125,4.79980951667159,..
Burkina Faso,BFA,"Inflation, consumer prices (annual %)",FP.CPI.TOTL.ZG,5.00743290822373,2.17569480664608,2.03456574053815,-0.400228702115451,6.41504018369684,2.33310856372219,-0.230627306273049,10.6597978997424,2.60817666368314,-0.764230734676768,2.75976724854534,3.8181524025238,0.533738507090536,-0.258089517535291,0.724838981070516,0.441041448058809,1.48299897161325,1.95594302672532,-3.23338933983321,1.88470066518847,3.65326761825508,14.2902354303358,0.742910428668917,4.19081721344523,..
Burkina Faso,BFA,"Population, total",SP.POP.TOTL,12295001,12680897,13082532,13500533,13932123,14373707,14816307,15258093,15710066,16176498,16661908,17172287,17695409,18229461,18777487,19334856,19894407,20438288,20961952,21478690,21995243,22509038,23025776,23548781,..
Burkina Faso,BFA,Urban population (% of total population),SP.URB.TOTL.IN.ZS,18.8591452143893,19.725053583448,20.563327262892,21.3392180754924,22.0179778440204,22.5528306908743,22.9741760828193,23.3633747838557,23.7452325601116,24.115092498158,24.4682976845657,24.8001912059054,25.106116148748,25.3814155996643,25.621432645225,25.821510372001,25.9769918665632,26.0832202154822,26.1187254401157,26.3578373628627,26.8114307743017,27.2791369742712,27.7872478365158,28.3352514896662,..
Burkina Faso,BFA,Population growth (annual %),SP.POP.GROW,3.05099351122556,3.09039308299234,3.11812174449527,3.14512608695879,3.14680149143287,3.12034537509581,3.03277637197036,2.93816522811728,2.91916025918168,2.92577947499021,2.95657078370668,3.0171707485343,3.00083639274971,2.9733794200807,2.96196306547686,2.92508251378454,2.85291595529266,2.69713675384815,2.52989803984158,2.43522959287393,2.37649218888363,2.30907147387783,2.26973666268599,2.24597728439097,..
Burkina Faso,BFA,Poverty headcount ratio at $3.00 a day (2021 PPP) (% of population),SI.POV.DDAY,..,..,69.6,..,..,..,..,..,67.2,..,..,..,..,58.7,..,..,..,47.7,..,..,42.1,..,..,..,..
Burkina Faso,BFA,Gini index,SI.POV.GINI,..,..,43.3,..,..,..,..,..,39.8,..,..,..,..,35.3,..,..,..,43,..,..,37.4,..,..,..,..
Burkina Faso,BFA,"School enrollment, primary (% gross)",SE.PRM.ENRR,44.3381385803223,45.1330909729004,47.5335502624512,52.1790885925293,56.6982612609863,60.375,65.8891830444336,71.3662185668945,75.7858963012695,76.4055299539171,79.7322151346571,81.98174251568,83.2890892862992,84.5538716285922,85.1484827713554,87.4065255935815,89.5118329042903,91.5019771306419,89.7861564043823,87.6988473437538,87.0183353617198,82.2567064320916,72.2385948607578,77.1665925504108,..
Burkina Faso,BFA,"School enrollment, secondary (% gross)",SE.SEC.ENRR,10.0396404266357,..,11.2848196029663,12.3676996231079,13.3723297119141,14.1544599533081,15.2793703079224,17.9947395324707,19.4353504180908,21.1780201888507,23.1764371916742,25.2399681000378,27.6008880705968,29.5668744354491,32.8931343608996,34.9336280775566,37.1627510802261,39.6278467471779,40.0770460332282,39.2540084845692,38.1480312365517,33.6212866168282,30.8551216331757,29.9905774531085,..
Burkina Faso,BFA,"Literacy rate, adult total (% of people ages 15 and above)",SE.ADT.LITR.ZS,..,..,21.8199996948242,..,23.5200004577637,22.4699993133545,27.8799991607666,..,..,..,..,..,..,34.5999984741211,..,..,..,39.3499984741211,29.6599998474121,..,36.9700012207031,40.9199981689453,41.5670909952631,..,..
Burkina Faso,BFA,"Mortality rate, under-5 (per 1,000 live births)",SH.DYN.MORT,171.9,167.3,162.3,156.8,150.8,144.4,138.1,132.1,126.5,121.3,116.6,112.3,108.2,104.3,100.8,97.4,94.1,91,88.1,85.1,82.4,79.8,77.4,74.9,..
Burkina Faso,BFA,"Life expectancy at birth, total (years)",SP.DYN.LE00.IN,51.188,51.447,51.959,52.6,53.271,53.784,54.377,55.199,55.791,56.343,57.001,57.457,57.903,58.331,58.778,59.173,59.578,59.972,60.184,60.454,60.046,60.7,61.092,61.292,..
Burkina Faso,BFA,Current health expenditure (% of GDP),SH.XPD.CHEX.GD.ZS,3.95983911,4.17985535,4.42266035,5.23083639,4.83784914,5.17043304,5.77535009,4.96721601,5.19683933,5.28967237,4.64868164,4.60267258,5.56331587,5.00027227,5.13192415,5.95284653,6.12075186,4.94427681,5.35001135,6.89469957,7.08691931,7.41435528,7.79943228,..,..
Burkina Faso,BFA,People using at least basic drinking water services (% of population),SH.H2O.BASW.ZS,55.8329037014079,55.6114304370044,55.3903115715643,55.1712862578843,54.9540483069105,54.7404102452083,54.4775122533974,54.1709291046909,53.8607620569165,53.5481792484168,53.2337210751368,52.9175711215547,52.6002657451869,52.2827255201391,51.9651331528119,51.6480569278797,51.3308302109352,51.0143648746902,50.6996167671279,50.3862637931321,50.0752719507407,49.7662606215165,49.4606606678806,49.9986600107497,..
Burkina Faso,BFA,Access to electricity (% of population),EG.ELC.ACCS.ZS,9.5,9.9,11.4,10.7,11.1,11.6,12,12.5,12.6,13.1,14.8,15.1,15.4,19.2,16.2,16.6,17,14.4,17.6,18.5,19,19.5,21.7,..,..
Burkina Faso,BFA,Individuals using the Internet (% of population),IT.NET.USER.ZS,0.157732464653607,0.200992597925001,0.373440303233526,0.400295285492178,0.469900012,0.632700026,0.75,0.920000017,1.129999995,2.400000095,3,3.724999905,5,6,6.545700073,7.140999794,7.790400028,8.498900414,9.27180600953186,12.97319984,18.1522007,25.3987999,25.36120033,28.25270081,..
Mali,MLI,GDP (current US$),NY.GDP.MKTP.CD,4124281593.71774,4647238256.5683,5605613011.29045,6485774930.48034,7429066951.48251,8212007554.03129,9699047442.51269,11462490840.2784,12155217832.8781,12710739159.4045,15452791789.0031,14795114602.6396,15747192680.9101,17081681993.1695,15583181170.4105,16743796799.8329,18308362040.0521,20368015381.2413,20477421884.5414,20698560938.7775,22999245262.6719,22539987718.7642,24813860598.5307,26794747239.8805,..
Mali,MLI,GDP per capita (current US$),NY.GDP.PCAP.CD,346.224554251022,378.191678628285,441.910358475095,495.006294680645,548.730382842725,586.985415515264,670.853394973479,767.19483895009,787.482564287398,797.151541135109,938.292902583696,872.506092465564,901.920957644831,947.915033288325,838.11986940103,872.468587171653,924.057531692284,996.379292136901,971.949318638092,953.242943290974,1027.27345365357,976.914116406452,1043.9533853528,1094.61949265799,..
Mali,MLI,GDP growth (annual %),NY.GDP.MKTP.KD.ZG,15.8060317406145,3.03627540842406,9.79712256129343,1.47732490222614,2.53837834867178,3.6896026526873,1.76004607889122,3.63871070955426,5.45473562577585,5.57678859838062,2.93537897086446,-1.07239924132972,3.29068742019345,6.50263878409685,6.23887890197454,6.00506308559498,5.37554769639952,4.86784999991505,4.99999911608818,-1.16910834828603,3.10094124444834,3.70319027595568,4.72541109080376,4.99226917482922,..
Mali,MLI,"Inflation, consumer prices (annual %)",FP.CPI.TOTL.ZG,5.18701191944068,5.03282275711194,-1.34672619047621,-3.09978128063957,6.39788293897883,1.54352596927582,1.41200201714577,9.17098813667678,2.46375188572299,1.10892690670186,2.95564395229392,5.32312847064058,-0.606736356351563,0.883814547137841,1.45069057605961,-1.79964707083386,1.75985742927165,0.299546507387843,-1.65826694846365,0.438088940320669,3.92560283104277,9.62147608489064,2.05880228274223,3.2063986409966,..
Mali,MLI,"Population, total",SP.POP.TOTL,11912158,12288050,12684955,13102409,13538647,13990139,14457775,14940782,15435539,15945198,16469049,16957033,17459615,18020267,18593022,19191289,19813011,20442030,21068405,21713836,22388630,23072640,23769127,24478595,..
Mali,MLI,Urban population (% of total population),SP.URB.TOTL.IN.ZS,19.3181950112665,19.6792980362731,20.0594231247985,20.4570532892964,20.8706715422205,21.2987608960246,21.7398043631622,22.1922849560871,22.6557955217884,23.1359461824894,23.6379674039304,24.1606168848588,24.7033626854883,25.2656728660325,25.847015486705,26.4468586077195,27.0646702892896,27.6999185916288,28.3520715749509,29.0205972994693,29.7049638253978,30.4015705681899,31.0031889023235,31.6075621182225,..
Mali,MLI,Population growth (annual %),SP.POP.GROW,3.00701165563643,3.10676861781848,3.17894001404545,3.23794608826987,3.27522299158149,3.2804387949943,3.28796078422057,3.2862188900418,3.25780569403424,3.2485140091385,3.23250831038309,2.91998728475051,2.92078257453733,3.16065691731413,3.1289280097663,3.16701291267986,3.18823649379751,3.1254232369578,3.01814494306617,3.01751361469378,3.06035796580474,3.00942592606239,2.97400537620334,2.94115084753028,..
Mali,MLI,Poverty headcount ratio at $3.00 a day (2021 PPP) (% of population),SI.POV.DDAY,68.6,..,..,..,..,64,..,..,63.3,..,..,..,..,..,..,..,..,29.4,..,..,36.1,..,..,..,..
Mali,MLI,Gini index,SI.POV.GINI,39.9,..,..,..,..,38.9,..,..,33,..,..,..,..,..,..,..,..,36,..,..,35.7,..,..,..,..
Mali,MLI,"School enrollment, primary (% gross)",SE.PRM.ENRR,57.4527702331543,61.1667289733887,63.1191711425781,66.4467468261719,69.7963180541992,72.4690475463867,74.726676940918,76.5747985839844,77.8208770751953,78.2843194478002,78.6656430079497,75.3898048541622,70.8734283447266,71.8215759998762,70.5209747052129,71.8693090094813,74.6733759399248,70.3689604909815,..,..,..,..,72.7972336510107,..,..
Mali,MLI,"School enrollment, secondary (% gross)",SE.SEC.ENRR,..,..,19.7679595947266,21.5015201568604,23.2651901245117,25.1828804016113,27.6904392242432,31.0381298065186,34.0355415344238,36.7189206176726,38.7492137225876,..,39.2758121397099,41.2349114693214,38.9892238642006,40.0999948578594,38.5485805738327,37.9832691019192,..,..,..,..,38.9389470920545,..,..
Mali,MLI,"Literacy rate, adult total (% of people ages 15 and above)",SE.ADT.LITR.ZS,..,..,24,..,..,26.1800003051758,..,..,..,31.1000003814697,30.6200008392334,..,..,..,33.0699996948242,..,..,35.4700012207031,..,..,..,..,..,35.6300010681152,..
Mali,MLI,"Mortality rate, under-5 (per 1,000 live births)",SH.DYN.MORT,183.9,177.7,171.7,165.8,160.1,154.6,149.2,144,138.9,133.8,128.8,123.9,119.1,114.4,109.7,105.1,100.6,96.2,91.9,87.6,83.6,79.7,76.2,73,..
Mali,MLI,"Life expectancy at birth, total (years)",SP.DYN.LE00.IN,51.3,51.995,52.632,53.253,53.792,54.305,54.756,55.187,55.588,55.993,56.367,56.696,57.052,57.482,57.852,58.286,58.562,58.873,59.217,58.858,59.116,60.035,60.439,60.675,..
Mali,MLI,Current health expenditure (% of GDP),SH.XPD.CHEX.GD.ZS,4.51952076,4.99775982,5.05061436,5.21768713,5.19517279,5.4559021,5.2530427,5.02688074,5.21225691,4.67867136,4.01485014,3.7521801,3.96408582,4.48158312,4.11143351,3.77377558,3.67425752,3.73251104,3.82943797,3.50623369,3.54318666,3.72170115,3.81316996,..,..
Mali,MLI,People using at least basic drinking water services (% of population),SH.H2O.BASW.ZS,51.0043528727808,52.6652852945174,54.3201164982467,55.9690552417302,57.6096707559848,59.2432791544715,60.8678932754337,62.4840069987377,64.0894295059223,65.6825064344256,67.2626511406481,68.8293224749943,70.3820228884165,71.9205681917845,73.4442818917146,74.9530465324724,76.4467561333581,77.9248726503067,79.3875776496975,80.8342374526546,82.2652506105548,83.6801195841677,85.0789328815907,86.3633567815443,..
Mali,MLI,Access to electricity (% of population),EG.ELC.ACCS.ZS,10.8,13,14.7,16.4,18.2,16.6,21.7,23.4,24,27,28.8,25.6,32.4,34.2,37.6,38.8,34.8,50.9,47.9,50.6,53.4,53,54.5,..,..
Mali,MLI,Individuals using the Internet (% of population),IT.NET.USER.ZS,0.185897413256084,0.2270455784917,0.310364443230575,0.432819639900985,0.507099986,0.729600012,0.81,1.57,1.799999952,2,2.2,2.799999952,3.5,7,10.32999992,14,18.89999962,21.39999962,24.96030045,29.11300087,33.95650101,35.19919968,36.03879929,36.80149841,..
Mauritania,MRT,GDP (current US$),NY.GDP.MKTP.CD,1746063557.61355,1777057481.26043,2051147606.73687,2362501023.24249,2936019525.60241,3919577285.92703,4346212355.02975,5206437193.80413,4714595547.75102,5628878797.98257,6764627745.9033,6728208836.22143,7223071097.08417,6592537781.81518,6166863896.68677,6398747592.13185,6800135898.28827,7473550557.07378,7894764885.82312,8260752385.23089,9222536364.01272,9557966698.25369,10726838461.3987,10908045686.8808,..
Mauritania,MRT,GDP per capita (current US$),NY.GDP.PCAP.CD,651.817840199777,648.879643934862,732.017820812675,823.554457141893,998.96583416747,1300.60367988659,1405.15016203368,1635.5630623124,1435.43010811893,1659.96369705455,1931.19975525465,1859.11733247641,1934.24103064714,1713.00865264234,1554.94897871782,1565.76575722696,1615.00401327323,1722.93528854073,1767.072710621,1795.76459566714,1947.78918383313,1960.35240077424,2135.78187606359,2110.12036938187,..
Mauritania,MRT,GDP growth (annual %),NY.GDP.MKTP.KD.ZG,-0.799493830035985,1.38148396045266,6.92826957568474,4.73275787510946,8.56628732009419,18.3331986932345,-1.96942274988409,-0.331079223430805,0.0978759143320076,2.62022948104543,4.17278327815399,4.47001319170479,4.1508131898954,4.27482328814457,5.37633924099251,1.26090923067225,6.27054566937677,4.77217365692621,3.14100489306969,-0.360657384151068,0.742715486567747,6.79600500489967,6.80949001978621,6.30760213290844,..
Mauritania,MRT,"Inflation, consumer prices (annual %)",FP.CPI.TOTL.ZG,4.7148963468961,3.8957052575849,5.15190150769578,10.3676233473073,12.1256487185541,6.2410332814282,7.25410841304887,7.34663541249786,2.22092032381779,6.28354087427704,5.68631959575954,4.90242727217997,4.12910173783393,3.53436856147324,3.25472688117631,1.47171045650004,2.25427651934813,3.06735996058356,2.30009262117937,2.3856948845632,3.56516484650185,9.52526628622843,4.95305034506872,2.49164347481972,..
Mauritania,MRT,"Population, total",SP.POP.TOTL,2678760,2738655,2802046,2868664,2939059,3013660,3093059,3183269,3284448,3390965,3502811,3619034,3734318,3848514,3965959,4086657,4210600,4337685,4467708,4600131,4734874,4875637,5022441,5169395,..
Mauritania,MRT,Urban population (% of total population),SP.URB.TOTL.IN.ZS,38.1070763150421,38.3900378438208,38.8866922319919,39.5685575664461,40.407151934074,41.3739934217664,42.4406001164139,43.5784901049073,44.7591814741371,45.9541923109942,47.1350407023691,48.2732447351525,49.3553973225913,50.4694791226856,51.6680350049622,52.9185627319946,54.1970448502004,55.1305077000081,56.0596215779146,56.9836701058893,57.901535141641,58.8120996197226,59.7142464747058,60.6068586411829,..
Mauritania,MRT,Population growth (annual %),SP.POP.GROW,2.46862570579989,2.2112923085405,2.28829406566231,2.34965515386841,2.42430459268211,2.50658248493226,2.60052819123955,2.87480873438379,3.12899450909418,3.19159403639576,3.24512473547367,3.26413503920642,3.135806545909,3.01218949095495,3.00605924056849,2.99795842489143,2.98778789331469,2.97356403059489,2.95347297852629,2.92092559048913,2.88703345850902,2.92956466448208,2.96653079197429,2.88395898961435,..
Mauritania,MRT,Poverty headcount ratio at $3.00 a day (2021 PPP) (% of population),SI.POV.DDAY,..,..,..,28.5,..,..,..,19.2,..,..,..,..,..,11.7,..,..,..,..,10.2,..,..,..,..,..,..
Mauritania,MRT,Gini index,SI.POV.GINI,..,..,..,40.2,..,..,..,35.7,..,..,..,..,..,32.6,..,..,..,..,32,..,..,..,..,..,..
Mauritania,MRT,"School enrollment, primary (% gross)",SE.PRM.ENRR,80.3173294067383,81.0384368896484,82.6807022094727,88.9611282348633,89.0759201049805,92.2504577636719,94.5087280273438,91.1832809448242,97.033561706543,97.8571652188966,95.4359624506773,94.9017954032329,93.6377057031555,93.9026961891851,96.699365333097,88.6641926490124,87.8173094861384,90.2193039220816,90.2671941351334,93.8044664780786,..,..,104.015072968957,105.434763333022,..
Mauritania,MRT,"School enrollment, secondary (% gross)",SE.SEC.ENRR,20.5369300842285,20.5889301300049,21.539270401001,22.1136894226074,22.4629497528076,23.1758899688721,..,18.5803203582764,20.0069904327393,20.4244003295898,22.7523097991943,27.0638964405956,30.2620419125702,30.6988232872483,31.196307538775,32.187587041888,31.7565696757394,35.5293425627344,37.5793709898761,36.0277030077074,..,..,..,..,..
Mauritania,MRT,"Literacy rate, adult total (% of people ages 15 and above)",SE.ADT.LITR.ZS,..,..,..,..,..,..,..,..,..,..,..,..,62.0699996948242,..,65.1100006103516,..,..,..,..,59.5299987792969,..,..,..,..,..
Mauritania,MRT,"Mortality rate, under-5 (per 1,000 live births)",SH.DYN.MORT,93.4,88.2,82.8,77.5,72.5,68.1,64.3,61.3,58.8,56.8,55.1,53.5,52.1,50.6,49.1,47.7,46.2,44.7,43.4,42,40.7,39.4,38.1,36.9,..
Mauritania,MRT,"Life expectancy at birth, total (years)",SP.DYN.LE00.IN,61.662,62.249,62.805,63.369,63.92,64.493,64.885,65.233,65.485,65.661,65.754,65.808,65.89,66.207,66.498,66.823,67.088,67.419,67.64,66.794,66.762,68.281,68.484,68.713,..
Mauritania,MRT,Current health expenditure (% of GDP),SH.XPD.CHEX.GD.ZS,3.5718379,4.00224972,4.03254652,3.70429492,3.40312648,2.70252752,2.87644005,3.01338983,3.11034036,2.63618922,2.47383666,2.64919329,2.86799884,3.46724391,3.67363763,3.18699503,3.41947556,2.88362551,3.09176588,3.00147843,3.78022528,4.66962671,4.34333467,..,..
Mauritania,MRT,People using at least basic drinking water services (% of population),SH.H2O.BASW.ZS,42.3280271481034,43.8234469336447,45.328257924083,46.8421748540114,48.3637496328725,49.8930914741819,51.4299037180572,52.9742769831922,54.5236725907371,56.0793137596393,57.6405391140785,59.206705237902,60.7764532840581,62.3466709330309,63.916470728636,65.4850065623498,67.0528469845158,68.6188207153195,70.1831740304399,71.7451315704303,73.3049522964887,74.8619034584031,76.416594605687,77.2846491375388,..
Mauritania,MRT,Access to electricity (% of population),EG.ELC.ACCS.ZS,22.2,21.7,23,24.3,18.2,27,33,30,31.1,34.2,35.3,36.4,37.6,38.8,39.5,41.2,42.9,43.6,44.9,45.4,47.7,49,50.3,..,..
Mauritania,MRT,Individuals using the Internet (% of population),IT.NET.USER.ZS,0.261448551967195,0.363229414608579,0.424004895843197,0.481470438230954,0.670000017,0.979700029,1.433599949,1.870000005,2.279999971,4,4.5,5,6.199999809,11.80000019,17.60000038,19.23279953,21.01720047,22.96699905,25.0977993,29.90649986,35.63660049,42.46450043,44.95629883,45.77939987,..
Togo,TGO,GDP (current US$),NY.GDP.MKTP.CD,2093498674.49678,2410199032.43102,2987984050.99318,3191561508.69088,3221910408.46516,3320907721.74508,3759962853.26476,4578847112.70688,4721888275.26937,4746386893.22553,5422439152.10906,5413541649.14901,6021729629.82454,6393314707.85456,5755457836.01866,6071167584.1951,6387424239.8801,7029215766.46367,6992654019.28876,7486031561.86885,8541668141.26198,8646453099.4124,9816236302.58515,10651180146.531,..
Togo,TGO,GDP per capita (current US$),NY.GDP.PCAP.CD,396.692654520135,445.238691488925,538.16537776929,560.266308533382,551.259850017077,552.50227125256,607.587886721352,718.948386717473,720.693768151415,704.986772286079,783.988944671672,762.39162379069,826.542799987227,855.584809246574,751.051987587248,772.581357620609,792.765700965864,851.120561233595,826.255209019798,863.468665870276,962.075187515872,951.232378690387,1055.01727877926,1119.38160509429,..
Togo,TGO,GDP growth (annual %),NY.GDP.MKTP.KD.ZG,0.823438752111855,3.82662257675142,6.72017142336034,-0.978665332738743,-4.66629938413338,2.65013209943473,-1.1751368996605,4.03561315398862,5.45381096920332,5.85433399076879,5.82325622135289,6.30271426865185,5.82425069283059,5.63323739145223,5.4680413807304,4.21490387414525,4.00791259566937,4.79518333086139,4.92283321360694,2.16228657424364,5.12890113701732,6.29443692019429,6.19211576941919,6.53204505563791,..
Togo,TGO,"Inflation, consumer prices (annual %)",FP.CPI.TOTL.ZG,3.91959133653146,3.05981857535884,-0.930000884072214,0.393078681031669,6.78292893028314,2.22897779414027,0.945673271705214,8.69482814363902,3.71360592035809,1.44594517430864,3.5635147290396,2.57718174055848,1.82539475909162,0.19087507624975,2.58500390801595,1.28544847051417,-0.981889868943119,0.927755426457183,0.674652770077525,1.69928463299399,4.1862150652352,7.96757361617945,5.48928568141131,2.86262074089801,..
Togo,TGO,"Population, total",SP.POP.TOTL,5277382,5413274,5552167,5696508,5844631,6010668,6188344,6368812,6551865,6732590,6916474,7100736,7285442,7472450,7663195,7858289,8057140,8258778,8463068,8669720,8878379,9089738,9304337,9515236,..
Togo,TGO,Urban population (% of total population),SP.URB.TOTL.IN.ZS,33.5503635916513,34.0011370438307,34.4513989657696,34.9007435603688,35.3487650305291,35.795057579151,36.2392154091353,36.6808327233827,37.1195037247939,37.5545882975638,37.9872305648732,38.4194359598204,38.8516767884103,39.2839506458368,39.7162551272934,40.1485878279739,40.5809463430719,41.013328267781,41.445731197295,41.8781527268075,42.3105904515122,42.7332327975627,43.2496853032436,43.8148491605996,..
Togo,TGO,Population growth (annual %),SP.POP.GROW,2.63698635340958,2.54239439953807,2.53342165886308,2.56650535233,2.56701065239466,2.80124284070489,2.91316321758797,2.87454303428326,2.83367889670304,2.72101716624637,2.69461885935872,2.62923384476283,2.56796697750519,2.53448135308774,2.52060746648904,2.51398996486491,2.49897565726694,2.47179798610782,2.44351209316794,2.41247393684318,2.37825002957617,2.35270895960531,2.33345506489111,2.2413667842624,..
Togo,TGO,Poverty headcount ratio at $3.00 a day (2021 PPP) (% of population),SI.POV.DDAY,..,..,..,..,..,67.6,..,..,..,..,65.5,..,..,..,61.7,..,..,35.3,..,..,34.7,..,..,..,..
Togo,TGO,Gini index,SI.POV.GINI,..,..,..,..,..,42.2,..,..,..,..,46,..,..,..,43,..,..,42.5,..,..,37.9,..,..,..,..
Togo,TGO,"School enrollment, primary (% gross)",SE.PRM.ENRR,112.105476379395,113.691993713379,111.294708251953,110.338851928711,109.478187561035,113.06999206543,107.236228942871,107.988212585449,121.990951538086,124.709514209282,122.784071157596,125.758046516929,126.10501578594,122.304207926362,125.602691931749,121.476913528699,119.405694248485,117.836324490464,117.747746676497,119.266830948762,116.971385859009,118.42316752898,116.335465545392,114.272773524266,..
Togo,TGO,"School enrollment, secondary (% gross)",SE.SEC.ENRR,34.4402694702148,38.4870300292969,40.5968894958496,41.9863700866699,44.2280082702637,46.0299682617188,42.7597885131836,..,..,..,52.7706298828125,..,..,..,..,..,60.769472220228,..,..,..,63.0669365853803,..,63.4192515229188,..,..
Togo,TGO,"Literacy rate, adult total (% of people ages 15 and above)",SE.ADT.LITR.ZS,..,..,..,..,..,56.8899993896484,..,..,57.0900001525879,57.2000007629395,60.4099998474121,..,..,..,63.75,..,60.9537021917226,..,66.5400009155273,..,..,72.5999984741211,..,..,..
Togo,TGO,"Mortality rate, under-5 (per 1,000 live births)",SH.DYN.MORT,115.7,112.2,108.8,105.5,102.4,99.3,96.5,93.7,90.9,88.3,85.6,82.9,80.2,77.7,75.2,72.8,70.4,68.1,66,63.9,62,60,58.1,56.1,..
Togo,TGO,"Life expectancy at birth, total (years)",SP.DYN.LE00.IN,54.757,55.044,55.312,55.608,55.931,56.154,56.395,56.663,56.94,57.24,57.624,57.953,58.356,58.776,59.23,59.677,60.145,60.608,61.061,61.14,61.337,62.292,62.74,62.935,..
Togo,TGO,Current health expenditure (% of GDP),SH.XPD.CHEX.GD.ZS,3.4422195,3.44502354,3.44513917,3.48131895,3.98242044,4.30967808,3.67734432,3.74071932,3.92726755,4.33284378,4.38927078,4.64366484,4.78670263,4.90473413,6.24738503,6.58550072,6.50210476,6.16073656,5.91268635,6.18928432,5.6165967,6.24094057,6.10829544,..,..
Togo,TGO,People using at least basic drinking water services (% of population),SH.H2O.BASW.ZS,47.2066551581281,48.548643782428,49.8657131320708,51.0022965045224,51.9453319211915,52.8533718752421,53.7264798079458,54.5651625096366,55.3677359070846,56.1360720615008,56.877895720393,57.5887896171643,58.2632949727303,58.9022839214157,59.5058666846818,60.0753126449292,60.6102462342239,61.1106166110229,61.5763879815796,62.0075237539343,62.4040009740747,62.7656132616006,63.7824051013865,64.7862455498292,..
Togo,TGO,Access to electricity (% of population),EG.ELC.ACCS.ZS,19.6,21.3,23,24.8,26.5,27.9,30,31.8,33.7,30.8,39.7,39.1,41,45.7,44.7,46.8,48,50,52.5,54.1,55.7,57.2,59.2,..,..
Togo,TGO,Individuals using the Internet (% of population),IT.NET.USER.ZS,0.9,1,1.2,1.5,1.799999952,2,2.200000048,2.400000095,2.599999905,3,3.5,4,4.5,5.699999809,7.119999886,11.31000042,12.3602249692905,15.5,20.72730064,29.02370071,30.33839989,35.60749817,37.57020187,39.48320007,..
Guinea,GIN,GDP (current US$),NY.GDP.MKTP.CD,4125527603.22908,4301608752.51396,5025167975.26363,5300767960.51572,4282468636.90501,4220019845.26341,6281918226.34408,6964179983.17212,6716905339.73136,6853467145.53089,6785137203.33153,7638044556.84656,8376613539.28278,8778473372.82124,8794201742.84609,8595955222.49719,10324668271.1362,11857030366.7891,13442861496.4454,14088693742.9464,17069115737.8259,19910452541.9219,22407615556.0571,25008678293.4084,..
Guinea,GIN,GDP per capita (current US$),NY.GDP.PCAP.CD,483.085120214741,495.916073559269,566.48540588068,584.897740538081,463.17768685098,446.980554135013,650.148575304743,703.532825784369,662.185914665575,659.235326211315,636.694958747648,699.353377212197,748.455020824734,765.146999389279,747.356966759448,711.996509782316,833.598621691121,933.273615633705,1031.34146480732,1053.66097696415,1244.96550477914,1416.59612011764,1555.49375806861,1694.95375862193,..
Guinea,GIN,GDP growth (annual %),NY.GDP.MKTP.KD.ZG,3.65834646929586,5.16460946696631,1.24860125923698,2.34011731288737,2.99727256275818,1.18960211693242,6.81747111070281,4.13301615965833,-1.12264204848687,4.81336016967553,5.61211177430975,5.91528626133322,3.94568708624053,3.69655311664086,3.82591056949435,10.82062719659,10.3000053427355,6.35849192736715,5.61691446889876,4.70459096113575,5.5823328114905,3.97240784200721,5.54172668627702,5.35004659051708,..
Guinea,GIN,"Inflation, consumer prices (annual %)",FP.CPI.TOTL.ZG,..,..,..,..,31.3733025877534,34.6952705997072,18.1755656108597,23.065612938798,4.68438868976504,15.0502688559001,21.3169268542577,15.2262941038638,11.8875884481828,6.1505055670642,11.7800825029834,8.17268112275132,8.91435947913097,9.82761701259191,9.47001039253012,10.6016203387167,12.5972882566934,10.4930409984424,7.80497591927973,8.12313914948596,..
Guinea,GIN,"Population, total",SP.POP.TOTL,8539960,8674066,8870781,9062726,9245844,9441171,9662281,9898870,10143534,10396086,10656810,10921581,11191873,11472924,11767070,12073030,12385659,12704774,13034346,13371183,13710513,14055137,14405468,14754785,..
Guinea,GIN,Urban population (% of total population),SP.URB.TOTL.IN.ZS,31.2176948406254,31.5131362085814,31.8086015036327,32.1032575610216,32.3962712159907,32.6868093037822,32.9740386596386,33.2571261188022,33.5352385165154,33.8075426880206,34.0732054685603,34.3313936933767,34.5812741977122,34.8177920826682,35.0373191833496,35.3100280761719,35.5827331542969,35.8554382324219,36.1281547546387,36.4802208060551,36.8502178436256,37.2384967469106,37.6454083954705,38.0713036688655,..
Guinea,GIN,Population growth (annual %),SP.POP.GROW,1.3098114321983,1.55813303817429,2.24251877202579,2.14071157501219,2.00041954618802,2.09058658116716,2.31497296404672,2.41908604968745,2.44158489420853,2.45929310036327,2.47697352651722,2.45416156342286,2.44471498509098,2.48019346390261,2.53151277572433,2.56690869267138,2.55652318226129,2.54385572881799,2.56100451729991,2.55139953603925,2.50610419423246,2.48250409145397,2.46199049961035,2.39595802290484,..
Guinea,GIN,Poverty headcount ratio at $3.00 a day (2021 PPP) (% of population),SI.POV.DDAY,..,50.3,..,..,..,..,44,..,..,..,..,21.3,..,..,..,..,..,11.7,..,..,..,..,..,..,..
Guinea,GIN,Gini index,SI.POV.GINI,..,43,..,..,..,..,39.4,..,..,..,..,33.7,..,..,..,..,..,29.6,..,..,..,..,..,..,..
Guinea,GIN,"School enrollment, primary (% gross)",SE.PRM.ENRR,61.1270217895508,69.4354019165039,72.6687164306641,75.5423583984375,77.486198425293,79.18359375,81.362548828125,82.7527465820312,82.9110794067383,85.6168670654297,89.3744888305664,91.4924621582031,93.5301284790039,95.1517791748047,..,93.1132583618164,..,..,..,100.474517822266,..,..,..,..,..
Guinea,GIN,"School enrollment, secondary (% gross)",SE.SEC.ENRR,18.4985904693604,21.2247695922852,22.6574001312256,24.6455307006836,29.0273208618164,32.2970886230469,..,33.2380905151367,..,..,36.7464790344238,36.8766899108887,..,38.5548782348633,..,..,..,..,..,..,..,..,..,..,..
Guinea,GIN,"Literacy rate, adult total (% of people ages 15 and above)",SE.ADT.LITR.ZS,..,..,29.7000007629394,..,..,..,..,..,..,25.3099994659424,..,..,..,32,..,..,..,39.6199989318848,..,..,..,..,..,..,..
Guinea,GIN,"Mortality rate, under-5 (per 1,000 live births)",SH.DYN.MORT,159,152.7,146.9,141.6,137,133.1,129.7,126.9,124.4,122.2,120.3,118.4,116.6,115.4,113.7,111.4,109.5,107.5,105.4,102.9,100.3,97.6,95,92.1,..
Guinea,GIN,"Life expectancy at birth, total (years)",SP.DYN.LE00.IN,52.669,53.2,53.589,53.975,54.422,54.875,55.233,55.703,56.052,56.431,56.778,57.117,57.459,57.581,57.899,58.49,58.715,59.043,59.379,59.35,59.373,60.432,60.74,60.904,..
Guinea,GIN,Current health expenditure (% of GDP),SH.XPD.CHEX.GD.ZS,4.88433027,5.35653734,4.77216482,4.77632809,4.03452682,3.61526895,3.48262477,3.26561713,3.58146644,3.42781734,3.78955102,3.50398517,3.46108651,4.787992,5.80919266,5.39694929,3.91512728,3.73843002,4.08876228,3.90094519,3.7175858,3.83292699,3.69442987,..,..
Guinea,GIN,People using at least basic drinking water services (% of population),SH.H2O.BASW.ZS,50.503637310744,51.2523026990112,51.9996253196521,52.7452281197482,53.4890999882019,54.2315783654935,54.972295205421,55.7112370863101,56.4483990709895,57.184097462228,58.360314361898,59.5458989237514,60.7407932771769,61.9449533966477,63.1625705426145,64.3935453016882,65.6377593870016,66.8950995450723,68.1651301407792,69.4483664321703,70.7443560609114,72.0532813701912,73.3743676551949,74.1924841600776,..
Guinea,GIN,Access to electricity (% of population),EG.ELC.ACCS.ZS,16.4,17.7,18.9,20.2,20.2,22.8,24.1,25.4,26.7,28.1,29.5,26.2,32.2,33.5,34.9,33.5,35.4,45,42.2,44.7,46.8,47.7,51.1,..,..
Guinea,GIN,Individuals using the Internet (% of population),IT.NET.USER.ZS,0.175541868491054,0.402022748744397,0.450960370842751,0.508819332302937,0.542299986,0.637499988,0.780025279059244,0.92,0.94,1,2,3.099999905,4.5,6.400000095,9.199999809,13.10000038,18.70000076,21.8300230430563,23.89049911,26.14550018,28.61330032,31.31399918,32.31560135,33.30469894,..
"Gambia, The",GMB,GDP (current US$),NY.GDP.MKTP.CD,687410645.063943,578235309.327198,487038685.045496,961900651.423441,1027701067.55688,1054112487.74083,1279703047.0221,1561766955.73024,1450142508.57808,1543294926.87301,1409693596.93594,1415004738.26621,1375609453.43746,1229461721.40861,1378176608.93204,1484578885.97132,1504909462.69521,1670671327.81651,1813609692.49994,1812170891.19069,2014158842.14596,2204734527.88096,2382262184.68273,2404888749.21907,..
"Gambia, The",GMB,GDP per capita (current US$),NY.GDP.PCAP.CD,459.803068381399,376.531026962584,308.719123437587,593.285346326581,616.483657865348,614.544307904464,724.726407242432,859.127671411226,774.888030908091,801.033372714536,710.608411468152,692.579361628102,653.862713272743,568.00453558864,619.536364296461,650.056501323611,642.522641296331,696.219806960615,738.186751987483,720.335143352133,781.890925169531,836.244875868476,883.024111719809,871.340291776294,..
"Gambia, The",GMB,GDP growth (annual %),NY.GDP.MKTP.KD.ZG,5.80000024323377,-3.25000014970206,6.86999962173842,7.05000000064635,-2.35172936176019,-0.555580977246521,3.04324950829739,6.25590553394287,6.6657243078367,5.90833580968288,-8.13044422315659,5.24156924630741,2.872768790327,-1.40738249510954,4.0580738039996,1.94335965478776,4.8226112492757,7.23489033258579,6.22205315994859,0.591487287873974,5.25596878816744,5.49299823010114,5.9167957146697,5.55126069510321,..
"Gambia, The",GMB,"Inflation, consumer prices (annual %)",FP.CPI.TOTL.ZG,4.49259609239754,8.60912474386327,17.0328665431988,14.2067432845569,4.83862177543157,2.0565034236599,5.36913473801957,4.4436549094501,4.56150687670983,5.04968075857402,4.7958826618311,4.25432199813899,5.69912989637382,5.94799935696626,6.8084549457961,7.22879272057922,8.03418974545911,6.52096823946573,7.11567625631192,5.93127636562441,7.37034758876618,11.5131198380505,16.9742129632327,11.5610532897511,..
"Gambia, The",GMB,"Population, total",SP.POP.TOTL,1495011,1535691,1577611,1621312,1667037,1715275,1765774,1817852,1871422,1926630,1983784,2043094,2103820,2164528,2224529,2283769,2342189,2399632,2456844,2515733,2576010,2636470,2697845,2759988,..
"Gambia, The",GMB,Urban population (% of total population),SP.URB.TOTL.IN.ZS,48.3491979765917,49.5731153377033,50.6010077995371,51.5062022597801,52.3582132660613,53.1603285370566,53.9196109423854,54.6431233516671,55.3379286345209,56.0110896605662,56.6696692994225,57.3207304207091,57.970305611505,58.6141799655551,59.2458499408388,59.8652472486563,60.471712657237,61.0645869348107,61.643210849607,62.2069251698555,62.7550706637859,63.2869880996278,63.8020182456108,64.2994103409645,..
"Gambia, The",GMB,Population growth (annual %),SP.POP.GROW,2.70699337593192,2.68468779375919,2.69312348458537,2.73240205558954,2.78121010687734,2.852561853424,2.90157035551494,2.90664631280342,2.90429853945953,2.90737929979677,2.92337692748517,2.94591935774346,2.92894143394412,2.84475839442236,2.73428839872651,2.62819405087404,2.52588138504562,2.42294300881827,2.35622071960344,2.3686612920428,2.36774778418782,2.31992109797091,2.30124049704572,2.27730257212036,..
"Gambia, The",GMB,Poverty headcount ratio at $3.00 a day (2021 PPP) (% of population),SI.POV.DDAY,..,..,55.2,..,..,..,..,..,..,34.2,..,..,..,..,17.1,..,..,..,..,22,..,..,..,..,..
"Gambia, The",GMB,Gini index,SI.POV.GINI,..,..,47.3,..,..,..,..,..,..,43.6,..,..,..,..,35.9,..,..,..,..,38.8,..,..,..,..,..
"Gambia, The",GMB,"School enrollment, primary (% gross)",SE.PRM.ENRR,71.4117431640625,69.3324279785156,72.404167175293,73.5793991088867,72.1908874511719,71.4759674072266,73.9508819580078,73.5566177368164,73.4096527099609,73.4599827384096,72.1906633471926,75.4592652374635,77.5318910077468,80.6712752410406,83.6767800021667,85.4968152866242,88.6915742090233,91.4803276676529,95.0965771907399,96.8827026600674,96.3235417651704,97.2781723362608,98.7359670428779,98.6058833319274,100.429016187878
"Gambia, The",GMB,"School enrollment, secondary (% gross)",SE.SEC.ENRR,..,..,..,..,..,..,..,45.2912902832031,46.214469909668,45.5351409912109,..,..,..,..,..,..,..,..,..,..,107.027125590442,..,..,..,..
"Gambia, The",GMB,"Literacy rate, adult total (% of people ages 15 and above)",SE.ADT.LITR.ZS,..,..,..,..,..,..,..,..,..,..,..,..,..,..,50.7799987792969,..,..,53.1599998474121,..,..,51.6399993896484,..,..,..,..
"Gambia, The",GMB,"Mortality rate, under-5 (per 1,000 live births)",SH.DYN.MORT,108.1,103.6,99.2,94.9,90.7,86.8,83,79.4,76,72.7,69.7,66.8,64,61.4,58.9,56.6,54.3,52.3,50.4,48.6,47,45.3,43.8,42.4,..
"Gambia, The",GMB,"Life expectancy at birth, total (years)",SP.DYN.LE00.IN,57.283,57.736,58.223,58.749,59.11,59.667,60.001,60.473,60.735,61.167,61.561,61.9,62.252,62.576,62.971,63.386,63.708,64.034,64.427,64.418,63.847,64.859,65.86,66.057,..
"Gambia, The",GMB,Current health expenditure (% of GDP),SH.XPD.CHEX.GD.ZS,8.29925728,6.2326026,5.29709053,5.42000151,5.386024,5.43720818,4.95501947,4.65938759,4.46430635,4.11944056,4.36967373,4.26872253,3.91374874,3.05234575,3.1761291,3.19523716,3.35449266,3.18501234,3.14534926,4.01436949,3.74321485,3.53697729,2.89250112,..,..
"Gambia, The",GMB,People using at least basic drinking water services (% of population),SH.H2O.BASW.ZS,72.4709852394757,73.1874046745589,73.894195620681,74.5723410425054,75.2482865822258,75.9220098738399,76.5934928458813,77.2629006181607,77.9295055109151,78.5938369652341,79.2555392487377,79.9149385065975,80.571196875671,81.2241792597438,81.8737511504613,82.5196405722502,83.1620559265773,83.8008881364874,84.4361946965619,85.0680326919843,85.696311673001,86.3212416883552,86.7155739795785,87.1034800376148,..
"Gambia, The",GMB,Access to electricity (% of population),EG.ELC.ACCS.ZS,29.9,31.5,27.8,34.8,30.5,38.1,39.8,41.5,43.2,46.8,48.3,49.9,51.5,53,54.7,56.4,56.2,60.3,62.1,62.2,63.7,65.4,66.9,..,..
"Gambia, The",GMB,Individuals using the Internet (% of population),IT.NET.USER.ZS,1.33679116648397,1.79677988296495,2.436781193062,3.30800347812937,3.799000025,5.23769115841218,6.20503741852418,6.880000114,7.630000114,9.2,10.87030029,12.44919968,14,15.56000042,17.59950066,19.90640068,22.5156002,28.30900002,31.11829948,36.01100159,41.67309952,48.22539902,48.72829819,49.49430084,..
Sierra Leone,SLE,GDP (current US$),NY.GDP.MKTP.CD,1681473893.76655,1933863910.73227,2142618045.93129,2237350687.46606,2545275312.60512,3263697466.73514,3632957611.35152,4157895298.19572,3953403098.37107,4262805966.78755,4861632884.67985,6141666509.36295,7502762862.72657,7686138790.90872,6788352974.78329,6084297211.10217,5749846528.48046,6390514688.52816,6523577594.29408,6688307703.1447,7166931485.49433,7121125277.52542,6415852766.73832,6971127235.3123,..
Sierra Leone,SLE,GDP per capita (current US$),NY.GDP.PCAP.CD,358.315716051546,388.995111216836,413.817607346927,417.749983329227,462.633324427945,580.26796974773,631.889926264998,705.359014080005,652.845806767943,685.039673490948,761.146365577281,937.504428180231,1117.47183075115,1117.7586465721,964.575980888989,844.416411175476,779.186007841728,845.914540460932,843.712517809977,845.277557920549,885.396401885395,860.371067916096,758.329137378248,806.654650417726,..
Sierra Leone,SLE,GDP growth (annual %),NY.GDP.MKTP.KD.ZG,-6.34545563328469,26.5241350674409,9.48363126885343,6.47884588417347,4.3534998069981,4.28311062264335,3.74975804751641,3.68605969932123,1.53080323958716,6.35566595800495,8.10065518714917,10.578331663387,14.6633238075229,-7.81501512457241,-4.36333262093788,6.43743652764257,3.20786087715987,2.8938564123677,5.50270937378153,-1.2533490322766,5.8968527047094,5.3135546141915,5.7100218981806,4.29322336690163,..
Sierra Leone,SLE,"Inflation, consumer prices (annual %)",FP.CPI.TOTL.ZG,..,..,..,..,..,..,11.6499744518106,8.21112432289608,7.46901898540982,7.18566275668163,6.79138291952621,6.58776239392585,5.52412877994266,4.63931171409667,6.68943562498681,10.8860609413903,18.2215094003386,16.0295447693699,14.8049990906021,13.4468711101052,11.8739588840234,27.2082883814653,47.6428733253179,28.6337500014115,..
Sierra Leone,SLE,"Population, total",SP.POP.TOTL,4692716,4971435,5177687,5355717,5501712,5624466,5749352,5894722,6055646,6222714,6387251,6551080,6714051,6876385,7037655,7205328,7379299,7554563,7731991,7912558,8094602,8276807,8460512,8642022,..
Sierra Leone,SLE,Urban population (% of total population),SP.URB.TOTL.IN.ZS,35.763651295501,36.0082791496616,36.2690511597053,36.5491283814755,36.8485519672439,37.1703805343647,37.5122859420526,37.8725951588418,38.2496351532666,38.6417328938613,39.0472153491602,39.4644094876975,39.8916422780075,40.3272406886245,40.7669565187099,41.229411538771,41.7106682105058,42.2011025267803,42.7018444914441,43.2129659123546,43.7345385973699,44.2666343543487,44.809324991151,45.3626823156371,..
Sierra Leone,SLE,Population growth (annual %),SP.POP.GROW,5.90551884410875,5.76970115082171,4.06499006251213,3.38061570413438,2.68947280362006,2.2066693720303,2.19611425557566,2.49702214618885,2.69336857329164,2.72150859888002,2.60978263924562,2.53259491687101,2.45725730456865,2.38905832119365,2.31819402812025,2.35457342669593,2.38578952940087,2.34731039123252,2.32146457882717,2.30847202655897,2.27463021517533,2.22598462352813,2.19524258771884,2.1226891332086,..
Sierra Leone,SLE,Poverty headcount ratio at $3.00 a day (2021 PPP) (% of population),SI.POV.DDAY,..,..,72.4,..,..,..,..,..,..,..,53.7,..,..,..,..,..,..,41.5,..,..,..,..,..,..,..
Sierra Leone,SLE,Gini index,SI.POV.GINI,..,..,40.2,..,..,..,..,..,..,..,34,..,..,..,..,..,..,35.7,..,..,..,..,..,..,..
Sierra Leone,SLE,"School enrollment, primary (% gross)",SE.PRM.ENRR,75.623893737793,..,..,..,..,..,..,..,..,..,114.580513591833,117.716124289972,119.788073464671,..,120.700737828928,123.03165757627,126.863918148513,114.58023823864,145.617495471991,142.792124647639,157.709757576001,163.173554667055,159.416853770084,162.123997594776,..
Sierra Leone,SLE,"School enrollment, secondary (% gross)",SE.SEC.ENRR,25.5431499481201,..,..,..,..,..,..,..,..,..,40.4235687255859,44.5522918701172,39.2237892150879,..,39.8463706970215,42.1386795043945,41.5312194824219,43.119270324707,61.1980781555176,62.5606803894043,73.4251403808594,..,86.9079513549805,..,..
Sierra Leone,SLE,"Literacy rate, adult total (% of people ages 15 and above)",SE.ADT.LITR.ZS,..,..,..,34.8300018310547,..,..,..,..,..,..,..,..,..,44.3698913332904,49.4000015258789,..,44.8300018310547,48.8143667728528,43.5800018310547,..,..,..,..,..,..
Sierra Leone,SLE,"Mortality rate, under-5 (per 1,000 live births)",SH.DYN.MORT,217.3,211.6,205.7,199.6,193.2,186.5,179.6,172.4,165.2,157.9,150.8,144.1,137.9,135.9,136.8,121.8,117,112.4,108.3,104.4,100.6,97.1,93.8,90.5,..
Sierra Leone,SLE,"Life expectancy at birth, total (years)",SP.DYN.LE00.IN,45.448,46.174,46.784,47.485,48.306,49.547,50.024,50.693,51.312,51.927,52.594,53.159,54.051,54.281,55.454,56.937,57.761,59.059,59.593,59.694,60.26,61.275,61.786,61.964,..
Sierra Leone,SLE,Current health expenditure (% of GDP),SH.XPD.CHEX.GD.ZS,5.22183514,5.55388832,5.06219816,5.23798943,5.23005009,5.29913139,5.31662989,5.60332584,6.27075481,5.64204741,6.60636759,5.92764187,8.45845032,15.11886978,12.3831234,10.05438519,6.00532055,5.29927444,5.7052846,5.66489744,5.07244635,4.80377436,4.71883011,..,..
Sierra Leone,SLE,People using at least basic drinking water services (% of population),SH.H2O.BASW.ZS,41.2237067367546,42.3564018737387,43.4895263720977,44.6230449596338,45.7867241537435,46.9721511803673,48.1563137689467,49.3391346809252,50.520195051474,51.6994418329327,52.8771685676355,54.0533047771617,55.2271223321324,56.3992358539249,57.5692588907449,58.7374466065884,59.9058113970129,61.0747116605736,62.2435949536526,63.4122118828476,64.5803175608776,65.7476533121916,66.9139758718619,68.0790238061869,..
Sierra Leone,SLE,Access to electricity (% of population),EG.ELC.ACCS.ZS,8.5,9.2,9.9,16.8,11.3,12.2,13,12.1,14.6,11.5,14.2,17.2,13.5,18.8,19.7,20.3,23.4,26.1,22.7,26.3,27.5,29.4,35.5,..,..
Sierra Leone,SLE,Individuals using the Internet (% of population),IT.NET.USER.ZS,0.160264445493032,0.176198956814076,0.190173281668183,0.203007680592588,0.215399995,0.227699995,0.239800006,0.25,0.25999999,0.579999983,0.899999976,2.5,4,6.057300091,6.344399929,7.680099964,9.297100067,14.42230034,15.71370029,17.12080002,18.65390015,21.50880051,23.71360016,25.10499954,..
Liberia,LBR,GDP (current US$),NY.GDP.MKTP.CD,906000000,927000000,748000000,897000000,949000000,1119000000,1373000000,1726000000,1768000000,1998000000,2398000000,2791614000,3177198100,3225652000,3227075700,3398419600,3390703400,3422754800,3319596500,3176126300,3513049500,4001047000,4390000000,4779300900,..
Liberia,LBR,GDP per capita (current US$),NY.GDP.PCAP.CD,300.463828598983,299.536445539621,239.779556677091,284.140223992458,287.487333441381,320.55808618515,374.211308104278,451.713856283285,448.386367025545,492.252808033724,568.087865520004,638.368751462083,710.744570927863,706.714490064507,692.590082351257,714.613063145659,699.269095727404,692.203127129794,658.164180770507,616.787867006715,667.96610514319,744.617175237387,799.194470229642,851.497723870206,..
Liberia,LBR,GDP growth (annual %),NY.GDP.MKTP.KD.ZG,2.92027476569781,3.76301761700071,-30.145132727942,2.61984689477413,5.28121245309295,8.04390997190059,9.53527536282282,7.14569112811476,5.30054050291531,6.09982524004147,8.20076822497064,7.99381444555367,8.68728781639683,0.701393100287518,-0.0185649695590939,-1.5549586174878,2.45515592012239,1.15757512207355,-2.46729763532686,-2.98249127649473,4.98671283481617,4.80810517290655,4.68375688761311,4.02185464964835,..
Liberia,LBR,"Inflation, consumer prices (annual %)",FP.CPI.TOTL.ZG,..,14.1596470116325,10.3302881236823,7.82908704883235,10.8343588481414,7.34144608278558,11.3918966807102,17.489448642993,7.42764305914919,7.28992796890218,8.488167518494,6.83178703418548,7.577306817414,9.86111285574904,7.74869687621322,8.83424868336488,12.4196323907138,23.5635148953742,26.9662760197878,16.9557241496255,7.81559385858648,7.59298486560313,10.0944535665552,8.21497439118964,..
Liberia,LBR,"Population, total",SP.POP.TOTL,3015338,3094782,3119532,3156892,3301015,3490787,3669050,3821003,3943028,4058890,4221178,4373043,4470239,4564293,4659431,4755608,4848925,4944726,5043721,5149463,5259323,5373294,5493031,5612817,..
Liberia,LBR,Urban population (% of total population),SP.URB.TOTL.IN.ZS,44.1509656015089,44.566701526991,45.0004573003041,45.4344781497244,45.8510093035277,46.2322959899902,46.6104850769043,47.1080497871025,47.6245255922562,48.1407517057907,48.6583302770849,49.1773247639526,49.6977986242077,50.2198153156642,50.7434382961363,51.2687310234384,51.7957569553849,52.3245795497906,52.85526226447,53.3878685572381,53.9224618859098,54.4591057083,54.997863482224,55.5387986654968,..
Liberia,LBR,Population growth (annual %),SP.POP.GROW,2.9352375714594,2.60055374367034,0.79655231018503,1.19050087276777,4.46419976403406,5.58972152870902,4.98055607463838,4.05801806274783,3.14360024630264,2.89605811562763,3.92046987945605,3.53448694358844,2.19827693086756,2.08217532534285,2.06297096669961,2.04312155500225,1.94324776688719,1.95645231379837,1.98225492944197,2.07483340649162,2.11098738475006,2.14388170425267,2.20390696065654,2.15725346515291,..
Liberia,LBR,Poverty headcount ratio at $3.00 a day (2021 PPP) (% of population),SI.POV.DDAY,..,..,..,..,..,..,61.1,..,..,..,..,..,..,31.7,..,33.6,..,..,..,..,..,..,..,..,..
Liberia,LBR,Gini index,SI.POV.GINI,..,..,..,..,..,..,36.4,..,..,..,..,..,..,33.2,..,35.3,..,..,..,..,..,..,..,..,..
Liberia,LBR,"School enrollment, primary (% gross)",SE.PRM.ENRR,..,..,..,..,..,89.2062301635742,..,88.4250335693359,95.9832763671875,..,100.745734764563,..,52.1977055032725,92.5530201850852,89.990046454263,83.8891158492465,79.5952338903314,..,..,72.4228278801865,67.4627150781073,66.5939255094706,..,..,..
Liberia,LBR,"School enrollment, secondary (% gross)",SE.SEC.ENRR,..,..,..,..,..,..,..,..,..,..,43.64794921875,..,..,36.7695617675781,36.3728485107422,..,..,..,..,37.7416801452637,..,..,..,..,..
Liberia,LBR,"Literacy rate, adult total (% of people ages 15 and above)",SE.ADT.LITR.ZS,..,..,..,..,..,..,..,..,..,59.4030316392756,..,..,..,..,..,..,..,..,..,..,..,..,..,..,..
Liberia,LBR,"Mortality rate, under-5 (per 1,000 live births)",SH.DYN.MORT,181.7,168.6,156.2,144.8,134.9,126.5,119.6,114,109.5,105.7,102.4,99.5,97,97,93.2,91.5,90.3,89.4,88.7,88.3,88,87.8,87.3,86.4,..
Liberia,LBR,"Life expectancy at birth, total (years)",SP.DYN.LE00.IN,53.109,54.061,53.045,55.949,56.765,57.495,58.147,58.675,59.106,59.358,59.486,59.785,59.992,59.21,59.248,60.483,60.777,60.999,61.232,61.267,61.166,61.934,62.163,62.324,..
Liberia,LBR,Current health expenditure (% of GDP),SH.XPD.CHEX.GD.ZS,2.15581036,2.16462922,2.51847482,5.90509653,6.69497347,5.77426577,4.32884932,5.99615717,8.98514843,8.43860245,8.58399582,7.62987185,7.15610409,8.09817886,10.38244438,9.88514519,9.91087437,10.43527889,8.38325977,12.90504265,13.27175999,13.58819675,13.00574875,..,..
Liberia,LBR,People using at least basic drinking water services (% of population),SH.H2O.BASW.ZS,61.9197046364816,62.8078227070838,63.6915834211062,64.5712728784184,65.4465992759902,66.2032069100531,66.9527157246347,67.6948813001936,68.4324549886399,69.1652648922475,69.8933749749855,70.6161490742492,71.3338862504404,72.0459731773456,72.7524847164664,73.4532574499597,74.1477432355412,74.8362128370245,75.5183258975949,76.193954779971,76.8629734925215,77.5249138658914,78.180013925929,78.8278345445612,..
Liberia,LBR,Access to electricity (% of population),EG.ELC.ACCS.ZS,..,..,..,..,..,..,3,1.3,1.9,5.3,4.1,9.3,9.8,9.4,15.2,17.7,24.2,22.8,23.1,27.6,29.8,31.8,32.5,..,..
Liberia,LBR,Individuals using the Internet (% of population),IT.NET.USER.ZS,0.033812227177592,0.0327133071190699,0.0318689345450327,0.0310111848040233,0.551400006,0.529999971,0.551400006,0.529999971,2,2.3,2.5,2.599999905,3.200000048,5.409999847,10,15.69999981,16.29999924,17.27770042,19.89579964,22.91069984,26.38229942,30.38010025,31.22410011,32.23360062,..
Guinea-Bissau,GNB,GDP (current US$),NY.GDP.MKTP.CD,412610871.509121,466773711.235579,553614800.145707,582169841.298304,639776040.688424,634781901.251494,753162998.015113,952667544.037289,890167833.369849,940112538.936436,1157074319.19388,1049412177.11413,1109682824.13594,1135250721.0374,1152384166.79638,1245074264.10396,1469978606.12143,1554133593.91699,1596227316.34846,1705057581.09946,1908094558.33981,1859601384.05928,2127688181.12014,2218393804.54798,..
Guinea-Bissau,GNB,GDP per capita (current US$),NY.GDP.PCAP.CD,327.138431972397,362.034574570354,419.78486611807,431.376557669634,463.073962650452,448.513075469701,519.069789794741,640.210331101753,583.190020139094,600.194298540768,719.539573498937,635.461653303881,654.304534409417,652.022501029449,645.066837207039,679.665386626818,783.123186602022,808.531613218504,811.216425885129,846.915855715971,926.780921081233,883.199131457831,988.087886357022,1007.74151728028,..
Guinea-Bissau,GNB,GDP growth (annual %),NY.GDP.MKTP.KD.ZG,4.7859716500482,3.65393603642713,-0.285931052286514,1.17189152277038,6.55977111846077,2.66650493269572,2.55982647078751,4.52457514610252,2.44795106098685,5.60536311358261,8.08504167173554,-1.71286958446419,3.25607190852087,0.964525745841428,6.1340893623123,5.4326782650304,4.66367943913264,3.76145359637003,5.32749571119344,2.89139814952995,5.05055831244401,5.52987253058352,5.82749502627256,4.14631137217332,..
Guinea-Bissau,GNB,"Inflation, consumer prices (annual %)",FP.CPI.TOTL.ZG,3.34812265527108,3.30012175283752,-3.50258551103421,0.883302696930943,3.32919922802856,1.95473717628916,4.61743772241997,10.4600731354706,-1.65139733620775,2.51785140171701,5.046102263202,2.13054580274503,1.20712555668405,-1.50924460570494,1.47672048910485,1.50312055861088,1.69111461822298,0.381324702790992,0.24660026814783,1.14000939393222,2.24248879577658,9.39075933985203,7.10220928557059,3.76555825770114,..
Guinea-Bissau,GNB,"Population, total",SP.POP.TOTL,1261273,1289307,1318806,1349563,1381585,1415303,1450986,1488054,1526377,1566347,1608076,1651417,1695973,1741122,1786457,1831893,1877072,1922168,1967696,2013255,2058841,2105529,2153339,2201352,..
Guinea-Bissau,GNB,Urban population (% of total population),SP.URB.TOTL.IN.ZS,37.1627839410066,37.4734924367695,37.7773055741583,38.0781980012196,38.3801443659997,38.6871193165452,39.0030975009025,39.3320535671181,39.6716434222135,40.0095596313477,40.4391136169434,40.8686027526855,41.2976379394531,41.7271995544434,42.1568145751953,42.586109161377,43.0155792236328,43.4449081420898,43.8745574951172,44.3038330078125,44.7334136962891,45.1627159118652,45.5923843383789,46.113204421822,..
Guinea-Bissau,GNB,Population growth (annual %),SP.POP.GROW,2.12602969093669,2.19833363261225,2.26219170729877,2.30540545476551,2.34505544706955,2.41122516333709,2.48996828898925,2.52259007377628,2.54277273891846,2.58492032110101,2.62922766462762,2.65952739224803,2.66229101877146,2.62731155689981,2.57045957815277,2.51155296505032,2.4363257519627,2.37405997248475,2.34095994762157,2.28895000835492,2.23903878745423,2.24235388639993,2.24529187264064,2.20520563612008,..
Guinea-Bissau,GNB,Poverty headcount ratio at $3.00 a day (2021 PPP) (% of population),SI.POV.DDAY,..,68.2,..,..,..,..,..,..,..,75.7,..,..,..,..,..,..,..,37.1,..,..,39.9,..,..,..,..
Guinea-Bissau,GNB,Gini index,SI.POV.GINI,..,35.6,..,..,..,..,..,..,..,50.6,..,..,..,..,..,..,..,34.8,..,..,33.4,..,..,..,..
Guinea-Bissau,GNB,"School enrollment, primary (% gross)",SE.PRM.ENRR,89.7620162963867,..,..,107.977500915527,114.700538635254,119.655990600586,..,..,..,113.436782836914,..,..,..,..,..,..,..,..,..,..,..,..,..,..,..
Guinea-Bissau,GNB,"School enrollment, secondary (% gross)",SE.SEC.ENRR,..,..,..,..,32.1273002624512,34.3966407775879,..,..,..,..,..,..,..,..,..,..,..,..,..,..,..,..,..,..,..
Guinea-Bissau,GNB,"Literacy rate, adult total (% of people ages 15 and above)",SE.ADT.LITR.ZS,..,..,..,..,..,..,..,..,..,..,..,..,..,..,..,..,..,..,54.8800010681152,..,..,63.9300003051758,..,..,..
Guinea-Bissau,GNB,"Mortality rate, under-5 (per 1,000 live births)",SH.DYN.MORT,169.3,163.6,157.7,151.6,145.3,139.1,132.8,126.5,120.2,114.3,108.6,103.6,99.1,95.2,91.6,88.2,85.1,82.2,79.5,76.7,74.3,72,69.7,67.3,..
Guinea-Bissau,GNB,"Life expectancy at birth, total (years)",SP.DYN.LE00.IN,51.054,51.608,52.186,52.8,52.949,54.089,54.87,55.3,56.297,56.999,57.663,58.27,58.879,59.476,60.071,60.619,61.148,61.652,62.161,61.343,61.653,63.605,64.085,64.254,..
Guinea-Bissau,GNB,Current health expenditure (% of GDP),SH.XPD.CHEX.GD.ZS,4.12891531,3.87280011,3.50201416,4.27070189,4.53462505,5.07826185,4.92573404,5.35239792,4.61063194,4.87133694,6.21634817,5.94134808,7.03943443,9.96897411,8.13228226,8.32881451,7.00049543,7.28164959,7.14602089,8.98898792,8.39794922,8.33752728,8.82204819,..,..
Guinea-Bissau,GNB,People using at least basic drinking water services (% of population),SH.H2O.BASW.ZS,55.6355112802185,56.0766781223188,56.5025111199122,56.9133054099117,57.3083913147458,57.6886837795946,58.0535126816811,58.4031554952598,58.7369930495235,59.0561288356576,59.3599409743787,59.6486446194462,59.9219185208316,60.179969051587,60.4227287706109,60.6498938301808,60.8614249962045,61.0574978262041,61.2378280860905,61.4023709076856,61.5510835646003,61.6363537721631,61.7218282479049,61.8077030171668,..
Guinea-Bissau,GNB,Access to electricity (% of population),EG.ELC.ACCS.ZS,..,1.3,2.6,3.9,5.2,14.5,7.9,9.3,4.7,6,13.5,14.9,16.3,17.2,20.1,22.9,26,28.4,30.9,33.4,35.8,37.4,40.5,..,..
Guinea-Bissau,GNB,Individuals using the Internet (% of population),IT.NET.USER.ZS,0.299569144677667,1.02299323436117,1.35419747762901,1.80814220342991,1.90139997,2.057199955,2.20630002,2.35488871087933,2.30328059172582,2.450000048,2.671999931,2.894000053,3.099999905,3.319999933,6.099999905,13.80000019,14.80000019,15.69999981,17.92149925,20.45730019,23.3519001,27.67379951,28.71240044,29.77739906,..
Cabo Verde,CPV,GDP (current US$),NY.GDP.MKTP.CD,563090490.377368,620507387.466174,813260468.873834,924940011.836897,972241676.907662,1107571457.90614,1649621738.63689,1959620648.31578,1852334575.17521,1824751467.92957,2046817987.20109,1913081210.41411,2028910915.16446,2041930125.42979,1749857620.35329,1849789985.99572,1996741539.95088,2205099506.99994,2252177124.32402,1821565613.68613,2051842618.70539,2247003344.34242,2504525548.71164,2725414150.72735,..
Cabo Verde,CPV,GDP per capita (current US$),NY.GDP.PCAP.CD,1223.33055331575,1328.57874270666,1717.97565369655,1929.49081468781,2004.14680417563,2256.99666191075,3324.57675212498,3908.64885822576,3659.72046361628,3579.46006137809,4002.01386888785,3736.81517011087,3960.97596791345,3985.60706548134,3415.06266730931,3608.96605234906,3893.09571382506,4294.96510035729,4380.78117331128,3539.22661248299,3971.44409203423,4323.31362032709,4794.90121917259,5192.48157325878,..
Cabo Verde,CPV,GDP growth (annual %),NY.GDP.MKTP.KD.ZG,2.23165454528898,5.25089116960211,4.17625932578332,10.197072633926,6.91245795720201,7.98375044795048,15.1706879735517,7.03901129565128,-1.50358672385678,1.83641914989978,3.92471821338283,1.08364848376166,0.632136727385131,0.696666840118581,0.936026507808833,4.28071482662371,4.5513148102974,3.70696458310842,6.94782634051859,-20.8052758990735,7.03353010694514,15.843675684642,4.7947613911073,7.24388538990945,..
Cabo Verde,CPV,"Inflation, consumer prices (annual %)",FP.CPI.TOTL.ZG,3.34996472317894,1.88453410076764,1.18817038620528,-1.8908217230618,0.41889161285517,5.36907687065548,4.41099704193488,6.77443546371142,0.991103480568084,2.07866470906423,4.47388342165023,2.54039644167108,1.50654285701407,-0.238778144990623,0.131187999024544,-1.40781637091705,0.784415251101334,1.25615185860785,1.10750930553819,0.6057961856899,1.86215256793885,7.93092928079189,3.72437535861454,1.0481698336865,..
Cabo Verde,CPV,"Population, total",SP.POP.TOTL,460293,467046,473383,479370,485115,490728,496190,501355,506141,509784,511447,511955,512225,512326,512394,512554,512893,513415,514104,514679,516649,519741,522331,524877,..
Cabo Verde,CPV,Urban population (% of total population),SP.URB.TOTL.IN.ZS,54.7762172320995,55.5703407979481,56.3297071979641,57.0677167011018,57.7977695763157,58.5332660925599,59.287606518789,60.0741911239572,60.906420177019,61.7974262732302,62.7419929036884,63.7260454520996,64.7486207521826,65.8085112712742,66.9045094767116,68.0354078358316,69.1999988159713,70.3970748844677,71.6254285086577,72.8838521558784,74.1607930892827,75.033738060849,75.9064245753376,76.7721471004354,..
Cabo Verde,CPV,Population growth (annual %),SP.POP.GROW,1.52715832330257,1.45645106544752,1.34770321112892,1.25679558194683,1.19132344131983,1.15040265762577,1.10689150817132,1.03555151023311,0.950085360363308,0.717181999615317,0.325685661710053,0.0992767342106355,0.052725108136232,0.0197159536864678,0.0132719182020122,0.0312210963482392,0.0661175101881539,0.101723857752759,0.134109462358547,0.11178257414313,0.38203217521266,0.596688345869947,0.497087597239901,0.486246288487151,..
Cabo Verde,CPV,Poverty headcount ratio at $3.00 a day (2021 PPP) (% of population),SI.POV.DDAY,37.1,..,..,..,..,..,26.2,..,..,..,..,..,..,..,14.6,..,..,..,..,..,..,..,..,..,..
Cabo Verde,CPV,Gini index,SI.POV.GINI,52.5,..,..,..,..,..,47.2,..,..,..,..,..,..,..,42.4,..,..,..,..,..,..,..,..,..,..
Cabo Verde,CPV,"School enrollment, primary (% gross)",SE.PRM.ENRR,115.448791503906,115.544151306152,114.57283782959,112.934593200684,112.191917419434,112.301071166992,110.927947998047,109.969436645508,108.620460510254,107.555528675325,107.478306845395,108.38813689184,108.020740500689,107.53603339203,105.850444928795,104.433854930994,104.154022187951,105.84560911247,105.208665983159,103.42828248778,103.025970530848,102.973013922324,..,..,..
Cabo Verde,CPV,"School enrollment, secondary (% gross)",SE.SEC.ENRR,63.2078514099121,66.3999862670898,67.3274078369141,66.9400405883789,70.2636032104492,81.5834884643555,80.4710464477539,82.10888671875,81.2256927490234,83.5471330073283,86.7000153273789,89.9634082592786,94.7526092529297,93.6074664791524,96.6012286324786,98.2528458088996,99.462782259485,94.8972015380859,95.2902285572104,98.3093023666237,97.0059250429478,96.4315940376876,..,..,..
Cabo Verde,CPV,"Literacy rate, adult total (% of people ages 15 and above)",SE.ADT.LITR.ZS,..,..,..,..,..,..,..,..,82.2189574366152,..,..,85.3300018310547,..,..,86.7900009155273,..,..,..,..,..,..,..,..,88.4700012207031,..
Cabo Verde,CPV,"Mortality rate, under-5 (per 1,000 live births)",SH.DYN.MORT,32.8,30.5,29,28.2,28,28,28.1,27.9,27.5,26.7,25.6,24.2,22.6,20.9,19.2,17.6,16.2,15.1,14.1,13.3,12.7,12.1,11.6,11.1,..
Cabo Verde,CPV,"Life expectancy at birth, total (years)",SP.DYN.LE00.IN,68.707,69.447,70.006,70.499,70.936,71.341,71.487,71.888,72.142,72.507,72.913,73.315,73.481,73.788,74.096,74.35,74.71,74.84,75.449,73.818,74.424,75.907,76.059,76.224,..
Cabo Verde,CPV,Current health expenditure (% of GDP),SH.XPD.CHEX.GD.ZS,3.69652915,3.72489762,3.6274426,3.54616308,3.34086585,3.82406759,3.84218621,3.26951575,3.55867004,4.08085394,3.92527819,4.6740551,4.82468271,4.85231543,4.40073681,4.36134005,4.48070955,4.78548193,4.82431316,7.03399324,6.60773611,6.70243406,5.84791613,..,..
Cabo Verde,CPV,People using at least basic drinking water services (% of population),SH.H2O.BASW.ZS,79.6627777965322,79.9527732071617,80.2372000142623,80.6602617486896,81.0817210123183,81.5021226151102,81.920929167246,82.3386902741848,82.754314077093,83.1663318440796,83.522244248535,83.8774934810221,84.2318960930689,84.5854646017969,84.9382015962204,85.581322426682,86.333068742186,87.0755452684611,87.808568861158,88.5325658069206,89.2475125078835,90.0089261333879,91.14605423466,92.2800892661912,..
Cabo Verde,CPV,Access to electricity (% of population),EG.ELC.ACCS.ZS,60.3,58.6,63.7,65.4,67,68.8,70.5,72.3,74.1,81.1,82.3,83.2,84.3,85.3,86.4,87.5,88.6,90.2,91.4,93.7,95.5,97.1,98.6,..,..
Cabo Verde,CPV,Individuals using the Internet (% of population),IT.NET.USER.ZS,2.68533271272311,3.5187571749658,4.32488539053715,5.31883206957883,6.07408710659813,6.80891100753313,8.28321981953034,14,21,30,32,34.74,37.5,40.25999832,42.6830141582781,50.3228178676892,57.1621463484891,59.5,61.9433977593088,69.37339783,70.28250122,73.32740021,74.59919739,74.73519897,..
,,,,,,,,,,,,,,,,,,,,,,,,,,,,
,,,,,,,,,,,,,,,,,,,,,,,,,,,,
,,,,,,,,,,,,,,,,,,,,,,,,,,,,
Data from database: World Development Indicators,,,,,,,,,,,,,,,,,,,,,,,,,,,,
Last Updated: 04/08/2026,,,,,,,,,,,,,,,,,,,,,,,,,,,,
Code,License Type,Indicator Name,Long definition,Source,Topic,Dataset,Unit of measure,Periodicity,Reference period,Aggregation method,Statistical concept and methodology,Development relevance,Limitations and exceptions,Other notes,License URL
NY.GDP.MKTP.CD,CC BY-4.0,GDP (current US$),"Gross domestic product is the total income earned through the production of goods and services in an economic territory during an accounting period. It can be measured in three different ways: using either the expenditure approach, the income approach, or the production approach. This indicator is expressed in current prices, meaning no adjustment has been made to account for price changes over time. This indicator is expressed in United States dollars.","Country official statistics, National Statistical Organizations and/or Central Banks;
National Accounts data files, Organisation for Economic Co-operation and Development (OECD);
Staff estimates, World Bank (WB)",Economic Policy & Debt: National accounts: US$ at current prices: Aggregate indicators,WB_WDI,Current US$,Annual,1960-2024,Gap-filled total,"Methodology: National accounts are compiled in accordance with international standards: System of National Accounts, 2008 or 1993 versions. Specific information on how countries compile their national accounts can be found on the IMF website: https://dsbb.imf.org/
Statistical concept(s): The conceptual elements of the SNA (System of National Accounts) measure what takes place in the economy, between which agents, and for what purpose. At the heart of the SNA is the production of goods and services. These may be used for consumption in the period to which the accounts relate or may be accumulated for use in a later period. In simple terms, the amount of value added generated by production represents GDP. The income corresponding to GDP is distributed to the various agents or groups of agents as income and it is the process of distributing and redistributing income that allows one agent to consume the goods and services produced by another agent or to acquire goods and services for later consumption. The way in which the SNA captures this pattern of economic flows is to identify the activities concerned by recognizing the institutional units in the economy and by specifying the structure of accounts capturing the transactions relevant to one stage or another of the process by which goods and services are produced and ultimately consumed.","This indicator is related to the national accounts, which are critical for understanding and managing a country's economy. They provide a framework for the analysis of economic performance. National accounts are the basis for estimating the Gross Domestic Product (GDP) and Gross National Income (GNI), which are the most widely used indicator of economic performance. They are essential for government policymakers, providing the data needed to design and assess fiscal and monetary policies; and are also used by businesses and investors to assess the economic climate and make investment decisions. NAS enable comparison between economies, which is crucial for international trade, investment decisions, and economic competitiveness. More specifically, this indicator is related to national accounts aggregates. Gross Domestic Product (GDP), Gross National Income (GNI), and other aggregates provide a snapshot of the size and health of an economy by measuring the total economic activity within a country. They can thus be used by policymakers to design and implement economic policies, as they reflect the overall economic performance and can indicate the need for intervention in certain areas. Aggregates also allow for comparisons between different economies, which can be useful for trade negotiations, investment decisions, and economic benchmarking. By examining aggregates over time, economists and analysts can identify trends, cycles, and potential areas of concern within an economy, and investors can use national accounts aggregates to assess the potential risks and returns of investing in a particular country. Overall, national accounts aggregates are fundamental tools for economic analysis, policy formulation, and decision-making at both the national and international levels.","Gross domestic product (GDP), though widely tracked, may not always be the most relevant summary of aggregated economic performance for all economies, especially when production occurs at the expense of consuming capital stock.





While GDP estimates based on the production approach are generally more reliable than estimates compiled from the income or expenditure side, different countries use different definitions, methods, and reporting standards. World Bank staff review the quality of national accounts data and sometimes make adjustments to improve consistency with international guidelines. Nevertheless, significant discrepancies remain between international standards and actual practice. Many statistical offices, especially those in developing countries, face severe limitations in the resources, time, training, and budgets required to produce reliable and comprehensive series of national accounts statistics.





Among the difficulties faced by compilers of national accounts is the extent of unreported economic activity in the informal or secondary economy. In developing countries a large share of agricultural output is either not exchanged (because it is consumed within the household) or not exchanged for money.",,https://datacatalog.worldbank.org/public-licenses#cc-by
NY.GDP.PCAP.CD,CC BY-4.0,GDP per capita (current US$),"Gross domestic product is the total income earned through the production of goods and services in an economic territory during an accounting period. It can be measured in three different ways: using either the expenditure approach, the income approach, or the production approach. The core indicator has been divided by the general population to achieve a per capita estimate.This indicator is expressed in current prices, meaning no adjustment has been made to account for price changes over time. This indicator is expressed in United States dollars.","Country official statistics, National Statistical Organizations and/or Central Banks;
National Accounts data files, Organisation for Economic Co-operation and Development (OECD);
Staff estimates, World Bank (WB)",Economic Policy & Debt: National accounts: US$ at current prices: Aggregate indicators,WB_WDI,Current US$,Annual,1960-2024,Weighted average,"Methodology: National accounts are compiled in accordance with international standards: System of National Accounts, 2008 or 1993 versions. Specific information on how countries compile their national accounts can be found on the IMF website: https://dsbb.imf.org/ Per capita estimates are divided by the total population.
Statistical concept(s): The conceptual elements of the SNA (System of National Accounts) measure what takes place in the economy, between which agents, and for what purpose. At the heart of the SNA is the production of goods and services. These may be used for consumption in the period to which the accounts relate or may be accumulated for use in a later period. In simple terms, the amount of value added generated by production represents GDP. The income corresponding to GDP is distributed to the various agents or groups of agents as income and it is the process of distributing and redistributing income that allows one agent to consume the goods and services produced by another agent or to acquire goods and services for later consumption. The way in which the SNA captures this pattern of economic flows is to identify the activities concerned by recognizing the institutional units in the economy and by specifying the structure of accounts capturing the transactions relevant to one stage or another of the process by which goods and services are produced and ultimately consumed.","This indicator is related to the national accounts, which are critical for understanding and managing a country's economy. They provide a framework for the analysis of economic performance. National accounts are the basis for estimating the Gross Domestic Product (GDP) and Gross National Income (GNI), which are the most widely used indicator of economic performance. They are essential for government policymakers, providing the data needed to design and assess fiscal and monetary policies; and are also used by businesses and investors to assess the economic climate and make investment decisions. NAS enable comparison between economies, which is crucial for international trade, investment decisions, and economic competitiveness. More specifically, this indicator is related to national accounts aggregates. Gross Domestic Product (GDP), Gross National Income (GNI), and other aggregates provide a snapshot of the size and health of an economy by measuring the total economic activity within a country. They can thus be used by policymakers to design and implement economic policies, as they reflect the overall economic performance and can indicate the need for intervention in certain areas. Aggregates also allow for comparisons between different economies, which can be useful for trade negotiations, investment decisions, and economic benchmarking. By examining aggregates over time, economists and analysts can identify trends, cycles, and potential areas of concern within an economy, and investors can use national accounts aggregates to assess the potential risks and returns of investing in a particular country. Overall, national accounts aggregates are fundamental tools for economic analysis, policy formulation, and decision-making at both the national and international levels.",,,https://datacatalog.worldbank.org/public-licenses#cc-by
NY.GDP.MKTP.KD.ZG,CC BY-4.0,GDP (annual % growth),"Gross domestic product is the total income earned through the production of goods and services in an economic territory during an accounting period. It can be measured in three different ways: using either the expenditure approach, the income approach, or the production approach. This indicator denotes the percentage change over each previous year of the constant price (base year 2015) series in United States dollars.","Country official statistics, National Statistical Organizations and/or Central Banks;
National Accounts data files, Organisation for Economic Co-operation and Development (OECD);
Staff estimates, World Bank (WB)",Economic Policy & Debt: National accounts: Growth rates,WB_WDI,%,Annual,1961-2024,Weighted average,"Methodology: National accounts are compiled in accordance with international standards: System of National Accounts, 2008 or 1993 versions. Specific information on how countries compile their national accounts can be found on the IMF website: https://dsbb.imf.org/
Statistical concept(s): The conceptual elements of the SNA (System of National Accounts) measure what takes place in the economy, between which agents, and for what purpose. At the heart of the SNA is the production of goods and services. These may be used for consumption in the period to which the accounts relate or may be accumulated for use in a later period. In simple terms, the amount of value added generated by production represents GDP. The income corresponding to GDP is distributed to the various agents or groups of agents as income and it is the process of distributing and redistributing income that allows one agent to consume the goods and services produced by another agent or to acquire goods and services for later consumption. The way in which the SNA captures this pattern of economic flows is to identify the activities concerned by recognizing the institutional units in the economy and by specifying the structure of accounts capturing the transactions relevant to one stage or another of the process by which goods and services are produced and ultimately consumed.","This indicator is related to the national accounts, which are critical for understanding and managing a country's economy. They provide a framework for the analysis of economic performance. National accounts are the basis for estimating the Gross Domestic Product (GDP) and Gross National Income (GNI), which are the most widely used indicator of economic performance. They are essential for government policymakers, providing the data needed to design and assess fiscal and monetary policies; and are also used by businesses and investors to assess the economic climate and make investment decisions. NAS enable comparison between economies, which is crucial for international trade, investment decisions, and economic competitiveness. More specifically, this indicator is related to national accounts aggregates. Gross Domestic Product (GDP), Gross National Income (GNI), and other aggregates provide a snapshot of the size and health of an economy by measuring the total economic activity within a country. They can thus be used by policymakers to design and implement economic policies, as they reflect the overall economic performance and can indicate the need for intervention in certain areas. Aggregates also allow for comparisons between different economies, which can be useful for trade negotiations, investment decisions, and economic benchmarking. By examining aggregates over time, economists and analysts can identify trends, cycles, and potential areas of concern within an economy, and investors can use national accounts aggregates to assess the potential risks and returns of investing in a particular country. Overall, national accounts aggregates are fundamental tools for economic analysis, policy formulation, and decision-making at both the national and international levels.","Each industry's contribution to growth in the economy's output is measured by growth in the industry's value added. In principle, value added in constant prices can be estimated by measuring the quantity of goods and services produced in a period, valuing them at an agreed set of base year prices, and subtracting the cost of intermediate inputs, also in constant prices. This double-deflation method requires detailed information on the structure of prices of inputs and outputs.





In many industries, however, value added is extrapolated from the base year using single volume indexes of outputs or, less commonly, inputs. Particularly in the services industries, including most of government, value added in constant prices is often imputed from labor inputs, such as real wages or number of employees. In the absence of well defined measures of output, measuring the growth of services remains difficult.





Moreover, technical progress can lead to improvements in production processes and in the quality of goods and services that, if not properly accounted for, can distort measures of value added and thus of growth. When inputs are used to estimate output, as for nonmarket services, unmeasured technical progress leads to underestimates of the volume of output. Similarly, unmeasured improvements in quality lead to underestimates of the value of output and value added. The result can be underestimates of growth and productivity improvement and overestimates of inflation.





Informal economic activities pose a particular measurement problem, especially in developing countries, where much economic activity is unrecorded. A complete picture of the economy requires estimating household outputs produced for home use, sales in informal markets, barter exchanges, and illicit or deliberately unreported activities. The consistency and completeness of such estimates depend on the skill and methods of the compiling statisticians.





Rebasing of national accounts can alter the measured growth rate of an economy and lead to breaks in series that affect the consistency of data over time. When countries rebase their national accounts, they update the weights assigned to various components to better reflect current patterns of production or uses of output. The new base year should represent normal operation of the economy - it should be a year without major shocks or distortions. Some developing countries have not rebased their national accounts for many years. Using an old base year can be misleading because implicit price and volume weights become progressively less relevant and useful.





To obtain comparable series of constant price data for computing aggregates, the World Bank rescales GDP and value added by industrial origin to a common reference year. Because rescaling changes the implicit weights used in forming regional and income group aggregates, aggregate growth rates are not comparable with those from earlier editions with different base years. Rescaling may result in a discrepancy between the rescaled GDP and the sum of the rescaled components. To avoid distortions in the growth rates, the discrepancy is left unallocated. As a result, the weighted average of the growth rates of the components generally does not equal the GDP growth rate.",,https://datacatalog.worldbank.org/public-licenses#cc-by
FP.CPI.TOTL.ZG,CC BY-4.0,"Inflation, consumer prices (annual % growth)","Inflation as measured by the consumer price index reflects the annual percentage change in the cost to the average consumer of acquiring a basket of goods and services that may be fixed or changed at specified intervals, such as yearly. This indicator denotes the percentage change over each previous year of the constant price (base year 2015) series in United States dollars.","International Financial Statistics database, International Monetary Fund (IMF)",Financial Sector: Exchange rates & prices,WB_WDI,%,Annual,1960-2024,Median,"Methodology: Consumer Prices Indices are compiled in accordance with international standards: Consumer Price Index Manual, 2020 or 2004 version. Specific information on how countries compile their CPI statistics can be found on the IMF website: https://dsbb.imf.org/
Statistical concept(s): The conceptual basis of a consumer price index series is to measure the rate at which prices of consumption goods and services are changing from one period to another.","A general and continuing increase in an economy’s price level is called inflation. The increase in the average prices of goods and services in the economy should be distinguished from a change in the relative prices of individual goods and services. Generally accompanying an overall increase in the price level is a change in the structure of relative prices, but it is only the average increase, not the relative price changes, that constitutes inflation. A commonly used measure of inflation is the consumer price index, which measures the prices of a representative basket of goods and services purchased by a typical household. The consumer price index is usually calculated on the basis of periodic surveys of consumer prices. Other price indices are derived implicitly from indexes of current and constant price series.",,,https://datacatalog.worldbank.org/public-licenses#cc-by
SP.POP.TOTL,CC BY-4.0,"Population, total","Total population is based on the de facto definition of population, which counts all residents regardless of legal status or citizenship. The values shown are midyear estimates.","World Population Prospects, United Nations (UN), uri: https://population.un.org/wpp/, publisher: UN Population Division;
Statistical databases and publications from national statistical offices, National Statistical Offices, uri: https://unstats.un.org/home/nso_sites/, publisher: National Statistical Offices;
Eurostat: Demographic Statistics, Eurostat (ESTAT), uri: https://ec.europa.eu/eurostat/data/database?node_code=earn_ses_monthly, publisher: Eurostat;
Population and Vital Statistics Report (various years), United Nations (UN), uri: https://unstats.un.org, publisher: UN Statistics Division",Health: Population: Structure,WB_WDI,Unit,Annual,1960-2025,Sum,"Methodology: Population estimates are usually based on national population censuses, and estimates of fertility, mortality and migration.



Errors and undercounting in census occur even in high-income countries.  In developing countries errors may be substantial because of limits in the transport, communications, and other resources required to conduct and analyze a full census.



The quality and reliability of official demographic data are also affected by public trust in the government, government commitment to full and accurate enumeration, confidentiality and protection against misuse of census data, and census agencies' independence from political influence. Moreover, comparability of population indicators is limited by differences in the concepts, definitions, collection procedures, and estimation methods used by national statistical agencies and other organizations that collect the data.



The currentness of a census and the availability of complementary data from surveys or registration systems are objective ways to judge demographic data quality. Some European countries' registration systems offer complete information on population in the absence of a census.



The United Nations Statistics Division monitors the completeness of vital registration systems. Some developing countries have made progress over the last 60 years, but others still have deficiencies in civil registration systems.



International migration is the only other factor besides birth and death rates that directly determines a country's population change. Estimating migration is difficult. At any time many people are located outside their home country as tourists, workers, or refugees or for other reasons. Standards for the duration and purpose of international moves that qualify as migration vary, and estimates require information on flows into and out of countries that is difficult to collect.



One of the major data sources of this indicator is UN Population Division's World Population Prospects, which use the cohort component method to produce population estimates and projections.



Population projections, starting from a base year are projected forward using assumptions of mortality, fertility, and migration by age and sex through 2050, based on the UN Population Division's World Population Prospects database medium variant.
Statistical concept(s): Estimates of total population describe the size of total population. Population estimates are dependent on the demographic components of change that are fertility, mortality and migration. As the size of population continues to change throughout the time even within a year, a reference time in the year that the estimate refers to is needed, such as mid-year, end-year or beginning of year. The values shown are midyear estimates.","Increases in human population, whether as a result of immigration or more births than deaths, can impact natural resources and social infrastructure.  This can place pressure on a country's sustainability.  A significant growth in population will negatively impact the availability of land for agricultural production, and will aggravate demand for food, energy, water, social services, and infrastructure. On the other hand, decreasing population size - a result of fewer births than deaths, and people moving out of a country - can impact a government's commitment to maintain services and infrastructure.","Current population estimates for developing countries that lack (i) reliable recent census data, and (ii) pre- and post-census estimates for countries with census data, are provided by the United Nations Population Division and other agencies. 



The cohort component method - a standard method for estimating and projecting population - requires fertility, mortality, and net migration data, often collected from sample surveys, which can be small or limited in coverage. Population estimates are from demographic modeling and so are susceptible to biases and errors from shortcomings in both the model and the data.



Because future trends cannot be known with certainty, population projections have a wide range of uncertainty.",Relevance to gender indicator: disaggregating the population composition by gender will help a country in projecting its demand for social services on a gender basis.,https://datacatalog.worldbank.org/public-licenses#cc-by
SP.URB.TOTL.IN.ZS,CC BY-4.0,Urban population (% of total population),Urban population refers to people living in urban areas as defined by national statistical offices. The data are collected and smoothed by United Nations Population Division.,"World Urbanization Prospects, United Nations (UN), uri: https://population.un.org/wup/, note: United Nations Population Division's World Urbanization Prospects, National definitions, publisher: UN Population Division",Environment: Density & urbanization,WB_WDI,Percentage,Annual,1960-2025,Weighted average,Methodology: Percentages urban are the numbers of persons residing in an area defined as ''urban'' per 100 total population.
Statistical concept(s): Urban population refers to people living in urban areas as defined by national statistical offices. Particular caution should be used in interpreting the figures for percentage urban for different countries. Countries differ in the way they classify population as "urban" or "rural." The population of a city or metropolitan area depends on the boundaries chosen.,"Explosive growth of cities globally signifies the demographic transition from rural to urban, and is associated with shifts from an agriculture-based economy to mass industry, technology, and service.











In principle, cities offer a more favorable setting for the resolution of social and environmental problems than rural areas. Cities generate jobs and income, and deliver education, health care and other services. Cities also present opportunities for social mobilization and women's empowerment.","Aggregation of urban and rural population may not add up to total population because of different country coverage.

Most countries use an urban classification related to the size or characteristics of settlements. Some define urban areas based on the presence of certain infrastructure and services. And other countries designate urban areas based on administrative arrangements. Because of national differences in the characteristics that distinguish urban from rural areas, the distinction between urban and rural population is not amenable to a single definition that would be applicable to all countries.

Estimates of the world's urban population would change significantly if China, India, and a few other populous nations were to change their definition of urban centers.

Because the estimates of city and metropolitan area are based on national definitions of what constitutes a city or metropolitan area, cross-country comparisons should be made with caution.",,https://datacatalog.worldbank.org/public-licenses#cc-by
SP.POP.GROW,CC BY-4.0,Population growth (annual %),"Annual population growth rate for year t is the exponential rate of growth of midyear population from year t-1 to t, expressed as a percentage. Population is based on the de facto definition of population, which counts all residents regardless of legal status or citizenship.","World Population Prospects, United Nations (UN), note: Derived from total population, publisher: UN Population Division;
Statistical databases and publications from national statistical offices, National statistical offices, note: Derived from total population;
Demographic Statistics, Eurostat (ESTAT), note: Derived from total population;
Population and Vital Statistics Report (various years), United Nations (UN), note: Derived from total population, publisher: UN Statistical Division",Health: Population: Dynamics,WB_WDI,Percentage,Annual,1961-2025,Weighted average,"Methodology: The growth rate is computed using the exponential growth formula:



r = ln(pn/p0)/n, 



where r is the exponential rate of growth, ln() is the natural logarithm, pn is the end period population, p0 is the beginning period population, and n is the number of years in between. Note that this is not the geometric growth rate used to compute compound growth over discrete periods.



For information on total population from which the growth rates are calculated, see total population (SP.POP.TOTL).
Statistical concept(s): Total population growth rates are calculated on the assumption that rate of growth is constant between two points in time.","Increases in human population, whether as a result of immigration or more births than deaths, can impact natural resources and social infrastructure.  This can place pressure on a country's sustainability.  A significant growth in population will negatively impact the availability of land for agricultural production, and will aggravate demand for food, energy, water, social services, and infrastructure. On the other hand, decreasing population size - a result of fewer births than deaths, and people moving out of a country - can impact a government's commitment to maintain services and infrastructure.",,,https://datacatalog.worldbank.org/public-licenses#cc-by
SI.POV.DDAY,CC BY-4.0,Poverty headcount ratio at $3.00 a day (2021 PPP) (% of population),"Poverty headcount ratio at $3.00 a day is the percentage of the population living on less than $3.00 a day at 2021 purchasing power adjusted prices. As a result of revisions in PPP exchange rates, poverty rates for individual countries cannot be compared with poverty rates reported in earlier editions.","World Bank, Poverty and Inequality Platform. Data are based on primary household survey data obtained from government statistical agencies and World Bank country departments. Data for high-income economies are mostly from the Luxembourg Income Study database. For more information and methodology, please see http://pip.worldbank.org., World Bank (WB), uri: http://pip.worldbank.org, note: Data are based on primary household survey data obtained from government statistical agencies and World Bank country departments. Data for high-income economies are mostly from the Luxembourg Income Study database.",Poverty: Poverty rates,WB_WDI,%,Annual,1963-2025,Population-weighted average,"Methodology: International comparisons of poverty estimates entail both conceptual and practical problems. Countries have different definitions of poverty, and consistent comparisons across countries can be difficult. Local poverty lines tend to have higher purchasing power in rich countries, where more generous standards are used, than in poor countries.







Since World Development Report 1990, the World Bank has aimed to apply a common standard in measuring extreme poverty, anchored to what poverty means in the world's poorest countries. The welfare of people living in different countries can be measured on a common scale by adjusting for differences in the purchasing power of currencies. The commonly used $1 a day standard, measured in 1985 international prices and adjusted to local currency using purchasing power parities (PPPs), was chosen for World Development Report 1990 because it was typical of the poverty lines in low-income countries at the time. As differences in the cost of living across the world evolve, the international poverty line has to be periodically updated using new PPP price data to reflect these changes. The last change was in September 2022, when we adopted $3.00 as the international poverty line using the 2021 PPP. Poverty measures based on international poverty lines attempt to hold the real value of the poverty line constant across countries, as is done when making comparisons over time. The $4.20 poverty line is derived from typical national poverty lines in countries classified as Lower Middle Income. The $8.30 poverty line is derived from typical national poverty lines in countries classified as Upper Middle Income.







Early editions of World Development Indicators used PPPs from the Penn World Tables to convert values in local currency to equivalent purchasing power measured in U.S dollars. Later editions used 1993, 2005, and 2021 consumption PPP estimates produced by the World Bank. The current extreme poverty line is set at $3.00 a day in 2021 PPP terms, which represents the mean of the poverty lines found in 15 of the poorest countries ranked by per capita consumption. The new poverty line maintains the same standard for extreme poverty - the poverty line typical of the poorest countries in the world - but updates it using the latest information on the cost of living in developing countries. As a result of revisions in PPP exchange rates, poverty rates for individual countries cannot be compared with poverty rates reported in earlier editions.







The statistics reported here are based on consumption data or, when unavailable, on income surveys.
Statistical concept(s): Poverty headcount ratio at $3.00 a day refers to the percentage of a population whose consumption or income per day falls short of the international poverty line of $3.00 a day (adjusted for purchasing power parity differences across countries), the poverty line typical of low-income countries.","The World Bank Group is committed to reducing extreme poverty to 3 percent or less, globally, by 2030. The World Bank defines extreme poverty as living on less than $3.00 a day (adjusted for purchasing power differences across countries). The value of $3.00 is the typical poverty line of low-income countries, which is the minimum amount of money people in low-income countries need to cover their daily basic needs, including food, clothing, and shelter. The share of population living on less than $3.00 a day is the first indicator the World Bank tracks in its Bank’s expanded vision indicators to create a world free of poverty in a livable planet. It is also the indicator the UN tracks for SDG 1.1. Monitoring poverty is important on the global development agenda as well as on the national development agenda of many countries.","Despite progress in the last decade, the challenges of measuring poverty remain. The timeliness, frequency, quality, and comparability of household surveys need to increase substantially, particularly in the poorest countries. The availability and quality of poverty monitoring data remains low in small states, countries with fragile situations, and low-income countries and even some middle-income countries. The low frequency and lack of comparability of the data available in some countries create uncertainty over the magnitude of poverty reduction. 







Besides the frequency and timeliness of survey data, other data quality issues arise in measuring household living standards. The surveys ask detailed questions on sources of income and how it was spent, which must be carefully recorded by trained personnel. Income is generally more difficult to measure accurately, and consumption comes closer to the notion of living standards. And income can vary over time even if living standards do not. But consumption data are not always available: the latest estimates reported here use consumption data for about two-thirds of countries.







However, even similar surveys may not be strictly comparable because of differences in timing or in the quality and training of enumerators. Comparisons of countries at different levels of development also pose a potential problem because of differences in the relative importance of the consumption of nonmarket goods. The local market value of all consumption in kind (including own production, particularly important in underdeveloped rural economies) should be included in total consumption expenditure but may not be. Most survey data now include valuations for consumption or income from own production, but valuation methods vary.",The World Bank’s internationally comparable poverty monitoring database now draws on income or detailed consumption data from more than 2000 household surveys across 169 countries. See the Poverty and Inequality Platform (PIP) for details (www.pip.worldbank.org).,https://datacatalog.worldbank.org/public-licenses#cc-by
SI.POV.GINI,CC BY-4.0,Gini index,"Gini index measures the extent to which the distribution of income (or, in some cases, consumption expenditure) among individuals or households within an economy deviates from a perfectly equal distribution. A Lorenz curve plots the cumulative percentages of total income received against the cumulative number of recipients, starting with the poorest individual or household. The Gini index measures the area between the Lorenz curve and a hypothetical line of absolute equality, expressed as a percentage of the maximum area under the line. Thus a Gini index of 0 represents perfect equality, while an index of 100 implies perfect inequality.","World Bank, Poverty and Inequality Platform. Data are based on primary household survey data obtained from government statistical agencies and World Bank country departments. Data for high-income economies are mostly from the Luxembourg Income Study database. For more information and methodology, please see http://pip.worldbank.org., World Bank (WB), uri: http://pip.worldbank.org, note: Data are based on primary household survey data obtained from government statistical agencies and World Bank country departments. Data for high-income economies are mostly from the Luxembourg Income Study database.",Poverty: Income distribution,WB_WDI,%,Annual,1963-2025,NA,"Methodology: The Gini index measures the area between the Lorenz curve and a hypothetical line of absolute equality, expressed as a percentage of the maximum area under the line. A Lorenz curve plots the cumulative percentages of total income received against the cumulative number of recipients, starting with the poorest individual. Thus a Gini index of 0 represents perfect equality, while an index of 100 implies perfect inequality.







The Gini index provides a convenient summary measure of the degree of inequality. Data on the distribution of income or consumption come from nationally representative household surveys. Where the original data from the household survey were available, they have been used to calculate the income or consumption shares by quintile. Otherwise, shares have been estimated from the best available grouped data.







The distribution data have been adjusted for household size, providing a more consistent measure of per capita income or consumption. 







The year reflects the year in which the underlying household survey data were collected or, when the data collection period bridged two calendar years, the year data collection started.
Statistical concept(s): The Gini index is the average of all pairwise absolute differences between individual consumption or income, normalized by twice the mean. More intuitively, the Gini index is the average share of mean consumption or income that needs to be transferred between two randomly selected individuals to achieve equality. A Gini index of 1 represents perfect inequality, in which total consumption or income goes to one individual. A Gini index of 0 indicates represents perfect equality, in which all individuals have the same level of consumption or income.","The World Bank Group's vision of promoting shared prosperity includes a measure that tracks the number of economies with high inequality, defined as those with a Gini index greater than 0.4","Gini coefficients are not unique. It is possible for two different Lorenz curves to give rise to the same Gini coefficient. Furthermore it is possible for the Gini coefficient of a developing country to rise (due to increasing inequality of income) while the number of people in absolute poverty decreases. This is because the Gini coefficient measures relative, not absolute, wealth.







Another limitation of the Gini coefficient is that it is not additive across groups, i.e. the total Gini of a society is not equal to the sum of the Gini's for its sub-groups. Thus, country-level Gini coefficients cannot be aggregated into regional or global Gini's, although a Gini coefficient can be computed for the aggregate.







Because the underlying household surveys differ in methods and types of welfare measures collected, data are not strictly comparable across countries or even across years within a country. Two sources of non-comparability should be noted for distributions of income in particular. First, the surveys can differ in many respects, including whether they use income or consumption expenditure as the living standard indicator. The distribution of income is typically more unequal than the distribution of consumption. In addition, the definitions of income used differ more often among surveys. Consumption is usually a much better welfare indicator, particularly in developing countries. Second, households differ in size (number of members) and in the extent of income sharing among members. And individuals differ in age and consumption needs. Differences among countries in these respects may bias comparisons of distribution. 







World Bank staff have made an effort to ensure that the data are as comparable as possible. Wherever possible, consumption has been used rather than income. Income distribution and Gini indexes for high-income economies are calculated directly from the Luxembourg Income Study database, using an estimation method consistent with that applied for developing countries.",The World Bank’s internationally comparable poverty monitoring database now draws on income or detailed consumption data from more than 2000 household surveys across 169 countries. See the Poverty and Inequality Platform (PIP) for details (www.pip.worldbank.org).,https://datacatalog.worldbank.org/public-licenses#cc-by
SE.PRM.ENRR,CC BY-4.0,"School enrollment, primary (% gross)","Gross enrollment ratio is the ratio of total enrollment, regardless of age, to the population of the age group that officially corresponds to the level of education shown. Primary education provides children with basic reading, writing, and mathematics skills along with an elementary understanding of such subjects as history, geography, natural science, social science, art, and music.","Data API, UN Educational, Scientific and Cultural Organization (UNESCO), uri: https://databrowser.uis.unesco.org/resources, note: The data are obtained through the UIS API.  Detailed documentation is available at: https://api.uis.unesco.org/api/public/documentation/, publisher: UNESCO Institute for Statistics (UIS), type: Bulk file (csv), date accessed: 2026-03-19, date published: 2026-02",Education: Participation,WB_WDI,% of population in the 5-year age group immediately following preprimary education,Annual,1970-2025,Weighted average,"Methodology: Gross enrollment ratio for primary school is calculated by dividing the number of students enrolled in primary education regardless of age by the population of the age group which officially corresponds to primary education, and multiplying by 100. 



















Data on education are collected by the UNESCO Institute for Statistics from official responses to its annual education survey. All the data are mapped to the International Standard Classification of Education (ISCED) to ensure the comparability of education programs at the international level. The current version was formally adopted by UNESCO Member States in 2011. Population data are drawn from the United Nations Population Division. Using a single source for population data standardizes definitions, estimations, and interpolation methods, ensuring a consistent methodology across countries and minimizing potential enumeration problems in national censuses.



















The reference years reflect the school year for which the data are presented. In some countries the school year spans two calendar years (for example, from September 2010 to June 2011); in these cases the reference year refers to the year in which the school year ended (2011 in the example).
Statistical concept(s): Gross enrollment ratios indicate the capacity of each level of the education system, but a high ratio may reflect a substantial number of overage children enrolled in each grade because of repetition or late entry rather than a successful education system.","Primary education is fundamental to future educational success and opens pathways for continued advancement. This indicator measures the overall rate of participation in primary education, signifying the education system's ability to enroll students within a specific age cohort.","Enrollment indicators are based on annual school surveys, but do not necessarily reflect actual attendance or dropout rates during the year. Also, the length of education differs across countries and can influence enrollment rates, although the International Standard Classification of Education (ISCED) tries to minimize the difference. For example, a shorter duration for primary education tends to increase the rate; a longer one to decrease it (in part because older children are more at risk of dropping out). Moreover, age at enrollment may be inaccurately estimated or misstated, especially in communities where registration of births is not strictly enforced.",,https://datacatalog.worldbank.org/public-licenses#cc-by
SE.SEC.ENRR,CC BY-4.0,"School enrollment, secondary (% gross)","Gross enrollment ratio is the ratio of total enrollment, regardless of age, to the population of the age group that officially corresponds to the level of education shown. Secondary education completes the provision of basic education that began at the primary level, and aims at laying the foundations for lifelong learning and human development, by offering more subject- or skill-oriented instruction using more specialized teachers.","Data API, UN Educational, Scientific and Cultural Organization (UNESCO), uri: https://databrowser.uis.unesco.org/resources, note: The data are obtained through the UIS API.  Detailed documentation is available at: https://api.uis.unesco.org/api/public/documentation/, publisher: UNESCO Institute for Statistics (UIS), type: Bulk file (csv), date accessed: 2026-03-19, date published: 2026-02",Education: Participation,WB_WDI,% of population in the 5-year age group immediately following primary education,Annual,1970-2025,Weighted average,"Methodology: Gross enrollment ratio for secondary school is calculated by dividing the number of students enrolled in secondary education regardless of age by the population of the age group which officially corresponds to secondary education, and multiplying by 100. 



















Data on education are collected by the UNESCO Institute for Statistics from official responses to its annual education survey. All the data are mapped to the International Standard Classification of Education (ISCED) to ensure the comparability of education programs at the international level. The current version was formally adopted by UNESCO Member States in 2011. Population data are drawn from the United Nations Population Division. Using a single source for population data standardizes definitions, estimations, and interpolation methods, ensuring a consistent methodology across countries and minimizing potential enumeration problems in national censuses.



















The reference years reflect the school year for which the data are presented. In some countries the school year spans two calendar years (for example, from September 2010 to June 2011); in these cases the reference year refers to the year in which the school year ended (2011 in the example).
Statistical concept(s): Gross enrollment ratios indicate the capacity of each level of the education system, but a high ratio may reflect a substantial number of overage children enrolled in each grade because of repetition or late entry rather than a successful education system.","Secondary education acts as a critical intermediary that not only builds upon the foundational knowledge acquired in primary education but also equips students for various pathways, including immediate entry into the workforce, further education in postsecondary non-tertiary institutions, or advancement to higher education. This indicator assesses the aggregate participation rate in secondary education, reflecting the education system's capacity to enroll students within a designated age group.","Enrollment indicators are based on annual school surveys, but do not necessarily reflect actual attendance or dropout rates during the year. Also, the length of education differs across countries and can influence enrollment rates, although the International Standard Classification of Education (ISCED) tries to minimize the difference. For example, a shorter duration for primary education tends to increase the rate; a longer one to decrease it (in part because older children are more at risk of dropping out). Moreover, age at enrollment may be inaccurately estimated or misstated, especially in communities where registration of births is not strictly enforced.",,https://datacatalog.worldbank.org/public-licenses#cc-by
SE.ADT.LITR.ZS,CC BY-4.0,"Literacy rate, adult total (% of people ages 15 and above)",Adult literacy rate is the percentage of people ages 15 and above who can both read and write with understanding a short simple statement about their everyday life.,"Data API, UN Educational, Scientific and Cultural Organization (UNESCO), uri: https://databrowser.uis.unesco.org/resources, note: The data are obtained through the UIS API.  Detailed documentation is available at: https://api.uis.unesco.org/api/public/documentation/, publisher: UNESCO Institute for Statistics (UIS), type: Excel (bulk file), date accessed: 2026-03-19, date published: 2026-02",Education: Outcomes,WB_WDI,% of people ages 15 and above,Annual,1970-2024,Weighted average,"Methodology: The indicator is calculated by the number of literate adults divided by the total number of adults, excluding adults with unknown literacy status.  




Data on literacy are compiled by the UNESCO Institute for Statistics based on national censuses and household surveys and, for countries without recent literacy data, using the Global Age-Specific Literacy Projection Model (GALP). For detailed information, see www.uis.unesco.org.
Statistical concept(s): Literacy statistics for most countries cover the population ages 15 and older, but some include younger ages or are confined to age ranges that tend to inflate literacy rates. The youth literacy rate for ages 15-24 reflects recent progress in education. It measures the accumulated outcomes of primary education over the previous 10 years or so by indicating the proportion of the population who have passed through the primary education system and acquired basic literacy and numeracy skills. Generally, literacy also encompasses numeracy, the ability to make simple arithmetic calculations.","Literacy rate is an outcome indicator to evaluate educational attainment. This data can predict the quality of future labor force and can be used in ensuring policies for life skills for men and women.





















It can be also used as a proxy instrument to see the effectiveness of education system; a high literacy rate suggests the capacity of an education system to provide a large population with opportunities to acquire literacy skills. The accumulated achievement of education is fundamental for further intellectual growth and social and economic development, although it doesn't necessarily ensure the quality of education.





















Literate women implies that they can seek and use information for the betterment of the health, nutrition and education of their household members. Literate women are also empowered to play a meaningful role.","In practice, literacy is difficult to measure. Estimating literacy rates requires census or survey measurements under controlled conditions. Many countries report the number of literate people from self-reported data. Some use educational attainment data as a proxy but apply different lengths of school attendance or levels of completion. Ant there is a trend among recent national and international surveys toward using a direct reading test of literacy skills. Because definitions and methods of data collection differ across countries, data should be used cautiously.",,https://datacatalog.worldbank.org/public-licenses#cc-by
SH.DYN.MORT,CC BY-4.0,"Mortality rate, under-5 (per 1,000 live births)","Under-five mortality rate is the probability per 1,000 that a newborn baby will die before reaching age five, if subject to age-specific mortality rates of the specified year.","UN Inter-agency Group for Child Mortality Estimation, UN Children's Fund (UNICEF), uri: www.childmortality.org, publisher: UNICEF, WHO, World Bank, United Nations Population Division;
World Health Organization (WHO), uri: www.childmortality.org, note: UN Inter-agency Group for Child Mortality Estimation;
World Bank (WB), uri: www.childmortality.org, note: UN Inter-agency Group for Child Mortality Estimation;
United Nations (UN), uri: www.childmortality.org, note: UN Inter-agency Group for Child Mortality Estimation, publisher: UN Population Division",Health: Mortality,WB_WDI,Per 1000 live births,Annual,1960-2024,Weighted average,"Methodology: Estimates of neonatal, infant, and child mortality tend to vary by source and method for a given time and place. Years for available estimates also vary by country, making comparisons across countries and over time difficult. To make neonatal, infant, and child mortality estimates comparable and to ensure consistency across estimates by different agencies, the United Nations Inter-agency Group for Child Mortality Estimation (UN IGME), which comprises the United Nations Children's Fund (UNICEF), the World Health Organization (WHO), the World Bank, the United Nations Population Division, and other universities and research institutes, developed and adopted a statistical method that uses all available information to reconcile differences. The method uses statistical models to obtain a best estimate trend line by fitting a country-specific regression model of mortality rates against their reference dates.
Statistical concept(s): The main sources of mortality data are vital registration systems and direct or indirect estimates based on sample surveys or censuses. A "complete" vital registration system - covering at least 90 percent of vital events in the population - is the best source of age-specific mortality data.","Mortality rates for different age groups (infants, children, and adults) and overall mortality indicators (life expectancy at birth or survival to a given age) are important indicators of health status in a country. Because data on the incidence and prevalence of diseases are frequently unavailable, mortality rates are often used to identify vulnerable populations. And they are among the indicators most frequently used to compare socioeconomic development across countries.","Complete vital registration systems are fairly uncommon in developing countries. Thus estimates must be obtained from sample surveys or derived by applying indirect estimation techniques to registration, census, or survey data. Survey data are subject to recall error, and surveys estimating infant/child deaths require large samples because households in which a birth has occurred during a given year cannot ordinarily be preselected for sampling. Indirect estimates rely on model life tables that may be inappropriate for the population concerned. Extrapolations based on outdated surveys may not be reliable for monitoring changes in health status or for comparative analytical work.","Given that data on the incidence and prevalence of diseases are frequently unavailable, mortality rates are often used to identify vulnerable populations. Moreover, they are among the indicators most frequently used to compare socioeconomic development across countries. Under-five mortality rates are higher for boys than for girls in countries in which parental gender preferences are insignificant. Under-five mortality captures the effect of gender discrimination better than infant mortality does, as malnutrition and medical interventions have more significant impacts to this age group. Where female under-five mortality is higher, girls are likely to have less access to resources than boys.

Aggregate data for LIC, UMC, LMC, HIC are computed based on the groupings for the World Bank fiscal year in which the data was released by the UN Inter-agency Group for Child Mortality Estimation.

This is the Sustainable Development Goal indicator 3.2.1[https://unstats.un.org/sdgs/metadata/].",https://datacatalog.worldbank.org/public-licenses#cc-by
SP.DYN.LE00.IN,CC BY-4.0,"Life expectancy at birth, total (years)",Life expectancy at birth indicates the number of years a newborn infant would live if prevailing patterns of mortality at the time of its birth were to stay the same throughout its life.,"World Population Prospects, United Nations (UN), uri: UN Population Division;
Statistical databases and publications from national statistical offices, National statistical offices, note: Derived from male and female life expectancy at birth from sources such as statistical databases and publications from national statistical offices.;
Demographic Statistics, Eurostat (ESTAT), note: Derived from male and female life expectancy at birth from sources such as Eurostat: Demographic Statistics.",Health: Mortality,WB_WDI,Years,Annual,1960-2024,Weighted average,"Methodology: Life expectancy at birth is derived from life tables and is based on sex- and age-specific death rates, or derived from male and female life expectancy at birth.
Statistical concept(s): Life expectancy at birth used here is the average number of years a newborn is expected to live if mortality patterns at the time of its birth remain constant in the future. It reflects the overall mortality level of a population, and summarizes the mortality pattern that prevails across all age groups in a given year. It is calculated in a period life table which provides a snapshot of a population's mortality pattern at a given time. It therefore does not reflect the mortality pattern that a person actually experiences during his/her life, which can be calculated in a cohort life table.



High mortality in young age groups significantly lowers the life expectancy at birth. But if a person survives his/her childhood of high mortality, he/she may live much longer. For example, in a population with a life expectancy at birth of 50, there may be few people dying at age 50. The life expectancy at birth may be low due to the high childhood mortality so that once a person survives his/her childhood, he/she may live much longer than 50 years.","Mortality rates for different age groups (infants, children, and adults) and overall mortality indicators (life expectancy at birth or survival to a given age) are important indicators of health status in a country. Because data on the incidence and prevalence of diseases are frequently unavailable, mortality rates are often used to identify vulnerable populations. And they are among the indicators most frequently used to compare socioeconomic development across countries.",Annual data series from United Nations Population Division's World Population Prospects are interpolated data from 5-year period data. Therefore they may not reflect real events as much as observed data.,,https://datacatalog.worldbank.org/public-licenses#cc-by
SH.XPD.CHEX.GD.ZS,CC BY-4.0,Current health expenditure (% of GDP),"Level of current health expenditure expressed as a percentage of GDP.  Estimates of current health expenditures include healthcare goods and services consumed during each year. This indicator does not include capital health expenditures such as buildings, machinery, IT and stocks of vaccines for emergency or outbreaks.","Global Health Expenditure Database, updated December 12th, 2025, World Health Organization (WHO), uri: https://apps.who.int/nha/database",Health: Health systems,WB_WDI,Percentage,Annual,2000-2024,Weighted average,"Methodology: The Health SHA 2011 tracks all health spending in a given country over a defined period of time regardless of the entity or institution that financed and managed that spending. It generates consistent and comprehensive data on health spending in a country, which in turn can contribute to evidence-based policy-making.
Statistical concept(s): The health expenditure estimates have been prepared by the World Health Organization under the framework of the System of Health Accounts 2011 (SHA 2011).","Strengthening health financing is one objective of Sustainable Development Goal 3 (SDG target 3.c).  The levels and trends of health expenditure data identify key issues such as weaknesses and strengths and areas that need investment, for instance additional health facilities, better health information systems, or better trained human resources.  Health financing is also critical for reaching universal health coverage (UHC) defined as all people obtaining the quality health services they need without suffering financial hardship (SDG 3.8).  The data on out-of-pocket spending is a key indicator with regard to financial protection and hence of progress towards UHC.",,,https://datacatalog.worldbank.org/public-licenses#cc-by
SH.H2O.BASW.ZS,CC BY-4.0,People using at least basic drinking water services (% of population),"The percentage of people using at least basic water services.  This indicator encompasses both people using basic water services as well as those using safely managed water services.  Basic drinking water services is defined as drinking water from an improved source, provided collection time is not more than 30 minutes for a round trip.  Improved water sources include piped water, boreholes or tubewells, protected dug wells, protected springs, and packaged or delivered water.","WHO/UNICEF Joint Monitoring Programme (JMP) for Water Supply, Sanitation and Hygiene, World Health Organization (WHO), uri: washdata.org, publisher: WHO/UNICEF Joint Monitoring Programme (JMP) for Water Supply, Sanitation and Hygiene (washdata.org), date accessed: 2025-09-30, date published: 2025-08-25;
UN Children's Fund (UNICEF), uri: washdata.org, note: WHO/UNICEF Joint Monitoring Programme (JMP) for Water Supply, Sanitation and Hygiene",Health: Disease prevention,WB_WDI,% of population,Annual,2000-2024,Weighted average,"Methodology: The data sources for drinking water services are household surveys such as Demographic and Health Surveys (DHS) and Multiple Indicator Cluster Surveys (MICS), administrative data, census, and other datasets such as compilations by international or regional initiatives (e.g., IB-NET) or studies conducted by research institutions. Based on these national datasets, JMP estimates the proportion of the people accessing different levels of services by using linear regression. You can find the details of estimates including the rules on interpolation, extrapolation and extension in the JMP’s methodology report (https://washdata.org/reports/jmp-2017-methodology).
Statistical concept(s): The JMP classifies the sanitation service levels into five tiers, ranging from the most to the least favorable: safely managed, basic, limited, unimproved, and surface water (Reference: https://washdata.org/monitoring/drinking-water). This indicator encompasses both people using basic water services as well as those using safely managed water services.","Water is considered to be the most important resource for sustaining ecosystems, which provide life-supporting services for people, animals, and plants. Global access to safe water and proper hygiene education can reduce illness and death from disease, leading to improved health, poverty reduction, and socio-economic development. However, many countries are challenged to provide these basic necessities to their populations, leaving people at risk for water, sanitation, and hygiene (WASH)-related diseases. Because contaminated water is a major cause of illness and death, water quality is a determining factor in human poverty, education, and economic opportunities.  





















Lack of access to adequate drinking water services contributes to deaths and illness, especially in children. Water based disease transmission by drinking contaminated water is responsible for significant outbreaks of diseases such as cholera and typhoid and includes diarrheal diseases, viral hepatitis A, cholera, dysentery and dracunculiasis (Guineaworm disease). Improving access to clean drinking water is a crucial element in the reduction of under-five mortality and morbidity and there is evidence that ensuring higher levels of drinking water services has a greater impact. 





















Women and children spend millions of hours each year fetching water. The chore diverts their time from other important activities (for example attending school, caring for children, participating in the economy). When water is not available on premises and has to be collected, women and girls are almost two and a half times more likely than men and boys to be the main water carriers for their families.  





















Many international organizations use access to safe drinking water and hygienic sanitation facilities as a measure for progress in the fight against poverty, disease, and death. Access to safe drinking water is also considered to be a human right, not a privilege, for every man, woman, and child. Economic benefits of safe drinking water services include higher economic productivity, more education, and health-care savings.","National, regional and income group estimates are made when data are available for at least 50 percent of the population.",,https://datacatalog.worldbank.org/public-licenses#cc-by
EG.ELC.ACCS.ZS,CC BY-4.0,Access to electricity (% of population),"Access to electricity is the percentage of population with access to electricity. Electrification data are collected from industry, national surveys and international sources.","SDG 7.1.1 Electrification Dataset, World Bank (WB), uri: https://trackingsdg7.esmap.org/downloads, note: Data is downloaded from ESMAP website. Data is released when a new Tracking SDG7 report is released., publisher: World Bank (WB), date accessed: 2024-05-16, date published: 2023",Environment: Energy production & use,WB_WDI,% (share) of population,Annual,1990-2023,Population-weighted average,"Methodology: The World Bank’s Global Electrification Database (GED) compiles nationally representative household survey data, and occasionally census data, from sources going back as far as 1990. The database also incorporates data from the Socio-Economic Database for Latin America and the Caribbean (SEDLAC), Middle East and North Africa Poverty Database (MNAPOV) and the Europe and Central Asia Poverty Database (ECAPOV), which are based on similar surveys. At the time of this analysis, the GED contained 1,375 surveys for 149 countries in 1990-2021.","Maintaining reliable and secure electricity services while seeking to rapidly decarbonize power systems is a key challenge for countries throughout the world. More and more countries are becoming increasing dependent on reliable and secure electricity supplies to underpin economic growth and community prosperity. This reliance is set to grow as more efficient and less carbon intensive forms of power are developed and deployed to help decarbonize economies.



















Energy is necessary for creating the conditions for economic growth. It is impossible to operate a factory, run a shop, grow crops or deliver goods to consumers without using some form of energy. Access to electricity is particularly crucial to human development as electricity is, in practice, indispensable for certain basic activities, such as lighting, refrigeration and the running of household appliances, and cannot easily be replaced by other forms of energy. Individuals' access to electricity is one of the most clear and un-distorted indication of a country's energy poverty status.



















Electricity access is increasingly at the forefront of governments' preoccupations, especially in the developing countries. As a consequence, a lot of rural electrification programs and national electrification agencies have been created in these countries to monitor more accurately the needs and the status of rural development and electrification.



















Use of energy is important in improving people's standard of living. But electricity generation also can damage the environment. Whether such damage occurs depends largely on how electricity is generated. For example, burning coal releases twice as much carbon dioxide - a major contributor to global warming - as does burning an equivalent amount of natural gas.",,,https://datacatalog.worldbank.org/public-licenses#cc-by
IT.NET.USER.ZS,CC BY-4.0,Individuals using the Internet (% of population),"Internet users are individuals who have used the Internet (from any location) in the last 3 months. The Internet can be used via a computer, mobile phone, personal digital assistant, games machine, digital TV etc.","World Telecommunication/ICT Indicators Database, International Telecommunication Union (ITU), uri: https://datahub.itu.int/",Infrastructure: Communications,WB_WDI,% of population,Annual,1990-2025,Weighted average,"Methodology: The Internet is a world-wide public computer network. It provides access to a number of communication services including the World Wide Web and carries email, news, entertainment and data files, irrespective of the device used (not assumed to be only via a computer - it may also be by mobile phone, PDA, games machine, digital TV etc.). Access can be via a fixed or mobile network. For additional/latest information on sources and country notes, please also refer to: https://www.itu.int/en/ITU-D/Statistics/Pages/stat/default.aspx
Statistical concept(s): The number of in-scope individuals using the Internet is calculated by aggregating the weighted responses. The proportion of individuals using the Internet is expressed as a percentage and is calculated by dividing the total number of in-scope individuals using the Internet by the total number of in-scope individuals, and then multiplying the result by 100.","The digital and information revolution has changed the way the world learns, communicates, does business, and treats illnesses. New information and communications technologies (ICT) offer vast opportunities for progress in all walks of life in all countries - opportunities for economic growth, improved health, better service delivery, learning through distance education, and social and cultural advances.

Today's smartphones and tablets have computer power equivalent to that of yesterday's computers and provide a similar range of functions. Device convergence is thus rendering the conventional definition obsolete.

Comparable statistics on access, use, quality, and affordability of ICT are needed to formulate growth-enabling policies for the sector and to monitor and evaluate the sector's impact on development. Although basic access data are available for many countries, in most developing countries little is known about who uses ICT; what they are used for (school, work, business, research, government); and how they affect people and businesses. The global Partnership on Measuring ICT for Development is helping to set standards, harmonize information and communications technology statistics, and build statistical capacity in developing countries. However, despite significant improvements in the developing world, the gap between the ICT haves and have-nots remains.","Operators have traditionally been the main source of telecommunications data, so information on subscriptions has been widely available for most countries. This gives a general idea of access, but a more precise measure is the penetration rate - the share of households with access to telecommunications. During the past few years more information on information and communication technology use has become available from household and business surveys. Also important are data on actual use of telecommunications services. Ideally, statistics on telecommunications (and other information and communications technologies) should be compiled for all three measures: subscriptions, access, and use. The quality of data varies among reporting countries as a result of differences in regulations covering data provision and availability.

Discrepancies may also arise in cases where the end of a fiscal year differs from that used by ITU, which is the end of December of every year. A number of countries have fiscal years that end in March or June of every year.",Please cite the International Telecommunication Union for third-party use of these data.,https://datacatalog.worldbank.org/public-licenses#cc-by
